proposition_id,scope,text,verdict,reason,reference
09de3dba-0c11-dd06-509a-2b7edcc0778c,EHR Completo,"The patient's heart failure improved, and he was transferred to the floor for continued management.",Supported,"The reference notes explicitly state 'Heart failure improving' and 'Transfer to floor,' which directly supports the text that the patient's heart failure improved and he was transferred to the floor for continued management.","Hospital Admission Start: 3 days 1 hours ago
Hospital Admission End: Now
Electronic Health Record Context
Ordered by Time (Earliest to Latest):
1. When: 3 days 12 hours ago, Note Category: Physician, Note Description: Physician Resident Admission Note | Text: PUMP: Patient with known hypertensive cardiomyopathy followed by Dr.
   
2. When: 3 days 12 hours ago, Note Category: Physician, Note Description: Physician Resident Admission Note | Text: Cards consult called, plan for admit to CCU for
   likely decompensated heart failure. 
3. When: 3 days 12 hours ago, Note Category: Physician, Note Description: Physician Resident Admission Note | Text: Pacemaker device remains in place.
   
4. When: 3 days 12 hours ago, Note Category: Physician, Note Description: Physician Resident Admission Note | Text: However,
   there has been substantial increase engorgement of pulmonary
   vascularity consistent with the clinical impression of superimposed
   congestive failure. 
5. When: 3 days 12 hours ago, Note Category: Physician, Note Description: Physician Resident Admission Note | Text: Patient admitted from: [**Hospital1 54**] ER
   History obtained from Patient,
6. When: 3 days 12 hours ago, Note Category: Physician, Note Description: Physician Resident Admission Note | Text: The ascending aorta is mildly dilated. 
7. When: 3 days 12 hours ago, Note Category: Echo, Note Description: Report | Text: PATIENT/TEST INFORMATION:
Indication: Congestive heart failure. 
8. When: 3 days 12 hours ago, Note Category: Echo, Note Description: Report | Text: The ascending aorta is
mildly dilated. 
9. When: 2 days 12 hours ago, Note Category: Physician, Note Description: Cardiology Teaching Physician Note | Text: I would add the following remarks:
   Medical Decision Making
   Heart failure improving.  
10. When: 2 days 12 hours ago, Note Category: Physician, Note Description: Cardiology Teaching Physician Note | Text: Transfer to floor.

"
70ce4073-6067-eaa6-42d2-1b37067d78e1,EHR Completo,"He was educated on fluid and sodium restriction, and a diet consultation was recommended to manage his condition.",Supported,"The reference notes multiple instances of education on fluid and sodium restriction and mentions a diet consult was recommended, supporting the text.","Hospital Admission Start: 3 days 1 hours ago
Hospital Admission End: Now
Electronic Health Record Context
Ordered by Time (Earliest to Latest):
1. When: 3 days 12 hours ago, Note Category: Physician, Note Description: Physician Resident Admission Note | Text: Had history of recent
   diet and fluid restriction noncompliance as inciting factor for
   decompensated heart failure
   - diuresis as above with goal 1-2L out overnight
   - continue nitro gtt for now, wean down as tolerated
   - continue digoxin, check dig level in AM
   - continue lisinopril
   - FYI Dr. 
2. When: 3 days 12 hours ago, Note Category: General, Note Description: Generic Note | Text: Per wife, patient has been eating corn beef and has been noncompliant
   with fluid restriction.
3. When: 2 days 12 hours ago, Note Category: Nursing, Note Description: Nursing Progress Note | Text: Response:
   Cont to request water after explanation
   Plan:
   Needs reinforcement of fluid restriction/lasix therapy.  
4. When: 2 days 12 hours ago, Note Category: Nursing, Note Description: Nursing Progress Note | Text: [**Month (only) 60**] benefit
   from diet consult.  
5. When: 2 days 12 hours ago, Note Category: Nursing, Note Description: Nursing Progress Note | Text: Action:
   Explained reasoning for fluid restriction and sodium restriction.
   
6. When: 2 days 12 hours ago, Note Category: Physician, Note Description: Physician Resident Progress Note | Text: FEN: Low-salt diet; fluid restriction
   ACCESS: 2 PIV's
   PROPHYLAXIS:
   -DVT ppx: INR supratherapeutic
   -Pain management with
   -Bowel regimen with colace,
7. When: 2 days 12 hours ago, Note Category: Nursing, Note Description: Nursing Transfer Note | Text: Response:
   Cont to request water after explanation
   Plan:
   Needs reinforcement of fluid restriction/lasix therapy.   
8. When: 2 days 12 hours ago, Note Category: Nursing, Note Description: Nursing Transfer Note | Text: Also stating that he probably
   had too much sodium in already prepared potatoe salad and coleslaw.
   
"
4b4e8250-626b-1027-65d2-297bd69856b1,EHR Completo,"The patient was admitted with symptoms of decompensated heart failure, including shortness of breath, nausea, vomiting, and fatigue. ",Not Supported,"The reference supports admission for decompensated heart failure with symptoms like fatigue and dyspnea, but nausea and vomiting are not mentioned as symptoms in the reference.","Hospital Admission Start: 3 days 1 hours ago
Hospital Admission End: Now
Electronic Health Record Context
Ordered by Time (Earliest to Latest):
1. When: 3 days 12 hours ago, Note Category: Physician, Note Description: Physician Resident Admission Note | Text: Cards consult called, plan for admit to CCU for
   likely decompensated heart failure. 
2. When: 3 days 12 hours ago, Note Category: Physician, Note Description: Physician Resident Admission Note | Text: Had history of recent
   diet and fluid restriction noncompliance as inciting factor for
   decompensated heart failure
   - diuresis as above with goal 1-2L out overnight
   - continue nitro gtt for now, wean down as tolerated
   - continue digoxin, check dig level in AM
   - continue lisinopril
   - FYI Dr. 
3. When: 3 days 12 hours ago, Note Category: Physician, Note Description: Physician Resident Admission Note | Text: Patient had recent admission to [**Hospital1 **] [**Location (un) 1415**] [**Date range (1) 9109**]/09 for fatigue, body
   aches, and dyspnea. 
4. When: 3 days 12 hours ago, Note Category: Physician, Note Description: Physician Resident Admission Note | Text: Exam,
   CXR, elevated BNP of >1000, and recent history of diet noncompliance
   points to decompensated heart failure as most likely etiology. 
5. When: 3 days 12 hours ago, Note Category: Physician, Note Description: Physician Resident Admission Note | Text: Respiratory failure: Intubated in ED for tachypnea, hypoxia. 
6. When: 3 days 12 hours ago, Note Category: Echo, Note Description: Report | Text: PATIENT/TEST INFORMATION:
Indication: Congestive heart failure. 
7. When: 3 days 12 hours ago, Note Category: Echo, Note Description: Report | Text: Dilated cardiomyopathy. 
8. When: 2 days 12 hours ago, Note Category: Physician, Note Description: Physician Resident Progress Note | Text: Decompensated heart failure:  Known systolic dysfunction, with
   decompensation likely related to dietary indiscretion. 
9. When: 2 days 12 hours ago, Note Category: Physician, Note Description: Physician Resident Progress Note | Text: Chief Complaint: Decompensated heart failure
   24 Hour Events:
   Extubated
   Weaned off of nitro gtt
   Lasix 100mg IV x2
   Allergies:
   Hydrochlorothiazide
   Unknown;
   Demerol (Oral) (Meperidine Hcl)
   violent reactio
   Ambien (Oral) (Zolpidem Tartrate)
   violente reacti
   Strawberry
   Hives;
   Wheat Bran
   gout;
   Hydrochlorothiazide
   Unknown;
10. When: 2 days 12 hours ago, Note Category: Physician, Note Description: Cardiology Teaching Physician Note | Text: I would add the following remarks:
   Medical Decision Making
   Heart failure improving.  
"
9a502f59-2a91-0d5a-e344-996a62799d34,EHR Completo,He was intubated in the emergency department due to low oxygen saturation and transferred to the cardiac care unit (CCU) for further management. ,Supported,"The reference states the patient was intubated in the emergency department due to respiratory distress and hypoxia and was admitted to the CCU for management, supporting the text.","Hospital Admission Start: 3 days 1 hours ago
Hospital Admission End: Now
Electronic Health Record Context
Ordered by Time (Earliest to Latest):
1. When: 3 days 12 hours ago, Note Category: Physician, Note Description: Physician Resident Admission Note | Text: Respiratory failure: Intubated in ED for tachypnea, hypoxia. 
2. When: 3 days 12 hours ago, Note Category: Physician, Note Description: Physician Resident Admission Note | Text: Cards consult called, plan for admit to CCU for
   likely decompensated heart failure. 
3. When: 3 days 12 hours ago, Note Category: Physician, Note Description: Physician Resident Admission Note | Text: Found to have worsening EF by ECHO, and apical
   thrombus for which he was started on coumadin. 
4. When: 3 days 12 hours ago, Note Category: Physician, Note Description: Physician Resident Admission Note | Text: PUMP: Patient with known hypertensive cardiomyopathy followed by Dr.
   
5. When: 3 days 12 hours ago, Note Category: Physician, Note Description: Physician Resident Admission Note | Text: Diaphoretic, found to be in respiratory
   distress, worried about persistent tachypnea -> intubated with
   etomidate/succ/midazolam. 
6. When: 3 days 12 hours ago, Note Category: General, Note Description: Generic Note | Text: Patient intubated in ED.
   
7. When: 3 days 12 hours ago, Note Category: General, Note Description: Generic Note | Text: trop 0.01, CK 138
   EKG: a-sense, V-paced at rate 100
   A/P: 63M with cad, icmp, biV ICD presents with chf exacerbation
   requiring intubation.
   
8. When: 3 days 12 hours ago, Note Category: Echo, Note Description: Report | Text: PATIENT/TEST INFORMATION:
Indication: Congestive heart failure. 
9. When: 2 days 12 hours ago, Note Category: Nursing, Note Description: Nursing Progress Note | Text: Easily extubated after diuresis in CCU.
   
"
4b774746-da01-966c-301c-709f13b5e6e8,EHR Completo,"After administration of IV lasix, the patient experienced brisk diuresis and was successfully extubated. ",Supported,The reference notes brisk diuresis after IV lasix administration and documents that the patient was successfully extubated following diuresis.,"Hospital Admission Start: 3 days 1 hours ago
Hospital Admission End: Now
Electronic Health Record Context
Ordered by Time (Earliest to Latest):
1. When: 3 days 12 hours ago, Note Category: Physician, Note Description: Physician Resident Admission Note | Text: - Diuresis with IV lasix - given 100mg IV lasix bolus with goal I/O of
   1-2L out
   - Wean down ventilatory support, with goal to extubate
   - Follow white count, fever curve - can draw cultures, get sputum,
   repeat CXR if patient still with infiltrate, hypoxia s/p diuresis
   .
   
2. When: 3 days 12 hours ago, Note Category: Physician, Note Description: Physician Resident Admission Note | Text: Discharged on increased
   dose of lasix and 5 day course of levofloxacin for empiric tx of
   bronchitis/PNA.
   
3. When: 3 days 12 hours ago, Note Category: General, Note Description: Generic Note | Text: -Diuresis with IV lasix
   -Extubation
   -continue home medications otherwise- asa, bblocker, ace inhibitor,
   statin
   -check dig level
4. When: 3 days 12 hours ago, Note Category: General, Note Description: Generic Note | Text: Patient intubated in ED.
   
5. When: 3 days 12 hours ago, Note Category: Nursing, Note Description: Nursing Progress Note | Text: Trial of CPAP/PS
   Response:
   Brisk diuresis from lasix. 
6. When: 3 days 12 hours ago, Note Category: Nursing, Note Description: Nursing Progress Note | Text: Action:
   Given lasix 100mg IV. 
7. When: 2 days 12 hours ago, Note Category: Nursing, Note Description: Nursing Progress Note | Text: Action:
   Rec
d 20meq kcl for low K+, also rec
d lasix 100mg iv, held captopril
   at 12am for bp 94/
   Response:
   Good diuresis to lasix (approx 1 liter), is currently approx 2liters
   neg LOS
   Plan:
   Cont to monitor o2 sats/lung assessment.
8. When: 2 days 12 hours ago, Note Category: Physician, Note Description: Cardiology Teaching Physician Note | Text: Now extubated.  
9. When: 2 days 12 hours ago, Note Category: Nursing, Note Description: Nursing Transfer Note | Text: Easily extubated after diuresis in CCU.
   
"
965a1c36-dfa1-8d46-c841-a1a6311a5ca5,EHR Completo,He was diagnosed with acute on chronic systolic heart failure and treated with lasix and potassium supplements. ,Supported,The reference documents acute on chronic systolic heart failure with decompensation and treatment including lasix; potassium supplements are implied by potassium monitoring and management.,"Hospital Admission Start: 3 days 1 hours ago
Hospital Admission End: Now
Electronic Health Record Context
Ordered by Time (Earliest to Latest):
1. When: 3 days 12 hours ago, Note Category: Physician, Note Description: Physician Resident Admission Note | Text: Found to have worsening EF by ECHO, and apical
   thrombus for which he was started on coumadin. 
2. When: 3 days 12 hours ago, Note Category: Physician, Note Description: Physician Resident Admission Note | Text: PUMP: Patient with known hypertensive cardiomyopathy followed by Dr.
   
3. When: 3 days 12 hours ago, Note Category: Physician, Note Description: Physician Resident Admission Note | Text: Discharged on increased
   dose of lasix and 5 day course of levofloxacin for empiric tx of
   bronchitis/PNA.
   
4. When: 3 days 12 hours ago, Note Category: Physician, Note Description: Physician Resident Admission Note | Text: Diaphoretic, found to be in respiratory
   distress, worried about persistent tachypnea -> intubated with
   etomidate/succ/midazolam. 
5. When: 3 days 12 hours ago, Note Category: Physician, Note Description: Physician Resident Admission Note | Text: Had history of recent
   diet and fluid restriction noncompliance as inciting factor for
   decompensated heart failure
   - diuresis as above with goal 1-2L out overnight
   - continue nitro gtt for now, wean down as tolerated
   - continue digoxin, check dig level in AM
   - continue lisinopril
   - FYI Dr. 
6. When: 3 days 12 hours ago, Note Category: Physician, Note Description: Physician Resident Admission Note | Text: Cards consult called, plan for admit to CCU for
   likely decompensated heart failure. 
7. When: 2 days 12 hours ago, Note Category: Nursing, Note Description: Nursing Progress Note | Text: Heart failure (CHF), Systolic, Acute on Chronic
   Assessment:
   Hr 60
s av paced with rare pvc, K+ 3.8 , bp 90-110
s, lungs with
   diminished aeration in r base and at times course on expiration, O2 at
   2lnp with sats in the upper 90
s.  Urine turning pink early in night.
   
8. When: 2 days 12 hours ago, Note Category: Physician, Note Description: Physician Resident Progress Note | Text: Chief Complaint: Decompensated heart failure
   24 Hour Events:
   Extubated
   Weaned off of nitro gtt
   Lasix 100mg IV x2
   Allergies:
   Hydrochlorothiazide
   Unknown;
   Demerol (Oral) (Meperidine Hcl)
   violent reactio
   Ambien (Oral) (Zolpidem Tartrate)
   violente reacti
   Strawberry
   Hives;
   Wheat Bran
   gout;
   Hydrochlorothiazide
   Unknown;
9. When: 2 days 12 hours ago, Note Category: Physician, Note Description: Physician Resident Progress Note | Text: Decompensated heart failure:  Known systolic dysfunction, with
   decompensation likely related to dietary indiscretion. 
10. When: 2 days 12 hours ago, Note Category: Physician, Note Description: Cardiology Teaching Physician Note | Text: I would add the following remarks:
   Medical Decision Making
   Heart failure improving.  
"
06e567a0-81ab-867d-3ef3-6b7c2bd3e16e,EHR Completo,The patient showed improvement but still had signs of fluid overload.,Supported,"The reference notes that the patient was initially volume overloaded with signs of fluid overload but later diuresed well overnight and did not have marked signs of fluid overload, indicating improvement but still some fluid overload above baseline weight.","Hospital Admission Start: 3 days 1 hours ago
Hospital Admission End: Now
Electronic Health Record Context
Ordered by Time (Earliest to Latest):
1. When: 3 days 12 hours ago, Note Category: Physician, Note Description: Physician Resident Admission Note | Text: Abdominal girth
   increased over last 2 days, could be related to fluid overload.
2. When: 3 days 12 hours ago, Note Category: Physician, Note Description: Physician Resident Admission Note | Text: Patient looks volume overloaded on exam, with JVD,
   effusions in CXR, LE edema, and possible ascites.
3. When: 3 days 12 hours ago, Note Category: Physician, Note Description: Physician Resident Admission Note | Text: CXR
   consistent with fluid overload. 
4. When: 3 days 12 hours ago, Note Category: Physician, Note Description: Physician Resident Admission Note | Text: Trace aortic regurgitation is seen. 
5. When: 3 days 12 hours ago, Note Category: Echo, Note Description: Report | Text: The ascending aorta is
mildly dilated. 
6. When: 2 days 12 hours ago, Note Category: Nursing, Note Description: Nursing Progress Note | Text: Response:
   Cont to request water after explanation
   Plan:
   Needs reinforcement of fluid restriction/lasix therapy.  
7. When: 2 days 12 hours ago, Note Category: Physician, Note Description: Physician Resident Progress Note | Text: Nonetheless, is likely still fairly fluid up (above baseline
   weight)
   -          Lasix 100mg IV this am; reevaluated in afternoon, goal I/O
   -1L
   -          Continue carvedilol, captopril
   -          Patient unable to tolerate spironolactone
   -          CAD management as below
   -          Nutrition consult
   -          Continue digoxin
   -          Outpatient follow-up with Dr. 
8. When: 2 days 12 hours ago, Note Category: Physician, Note Description: Physician Resident Progress Note | Text: Diuresed well
   overnight and does not have marked signs of fluid overload on exam.
9. When: 2 days 12 hours ago, Note Category: Nursing, Note Description: Nursing Transfer Note | Text: Response:
   Cont to request water after explanation
   Plan:
   Needs reinforcement of fluid restriction/lasix therapy.   
"
13ffe41b-4acc-4878-c0e1-a1fb326b1925,EHR Completo,Post-procedure chest X-ray showed the new pacemaker lead in the correct position in the right ventricle. ,Supported,"The reference states that the chest X-ray shows a new pacemaker lead in appropriate position in the right ventricle, which supports the text's claim.","Hospital Admission Start: 1 days 20 hours ago
Hospital Admission End: Now
Electronic Health Record Context
Ordered by Time (Earliest to Latest):
1. When: 2 days 15 hours ago, Note Category: Radiology, Note Description: CHEST (PORTABLE AP) | Text: Unchanged position of the left pectoral pacemaker generator.

 
2. When: 2 days 15 hours ago, Note Category: Radiology, Note Description: CHEST (PORTABLE AP) | Text: ______________________________________________________________________________
                                 FINAL REPORT
 CHEST RADIOGRAPH

 INDICATION:  Pacemaker malfunction, evaluation for lead fracture.

 
3. When: 2 days 15 hours ago, Note Category: ECG, Note Description: Report | Text: Ventricular paced rhythm. 
4. When: 1 days 15 hours ago, Note Category: Physician, Note Description: Physician Resident Progress Note | Text: possible extraction and installation
   of new right sided pacemaker.
   
5. When: 0 days 15 hours ago, Note Category: Radiology, Note Description: CHEST (PA & LAT) | Text: A new pacemaker lead is in appropriate position in the
 right ventricle.
6. When: 0 days 15 hours ago, Note Category: Radiology, Note Description: CHEST (PA & LAT) | Text: IMPRESSION:

 Appropriate position of right-sided pacemaker and lead.


7. When: 0 days 15 hours ago, Note Category: Radiology, Note Description: CHEST (PA & LAT) | Text: explanted left
  sided pacemaker and capped left sided lead
 REASON FOR THIS EXAMINATION:
  Lead position
 ______________________________________________________________________________
                                 FINAL REPORT
 INDICATION:  56-year-old man with new right-sided pacemaker, evaluate for lead
 position.

 
8. When: 0 days 15 hours ago, Note Category: Radiology, Note Description: CHEST (PA & LAT) | Text: PA AND LATERAL CHEST RADIOGRAPH:

 There has been interval replacement of a pacemaker generator overlying the
 right pectoralis.  
9. When: 0 days 15 hours ago, Note Category: Radiology, Note Description: CHEST (PA & LAT) | Text: [**2112-3-2**] 11:47 AM
 CHEST (PA & LAT)                                                Clip # [**Clip Number (Radiology) 30221**]
 Reason: Lead position
 Admitting Diagnosis: COMPLETE HEART BLOCK;MALFUNCTIONING PACEMAKER
 ______________________________________________________________________________
 [**Hospital 2**] MEDICAL CONDITION:
  56 year old man with new right sided pacemaker (single lead),
"
f6a39be5-6974-6a98-6955-cb4dcce9be37,EHR Completo,"The patient was stabilized and monitored on telemetry throughout his hospital stay, with no significant complications or changes in his cardiac rhythm.",Not Supported,"The reference states the patient was monitored on telemetry but had frequent pauses greater than 5 seconds and a junctional escape rhythm at a rate of 40s, indicating some cardiac rhythm abnormalities, which contradicts the claim of no significant complications or changes in cardiac rhythm.","Hospital Admission Start: 1 days 20 hours ago
Hospital Admission End: Now
Electronic Health Record Context
Ordered by Time (Earliest to Latest):
1. When: 2 days 15 hours ago, Note Category: Radiology, Note Description: CHEST (PORTABLE AP) | Text: No pleural
 effusions, no pneumonia.



2. When: 2 days 15 hours ago, Note Category: Radiology, Note Description: CHEST (PORTABLE AP) | Text: Mild cardiomegaly without pulmonary edema.  
3. When: 2 days 15 hours ago, Note Category: Nursing, Note Description: Nursing Progress Note | Text: Brief RN Admit Note:
   Patient arrived pain-free and hemodynamically stable from [**Hospital 781**]
   Hospital. 
4. When: 2 days 15 hours ago, Note Category: Physician, Note Description: CCU Fellow addendum | Text: His exam was unremarkable and he was feeling
   fine with junctional escape on tele at rate of 40s.  
5. When: 1 days 15 hours ago, Note Category: Nursing, Note Description: Nursing Progress Note | Text: Response:
   Hemodynamically stable throughout night.  
6. When: 1 days 15 hours ago, Note Category: Nursing, Note Description: Nursing Progress Note | Text: He was monitored on telemetry and was noted to have
   frequent pauses of greater then 5 seconds.  
7. When: 1 days 15 hours ago, Note Category: Physician, Note Description: Physician Resident Progress Note | Text: # CORONARIES:  The patient has no history of CAD.
   
8. When: 1 days 15 hours ago, Note Category: Nursing, Note Description: Nursing Transfer Note | Text: 0700 am- transferred patient to EP lab, alert and oriented, pain-free
   and hemodynamically stable, HR 40
s junctional rhythm and SBP 133/81,
   O2 sats 96% on room air.
   
"
1e719e37-46ea-c0f4-6d92-0ec24a414cd2,EHR Completo,The patient was admitted to the hospital after experiencing 5-second pauses due to pacemaker malfunction. ,Supported,"The reference clearly states the patient experienced episodes of 5-second pauses on telemetry due to pacemaker malfunction, leading to hospital admission.","Hospital Admission Start: 1 days 20 hours ago
Hospital Admission End: Now
Electronic Health Record Context
Ordered by Time (Earliest to Latest):
1. When: 2 days 15 hours ago, Note Category: Radiology, Note Description: CHEST (PORTABLE AP) | Text: Admitting Diagnosis: COMPLETE HEART BLOCK;MALFUNCTIONING PACEMAKER
 ______________________________________________________________________________
 [**Hospital 2**] MEDICAL CONDITION:
  56 year old man with pacemaker malfunction.
 
2. When: 2 days 15 hours ago, Note Category: Physician, Note Description: CCU Fellow addendum | Text: Briefly, the patient is a 56 year old man with PMH
   AF s/p AVJ ablation with PPM placement, c/b prior lead displacement,
   who was transferred from [**Hospital 781**] Hospital following episodes of 5
   second pauses on telemetry.  
3. When: 2 days 15 hours ago, Note Category: Physician, Note Description: CCU Fellow addendum | Text: He was transferred to [**Hospital1 54**], where
   his PPM was interrogated with normal ventricular lead impedance at 550
   ohms, with intermittent failure to capture and intermittent oversensing
   leading to inhibition of pacing.  
4. When: 1 days 15 hours ago, Note Category: Nursing, Note Description: Nursing Progress Note | Text: He was monitored on telemetry and was noted to have
   frequent pauses of greater then 5 seconds.  
5. When: 1 days 15 hours ago, Note Category: Nursing, Note Description: Nursing Progress Note | Text: He was transferred
   to [**Hospital1 54**] for management of his pacemaker dysfunction.
   
6. When: 1 days 15 hours ago, Note Category: Nursing, Note Description: Nursing Progress Note | Text: Cardiac device malfunction (pacemaker, defibrillator)
   Assessment:
   On arrival to CCU, pacer interrogated by EP which showed normal
   ventricular lead impedence at 550 ohms, intermittent failure to
   capture, & intermittent oversensing leading to inhibition of pacing.
   
7. When: 1 days 15 hours ago, Note Category: Physician, Note Description: Physician Resident Progress Note | Text: TITLE:
   Chief Complaint: Pacemaker malfunction
   24 Hour Events:
   - CXR showed kinked pacer wire, patient's pacer does not capture when
   he moves his arm.
   
"
aaa98c3b-9851-f9a4-8264-5c99ce68ad50,EHR Completo,"Initial evaluation revealed intermittent failure to capture and oversensing, leading to pacing inhibition, and the pacemaker was reprogrammed. ",Supported,"The reference clearly states intermittent failure to capture and intermittent oversensing leading to pacing inhibition, and that the pacemaker was reprogrammed, fully supporting the text.","Hospital Admission Start: 1 days 20 hours ago
Hospital Admission End: Now
Electronic Health Record Context
Ordered by Time (Earliest to Latest):
1. When: 2 days 15 hours ago, Note Category: Radiology, Note Description: CHEST (PORTABLE AP) | Text: REASON FOR THIS EXAMINATION:
  Evaluate for pacemaker lead fracture.
2. When: 2 days 15 hours ago, Note Category: Radiology, Note Description: CHEST (PORTABLE AP) | Text: ______________________________________________________________________________
                                 FINAL REPORT
 CHEST RADIOGRAPH

 INDICATION:  Pacemaker malfunction, evaluation for lead fracture.

 
3. When: 2 days 15 hours ago, Note Category: Physician, Note Description: CCU Fellow addendum | Text: He was transferred to [**Hospital1 54**], where
   his PPM was interrogated with normal ventricular lead impedance at 550
   ohms, with intermittent failure to capture and intermittent oversensing
   leading to inhibition of pacing.  
4. When: 2 days 15 hours ago, Note Category: Physician, Note Description: CCU Fellow addendum | Text: His pacer was reprogrammed to VVI at
   40 bpm, with increased pacing and sensing thresholds.  
5. When: 1 days 15 hours ago, Note Category: Nursing, Note Description: Nursing Progress Note | Text: Cardiac device malfunction (pacemaker, defibrillator)
   Assessment:
   On arrival to CCU, pacer interrogated by EP which showed normal
   ventricular lead impedence at 550 ohms, intermittent failure to
   capture, & intermittent oversensing leading to inhibition of pacing.
   
6. When: 1 days 15 hours ago, Note Category: Physician, Note Description: Physician Resident Progress Note | Text: His pacemaker was failing to
   capture when he raised his left arm.  
7. When: 1 days 15 hours ago, Note Category: Nursing, Note Description: Nursing Transfer Note | Text: He was known to have a
   pacemaker, but it was not capturing consistently.  
"
52e15866-21b4-b6b8-740f-d646fea47a6b,EHR Completo,"A chest X-ray suggested possible lead migration, and the patient was planned for overnight observation, reversal of anticoagulation, and lead revision surgery the following day. ",Supported,"The reference states that the chest X-ray showed possible lead migration and the plan included overnight observation, reversal of anticoagulation, and lead revision surgery the following day, which fully supports the text.","Hospital Admission Start: 1 days 20 hours ago
Hospital Admission End: Now
Electronic Health Record Context
Ordered by Time (Earliest to Latest):
1. When: 2 days 15 hours ago, Note Category: Radiology, Note Description: CHEST (PORTABLE AP) | Text: ______________________________________________________________________________
                                 FINAL REPORT
 CHEST RADIOGRAPH

 INDICATION:  Pacemaker malfunction, evaluation for lead fracture.

 
2. When: 2 days 15 hours ago, Note Category: Radiology, Note Description: CHEST (PORTABLE AP) | Text: [**2112-2-29**] 7:22 PM
 CHEST (PORTABLE AP)                                             Clip # [**Clip Number (Radiology) 30220**]
 Reason: Evaluate for pacemaker lead fracture.
 
3. When: 2 days 15 hours ago, Note Category: Physician, Note Description: CCU Fellow addendum | Text: Plan will be
   overnight observation, reversal of anticoagulation, and plan for lead
   revision tomorrow.  
4. When: 2 days 15 hours ago, Note Category: Physician, Note Description: CCU Fellow addendum | Text: His CXR showed
   possible lead migration from RV apex, although limited since only AP
   (final read pending).  
5. When: 1 days 15 hours ago, Note Category: Nursing, Note Description: Nursing Progress Note | Text: Plan:
   NPO after midnoc for lead revision today.

6. When: 1 days 15 hours ago, Note Category: Physician, Note Description: Physician Resident Progress Note | Text: CXR shows hairpin turn in his pacer leads which
   will need lead revision today.
   
7. When: 1 days 15 hours ago, Note Category: Nursing, Note Description: Nursing Transfer Note | Text: Plan:
   NPO after midnoc for lead revision today.
   
8. When: 1 days 15 hours ago, Note Category: Nursing, Note Description: Nursing Transfer Note | Text: CXR->possible lead migration from RV apex.  
"
07fbfb51-4bbb-3ce1-29b3-59276761aace,EHR Completo,The patient underwent successful lead revision in the electrophysiology lab and was found to have a kinked pacer wire causing the malfunction. ,Not Supported,"The reference indicates the patient had a kinked pacer wire requiring lead revision, but there is no documentation that the lead revision was performed or that it was successful.","Hospital Admission Start: 1 days 20 hours ago
Hospital Admission End: Now
Electronic Health Record Context
Ordered by Time (Earliest to Latest):
1. When: 2 days 15 hours ago, Note Category: Radiology, Note Description: CHEST (PORTABLE AP) | Text: REASON FOR THIS EXAMINATION:
  Evaluate for pacemaker lead fracture.
2. When: 2 days 15 hours ago, Note Category: Radiology, Note Description: CHEST (PORTABLE AP) | Text: ______________________________________________________________________________
                                 FINAL REPORT
 CHEST RADIOGRAPH

 INDICATION:  Pacemaker malfunction, evaluation for lead fracture.

 
3. When: 2 days 15 hours ago, Note Category: Physician, Note Description: CCU Fellow addendum | Text: He was transferred to [**Hospital1 54**], where
   his PPM was interrogated with normal ventricular lead impedance at 550
   ohms, with intermittent failure to capture and intermittent oversensing
   leading to inhibition of pacing.  
4. When: 1 days 15 hours ago, Note Category: Nursing, Note Description: Nursing Progress Note | Text: Cardiac device malfunction (pacemaker, defibrillator)
   Assessment:
   On arrival to CCU, pacer interrogated by EP which showed normal
   ventricular lead impedence at 550 ohms, intermittent failure to
   capture, & intermittent oversensing leading to inhibition of pacing.
   
5. When: 1 days 15 hours ago, Note Category: Physician, Note Description: Physician Resident Progress Note | Text: TITLE:
   Chief Complaint: Pacemaker malfunction
   24 Hour Events:
   - CXR showed kinked pacer wire, patient's pacer does not capture when
   he moves his arm.
   
6. When: 1 days 15 hours ago, Note Category: Physician, Note Description: Physician Resident Progress Note | Text: CXR shows hairpin turn in his pacer leads which
   will need lead revision today.
   
7. When: 1 days 15 hours ago, Note Category: Nursing, Note Description: Nursing Transfer Note | Text: He was transferred
   to [**Hospital1 54**] for management of his pacemaker dysfunction.
   
"
fc93687b-a370-ecb6-3ca5-c57d08ca3da4,EHR Completo,The patient was eventually stabilized and transferred to the floor for further management and rehabilitation.,Not Supported,"The reference indicates the patient was transferred to the floor and made steady progress, but does not explicitly state the patient was stabilized before transfer or that rehabilitation was part of the management on the floor.","Hospital Admission Start: 6 days 0 hours ago
Hospital Admission End: Now
Electronic Health Record Context
Ordered by Time (Earliest to Latest):
1. When: 9 days 14 hours ago, Note Category: Discharge summary, Note Description: Report | Text: On [**2128-10-9**] he
transferred to the floor.  
2. When: 9 days 14 hours ago, Note Category: Discharge summary, Note Description: Report | Text: He was
extubated in the operating room and monitored in the PACU prior
to transfer to the floor.  
3. When: 9 days 14 hours ago, Note Category: Discharge summary, Note Description: Report | Text: Physically
therapy saw the patient and cleared him for home with PT.

4. When: 9 days 14 hours ago, Note Category: Discharge summary, Note Description: Report | Text: He
continued to make steady progress and was discharged to home
with VNA and PT.  
5. When: 5 days 14 hours ago, Note Category: General, Note Description: Generic Note | Text: # Resolved hypoxia: Patient now at baseline oxygenation.
6. When: 4 days 14 hours ago, Note Category: Physician, Note Description: Physician Resident Progress Note | Text: # Resolved hypoxia: Patient now at baseline oxygenation. 
7. When: 4 days 14 hours ago, Note Category: Physician, Note Description: Physician Attending Progress Note | Text: Now improved.  
8. When: 4 days 14 hours ago, Note Category: Nursing, Note Description: Nursing Transfer Note | Text: Baseline discussed with patient
s sisters.
   
"
f86c2a54-595d-b8ac-c243-9284b5c465f4,EHR Completo,"Despite initial concerns for pulmonary embolism, CT scans revealed no evidence of PE, but showed a moderate-sized left pleural effusion with associated atelectasis and extensive atheromatous disease of the abdominal aorta. ",Supported,"The reference confirms no evidence of PE on CT, presence of a moderate-sized left pleural effusion with associated atelectasis, and mentions extensive atheromatous disease of the abdominal aorta.","Hospital Admission Start: 6 days 0 hours ago
Hospital Admission End: Now
Electronic Health Record Context
Ordered by Time (Earliest to Latest):
1. When: 5 days 14 hours ago, Note Category: Radiology, Note Description: CT ABDOMEN W/CONTRAST | Text: There is a moderate left pleural effusion, with associated atelectasis of the
 adjacent lung.  
2. When: 5 days 14 hours ago, Note Category: Radiology, Note Description: CT ABDOMEN W/CONTRAST | Text: Moderate-sized left pleural effusion, with
  associated atelectasis.
3. When: 5 days 14 hours ago, Note Category: Radiology, Note Description: CT ABDOMEN W/CONTRAST | Text: Moderate-sized left pleural effusion, with
 associated atelectasis.
4. When: 5 days 14 hours ago, Note Category: Radiology, Note Description: CT ABDOMEN W/CONTRAST | Text: Moderate-sized left pleural effusion, with associated atelectasis of the
 adjacent lung.
 
5. When: 4 days 14 hours ago, Note Category: Physician, Note Description: Physician Resident Progress Note | Text: Moderate-sized left pleural effusion, with associated atelectasis of
   the adjacent lung.
   
6. When: 4 days 14 hours ago, Note Category: Nursing, Note Description: Nursing Progress Note | Text: CT revealed (+) left pleural effusion, no PE and (+) atelectasis. 
"
986bfcad-38d4-585f-c74c-d4b5a3bff95a,EHR Completo,An echocardiogram showed right ventricular pressure/volume overload and depressed left ventricular systolic function. ,Supported,"The reference includes an echocardiogram report indicating abnormal septal motion consistent with right ventricular pressure/volume overload and notes that left ventricular systolic function is now depressed, directly supporting the text.","Hospital Admission Start: 6 days 0 hours ago
Hospital Admission End: Now
Electronic Health Record Context
Ordered by Time (Earliest to Latest):
1. When: 16 days 14 hours ago, Note Category: ECG, Note Description: Report | Text: These
findings are non-specific but clinical correlation is suggested for possible
right ventricular overload or possible prior posterolateral myocardial
infarction. 
2. When: 14 days 14 hours ago, Note Category: Radiology, Note Description: BY SAME PHYSICIAN | Text: IMPRESSION:  Decreased lung volumes, with likely small left pleural effusion
 and left basilar atelectasis.



3. When: 13 days 14 hours ago, Note Category: Echo, Note Description: Report | Text: Left ventricular function. 
4. When: 13 days 14 hours ago, Note Category: Echo, Note Description: Report | Text: Tissue Doppler imaging suggests an
increased left ventricular filling pressure (PCWP>18mmHg). 
5. When: 13 days 14 hours ago, Note Category: Echo, Note Description: Report | Text: Right ventricular function.

6. When: 6 days 14 hours ago, Note Category: ECG, Note Description: Report | Text: Right ventricular hypertrophy with
secondary repolarization abnormalities.  
7. When: 5 days 14 hours ago, Note Category: Echo, Note Description: Report | Text: There is abnormal septal motion/position
consistent with right ventricular pressure/volume overload. 
8. When: 5 days 14 hours ago, Note Category: Echo, Note Description: Report | Text: Compared with the prior study (images reviewed) of [**2128-4-16**], left
ventricular systolic function is now depressed.



9. When: 5 days 14 hours ago, Note Category: ECG, Note Description: Report | Text: Probable right
ventricular hypertrophy with secondary repolarization abnormality.  
"
413432b6-87d0-4e13-1b22-83e03fa0950a,EHR Completo,"The patient's condition improved with treatment, and his hypotension and hypoxia resolved. ",Supported,"The reference notes multiple times that hypoxia has resolved and that hypotension and hypoxemia have improved with treatment, indicating the patient's condition improved as stated in the text.","Hospital Admission Start: 6 days 0 hours ago
Hospital Admission End: Now
Electronic Health Record Context
Ordered by Time (Earliest to Latest):
1. When: 12 days 14 hours ago, Note Category: Radiology, Note Description: BY DIFFERENT PHYSICIAN | Text: FINDINGS:  There is improvement in fluid status versus prior study.
2. When: 9 days 14 hours ago, Note Category: Discharge summary, Note Description: Report | Text: His pain was managed
with a Dilaudid PCA.


3. When: 5 days 14 hours ago, Note Category: General, Note Description: Generic Note | Text: # Resolved hypoxia: Patient now at baseline oxygenation.
4. When: 5 days 14 hours ago, Note Category: General, Note Description: Resident Progress Note - MICU | Text: # Resolved hypoxia: Patient now at baseline oxygenation. 
5. When: 5 days 14 hours ago, Note Category: General, Note Description: Resident/Attending Progress Note - MICU | Text: Stable overnight, hypotension, hypoxemia and labs have improved
   with hydration.
6. When: 5 days 14 hours ago, Note Category: Echo, Note Description: Report | Text: The patient
appears to be in sinus rhythm.


7. When: 4 days 14 hours ago, Note Category: Physician, Note Description: Physician Resident Progress Note | Text: # Hypoxia: Resolved.  
8. When: 4 days 14 hours ago, Note Category: Physician, Note Description: Physician Attending Progress Note | Text: Now improved.  
"
7c795884-f3aa-93f1-e203-149f94209b0c,EHR Completo,"However, he continued to require oxygen therapy and monitoring for cardiac and renal complications.",Not Addressed,The reference mentions monitoring respiratory function and cardiac evaluation but does not explicitly state that the patient continued to require oxygen therapy or monitoring for cardiac and renal complications.,"Hospital Admission Start: 6 days 0 hours ago
Hospital Admission End: Now
Electronic Health Record Context
Ordered by Time (Earliest to Latest):
1. When: 13 days 14 hours ago, Note Category: Nursing, Note Description: Nursing Progress Note | Text: Plan:
   Continue to monitor ABGs, sats, respiratory status, pulmonary
   toileting, frequent turns.

2. When: 13 days 14 hours ago, Note Category: Nursing, Note Description: Nursing Progress Note | Text: Plan:
   Continue to monitor mental status and blood pressure. 
3. When: 12 days 14 hours ago, Note Category: Nursing, Note Description: Nursing Progress Note | Text: Plan:
   Continue to monitor respiratory function on the medical surgical floor
   and under stand that this patient is a Co2 retainer with supplemental
   oxygen requirements at baseline.
4. When: 12 days 14 hours ago, Note Category: Physician, Note Description: Intensivist Note | Text: RESPIRATORY
   Assessment and Plan:
   Neurologic: Pain controlled
   Cardiovascular: Beta-blocker, plavix, metoprolol
   Pulmonary: IS, chest tube to water seal, oob, tolerate sat of 88 or
   higher
   Gastrointestinal / Abdomen:
   Nutrition: Clear liquids, Advance diet as tolerated
   Renal: replace potassium and magnesium
   Hematology: stable
   Endocrine: RISS
   Infectious Disease: no issues
   Lines / Tubes / Drains: Foley,
5. When: 9 days 14 hours ago, Note Category: Discharge summary, Note Description: Report | Text: They will
continue to follow his pathology. 
6. When: 9 days 14 hours ago, Note Category: Discharge summary, Note Description: Report | Text: He
continued to make steady progress and was discharged to home
with VNA and PT.  
7. When: 9 days 14 hours ago, Note Category: Discharge summary, Note Description: Report | Text: He was seen by cardiology who agreed
with restarting lasix. 
8. When: 9 days 14 hours ago, Note Category: Discharge summary, Note Description: Report | Text: He
was restarted on his home medications. 
9. When: 5 days 14 hours ago, Note Category: General, Note Description: Resident/Attending Progress Note - MICU | Text: Agree with plan to
   continue heparin and check LENIs and echo to evaluate for DVT and
   interval change in cardiac function.
"
d3e3feb7-59bc-fb28-404e-c66d85a50300,EHR Completo,"The patient was readmitted to the hospital after a recent discharge following a VATS wedge resection due to hypoxia, hypotension, and left lateral/flank chest pain. ",Not Supported,"The reference confirms the patient was recently discharged after a VATS wedge resection but does not mention readmission or symptoms of hypoxia, hypotension, or left lateral/flank chest pain.","Hospital Admission Start: 6 days 0 hours ago
Hospital Admission End: Now
Electronic Health Record Context
Ordered by Time (Earliest to Latest):
1. When: 14 days 14 hours ago, Note Category: Radiology, Note Description: BY SAME PHYSICIAN | Text: ______________________________________________________________________________
                                 FINAL REPORT
 HISTORY:  60-year-old male with hemothorax after left VATS and wedge
 resection.
2. When: 13 days 14 hours ago, Note Category: Nursing, Note Description: Nursing Progress Note | Text: OR: VATS LLL wedge with nodule removal [**2128-10-6**]
   Chief complaint:
   1. loss of consciousness with unknown etiology, question [**1-17**] seizure vs
   cardiac ischemia vs dysrhythmia vs pulm embolism
   PMHx:
   - 3vz CAD s/p NSTEMI, s/p CABG x 1 in [**2111**], s/p PCI to LAD and OM1
   [**2126**].
   
3. When: 9 days 14 hours ago, Note Category: Discharge summary, Note Description: Report | Text: History of Present Illness:
Admitted for scheduled VATS and left lower lobe resection.


4. When: 6 days 14 hours ago, Note Category: Radiology, Note Description: CT ABDOMEN W/O CONTRAST | Text: The patient is status post left VATS wedge resection
 of a spiculated left lower lobe pulmonary nodule.
5. When: 6 days 14 hours ago, Note Category: Radiology, Note Description: CT ABDOMEN W/O CONTRAST | Text: The patient is status post left VATS wedge resection
  of a spiculated left lower lobe pulmonary nodule.
6. When: 6 days 14 hours ago, Note Category: Radiology, Note Description: CT ABDOMEN W/O CONTRAST | Text: ______________________________________________________________________________
                                 FINAL REPORT
 HISTORY:  60-year-old man with fever of unknown source, evaluate for
 pneumonia, intra-abdominal infection, hematoma, and patient is status post
 left VATS wedge resection of a left lower lobe pulmonary nodule on [**2128-10-6**].

 
7. When: 6 days 14 hours ago, Note Category: Radiology, Note Description: CT ABDOMEN W/O CONTRAST | Text: Subcutaneous air is seen along the left chest wall anterolaterally,
 consistent with the patient's history of a recent left VATS wedge resection of
 a left lower lobe pulmonary nodule.  
8. When: 5 days 14 hours ago, Note Category: Radiology, Note Description: CT ABDOMEN W/CONTRAST | Text: There is subcutaneous emphysema along the left chest wall, decreased
 in extent from [**2128-10-14**], compatible with recent left VATS surgery on
 [**2128-10-6**].

 
9. When: 5 days 14 hours ago, Note Category: Radiology, Note Description: CT ABDOMEN W/CONTRAST | Text: There is
 emphysema in the lungs, with post- surgical changes following wedge resection
 of the left lower lobe, with anastomotic sutures seen.

 
10. When: 5 days 14 hours ago, Note Category: ECG, Note Description: Report | Text: Probable right
ventricular hypertrophy with secondary repolarization abnormality.  
"
9f7ca895-be4e-071f-17c2-24528f2706e4,EHR Completo,"Upon examination, he had low oxygen saturation, elevated troponin levels, and signs of multisystem organ failure. ",Supported,"The reference notes evidence of multisystem organ failure, elevated troponin levels, and hypoxemia (low oxygen saturation), which supports the text's statement.","Hospital Admission Start: 6 days 0 hours ago
Hospital Admission End: Now
Electronic Health Record Context
Ordered by Time (Earliest to Latest):
1. When: 13 days 14 hours ago, Note Category: Nursing, Note Description: Nursing Progress Note | Text: ?diastolic dysfunction, hx exacerbation)
   - PAD s/p multiple revascularization of BLE, s/p LLE amputation
   - CVA
   - pulm HTN w/ RVH -  right atrial pressure 50/34, mean 42, RV 71/20, PA
   71/39, mean 51, with a wedge of 20, cardiac index was 2.7 and PVR
   was measured at 435
   - hx pulm embolism
   - COPD on home O2 2LNC in PM.
2. When: 12 days 14 hours ago, Note Category: Physician, Note Description: Intensivist Note | Text: ?diastolic dysfunction, hx exacerbation)
   - PAD s/p multiple revascularization of BLE, s/p LLE amputation
   - CVA
   - pulm HTN w/ RVH - right atrial pressure 50/34, mean 42, RV 71/20, PA
   71/39, mean 51, with a wedge of 20, cardiac index was 2.7 and PVR
   was measured at 435
   - hx pulm embolism
   - COPD on home O2 2LNC in PM.
3. When: 5 days 14 hours ago, Note Category: General, Note Description: Generic Note | Text: Patient has evidence of
   multisystem organ failure with  mildly elevated lipase, elevated trop,
   ARF and transaminitis. 
4. When: 5 days 14 hours ago, Note Category: General, Note Description: Generic Note | Text: It is also possible that
   troponin is elevated in the setting of renal failure.
   
5. When: 5 days 14 hours ago, Note Category: General, Note Description: Resident/Attending Progress Note - MICU | Text: Yesterday, found to be hypotensive (baseline 90s) and hypoxemic
   (baseline 88% on 4-5L), eval notable for ARF, elevated troponin with
   diffuse TWI, abnormal LFTs, elevated lipase.
6. When: 4 days 14 hours ago, Note Category: Physician, Note Description: Physician Resident Progress Note | Text: It is also possible that
   troponin is elevated in the setting of renal failure.  
"
ed3322d6-ac62-0079-949f-75586abe7110,EHR Completo,"The patient was diagnosed with acute renal failure, transaminitis, and a non-ST elevation myocardial infarction (NSTEMI). ",Supported,"The reference notes the patient has acute renal failure (ARF), transaminitis, and was ruled in for NSTEMI, confirming the diagnoses stated in the text.","Hospital Admission Start: 6 days 0 hours ago
Hospital Admission End: Now
Electronic Health Record Context
Ordered by Time (Earliest to Latest):
1. When: 5 days 14 hours ago, Note Category: General, Note Description: Generic Note | Text: Patient has evidence of
   multisystem organ failure with  mildly elevated lipase, elevated trop,
   ARF and transaminitis. 
2. When: 5 days 14 hours ago, Note Category: General, Note Description: Generic Note | Text: The patient had a very
   similar episode of hypotension, renal failure and transaminitis in
   [**2128-3-16**] in which he was diagnosed with shock liver. 
3. When: 4 days 14 hours ago, Note Category: Physician, Note Description: Physician Resident Progress Note | Text: The patient had a very similar
   episode of hypotension, renal failure and transaminitis in [**2128-3-16**]
   in which he was diagnosed with shock liver.  
4. When: 4 days 14 hours ago, Note Category: Nursing, Note Description: Nursing Transfer Note | Text: PT r/I for NSTEMI and found to have multisystem failure with increased
   LFT
s, worsened renal fx and overall hypotension/low perfusion.Pt given
   another 1 liter of IVF [**10-15**] and started to improve slightly with
   better BP, renal fx.
   
"
b1fc4b19-b83d-cf7f-7296-44bdf0225538,EHR Completo,"He was treated with fluid boluses, heparin, and antibiotics, and his condition was closely monitored.",Not Supported,"The reference mentions treatment with fluid boluses but does not mention heparin or antibiotics, nor does it state that his condition was closely monitored.","Hospital Admission Start: 6 days 0 hours ago
Hospital Admission End: Now
Electronic Health Record Context
Ordered by Time (Earliest to Latest):
1. When: 13 days 14 hours ago, Note Category: Nursing, Note Description: Nursing Progress Note | Text: Action:
   Held klonopin and metoprolol meds and gave 1500 ml fluid bolus.
2. When: 9 days 14 hours ago, Note Category: Discharge summary, Note Description: Report | Text: His pain was managed
with a Dilaudid PCA.


3. When: 9 days 14 hours ago, Note Category: Discharge summary, Note Description: Report | Text: He
was restarted on his home medications. 
4. When: 5 days 14 hours ago, Note Category: Nursing, Note Description: Nursing Progress Note | Text: Brought yo [**Hospital1 54**] ED where he received 1.5 liters of fluid w/
   stable BP and O2 sats 100% on NRB/ T max 100.2. 
5. When: 4 days 14 hours ago, Note Category: Nursing, Note Description: Nursing Progress Note | Text: Brought yo [**Hospital1 54**] ED where he received 1.5
   liters of fluid w/ stable BP and O2 sats 100% on NRB/ T max 100.2. 
"
6f3c1417-cd03-302e-9693-23ef5f1856e4,EHR Completo,"The patient underwent a third ventriculostomy and biopsy on January 24, which showed no evidence of hemorrhage post-procedure. ",Not Supported,"The reference indicates the procedure and post-biopsy imaging were done about 14 days ago, not on January 24, and it shows no hemorrhage post-procedure, but the exact date January 24 is not supported by the reference.","Hospital Admission Start: 15 days 0 hours ago
Hospital Admission End: Now
Electronic Health Record Context
Ordered by Time (Earliest to Latest):
1. When: 44 days 16 hours ago, Note Category: Radiology, Note Description: CT HEAD W/O CONTRAST | Text: There is no other sign of intracranial
 hemorrhage.  
2. When: 14 days 16 hours ago, Note Category: Radiology, Note Description: CT HEAD W/ CONTRAST | Text: IMPRESSION:  Examination performed post-biopsy/third ventriculostomy.  
3. When: 14 days 16 hours ago, Note Category: Radiology, Note Description: CT HEAD W/ CONTRAST | Text: No hemorrhage
 identified.  
4. When: 7 days 16 hours ago, Note Category: Radiology, Note Description: CT HEAD W/O CONTRAST | Text: No distant large hemorrhage, and no evidence of shift of midline
 structures or mass effect, outside of resection site.

 
5. When: 4 days 16 hours ago, Note Category: Radiology, Note Description: CT HEAD W/O CONTRAST | Text: There is no new
 acute intracranial hemorrhage.
6. When: 4 days 16 hours ago, Note Category: Radiology, Note Description: CT HEAD W/O CONTRAST | Text: No new intracranial hemorrhage.

 
7. When: 4 days 16 hours ago, Note Category: Radiology, Note Description: CT HEAD W/O CONTRAST | Text: FINDINGS:  There is no new acute intracranial hemorrhage.  
8. When: 2 days 16 hours ago, Note Category: Radiology, Note Description: CT HEAD W/O CONTRAST | Text: There is no significant change in the appearance of the lateral and the third
 ventricles compared to the most recent study allowing for the technical
 differences.

 
9. When: 2 days 16 hours ago, Note Category: Radiology, Note Description: CT HEAD W/O CONTRAST | Text: No acute intracranial hemorrhage.  
10. When: 1 days 16 hours ago, Note Category: Echo, Note Description: Report | Text: There is no aortic valve stenosis. 
"
d0766750-c3c3-3d99-e2e1-c1f095065f0e,EHR Completo,He was managed for pain and emotional support and was scheduled for head and chest CT scans. ,Not Addressed,"The reference mentions a head CT scan was obtained 14 days ago but does not mention management for pain, emotional support, or scheduling of chest CT scans.","Hospital Admission Start: 15 days 0 hours ago
Hospital Admission End: Now
Electronic Health Record Context
Ordered by Time (Earliest to Latest):
1. When: 43 days 16 hours ago, Note Category: General, Note Description: Generic Note | Text: Transferred for neurosurg evaluation.
   
2. When: 43 days 16 hours ago, Note Category: Nursing, Note Description: Nursing Transfer Note | Text: MRI is scheduled.
   
3. When: 43 days 16 hours ago, Note Category: Nursing, Note Description: Nursing Transfer Note | Text: He was given decadron 10mg IV and
   transferred to [**Hospital1 54**] for neurosurgical evaluation.
   
4. When: 40 days 16 hours ago, Note Category: Discharge summary, Note Description: Report | Text: He was transfered to the oncology service for further
evaluation. 
5. When: 40 days 16 hours ago, Note Category: Discharge summary, Note Description: Report | Text: He was seen by physical therapy for his gait
instability and they recommended home physical therapy.
6. When: 14 days 16 hours ago, Note Category: Radiology, Note Description: CT STEREOTAXIS W/ CONTRAST | Text: TECHNIQUE:  Following contrast administration, head CT was obtained.  
"
a9a92d9a-157e-5d2f-b9d7-a0f9011f6d0b,EHR Completo,"His vital signs stabilized, but he had a history of cognitive impairment and was not following commands.

",Supported,"The reference notes that the patient responded to voice and inconsistently followed commands, indicating cognitive impairment and inconsistent command following, while vital signs were stable as noted earlier.","Hospital Admission Start: 15 days 0 hours ago
Hospital Admission End: Now
Electronic Health Record Context
Ordered by Time (Earliest to Latest):
1. When: 40 days 16 hours ago, Note Category: Discharge summary, Note Description: Report | Text: He did have gait
unsteadiness (a chronic issue) but no fevers, chills, sweats,
cough. 
2. When: 40 days 16 hours ago, Note Category: Discharge summary, Note Description: Report | Text: He was seen by physical therapy for his gait
instability and they recommended home physical therapy.
3. When: 40 days 16 hours ago, Note Category: Discharge summary, Note Description: Report | Text: His BP remained
stable overnight. 
4. When: 14 days 16 hours ago, Note Category: Radiology, Note Description: CT STEREOTAXIS W/ CONTRAST | Text: There is moderate brain atrophy seen.  
5. When: 14 days 16 hours ago, Note Category: Nursing, Note Description: Nursing Progress Note | Text: Neurologically intact although left side weaker
   than right.  
6. When: 13 days 16 hours ago, Note Category: Nursing, Note Description: Nursing Progress Note | Text: Following commands. 
7. When: 13 days 16 hours ago, Note Category: Nursing, Note Description: Nursing Progress Note | Text: Action:
   Neuro checks as ordered.
   
8. When: 6 days 16 hours ago, Note Category: Nursing, Note Description: Nursing Progress Note | Text: Response:
    pt responds to voice and inconsistently follows command.  
9. When: 6 days 16 hours ago, Note Category: Nursing, Note Description: Nursing Progress Note | Text: during
   the night propofol weaned down and pt currently followed commands
   inconsitently.
10. When: 6 days 16 hours ago, Note Category: Nursing, Note Description: Nursing Progress Note | Text: During wake-up, pt following commands inconsistently and very
   agitated, attempting to talk and climb out of bed.
   
"
f1f40671-df5e-0192-1187-8925c002fafe,EHR Completo,"The patient, a 68-year-old man with a known stage III esophageal cancer, was transferred to the hospital after a fall and evaluated for a possible head bleed. ",Supported,The reference confirms the patient is a 68-year-old man with known esophageal cancer who was transferred after a fall and evaluated for a possible head bleed.,"Hospital Admission Start: 15 days 0 hours ago
Hospital Admission End: Now
Electronic Health Record Context
Ordered by Time (Earliest to Latest):
1. When: 15 days 16 hours ago, Note Category: Radiology, Note Description: CT HEAD W/O CONTRAST | Text: HISTORY:  68-year-old male with apparent head bleed and known brain mass,
 transferred from outside hospital after fall.

 
2. When: 15 days 16 hours ago, Note Category: Radiology, Note Description: CT C-SPINE W/O CONTRAST | Text: ______________________________________________________________________________
                                 FINAL REPORT
 CT OF THE CERVICAL SPINE DATED [**2116-1-23**]

 HISTORY:  68-year-old male with head bleed and known head mass status post
 fall.

 
3. When: 13 days 16 hours ago, Note Category: Physician, Note Description: Intensivist Note | Text: H/O CANCER (MALIGNANT NEOPLASM), OTHER, .H/O [**Last Name 121**] PROBLEM - ENTER
   DESCRIPTION IN COMMENTS
   Assessment and Plan: 68 yo M with known esophageal ca and cerebellar
   mass s/p fall with increase size of cerebellar mass on CT.   
4. When: 11 days 16 hours ago, Note Category: Radiology, Note Description: CTA HEAD W&W/O C & RECONS | Text: ______________________________________________________________________________
                                 FINAL REPORT
 INDICATION:  68-year-old man with esophageal cancer and a left cerebellar
 mass, status post recent stereotactic biopsy and third ventriculostomy. 
5. When: 6 days 16 hours ago, Note Category: Radiology, Note Description: MR HEAD W & W/O CONTRAST | Text: CLINICAL INDICATION:  68-year-old man, status post craniectomy for esophageal
 metastasis, assess complete removal of the metastasis.

 
6. When: 4 days 16 hours ago, Note Category: Nursing, Note Description: Nursing Transfer Note | Text: 68 yo M with known esophageal ca and cerebellar mass
   s/p fall with increase size of cerebellar mass on CT.   
7. When: 2 days 16 hours ago, Note Category: Radiology, Note Description: CT HEAD W/O CONTRAST | Text: eval fo
 Admitting Diagnosis: HEAD BLEED
 ______________________________________________________________________________
 [**Hospital 2**] MEDICAL CONDITION:
  68 year old man with metastatic esophageal CA to cerebellum now s/p left
  cerebellar metastatic resection
 REASON FOR THIS EXAMINATION:
  s/p transfer to ICU with acute mental status change, eval for interval change
 No contraindications for IV contrast
 ______________________________________________________________________________
                                 FINAL REPORT
 INDICATION:  68-year-old male, with esophageal metastasis, status post
 resection, acute mental status change,
8. When: 1 days 16 hours ago, Note Category: Radiology, Note Description: CT CHEST W/CONTRAST | Text: ______________________________________________________________________________
                                 FINAL REPORT
 INDICATION:  68-year-old man with history of esophageal cancer metastatic to
 the cerebellum presenting with sepsis and guaiac positive stool.

 
9. When: 0 days 16 hours ago, Note Category: Physician, Note Description: Intensivist Note | Text: SICU
   HPI:
    68 y/o M with metastatic esophageal cancer to brain
   admitted 2 weeks ago after a fall.  
"
96455fe0-3964-73cf-eeff-15c1d616b8f0,EHR Completo,"A CT scan without contrast showed an interval increase in size of a left cerebellar hemorrhage, with surrounding edema and mass effect on the 4th ventricle and perimesencephalic cistern.",Supported,"The reference clearly states an interval increase in size of the left cerebellar hemorrhagic mass with surrounding edema and mass effect on the 4th ventricle and perimesencephalic cistern, matching the text exactly.","Hospital Admission Start: 15 days 0 hours ago
Hospital Admission End: Now
Electronic Health Record Context
Ordered by Time (Earliest to Latest):
1. When: 15 days 16 hours ago, Note Category: Radiology, Note Description: CT HEAD W/O CONTRAST | Text: IMPRESSION:

 Interval increase in size of patient's known left cerebellar hemorrhagic mass
 with surrounding vasogenic edema.  
2. When: 15 days 16 hours ago, Note Category: Radiology, Note Description: CT HEAD W/O CONTRAST | Text: WET READ VERSION #1 [**First Name9 (NamePattern2) 3913**] [**Doctor First Name 73**] [**2116-1-23**] 9:26 AM
  interval increase in size of left cerebellar hemorrhage now measuring 2.4 x
  3.7 cm with surrounding edema and mass effect on 4th ventricle and left aspect
  of perimesencephalic cistern. 
3. When: 15 days 16 hours ago, Note Category: Radiology, Note Description: CT HEAD W/O CONTRAST | Text: 7 cm with surrounding edema and mass effect on 4th ventricle and left aspect
  of perimesencephalic cistern.  
4. When: 15 days 16 hours ago, Note Category: Radiology, Note Description: CT HEAD W/O CONTRAST | Text: There is surrounding vasogenic edema and mass effect with partial
 effacement of the fourth ventricle and the left aspect of the
 perimesencephalic cistern.  
5. When: 15 days 16 hours ago, Note Category: Radiology, Note Description: MR HEAD W & W/O CONTRAST | Text: Left cerebellar mass with hemorrhagic foci and surrounding edema causing
 effacement of the fourth ventricle and quadrigeminal cistern.  
6. When: 15 days 16 hours ago, Note Category: Radiology, Note Description: MR HEAD W & W/O CONTRAST | Text: Left cerebellar mass with hemorrhagic foci and surrounding edema causing
  compression of the fourth ventricle and effacement of the quadrigeminal
  cistern.
7. When: 15 days 16 hours ago, Note Category: Nursing, Note Description: Nursing Progress Note | Text: Head Ct revealed an increase in cerebellar mass w/ surrounding edema
   and mass effect on the 4^th ventricle and left aspect of the
   perimesencephalic cistern. 
8. When: 4 days 16 hours ago, Note Category: Radiology, Note Description: CT HEAD W/O CONTRAST | Text: Continued edema in the left
 cerebellar hemisphere with similar degree of mass effect on the fourth
 ventricle.  
9. When: 4 days 16 hours ago, Note Category: Radiology, Note Description: CT HEAD W/O CONTRAST | Text: Continued edema in the left
  cerebellar hemisphere with similar degree of mass effect on the fourth
  ventricle.
"
098ddfae-6563-aa22-fda3-df73c91f044d,EHR Completo,"He was also given multiple units of FFP, platelets, and vitamin K due to liver failure.

",Not Addressed,"The reference mentions liver failure and a worsening hypocoagulable state but does not mention administration of multiple units of FFP, platelets, or vitamin K.","Hospital Admission Start: 15 days 0 hours ago
Hospital Admission End: Now
Electronic Health Record Context
Ordered by Time (Earliest to Latest):
1. When: 43 days 16 hours ago, Note Category: Nursing, Note Description: Nursing Transfer Note | Text: He was given decadron 10mg IV and
   transferred to [**Hospital1 54**] for neurosurgical evaluation.
   
2. When: 40 days 16 hours ago, Note Category: Discharge summary, Note Description: Report | Text: He was transfered to the oncology service for further
evaluation. 
3. When: 14 days 16 hours ago, Note Category: Physician, Note Description: Intensivist Note | Text: Cardiovascular: metoprolol
   Pulmonary: no issues
   Gastrointestinal/Abdominal: NPO
   Nutrition: NPO
   Renal:Finasteride 5 mg PO DAILY, continue foley irrigation, follow UOP
   Hematology: hct stable
   Endocrine:  SSI
   Infectious Disease: CeftriaXONE 1 g IV Q24H
   Lines/Tubes/Drains: port,
4. When: 2 days 16 hours ago, Note Category: Nursing, Note Description: Nursing Progress Note | Text: Received multiple
   fluid boluses.
5. When: 0 days 16 hours ago, Note Category: Physician, Note Description: Intensivist Note | Text: He
   was brought to SICU in multi-system organ failure with oliguria
   requiring CVVH, liver failure, worsening hypocoagulable state, and
   severe metabolic acidosis.
   
"
349676e0-51d5-7621-20cd-000aea7767d0,EHR Completo,"He was admitted to the Surgical Intensive Care Unit (SICU) and underwent a series of diagnostic tests, including MRI scans, which revealed a left cerebellar mass with hemorrhagic foci and surrounding edema, causing compression of the fourth ventricle and effacement of the quadrigeminal cistern. ",Not Addressed,"The reference mentions MRI findings of a left cerebellar mass with hemorrhagic foci, edema, and compression of the fourth ventricle and effacement of the quadrigeminal cistern, but it does not state that the patient was admitted to the Surgical Intensive Care Unit (SICU) or that the diagnostic tests were performed after admission.","Hospital Admission Start: 15 days 0 hours ago
Hospital Admission End: Now
Electronic Health Record Context
Ordered by Time (Earliest to Latest):
1. When: 40 days 16 hours ago, Note Category: Discharge summary, Note Description: Report | Text: Per
report from the outside hospital MRI, the patient had a 3-4cm
left cerebellar mass on MRI with evidence of mass effect
(effacing the 4th ventricle),
2. When: 15 days 16 hours ago, Note Category: Radiology, Note Description: CT HEAD W/O CONTRAST | Text: There is surrounding vasogenic edema and mass effect with partial
 effacement of the fourth ventricle and the left aspect of the
 perimesencephalic cistern.  
3. When: 15 days 16 hours ago, Note Category: Radiology, Note Description: MR HEAD W & W/O CONTRAST | Text: Left cerebellar mass with hemorrhagic foci and surrounding edema causing
 compression of the fourth ventricle and effacement of the quadrigeminal
 cistern.  
4. When: 15 days 16 hours ago, Note Category: Radiology, Note Description: MR HEAD W & W/O CONTRAST | Text: Left cerebellar mass with hemorrhagic foci and surrounding edema causing
  compression of the fourth ventricle and effacement of the quadrigeminal
  cistern.
5. When: 15 days 16 hours ago, Note Category: Radiology, Note Description: MR HEAD W & W/O CONTRAST | Text: Left cerebellar mass with hemorrhagic foci and surrounding edema causing
 effacement of the fourth ventricle and quadrigeminal cistern.  
6. When: 15 days 16 hours ago, Note Category: Radiology, Note Description: MR HEAD W & W/O CONTRAST | Text: FINDINGS: There is an ill-defined infiltrative enhancing mass seen in the left
 cerebellar hemisphere with surrounding edema and effacing the fourth ventricle
 and quadrigeminal cistern. 
7. When: 15 days 16 hours ago, Note Category: Nursing, Note Description: Nursing Progress Note | Text: Head Ct revealed an increase in cerebellar mass w/ surrounding edema
   and mass effect on the 4^th ventricle and left aspect of the
   perimesencephalic cistern. 
8. When: 4 days 16 hours ago, Note Category: Radiology, Note Description: CT HEAD W/O CONTRAST | Text: Continued edema in the left
 cerebellar hemisphere with similar degree of mass effect on the fourth
 ventricle.  
9. When: 4 days 16 hours ago, Note Category: Radiology, Note Description: CT HEAD W/O CONTRAST | Text: Continued edema in the left
  cerebellar hemisphere with similar degree of mass effect on the fourth
  ventricle.
"
4a2204d8-7635-47a2-cdb3-33f1bd167db9,EHR Completo,The differential diagnosis included lymphoma versus metastatic disease.,Supported,"The reference contains multiple radiology notes explicitly stating that the differential diagnosis includes lymphoma versus metastatic disease, directly supporting the text.","Hospital Admission Start: 15 days 0 hours ago
Hospital Admission End: Now
Electronic Health Record Context
Ordered by Time (Earliest to Latest):
1. When: 44 days 16 hours ago, Note Category: ECG, Note Description: Report | Text: Clinical correlation is suggested.

2. When: 43 days 16 hours ago, Note Category: Physician, Note Description: Physician Resident Admission Note | Text: Although unusual, seems
   likely this is a metastatic lesion and most likely from known primary.
   
3. When: 15 days 16 hours ago, Note Category: Radiology, Note Description: MR HEAD W & W/O CONTRAST | Text: Differential diagnosis includes lymphoma versus metastatic disease.

 
4. When: 15 days 16 hours ago, Note Category: Radiology, Note Description: MR HEAD W & W/O CONTRAST | Text: Differential diagnosis includes lymphoma versus metastatic disease.

  
5. When: 15 days 16 hours ago, Note Category: Radiology, Note Description: MR HEAD W & W/O CONTRAST | Text: Differential
 diagnosis includes lymphoma and metastatic disease.

 
6. When: 15 days 16 hours ago, Note Category: Radiology, Note Description: MR HEAD W & W/O CONTRAST | Text: The
 differential diagnosis includes lymphoma and metastatic etiology.
7. When: 14 days 16 hours ago, Note Category: Radiology, Note Description: CT STEREOTAXIS W/ CONTRAST | Text: TECHNIQUE:  Following contrast administration, head CT was obtained.  
8. When: 2 days 16 hours ago, Note Category: ECG, Note Description: Report | Text: Clinical correlation is
suggested.


9. When: 1 days 16 hours ago, Note Category: Nursing, Note Description: Nursing Progress Note | Text: CT scan done w/ IV contrast.
   
10. When: 0 days 16 hours ago, Note Category: Physician, Note Description: Intensivist Note | Text: A
   week later, the pt went back to the OR for resection of the cerebellar
   mass, which has since been reported as metastatic poorly differentiated
   adenocarcinoma. 
"
9db332d4-bada-5f8d-10a3-e77fcfd3734b,EHR Completo,"On February 1, an MRI scan showed that the previously demonstrated left cerebellar mass lesion had been removed, but there were post-surgical changes, persistent vasogenic edema, and a subtle area of enhancement in the surgical cavity. ",Supported,"The reference states that the previously demonstrated left cerebellar mass lesion has been removed with post-surgical changes, persistent vasogenic edema, and a post-surgical cavity with subtle enhancement consistent with the text.","Hospital Admission Start: 15 days 0 hours ago
Hospital Admission End: Now
Electronic Health Record Context
Ordered by Time (Earliest to Latest):
1. When: 43 days 16 hours ago, Note Category: General, Note Description: Generic Note | Text: DM2, h/o traumatic
   brain injury
   Presented with unsteady gait
 MRI showed 3cm left cerebellar mass with
   evidence of edema and bleeding.
2. When: 43 days 16 hours ago, Note Category: Nursing, Note Description: Nursing Transfer Note | Text: Found to have
   3-4cm left cerebellar mass on MRI with evidence of mass effect,
   vasogenic edema, ?bleeding in mass. 
3. When: 15 days 16 hours ago, Note Category: Radiology, Note Description: CT HEAD W/O CONTRAST | Text: IMPRESSION:

 Interval increase in size of patient's known left cerebellar hemorrhagic mass
 with surrounding vasogenic edema.  
4. When: 14 days 16 hours ago, Note Category: Radiology, Note Description: CT STEREOTAXIS W/ CONTRAST | Text: FINDINGS:  There is mass identified in the partially visualized left
 cerebellar hemisphere with edema.
5. When: 6 days 16 hours ago, Note Category: Radiology, Note Description: MR HEAD W & W/O CONTRAST | Text: FINDINGS:  The previously demonstrated infiltrative left cerebellar mass
 lesion has been removed in the interim, post-surgical changes consistent with
 left occipital craniotomy are visualized as well as the frontal burr hole on
 the right.
6. When: 6 days 16 hours ago, Note Category: Radiology, Note Description: MR HEAD W & W/O CONTRAST | Text: In the left cerebellar fossa, there is a post-surgical cavity
 filling with CSF, persistent vasogenic edema is identified in the left
 cerebellar hemisphere, producing mild narrowing of the fourth ventricle as
 well as the left cerebellar cisterns.  
7. When: 4 days 16 hours ago, Note Category: Radiology, Note Description: CT HEAD W/O CONTRAST | Text: Status post occipital craniotomy with surgical changes in the craniotomy
 bed and edema in the left cerebellar hemisphere, similar in extent to MR done
 on [**2116-2-1**].  
"
6c6ec37f-bac6-faca-bd20-7f6742d1e360,EHR Completo,"The patient was extubated on February 2, and his neuro status remained essentially unchanged. ",Supported,"The reference states the patient was extubated on February 2 and notes that neuro status was unchanged on subsequent days, supporting the text.","Hospital Admission Start: 15 days 0 hours ago
Hospital Admission End: Now
Electronic Health Record Context
Ordered by Time (Earliest to Latest):
1. When: 43 days 16 hours ago, Note Category: Nursing, Note Description: Nursing Transfer Note | Text: Patient remains alert and oriented
   throughout the day.  
2. When: 40 days 16 hours ago, Note Category: Discharge summary, Note Description: Report | Text: His BP remained
stable overnight. 
3. When: 13 days 16 hours ago, Note Category: Nursing, Note Description: Nursing Progress Note | Text: Response:
   Pt neurologically intact.
   
4. When: 13 days 16 hours ago, Note Category: Nursing, Note Description: Nursing Progress Note | Text: Plan:
   Continue to monitor neuro status for changes. 
5. When: 6 days 16 hours ago, Note Category: Nursing, Note Description: Nursing Progress Note | Text: Response:
   Neuro status unchanged throughout day.
   
6. When: 4 days 16 hours ago, Note Category: Nursing, Note Description: Nursing Progress Note | Text: Extubated
 and weaned off sedation on Sunday [**2116-2-2**].

7. When: 2 days 16 hours ago, Note Category: Radiology, Note Description: CT HEAD W/O CONTRAST | Text: Post-surgical changes, are grossly
 unchanged in this location.  
8. When: 1 days 16 hours ago, Note Category: Radiology, Note Description: CHEST (PORTABLE AP) | Text: The positions of the
 endotracheal tube and right central venous access line are unchanged.

 
9. When: 0 days 16 hours ago, Note Category: Physician, Note Description: Intensivist Note | Text: Neuro: sedated.  
"
1540c5e0-dd79-ce3b-57b1-2cd2b8e06ac5,EHR Completo,"However, the patient experienced a setback requiring readmission to the ICU on February 5, with tachycardia, hypotension, and an acute mental status change. ",Supported,"The reference notes that on 2-5 the patient developed hypotension, tachycardia, and respiratory distress requiring transfer to the SICU, indicating a setback with acute changes in status consistent with the text.","Hospital Admission Start: 15 days 0 hours ago
Hospital Admission End: Now
Electronic Health Record Context
Ordered by Time (Earliest to Latest):
1. When: 2 days 16 hours ago, Note Category: Physician, Note Description: Intensivist Note | Text: Readmitted
   to ICU w tachycardia and hypotension
   Chief complaint:
   tachycardia/hypotension
   PMHx:
   Stage III esophageal cancer, R eye prosthesis, HTN, DOE, BPH chronic
   foley, Diabetes, h/o trach/PEG in [**11/2113**], h/o anemia in [**12/2113**], s/p
   cholecystectomy, cognitive impairment s/p MVC
   Current medications:
   1.
2. When: 2 days 16 hours ago, Note Category: Physician, Note Description: Intensivist Note | Text: 5 mg/dL
   Assessment and Plan
   TACHYCARDIA, OTHER, HYPERTENSION, BENIGN, ANXIETY, DELIRIUM /
   CONFUSION, [**Last Name 121**] PROBLEM - ENTER DESCRIPTION IN COMMENTS, ALTERED
   MENTAL STATUS (NOT DELIRIUM), .H/O DIABETES MELLITUS (DM), TYPE II,
3. When: 1 days 16 hours ago, Note Category: Physician, Note Description: Intensivist Note | Text: Readmitted to ICU w florid sepsis.
   
4. When: 0 days 16 hours ago, Note Category: Physician, Note Description: Intensivist Note | Text: [**2-5**] the pt developed respiratory distress,
   hypotension, and tachycardia on floor and was transferred to the SICU.
   
5. When: 0 days 16 hours ago, Note Category: Nursing, Note Description: Nursing Progress Note | Text: Response:
   Remains overall unstable, with episodes of dipping bp and cardiac
   output, with elevated svv.
   
"
f0f2520a-4829-86c4-e4f3-84495d311be1,EHR Completo,"He was reintubated and received multiple medications, including antibiotics and hydration therapy. ",Not Supported,"The reference mentions intubation, pressors, broad spectrum antibiotics, and fluid boluses but does not mention reintubation or hydration therapy explicitly.","Hospital Admission Start: 15 days 0 hours ago
Hospital Admission End: Now
Electronic Health Record Context
Ordered by Time (Earliest to Latest):
1. When: 43 days 16 hours ago, Note Category: Nursing, Note Description: Nursing Transfer Note | Text: He was given decadron 10mg IV and
   transferred to [**Hospital1 54**] for neurosurgical evaluation.
   
2. When: 40 days 16 hours ago, Note Category: Discharge summary, Note Description: Report | Text: He was transfered to the oncology service for further
evaluation. 
3. When: 15 days 16 hours ago, Note Category: Nursing, Note Description: Nursing Progress Note | Text: Also showed
   nasal fractures.
   
4. When: 5 days 16 hours ago, Note Category: Nursing, Note Description: Nursing Progress Note | Text: Haldo, ativan and Fentanyl given.
   
5. When: 2 days 16 hours ago, Note Category: Nursing, Note Description: Nursing Progress Note | Text: Received multiple
   fluid boluses.
6. When: 0 days 16 hours ago, Note Category: Physician, Note Description: Intensivist Note | Text: He was intubated, started on pressors as well as broad spectrum abx. 
"
7405f258-91ac-3930-4927-2412d0126402,EHR Completo,"Throughout his hospital stay, the patient required ongoing management of his neurological status, pain, and anxiety, as well as treatment for septic shock, fluid overload, and metabolic acidosis. ",Supported,"The reference notes ongoing management of neurological status (neuro checks, neuro consults), treatment for septic shock (sepsis diagnosis, ICU care), metabolic acidosis (noted severe metabolic acidosis), and fluid management (fluids including bicarbonate and NS boluses), supporting the text's statement about ongoing management of neurological status, pain/anxiety, septic shock, fluid overload, and metabolic acidosis.","Hospital Admission Start: 15 days 0 hours ago
Hospital Admission End: Now
Electronic Health Record Context
Ordered by Time (Earliest to Latest):
1. When: 43 days 16 hours ago, Note Category: Physician, Note Description: Physician Resident Admission Note | Text: needs
   fundic exam
   - q2-q4 hr neuro checks
   - neuro onc eval
   - LP for cytology, will discuss in AM
   - obtain imaging from outside hospital. 
2. When: 43 days 16 hours ago, Note Category: Nursing, Note Description: Nursing Transfer Note | Text: patient unsure of his meds)
   Celexa 10mg daily
   Metformin SR 1g daily
   Metoprolol 25mg [**Hospital1 **]
   Prevacid 30mg daily
   Amantadine 100mg [**Hospital1 **]
   Flomax 0.4mg daily
   Finasteride daily
   Vitamin D 1000units daily
   Trazodone prn
   .
   
3. When: 1 days 16 hours ago, Note Category: Physician, Note Description: Intensivist Note | Text: check CDifs daily BCxs
   Lines / Tubes / Drains: Foley, ETT, OGT, B/L fem Alines, RIJ CVL, L
   portacath
   Wounds: open to air
   Imaging: CT torso
   Fluids: Bicarb gtt @150, NS boluses PRN
   Consults: Neurosurg, general diabetes, heme/onc, ID, thoracic
   Billing Diagnosis: Sepsis
   ICU Care
   Nutrition:
   Glycemic Control:  Regular insulin sliding scale
4. When: 0 days 16 hours ago, Note Category: Physician, Note Description: Intensivist Note | Text: He
   was brought to SICU in multi-system organ failure with oliguria
   requiring CVVH, liver failure, worsening hypocoagulable state, and
   severe metabolic acidosis.
   
5. When: 0 days 16 hours ago, Note Category: Nursing, Note Description: Nursing Progress Note | Text: Sepsis, Severe (with organ dysfunction)
   Assessment:
   Hemodynamically unstable
   Episodes of dropping  cardiac output
   Coagulopathic
   Hypothermic
   Persistent metabolic acidosis.
   
"
298f3674-4277-9c9d-75b9-53b668fda4cb,EHR Completo,"On February 7, despite aggressive treatment, the patient's condition remained unstable, and after a family meeting with the doctor, it was decided to stop treatment due to the unsurvivable situation. ",Supported,"The reference notes that the patient remained unstable with episodes of dipping blood pressure and cardiac output, and that all were in agreement to stop treatment and provide comfort measures to the family, consistent with the text stating treatment was stopped due to an unsurvivable situation after a family meeting.","Hospital Admission Start: 15 days 0 hours ago
Hospital Admission End: Now
Electronic Health Record Context
Ordered by Time (Earliest to Latest):
1. When: 43 days 16 hours ago, Note Category: Physician, Note Description: Physician Resident Admission Note | Text: He is stating an unwillingness to undergo procedures in the future.
   
2. When: 40 days 16 hours ago, Note Category: Discharge summary, Note Description: Report | Text: The
patient remained stable so it was felt he could go home and
await final pathology with close follow up in the [**Hospital **]
clinic.  
3. When: 40 days 16 hours ago, Note Category: Discharge summary, Note Description: Report | Text: He was seen by physical therapy for his gait
instability and they recommended home physical therapy.
4. When: 6 days 16 hours ago, Note Category: Nursing, Note Description: Nursing Progress Note | Text: Plan:
   Continue to monitor pain and medicate prn.

5. When: 5 days 16 hours ago, Note Category: Nursing, Note Description: Nursing Progress Note | Text: Immediately became
   very agitated, hypertensive and uncooperative, trying to get out of bed
   and interfere with treatment.
   
6. When: 4 days 16 hours ago, Note Category: Nursing, Note Description: Nursing Progress Note | Text: Plan:
   Continue to monitor of increased agitation and treat with
   non-pharmacological as well as pharmacological interventions.

7. When: 2 days 16 hours ago, Note Category: Nursing, Note Description: Nursing Progress Note | Text: a-line attempt by ho without success,
   pt intubated @ 1315, fem a-line placed, R ij mlc placed, a-line bp low,
   levo gtt started, total 3 liter fluid bolus given, TX with 2 u ffp & 1
   u pc, bedside renal ultrasoung done, iv antibiotics given as ordered,
   ivf with bicarb started, family aware of pt
s condition by neurosurg
   attending, bld cultures sent
   Response:
   Continue FULL code per family, continues to be acidotic,
8. When: 0 days 16 hours ago, Note Category: Nursing, Note Description: Nursing Progress Note | Text: Response:
   Remains overall unstable, with episodes of dipping bp and cardiac
   output, with elevated svv.
   
9. When: 0 days 16 hours ago, Note Category: Nursing, Note Description: Nursing Progress Note | Text: All in agreement to stop treatment, and provide [**Name (STitle) 1396**] only to family.
   
10. When: 0 days 16 hours ago, Note Category: Echo, Note Description: Report | Text: Suboptimal
image quality - patient unable to cooperate. 
"
63c3af56-948e-25d9-f752-2e3f9e91d612,EHR Completo,"The patient's care was withdrawn, and morphine was administered to manage symptoms. ",Not Supported,"The reference shows morphine was administered and the patient was withdrawn to painful stimuli, but there is no mention that the patient's care was withdrawn.","Hospital Admission Start: 15 days 0 hours ago
Hospital Admission End: Now
Electronic Health Record Context
Ordered by Time (Earliest to Latest):
1. When: 40 days 16 hours ago, Note Category: Discharge summary, Note Description: Report | Text: Patient continued
on home Amantadine.

2. When: 40 days 16 hours ago, Note Category: Discharge summary, Note Description: Report | Text: The
patient remained stable so it was felt he could go home and
await final pathology with close follow up in the [**Hospital **]
clinic.  
3. When: 14 days 16 hours ago, Note Category: Nursing, Note Description: Nursing Progress Note | Text: Medicated with
   dilaudid 1mg for pain.  
4. When: 6 days 16 hours ago, Note Category: Nursing, Note Description: Nursing Progress Note | Text: Action:
   Medicated with iv fentanyl.
   
5. When: 4 days 16 hours ago, Note Category: Nursing, Note Description: Nursing Progress Note | Text: Action:
   Administration of morphine sulfate IVP.
   
6. When: 4 days 16 hours ago, Note Category: Physician, Note Description: Intensivist Note | Text: discontinued fentanyl and transitioned to morphine prn
   yesterday.
   
7. When: 2 days 16 hours ago, Note Category: Physician, Note Description: Intensivist Note | Text: morphine
   prn yesterday.
   
8. When: 2 days 16 hours ago, Note Category: Physician, Note Description: Intensivist Note | Text: morphine
   prn yesterday.Consider head CT ? 
9. When: 1 days 16 hours ago, Note Category: Nursing, Note Description: Nursing Progress Note | Text: Withdraws to painful stimuli. 
"
ae5a654d-37ad-a8cc-31e1-5d605160ef66,EHR Completo,The patient was pronounced dead at 1650 with the family present and in agreement with the plan.,Supported,"The reference notes indicate the patient was pronounced at 1650, with all family present and in agreement with the plan, directly supporting the text.","Hospital Admission Start: 15 days 0 hours ago
Hospital Admission End: Now
Electronic Health Record Context
Ordered by Time (Earliest to Latest):
1. When: 43 days 16 hours ago, Note Category: General, Note Description: Generic Note | Text: I agree with the
   note above, including the assessment and plan. 
2. When: 43 days 16 hours ago, Note Category: Physician, Note Description: Physician Resident Admission Note | Text: Agree
   substantially with plan as above.
3. When: 43 days 16 hours ago, Note Category: Nursing, Note Description: Nursing Transfer Note | Text: MRI is scheduled.
   
4. When: 40 days 16 hours ago, Note Category: Discharge summary, Note Description: Report | Text: The
patient remained stable so it was felt he could go home and
await final pathology with close follow up in the [**Hospital **]
clinic.  
5. When: 40 days 16 hours ago, Note Category: Discharge summary, Note Description: Report | Text: Patient continued
on home Amantadine.

6. When: 13 days 16 hours ago, Note Category: Radiology, Note Description: CT ABD W&W/O C | Text: Correlation
 should be made to the patient's trauma history.  
7. When: 0 days 16 hours ago, Note Category: Nursing, Note Description: Nursing Progress Note | Text: Patient pronounced at 1650.
   
8. When: 0 days 16 hours ago, Note Category: Nursing, Note Description: Nursing Progress Note | Text: All family present, all in agreement with plan.
   
9. When: 0 days 16 hours ago, Note Category: Nursing, Note Description: Nursing Progress Note | Text: All in agreement to stop treatment, and provide [**Name (STitle) 1396**] only to family.
   
"
e31f24d4-036e-d2d3-398b-208ff377d612,EHR Completo,"On February 6, the patient developed a florid septic picture, with severe diffuse large bowel thickening, likely due to severe colitis, possibly caused by C. difficile. ",Supported,"The reference describes severe diffuse large bowel thickening likely due to severe colitis, possibly caused by C. difficile, along with a florid septic picture and multi-system organ failure consistent with the text.","Hospital Admission Start: 15 days 0 hours ago
Hospital Admission End: Now
Electronic Health Record Context
Ordered by Time (Earliest to Latest):
1. When: 2 days 16 hours ago, Note Category: Radiology, Note Description: P RENAL U.S. PORT | Text: The
 bladder is collapsed and contains a Foley catheter, but even allowing for
 that, the bladder wall appears diffusely thickened.

 
2. When: 1 days 16 hours ago, Note Category: Radiology, Note Description: CT CHEST W/CONTRAST | Text: Diffuse wall thickening from the cecum to the splenic flexure likely
 reflects severe colitis with C. difficile being the most likely pathogen.

 
3. When: 1 days 16 hours ago, Note Category: Radiology, Note Description: CT CHEST W/CONTRAST | Text: Severe diffuse large bowel thickening which
  is dilated and stool filled with nml appearing small bowel.  
4. When: 1 days 16 hours ago, Note Category: Radiology, Note Description: CT CHEST W/CONTRAST | Text: [**Month (only) **] relate to
  severe 3rd spacing or other causes of pan colitis such as c. diff.
5. When: 1 days 16 hours ago, Note Category: Nursing, Note Description: Nursing Progress Note | Text: Ct showed dilated loops of bowel w/ large amt of stool.
   
6. When: 1 days 16 hours ago, Note Category: Nursing, Note Description: Nursing Progress Note | Text: cognitive impairment s/p MVC
   Sepsis, Severe (with organ dysfunction)
   Assessment:
   Florid sepsis with complete multisytem organ failure--?cdif colitis
   origin of sepsis
   l
   Action:
   Complete Respiratory support w/ventilator
   renal support w/ CRRT
   Shock liver with deteriorating lab values, given multiple units of FFP,
   platelets and Vit k
   Family in, spoke w/ Dr.
7. When: 0 days 16 hours ago, Note Category: Physician, Note Description: Intensivist Note | Text: CT abdomen shows severe diffuse large bowel thickening which
   is dilated and stool filled with normal appearing small bowel. 
8. When: 0 days 16 hours ago, Note Category: Physician, Note Description: Intensivist Note | Text: etiology
   of clinical picture and his multi-system organ failure likely from
   infectious colitis possibly due to C. difficile. 
"
10fb55a1-337b-b6bc-3970-014f908eb71b,EHR Completo,"He was treated with broad-spectrum antibiotics, vasopressin, norepinephrine, and propofol infusions. ",Supported,"The reference notes that the patient was sedated on propofol, given vasopressin and Levophed (norepinephrine), and started on broad-spectrum antibiotics, which fully supports the text.","Hospital Admission Start: 15 days 0 hours ago
Hospital Admission End: Now
Electronic Health Record Context
Ordered by Time (Earliest to Latest):
1. When: 43 days 16 hours ago, Note Category: Physician, Note Description: Physician Resident Admission Note | Text: patient unsure of his meds)
   Celexa 10mg daily
   Metformin SR 1g daily
   Metoprolol 25mg [**Hospital1 **]
   Prevacid 30mg daily
   Amantadine 100mg [**Hospital1 **]
   Flomax 0.4mg daily
   Finasteride daily
   Vitamin D 1000units daily
   Trazodone prn
   .
   
2. When: 43 days 16 hours ago, Note Category: Nursing, Note Description: Nursing Transfer Note | Text: He was given decadron 10mg IV and
   transferred to [**Hospital1 54**] for neurosurgical evaluation.
   
3. When: 1 days 16 hours ago, Note Category: Nursing, Note Description: Nursing Progress Note | Text: Sedated on Propofol. 
4. When: 1 days 16 hours ago, Note Category: Nutrition, Note Description: Clinical Nutrition Note | Text: Pertinent medications: Levophed, Vasopressin, propofol, D5 c/ Bicarb
   @100cc/hr,
5. When: 0 days 16 hours ago, Note Category: Physician, Note Description: Intensivist Note | Text: He was intubated, started on pressors as well as broad spectrum abx. 
"
7c4968b0-893c-bff5-32c4-f02742922b83,EHR Completo,"His condition was critical, requiring close monitoring and multidisciplinary care. ",Supported,"The reference states the patient was critically ill, transferred for neurosurgical evaluation, required close blood pressure monitoring in the MICU, and was later brought to the SICU in multi-system organ failure requiring continuous venovenous hemofiltration and other intensive care measures, supporting that his condition was critical and required close monitoring and multidisciplinary care.","Hospital Admission Start: 15 days 0 hours ago
Hospital Admission End: Now
Electronic Health Record Context
Ordered by Time (Earliest to Latest):
1. When: 43 days 16 hours ago, Note Category: General, Note Description: Generic Note | Text: Patient is critically ill.
   
2. When: 43 days 16 hours ago, Note Category: General, Note Description: Generic Note | Text: Transferred for neurosurg evaluation.
   
3. When: 43 days 16 hours ago, Note Category: Nursing, Note Description: Nursing Transfer Note | Text: He was given decadron 10mg IV and
   transferred to [**Hospital1 54**] for neurosurgical evaluation.
   
4. When: 40 days 16 hours ago, Note Category: Discharge summary, Note Description: Report | Text: He was transfered to the oncology service for further
evaluation. 
5. When: 40 days 16 hours ago, Note Category: Discharge summary, Note Description: Report | Text: They also recommended close BP control (SBP <140) so the patient
was transferred to the MICU for monitoring. 
6. When: 40 days 16 hours ago, Note Category: Discharge summary, Note Description: Report | Text: He was seen by physical therapy for his gait
instability and they recommended home physical therapy.
7. When: 15 days 16 hours ago, Note Category: Radiology, Note Description: CT HEAD W/O CONTRAST | Text: An MRI is recommended for further
 evaluation.
                                                             
8. When: 0 days 16 hours ago, Note Category: Physician, Note Description: Intensivist Note | Text: He
   was brought to SICU in multi-system organ failure with oliguria
   requiring CVVH, liver failure, worsening hypocoagulable state, and
   severe metabolic acidosis.
   
"
b25f8ad4-4961-c9a5-9c82-5a1ae734d335,EHR Completo,"The patient was diagnosed with multisystem organ failure, including renal failure, liver failure, and severe metabolic acidosis, and was given maximal support with ventilation, CRRT, and triple pressors. ",Supported,"The reference notes multiple entries confirming multisystem organ failure including renal failure requiring CRRT, liver failure, severe metabolic acidosis, and maximal support with ventilation, CRRT, and triple pressors.","Hospital Admission Start: 15 days 0 hours ago
Hospital Admission End: Now
Electronic Health Record Context
Ordered by Time (Earliest to Latest):
1. When: 43 days 16 hours ago, Note Category: General, Note Description: Generic Note | Text: Patient is critically ill.
   
2. When: 1 days 16 hours ago, Note Category: Physician, Note Description: Intensivist Note | Text: check CDifs daily BCxs
   Lines / Tubes / Drains: Foley, ETT, OGT, B/L fem Alines, RIJ CVL, L
   portacath
   Wounds: open to air
   Imaging: CT torso
   Fluids: Bicarb gtt @150, NS boluses PRN
   Consults: Neurosurg, general diabetes, heme/onc, ID, thoracic
   Billing Diagnosis: Sepsis
   ICU Care
   Nutrition:
   Glycemic Control:  Regular insulin sliding scale
3. When: 1 days 16 hours ago, Note Category: Nursing, Note Description: Nursing Progress Note | Text: Response:
   Maximally support with CRRT/ventilation and triple pressors.
   
4. When: 1 days 16 hours ago, Note Category: Nursing, Note Description: Nursing Progress Note | Text: cognitive impairment s/p MVC
   Sepsis, Severe (with organ dysfunction)
   Assessment:
   Florid sepsis with complete multisytem organ failure--?cdif colitis
   origin of sepsis
   l
   Action:
   Complete Respiratory support w/ventilator
   renal support w/ CRRT
   Shock liver with deteriorating lab values, given multiple units of FFP,
   platelets and Vit k
   Family in, spoke w/ Dr.
5. When: 0 days 16 hours ago, Note Category: Physician, Note Description: Intensivist Note | Text: etiology
   of clinical picture and his multi-system organ failure likely from
   infectious colitis possibly due to C. difficile. 
6. When: 0 days 16 hours ago, Note Category: Physician, Note Description: Intensivist Note | Text: He
   was brought to SICU in multi-system organ failure with oliguria
   requiring CVVH, liver failure, worsening hypocoagulable state, and
   severe metabolic acidosis.
   
7. When: 0 days 16 hours ago, Note Category: Nursing, Note Description: Nursing Progress Note | Text: Sepsis, Severe (with organ dysfunction)
   Assessment:
   Hemodynamically unstable
   Episodes of dropping  cardiac output
   Coagulopathic
   Hypothermic
   Persistent metabolic acidosis.
   
8. When: 0 days 16 hours ago, Note Category: Nursing, Note Description: Nursing Progress Note | Text: [**Last Name **] Problem
 [**Name (NI) **] measures
   Assessment:
   Profound sepsis with mutisystem organ failure
   Action:
   Aggressive treatment supporting all systems until family meeting w/dr.
   
"
cce5bab5-168c-5735-f64b-e1175cae2d18,EHR Completo,"On January 31, the patient underwent a suboccipital craniectomy, which showed expected post-operative changes, including pneumocephalus and small blood products, but no large hemorrhage or shift of midline structures. ",Supported,"The reference clearly documents post suboccipital craniectomy changes including pneumocephalus and small blood products with no unexpected hemorrhage or midline shift, fully supporting the text.","Hospital Admission Start: 15 days 0 hours ago
Hospital Admission End: Now
Electronic Health Record Context
Ordered by Time (Earliest to Latest):
1. When: 7 days 16 hours ago, Note Category: Radiology, Note Description: CT HEAD W/O CONTRAST | Text: Expected post-suboccipital craniectomy changes, with pneumocephalus and
 small amount of resulting blood products.

 
2. When: 7 days 16 hours ago, Note Category: Radiology, Note Description: CT HEAD W/O CONTRAST | Text: HEAD CT WITHOUT IV CONTRAST:  There has been suboccipital craniectomy, with
 expected pneumocephalus in the posterior fossa as well as a small amount of
 surrounding blood products (2:3).  
3. When: 7 days 16 hours ago, Note Category: Radiology, Note Description: CT HEAD W/O CONTRAST | Text: patient to come
  directly from OR
 No contraindications for IV contrast
 ______________________________________________________________________________
 PROVISIONAL FINDINGS IMPRESSION (PFI): RSRc FRI [**2116-1-31**] 11:03 PM
  Post suboccipital craniectomy changes with no unexpected hemorrhage.  
4. When: 7 days 16 hours ago, Note Category: Radiology, Note Description: CT HEAD W/O CONTRAST | Text: patient to come
  directly from OR
 No contraindications for IV contrast
 ______________________________________________________________________________
                                  PFI REPORT
 Post suboccipital craniectomy changes with no unexpected hemorrhage.  
5. When: 6 days 16 hours ago, Note Category: Radiology, Note Description: MR HEAD W & W/O CONTRAST | Text: IMPRESSION:  Status post left occipital craniotomy.  
6. When: 6 days 16 hours ago, Note Category: Radiology, Note Description: MR HEAD W & W/O CONTRAST | Text: FINDINGS:  The previously demonstrated infiltrative left cerebellar mass
 lesion has been removed in the interim, post-surgical changes consistent with
 left occipital craniotomy are visualized as well as the frontal burr hole on
 the right.
7. When: 4 days 16 hours ago, Note Category: Radiology, Note Description: CT HEAD W/O CONTRAST | Text: The patient is
 post-suboccipital craniotomy, with continued fluid in the postoperative bed.
 
8. When: 4 days 16 hours ago, Note Category: Radiology, Note Description: CT HEAD W/O CONTRAST | Text: s/p resection
 REASON FOR THIS EXAMINATION:
  Interval change
 No contraindications for IV contrast
 ______________________________________________________________________________
                                  PFI REPORT
 Status post left occipital craniotomy with fluid in postoperative bed and
 expected decrease in amount of pneumocephalus.  
9. When: 4 days 16 hours ago, Note Category: Radiology, Note Description: CT HEAD W/O CONTRAST | Text: s/p resection
 REASON FOR THIS EXAMINATION:
  Interval change
 No contraindications for IV contrast
 ______________________________________________________________________________
 PROVISIONAL FINDINGS IMPRESSION (PFI): YMf MON [**2116-2-3**] 8:13 PM
  Status post left occipital craniotomy with fluid in postoperative bed and
  expected decrease in amount of pneumocephalus.  
10. When: 2 days 16 hours ago, Note Category: Radiology, Note Description: CT HEAD W/O CONTRAST | Text: FINDINGS:

 Patient is status post left-sided suboccipital craniotomy.
"
a0ad74d3-2317-c446-7859-5495ed723cb9,EHR Completo,"Post-operatively, the patient was intubated and received mechanical ventilation. ",Supported,"The reference notes multiple mentions of the patient being intubated and receiving mechanical ventilation, including a chest x-ray showing intubation and respiratory care notes describing ventilatory support.","Hospital Admission Start: 15 days 0 hours ago
Hospital Admission End: Now
Electronic Health Record Context
Ordered by Time (Earliest to Latest):
1. When: 14 days 16 hours ago, Note Category: Radiology, Note Description: CT HEAD W/ CONTRAST | Text: IMPRESSION:  Examination performed post-biopsy/third ventriculostomy.  
2. When: 13 days 16 hours ago, Note Category: Radiology, Note Description: CT ABD W&W/O C | Text: The patient is status post cholecystectomy. 
3. When: 6 days 16 hours ago, Note Category: Nursing, Note Description: Nursing Progress Note | Text: Action:
   MRI obtained. 
4. When: 4 days 16 hours ago, Note Category: Radiology, Note Description: CT HEAD W/O CONTRAST | Text: The patient is
 post-suboccipital craniotomy, with continued fluid in the postoperative bed.
 
5. When: 2 days 16 hours ago, Note Category: Nursing, Note Description: Nursing Progress Note | Text: Received multiple
   fluid boluses.
6. When: 2 days 16 hours ago, Note Category: Radiology, Note Description: CT HEAD W/O CONTRAST | Text: FINDINGS:

 Patient is status post left-sided suboccipital craniotomy.
7. When: 2 days 16 hours ago, Note Category: Radiology, Note Description: CHEST (PORTABLE AP) | Text: AP PORTABLE CHEST:  There has been interval intubation of the patient with the
 endotracheal tube in satisfactory position.
8. When: 2 days 16 hours ago, Note Category: Respiratory, Note Description: Respiratory Care Shift Note | Text: 24-48 hours:
   Reason for continuing current ventilatory support:
   Respiratory Care Shift Procedures
   Transports:
   Destination (R/T)
   Time
   Complications
   Comments
   Bedside Procedures:
   Comments:
   Patient intubated due respiratory failure # 7.5 @ 21 cm.Patient very
   acidotic needs volume ressucitation
9. When: 1 days 16 hours ago, Note Category: Respiratory, Note Description: Respiratory Care Shift Note | Text: Respiratory Care Shift Procedures
   Transports:
   Destination (R/T)
   Time
   Complications
   Comments
   Bedside Procedures:
   Comments: Pt received intubated on full vent support. 
10. When: 1 days 16 hours ago, Note Category: Echo, Note Description: Report | Text: Trace aortic regurgitation
is seen. 
"
cdab7f54-0d39-ef0f-03c1-9f9af1ce18d2,EHR Completo,"His vital signs were stable, and he was being treated for altered mental status, diabetes, and acute pain. ",Not Supported,"The reference indicates the patient was in multi-system organ failure with severe metabolic acidosis and required CVVH, which contradicts the claim that his vital signs were stable and he was being treated for altered mental status, diabetes, and acute pain.","Hospital Admission Start: 15 days 0 hours ago
Hospital Admission End: Now
Electronic Health Record Context
Ordered by Time (Earliest to Latest):
1. When: 43 days 16 hours ago, Note Category: Physician, Note Description: Physician Resident Progress Note | Text: He is currently resting comfortably and hemodynamically
   stable in the MICU.
2. When: 43 days 16 hours ago, Note Category: Nursing, Note Description: Nursing Transfer Note | Text: He was given decadron 10mg IV and
   transferred to [**Hospital1 54**] for neurosurgical evaluation.
   
3. When: 40 days 16 hours ago, Note Category: Discharge summary, Note Description: Report | Text: He was transfered to the oncology service for further
evaluation. 
4. When: 40 days 16 hours ago, Note Category: Discharge summary, Note Description: Report | Text: He was seen by physical therapy for his gait
instability and they recommended home physical therapy.
5. When: 40 days 16 hours ago, Note Category: Discharge summary, Note Description: Report | Text: He did have gait
unsteadiness (a chronic issue) but no fevers, chills, sweats,
cough. 
6. When: 40 days 16 hours ago, Note Category: Discharge summary, Note Description: Report | Text: His BP remained
stable overnight. 
7. When: 0 days 16 hours ago, Note Category: Physician, Note Description: Intensivist Note | Text: He
   was brought to SICU in multi-system organ failure with oliguria
   requiring CVVH, liver failure, worsening hypocoagulable state, and
   severe metabolic acidosis.
   
"
10f3ccfb-c86d-5c12-f260-1872566fb443,EHR Completo,"The plan was to wean him off the ventilator, monitor his neurological status, and manage his pain and blood sugar levels.

",Not Supported,The reference mentions plans to monitor neurological status and manage pain but does not mention weaning off the ventilator or managing blood sugar levels.,"Hospital Admission Start: 15 days 0 hours ago
Hospital Admission End: Now
Electronic Health Record Context
Ordered by Time (Earliest to Latest):
1. When: 43 days 16 hours ago, Note Category: General, Note Description: Generic Note | Text: Started on nicardipine drip and plan put in place to control BP.
2. When: 43 days 16 hours ago, Note Category: Nursing, Note Description: Nursing Progress Note | Text: Plan:
   Continue to monitor and keep SBP <140.

3. When: 40 days 16 hours ago, Note Category: Discharge summary, Note Description: Report | Text: He was transfered to the oncology service for further
evaluation. 
4. When: 40 days 16 hours ago, Note Category: Discharge summary, Note Description: Report | Text: He was seen by physical therapy for his gait
instability and they recommended home physical therapy.
5. When: 14 days 16 hours ago, Note Category: Physician, Note Description: Intensivist Note | Text: Disucss plan with
   neurosurgery for possible intervention.
   
6. When: 13 days 16 hours ago, Note Category: Nursing, Note Description: Nursing Progress Note | Text: Plan:
   Continue to monitor neuro status for changes. 
7. When: 6 days 16 hours ago, Note Category: Nursing, Note Description: Nursing Progress Note | Text: Plan:
   Continue to monitor pain and medicate prn.

8. When: 4 days 16 hours ago, Note Category: Nursing, Note Description: Nursing Progress Note | Text: Plan:
   Continue to monitor of increased agitation and treat with
   non-pharmacological as well as pharmacological interventions.

9. When: 0 days 16 hours ago, Note Category: Nursing, Note Description: Nursing Progress Note | Text: Plan:
   Restore and maintain hemodynamic stability in order to start removing
   fluid.
   
"
58a77b64-0677-13dc-5904-2bfa037c6767,EHR Completo,"After stabilization, attempts were made to wean him off sedation and ventilator settings, and he was eventually extubated on the second hospital day. ",Not Supported,The reference indicates the patient self-extubated prior to the planned extubation and does not mention attempts to wean sedation or ventilator settings or that extubation occurred on the second hospital day.,"Hospital Admission Start: 1 days 18 hours ago
Hospital Admission End: Now
Electronic Health Record Context
Ordered by Time (Earliest to Latest):
1. When: 2 days 12 hours ago, Note Category: Physician, Note Description: Physician Resident Admission Note | Text: However, he then had to be intubated due to behavior, in 4
   pt restraints. 
2. When: 2 days 12 hours ago, Note Category: Physician, Note Description: Physician Resident Admission Note | Text: He was given 2mg IV narcan.
   
3. When: 2 days 12 hours ago, Note Category: Physician, Note Description: Physician Resident Admission Note | Text: Transferred to MICU intubated, sedated and hemodynamically stable.
4. When: 2 days 12 hours ago, Note Category: Physician, Note Description: Physician Resident Admission Note | Text: Upon arrival to the floor, pt is sedated/intubated.
   
5. When: 1 days 12 hours ago, Note Category: Nursing, Note Description: Nursing Transfer Note | Text: He self
   extubated, just prior to the planned extubation.  
6. When: 1 days 12 hours ago, Note Category: Nursing, Note Description: Nursing Transfer Note | Text: After extubation, he
   was very confused and completely disoriented.
7. When: 1 days 12 hours ago, Note Category: Nursing, Note Description: Nursing Transfer Note | Text: After this point he began to become more clear, was
   completely alert, oriented and was pleasant and cooperative
   Plan:
   Suggestions made to separate his meds at home so this doesn
t occur
   again, patient is back to baseline.  
8. When: 1 days 12 hours ago, Note Category: Nursing, Note Description: Nursing Transfer Note | Text: Plan:
   Continue with regular pain med schedule, starting slowly, gradually
   getting back to the levels he was at, at home.
   
"
3e183e01-ca30-0d24-20f4-562e9e45197b,EHR Completo,"Following extubation, the patient's condition improved, and he was found to have taken Ambien instead of his prescribed methadone, which led to his altered mental state.",Supported,"The reference notes that after extubation the patient became more clear and was able to recall that he had taken Ambien instead of his methadone, which explains his altered mental state.","Hospital Admission Start: 1 days 18 hours ago
Hospital Admission End: Now
Electronic Health Record Context
Ordered by Time (Earliest to Latest):
1. When: 2 days 12 hours ago, Note Category: Physician, Note Description: Physician Resident Admission Note | Text: -follow up infectious w/u including LP/BCX/UCX
   -broad spectrum abx for now, vanco +zosyn
   -avoid unnecessary mind altering medications
   -plan on weaning sedation and vent settings for extubation.
   
2. When: 2 days 12 hours ago, Note Category: Physician, Note Description: Physician Resident Admission Note | Text: Called EMS, walked into ambulance and was given narcan per
   protocol at which point patient became agitated and more confused and
   needed intubation in ED for agitation and large doses of
   benzos/narcotics to control behavior.
   
3. When: 1 days 12 hours ago, Note Category: Physician, Note Description: Physician Attending Progress Note | Text: uti vs pna, with further altered mental status and agitation
   after narca, now extubated during rounds, doing well:
   uri vs pna: non-toxic,
   -switch to levofloxacin 750 daily
   -stop all other abx
   chronic pain
   -clarify home meds and restart home pain meds
   -prn morphine
   ?change in mental status: appears to be resolved
   -fu head ct read
   -fu csf culture
   -better history from patient and wife today
4. When: 1 days 12 hours ago, Note Category: Nursing, Note Description: Nursing Transfer Note | Text: Action:
   Reorientation several times throughout the morning, he spoke with his
   wife trying to
put the pieces back together
   Response:
   As he started to clear he was able to remember that he had mixed up his
   medication and took ambien instead of his methadone yesterday
   afternoon.
5. When: 1 days 12 hours ago, Note Category: Nursing, Note Description: Nursing Transfer Note | Text: Altered mental status (not Delirium)
   Assessment:
   At the start of the shift patient was intubated and restrained on
   propofol, writhing in bed and following commands but inconsistently,
   uncooperative, very lethargic and kept his eyes closed.  
6. When: 1 days 12 hours ago, Note Category: Nursing, Note Description: Nursing Transfer Note | Text: After this point he began to become more clear, was
   completely alert, oriented and was pleasant and cooperative
   Plan:
   Suggestions made to separate his meds at home so this doesn
t occur
   again, patient is back to baseline.  
7. When: 1 days 12 hours ago, Note Category: Nursing, Note Description: Nursing Transfer Note | Text: Patient states that when he misses his
   methadone he sweats profusely,
puddles of sweat
, which did occur on
   this shift.  
8. When: 1 days 12 hours ago, Note Category: Nursing, Note Description: Nursing Transfer Note | Text: Methadone afternoon dose was given.
"
c4477c25-0fa4-9ea1-d405-0d0f1a18713c,EHR Completo,"The patient was admitted to the ICU with altered mental status (AMS), agitation, and a urinary tract infection (UTI). ",Supported,"The reference notes the patient had altered mental status, agitation, and a urinary tract infection upon admission and during hospitalization, supporting the text's statement about ICU admission with AMS, agitation, and UTI.","Hospital Admission Start: 1 days 18 hours ago
Hospital Admission End: Now
Electronic Health Record Context
Ordered by Time (Earliest to Latest):
1. When: 2 days 12 hours ago, Note Category: Physician, Note Description: Physician Resident Admission Note | Text: Infectious etiology
   such as bacteremia, UTI, or menigitis are possible. 
2. When: 2 days 12 hours ago, Note Category: Physician, Note Description: Physician Resident Admission Note | Text: Called EMS, walked into ambulance and was given narcan per
   protocol at which point patient became agitated and more confused and
   needed intubation in ED for agitation and large doses of
   benzos/narcotics to control behavior.
   
3. When: 2 days 12 hours ago, Note Category: Physician, Note Description: Physician Resident Admission Note | Text: Upon arrival to the [**Name (NI) **], pt thought to be in acute opiate w/d agitated,
   writhing. 
4. When: 2 days 12 hours ago, Note Category: Physician, Note Description: Physician Resident Admission Note | Text: Impression:
   Resp Failure
 iatrogenic from sedation: will keep intubated over night
   and attempt wean in AM
   Altered MS
 From infection
 likely UTI which is being covered with
   Vanco/Zosyn.
                         
5. When: 1 days 12 hours ago, Note Category: Nursing, Note Description: Nursing Progress Note | Text: AAox1
   Urinary tract infection (UTI)
   Assessment:
   Pt presented w/ urostomy bag draining cloudy urine.
   
6. When: 1 days 12 hours ago, Note Category: Physician, Note Description: Physician Resident Progress Note | Text: Lymph:18.6 %, Mono:6.7 %, Eos:3.1 %, Lactic
   Acid:1.3 mmol/L, Albumin:3.7 g/dL, LDH:185 IU/L, Ca++:8.9 mg/dL,
   Mg++:1.9 mg/dL, PO4:2.9 mg/dL
   Assessment and Plan
 URINARY TRACT INFECTION (UTI)
 ALTERED MENTAL STATUS (NOT DELIRIUM)
   .
"
b0f6b04c-6f0c-e805-314a-9ed093a1d298,EHR Completo,"He was intubated and sedated due to agitated behavior and was found to have positive toxicology screens for benzodiazepines, barbiturates, and methadone. ",Supported,"The reference notes the patient was intubated due to agitation and had positive toxicology screens for benzodiazepines, barbiturates, and methadone, matching the text exactly.","Hospital Admission Start: 1 days 18 hours ago
Hospital Admission End: Now
Electronic Health Record Context
Ordered by Time (Earliest to Latest):
1. When: 2 days 12 hours ago, Note Category: Physician, Note Description: Physician Resident Admission Note | Text: However, he then had to be intubated due to behavior, in 4
   pt restraints. 
2. When: 2 days 12 hours ago, Note Category: Physician, Note Description: Physician Resident Admission Note | Text: Called EMS, walked into ambulance and was given narcan per
   protocol at which point patient became agitated and more confused and
   needed intubation in ED for agitation and large doses of
   benzos/narcotics to control behavior.
   
3. When: 2 days 12 hours ago, Note Category: Physician, Note Description: Physician Resident Admission Note | Text: Transferred to MICU intubated, sedated and hemodynamically stable.
4. When: 1 days 12 hours ago, Note Category: Nursing, Note Description: Nursing Progress Note | Text: Around 2330
   sedation changed to propofol because he was restless on the bed
   w/Fentanyl 100mics/min and versed 3mg/hr he required  boluses.
   
5. When: 1 days 12 hours ago, Note Category: Physician, Note Description: Physician Resident Progress Note | Text: In addition, pt with tox screen positive for benzos, barbs, and
   methadone. 
6. When: 1 days 12 hours ago, Note Category: Nursing, Note Description: Nursing Transfer Note | Text: Altered mental status (not Delirium)
   Assessment:
   At the start of the shift patient was intubated and restrained on
   propofol, writhing in bed and following commands but inconsistently,
   uncooperative, very lethargic and kept his eyes closed.  
7. When: 1 days 12 hours ago, Note Category: Nursing, Note Description: Nursing Transfer Note | Text: Methadone afternoon dose was given.
"
cf2b711a-9e77-fbbf-9718-cf2cac9f835e,EHR Completo,"The etiology of his AMS was unclear, but possible causes included infection, toxic metabolic disorder, or intracranial process. ",Supported,"The reference notes indicate that the etiology of AMS was initially unclear, with possible causes including infection, toxic metabolic disorder, and intracranial processes, which aligns with the text.","Hospital Admission Start: 1 days 18 hours ago
Hospital Admission End: Now
Electronic Health Record Context
Ordered by Time (Earliest to Latest):
1. When: 2 days 12 hours ago, Note Category: Physician, Note Description: Physician Resident Admission Note | Text: #AMS-unclear etiology at this point. 
2. When: 2 days 12 hours ago, Note Category: Physician, Note Description: Physician Resident Admission Note | Text: Most likely etiology is infection
   with narcotic use compounded but pt being given narcan.
   
3. When: 2 days 12 hours ago, Note Category: Physician, Note Description: Physician Resident Admission Note | Text: Toxic metabolic is most-likely etiology. 
4. When: 1 days 12 hours ago, Note Category: Physician, Note Description: Physician Resident Progress Note | Text: Infectious etiology
   such as bacteremia, UTI, or menigitis are possible. 
"
c9716950-6faf-7a95-ca83-c1385d4bea01,EHR Completo,He was treated with broad-spectrum antibiotics and sedation.,Not Supported,The reference mentions sedation and intubation but does not mention treatment with broad-spectrum antibiotics.,"Hospital Admission Start: 1 days 18 hours ago
Hospital Admission End: Now
Electronic Health Record Context
Ordered by Time (Earliest to Latest):
1. When: 2 days 12 hours ago, Note Category: Physician, Note Description: Physician Resident Admission Note | Text: He was given ativan and 4mg morphine
   initially. 
2. When: 2 days 12 hours ago, Note Category: Physician, Note Description: Physician Resident Admission Note | Text: He was given 2mg IV narcan.
   
3. When: 2 days 12 hours ago, Note Category: Physician, Note Description: Physician Resident Admission Note | Text: Transferred to MICU intubated, sedated and hemodynamically stable.
4. When: 2 days 12 hours ago, Note Category: Physician, Note Description: Physician Resident Admission Note | Text: Upon arrival to the floor, pt is sedated/intubated.
   
5. When: 1 days 12 hours ago, Note Category: Nursing, Note Description: Nursing Progress Note | Text: He was given 2mg IV narcan.
6. When: 1 days 12 hours ago, Note Category: Nursing, Note Description: Nursing Transfer Note | Text: At home he is on methadone, percocet for breakthrough
   pain and venlafaxadine.
7. When: 1 days 12 hours ago, Note Category: Nursing, Note Description: Nursing Transfer Note | Text: Methadone afternoon dose was given.
8. When: 1 days 12 hours ago, Note Category: Nursing, Note Description: Nursing Transfer Note | Text: Plan:
   Continue with regular pain med schedule, starting slowly, gradually
   getting back to the levels he was at, at home.
   
"
c6541ef9-6aba-7ece-287a-dc4bc6aa5ff1,EHR Completo,"He was transferred to the floor, where he continued to recover and was planned for discharge with a regular pain medication schedule and education on separating his medications at home to prevent similar incidents.",Supported,"The reference notes indicate the patient was transferred to the floor, continued on a regular pain medication schedule, and was given education on separating medications at home to prevent similar incidents, which fully supports the text.","Hospital Admission Start: 1 days 18 hours ago
Hospital Admission End: Now
Electronic Health Record Context
Ordered by Time (Earliest to Latest):
1. When: 2 days 12 hours ago, Note Category: Physician, Note Description: Physician Resident Admission Note | Text: He was given ativan and 4mg morphine
   initially. 
2. When: 2 days 12 hours ago, Note Category: Physician, Note Description: Physician Resident Admission Note | Text: -will continue to monitor
   -fentanyl/versed for sedation
   -haldol prn
   -may need pain consult when awake.
   
3. When: 1 days 12 hours ago, Note Category: Nursing, Note Description: Nursing Transfer Note | Text: After this point he began to become more clear, was
   completely alert, oriented and was pleasant and cooperative
   Plan:
   Suggestions made to separate his meds at home so this doesn
t occur
   again, patient is back to baseline.  
4. When: 1 days 12 hours ago, Note Category: Nursing, Note Description: Nursing Transfer Note | Text: Plan:
   Continue with regular pain med schedule, starting slowly, gradually
   getting back to the levels he was at, at home.
   
5. When: 1 days 12 hours ago, Note Category: Nursing, Note Description: Nursing Transfer Note | Text: At home he is on methadone, percocet for breakthrough
   pain and venlafaxadine.
6. When: 1 days 12 hours ago, Note Category: Nursing, Note Description: Nursing Transfer Note | Text: Action:
   Reorientation several times throughout the morning, he spoke with his
   wife trying to
put the pieces back together
   Response:
   As he started to clear he was able to remember that he had mixed up his
   medication and took ambien instead of his methadone yesterday
   afternoon.
7. When: 1 days 12 hours ago, Note Category: Nursing, Note Description: Nursing Transfer Note | Text: Patient is eager to get up
   and start moving around again.  
8. When: 1 days 12 hours ago, Note Category: Nursing, Note Description: Nursing Transfer Note | Text: Transfer to floor today.

"
90bac79c-0735-51d8-27cd-9eb1415280ba,EHR Completo,"He was also treated for acute renal failure, bacteremia, and hypernatremia. ",Supported,"The reference notes the patient was in renal failure and treated for UTI (bacteremia implied by infection treated with Cipro), and hypernatremia is consistent with dehydration mentioned, supporting treatment for acute renal failure, bacteremia, and hypernatremia.","Hospital Admission Start: 10 days 11 hours ago
Hospital Admission End: Now
Electronic Health Record Context
Ordered by Time (Earliest to Latest):
1. When: 576 days 17 hours ago, Note Category: Physician, Note Description: Physician Resident/Attending Admission Note - MICU | Text: He also showed some
   evidence of pulmonary edema and was initially treated w/ Lasix, however
   he developed a rash on his chest and UE and required ethycrinic acid.
2. When: 26 days 17 hours ago, Note Category: Physician, Note Description: Physician Resident Admission Note | Text: At the OSH, he was intubated for
   tachypnea and relative hypoxia to 93% on a NRB.  
3. When: 10 days 17 hours ago, Note Category: Physician, Note Description: Physician Resident Admission Note | Text: Likely elevated in the setting of renal failure. 
4. When: 10 days 17 hours ago, Note Category: Physician, Note Description: Physician Resident Admission Note | Text: He was also given Cipro x 7 days for a UTI.  
5. When: 10 days 17 hours ago, Note Category: Physician, Note Description: Physician Resident Admission Note | Text: Now presents with
   worsening hypoxia, fever and elevated WBC.  
6. When: 9 days 17 hours ago, Note Category: Nutrition, Note Description: Clinical Nutrition Note | Text: Patient is also in
   renal failure, likely pre-renal given dehydration in setting of DKA.
   
"
6565f860-8455-5b69-5914-f90662b57ad9,EHR Completo,"The patient showed improvement with treatment, including the discontinuation of invasive ventilation and the removal of his PICC line.

",Supported,"The reference notes that the patient was weaned to trach collar (discontinuation of invasive ventilation) and that the PICC line was pulled, supporting the text's statement of improvement with treatment including removal of the PICC line.","Hospital Admission Start: 10 days 11 hours ago
Hospital Admission End: Now
Electronic Health Record Context
Ordered by Time (Earliest to Latest):
1. When: 25 days 17 hours ago, Note Category: Physician, Note Description: Physician Resident Progress Note | Text: Now stable on ventilator with good oxygenation and
   appropriate pressures.
2. When: 24 days 17 hours ago, Note Category: Physician, Note Description: Physician Resident/Attending Progress Note - MICU | Text: Now stable on ventilator with
   good oxygenation and appropriate pressures. 
3. When: 23 days 17 hours ago, Note Category: Physician, Note Description: Physician Resident/Attending Progress Note - MICU | Text: Now
   stable on ventilator with good oxygenation and appropriate pressures.
   
4. When: 23 days 17 hours ago, Note Category: Radiology, Note Description: PICC W/O PORT | Text: The patient tolerated the procedure well. 
5. When: 23 days 17 hours ago, Note Category: Radiology, Note Description: PICC W/O PORT | Text: The procedure was explained to the patient. 
6. When: 8 days 17 hours ago, Note Category: Nursing, Note Description: Nursing Progress Note | Text: MICU course c/b NSTEMI, found to have
   ECG changes
   Pneumonia, aspiration
   Assessment:
   Cxray improved from yesterday
   More alert
   Lungs clear
   Belly soft, +bowel sounds
   Action:
   Patient weaned to trach collar, doing very well all day long
   Continues to diurese with bumex
   All antibiotics stopped
   PICC line pulled, tip sent for culture
   Peripheral blood  cultures sent
   More agitated this afternoon,
"
f85e9e42-3cc1-3d3b-207c-99d3b440e967,EHR Completo,"A 62-year-old man with a history of anoxic brain injury, type one diabetes, and recurrent aspiration pneumonia was admitted to the ICU with respiratory failure, suspected aspiration pneumonia, and acute renal failure. ",Supported,"The reference confirms a 62-year-old man with history of anoxic brain injury, type one diabetes, and recurrent aspiration pneumonia admitted to ICU with respiratory failure and suspected aspiration pneumonia. Acute renal failure is implied by mention of s/p renal transplant and acute illness context.","Hospital Admission Start: 10 days 11 hours ago
Hospital Admission End: Now
Electronic Health Record Context
Ordered by Time (Earliest to Latest):
1. When: 10 days 17 hours ago, Note Category: Physician, Note Description: Physician Resident Admission Note | Text: Assessment and Plan:
   62 year old man with history of anoxic brain injury, DMI and recurrent
   aspiration PNA s/p tracheostomy who presents with hypoxia, fever,
   elevated WBCs, and L sided PNA on CXR.
   
2. When: 10 days 17 hours ago, Note Category: Physician, Note Description: Physician Attending Admission Note - MICU | Text: HPI:
   62 yo man with anoxic brain injury, DM I, s/p renal transplant in
   [**2175**].  
3. When: 10 days 17 hours ago, Note Category: Nursing, Note Description: Nursing Progress Note | Text: 61 yo Russian-speaking man w/anoxic brain injury and with hx of
   DMI, s/p cadaveric kidney transplant([**2175**]), h/o CVA and chronic
   aspiration (multiple admissions for aspiration PNA - last [**3-19**]),
   CABG in [**2170**], widespread tracheomalacia with trach stent, and recent
   admission to the ICU from [**Date range (2) 12126**] for PNA, stent removal and
   tracheostomy.
4. When: 8 days 17 hours ago, Note Category: Physician, Note Description: Physician Resident Progress Note | Text: Assessment and Plan
   62 year old man with history of anoxic brain injury, type one diabetesI
   and recurrent aspiration PNA s/p tracheostomy who presents after
   witnessed aspiration event with pneumonia, DKA and NSTEMI.
   
5. When: 8 days 17 hours ago, Note Category: Nursing, Note Description: Nursing Progress Note | Text: HISTORY OF PRESENT ILLNESS:
   62 y/o Russian-speaking man with past medical history significant for V
   fib arrest c/b anoxic brain injury, CAD s/p CABG, DMI, s/p cadaveric
   kidney transplant, h/o CVA and recurrent aspirations most recently
   requiring ICU admission [**Date range (1) 12129**], then sent to rehab and readmitted
   with hypoxemia, fever and leukokcytosis on [**5-20**] found to have recurrent
   aspiration PNA, DKA, and UTI.
6. When: 6 days 17 hours ago, Note Category: Physician, Note Description: Physician Resident Progress Note | Text: [**5-24**] CXR
 pending
   Assessment and Plan
   62 year old man with history of multiple strokes, type one diabetesI
   and recurrent aspiration PNA s/p tracheostomy who presents after
   possible  aspiration event with hypoxia, DKA and NSTEMI.
   
"
35f26cda-afc9-cf66-9eff-c5a27edf20b0,EHR Completo,"He was treated with antibiotics, including vancomycin and cefepime, and was started on an insulin drip for diabetic ketoacidosis. ",Not Supported,The reference indicates treatment with vancomycin and cefepime but does not mention starting an insulin drip for diabetic ketoacidosis.,"Hospital Admission Start: 10 days 11 hours ago
Hospital Admission End: Now
Electronic Health Record Context
Ordered by Time (Earliest to Latest):
1. When: 576 days 17 hours ago, Note Category: Physician, Note Description: Physician Resident Admission Note | Text: He was started
   on ceftriaxone and levofloxacin for concern for multifocal PNA. 
2. When: 576 days 17 hours ago, Note Category: Physician, Note Description: Physician Resident/Attending Admission Note - MICU | Text: At this time he was treated with
   Zosyn/Vancomycin/Ciprofloxacin for presumed HAP.
3. When: 576 days 17 hours ago, Note Category: Physician, Note Description: Physician Resident/Attending Admission Note - MICU | Text: He was also given glucagon 5mg
   IVP.  
4. When: 10 days 17 hours ago, Note Category: Nursing, Note Description: Nursing Progress Note | Text: He was treated for aspiration PNA with Vanc, Levo,
   Flagyl and then switched to Cefepime and Azithro to complete a 10 day
   course.  
"
06255243-ac33-aed0-7fb6-74d536825ba2,EHR Completo,The patient required invasive ventilation through a tracheostomy tube and was also receiving treatment for his renal transplant and was on prophylaxis for DVT and stress ulcer.,Not Supported,"The reference mentions intubation complications and prophylaxis with DVT boots and PPI for stress ulcer, but does not confirm invasive ventilation through a tracheostomy tube, treatment for renal transplant, or specific renal transplant management.","Hospital Admission Start: 10 days 11 hours ago
Hospital Admission End: Now
Electronic Health Record Context
Ordered by Time (Earliest to Latest):
1. When: 22 days 17 hours ago, Note Category: Nursing, Note Description: Nursing Progress Note | Text: Intubation was
   complicated by displacement of tracheal stent.  
2. When: 14 days 17 hours ago, Note Category: Physician, Note Description: Physician Resident/Attending Progress Note - MICU | Text: Intubation was
   complicated by displacement of tracheal stent.
3. When: 9 days 17 hours ago, Note Category: Nutrition, Note Description: Clinical Nutrition Note | Text: Patient is also in
   renal failure, likely pre-renal given dehydration in setting of DKA.
   
4. When: 8 days 17 hours ago, Note Category: Physician, Note Description: Physician Attending Progress Note | Text: Prophylaxis:
   DVT: Boots
   Stress ulcer: PPI
   VAP:
   Comments:
   Communication:  Comments:
   Code status: Full code
   Disposition :ICU
   Total time spent: 45 minutes
   Patient is critically ill
"
2f437854-97a2-ee50-48fa-e68ceac0b932,EHR Completo,He was eventually weaned off the ventilator and was considered for cardiac catheterization. ,Not Supported,"The reference mentions plans for cardiology to assess for catheterization and removal of PEG and trach, but does not state that he was weaned off the ventilator or actually considered for cardiac catheterization.","Hospital Admission Start: 10 days 11 hours ago
Hospital Admission End: Now
Electronic Health Record Context
Ordered by Time (Earliest to Latest):
1. When: 26 days 17 hours ago, Note Category: Physician, Note Description: Physician Resident Admission Note | Text: He was taken immedicately to a rigid
   bronchoscopy where he stent was removed successfully.  
2. When: 26 days 17 hours ago, Note Category: Physician, Note Description: Physician Resident Admission Note | Text: He was brought back to the floor
   intubated and sedated.
   
3. When: 10 days 17 hours ago, Note Category: Physician, Note Description: Physician Resident Admission Note | Text: The plan was to replace his trach once in the
   ICU.
   
4. When: 9 days 17 hours ago, Note Category: Nursing, Note Description: Nursing Progress Note | Text: Suction was attempted but did not
   show improvement and he was sent to [**Hospital1 54**] ED.
   
5. When: 8 days 17 hours ago, Note Category: Physician, Note Description: Physician Attending Progress Note | Text: Will have cardiology see, to assess whether he should have cath.
   
6. When: 7 days 17 hours ago, Note Category: Rehab Services, Note Description: PMV & Swallow Evaluation | Text: He was then seen in [**2180-10-9**] and
PEG and trach had been removed. 
"
eca0c6e8-cefb-a51b-0ffe-5278353fda89,EHR Completo,"The patient's treatment plan included monitoring for cardiac biomarkers, managing his diabetes and hypertension, and addressing his acute renal failure and hypernatremia.

",Not Supported,"The reference details monitoring of renal function, urine output, medication dosing, and tacrolimus levels, with some mention of hyperglycemia, but it does not mention monitoring cardiac biomarkers, managing hypertension, or addressing acute renal failure and hypernatremia explicitly.","Hospital Admission Start: 10 days 11 hours ago
Hospital Admission End: Now
Electronic Health Record Context
Ordered by Time (Earliest to Latest):
1. When: 574 days 17 hours ago, Note Category: Nursing, Note Description: Nursing Transfer Note | Text: Plan:
   Monitor renal labs, monitor UOP and pt
s fluid status to preserve renal
   function and prevent fluid overload/resp compromise.
   
2. When: 26 days 17 hours ago, Note Category: Physician, Note Description: Critical Care Attending | Text: TITLE:
   Chart reviewed, patient examined, cased discussed in detail with house
   staff.  
3. When: 26 days 17 hours ago, Note Category: Nursing, Note Description: Nursing Progress Note | Text: Response:
   Plan:
   Cont to monitor UOP, monitor labs- renally dosing meds, renal team
   following pt.
   
4. When: 25 days 17 hours ago, Note Category: Nursing, Note Description: Nursing Progress Note | Text: Plan:
   Follow up tacrolimus level, continue to monitor urine output, all meds
   being renally dosed.
   
5. When: 24 days 17 hours ago, Note Category: Nursing, Note Description: Nursing Progress Note | Text: Response:
   No change
   Plan:
   Following tacrolimus levels [ sent this am], monitor UOP, renally dose
   meds.
   
6. When: 24 days 17 hours ago, Note Category: Nursing, Note Description: Nursing Progress Note | Text: Plan:
   Following tacrolimus levels [sent this am], monitor UOP, Renal dosed
   meds.
   
7. When: 23 days 17 hours ago, Note Category: Nursing, Note Description: Nursing Progress Note | Text: renal MD following
   Action:
   Strict I+O, labs monitored closely, given antirejection meds as
   ordered, IV NS at 75ml/hr x 1 liter
   Response:
   Stable renal status, creatinine at baseline
   Plan:
   Follow renal recs,  monitor vanco and tacrilimus levels, monitor labs,
   strict I+O, renally dose all meds.
8. When: 23 days 17 hours ago, Note Category: Radiology, Note Description: PICC W/O PORT | Text: The procedure was explained to the patient. 
9. When: 14 days 17 hours ago, Note Category: Nursing, Note Description: Nursing Progress Note | Text: WBC= 5.5
   Action:
   Strict I+O, diuretics held, cipro and tacrolimus as ordered
   Response:
   Stable renal status
   Plan:
   Will need tacrolimus level in am on [**5-17**] (doing levels every 3 days as
   per renal), continue to monitor labs closely, cipro for UTI
   Hyperglycemia
   Assessment:
   Fingersticks labile with 10pm Fingerstick = 144.  
10. When: 8 days 17 hours ago, Note Category: Physician, Note Description: Physician Resident Progress Note | Text: - renally dose medication
   - touch base with renal regarding nephrotoxic medication (enalapril)
   - renal transplant recs: monitor CK in setting of pravastatin and
   tacrolimus interaction
   - trend creatinine
   - continue IVF
   - [**Hospital1 **] electrolytes
   .
   
"
df931bb6-582f-88b7-37bf-325de9cb3431,EHR Completo,"The patient was also evaluated for dysphagia, and a video oropharyngeal swallow examination revealed a swallow delay, with penetration without aspiration noted with nectar consistency.",Supported,"The reference includes multiple notes from a video oropharyngeal swallow evaluation showing swallow delay and penetration without aspiration with nectar thick liquids, directly supporting the text.","Hospital Admission Start: 10 days 11 hours ago
Hospital Admission End: Now
Electronic Health Record Context
Ordered by Time (Earliest to Latest):
1. When: 7 days 17 hours ago, Note Category: Rehab Services, Note Description: PMV & Swallow Evaluation | Text: A swallow was also completed and he had
repeat swallows and delayed coughing concerning for possible
pharyngeal residue. 
2. When: 7 days 17 hours ago, Note Category: Rehab Services, Note Description: PMV & Swallow Evaluation | Text: A swallow evaluation was
completed and he was advanced to nectar thick liquids and ground
solids.
3. When: 6 days 17 hours ago, Note Category: Physician, Note Description: Physician Resident Progress Note | Text: Speech and swallow video study pending; pt may need PEG for permanently
   feeding solution given recurrent silent aspiration events in past.
   
4. When: 6 days 17 hours ago, Note Category: Radiology, Note Description: VIDEO OROPHARYNGEAL SWALLOW | Text: Swallow delay is noted.
5. When: 6 days 17 hours ago, Note Category: Radiology, Note Description: VIDEO OROPHARYNGEAL SWALLOW | Text: There was penetration with nectar
 without aspiration.  
6. When: 6 days 17 hours ago, Note Category: Radiology, Note Description: VIDEO OROPHARYNGEAL SWALLOW | Text: SWALLOW VIDEOFLUOROSCOPY:  Video oropharyngeal swallow was performed in
 conjunction with the speech and swallow division.  
7. When: 6 days 17 hours ago, Note Category: Rehab Services, Note Description: Video Swallow Evaluation | Text: [**Known lastname 12161**] presented with a moderate oral and mild pharyngeal
dysphagia with impaired chewing and bolus control and a mild
swallow delay resulting in deep penetration and risk for
aspiration with nectar thick liquids. 
8. When: 6 days 17 hours ago, Note Category: Rehab Services, Note Description: Video Swallow Evaluation | Text: ASPIRATION/PENETRATION:
Pt with deep penetration to the level of the vocal cords on
several boluses of nectar thick liquids [**3-12**] premature spillover
and swallow delay. 
9. When: 6 days 17 hours ago, Note Category: Rehab Services, Note Description: Video Swallow Evaluation | Text: PHARYNGEAL PHASE:
Swallow trigger was mildly delayed. 
"
f969e10d-491e-122a-05f3-47fbee827b42,EHR Completo,"The patient's condition was closely monitored, with a focus on managing his multiple comorbidities and preventing further complications. ",Not Addressed,"The reference notes describe various observations and procedures but do not explicitly mention close monitoring of the patient's condition, management of multiple comorbidities, or prevention of further complications.","Hospital Admission Start: 10 days 11 hours ago
Hospital Admission End: Now
Electronic Health Record Context
Ordered by Time (Earliest to Latest):
1. When: 26 days 17 hours ago, Note Category: Physician, Note Description: Critical Care Attending | Text: TITLE:
   Chart reviewed, patient examined, cased discussed in detail with house
   staff.  
2. When: 26 days 17 hours ago, Note Category: Physician, Note Description: Physician Resident Admission Note | Text: IP saw the
   patient and reviewed his CT scan.  
3. When: 23 days 17 hours ago, Note Category: Radiology, Note Description: PICC W/O PORT | Text: The procedure was explained to the patient. 
4. When: 23 days 17 hours ago, Note Category: Radiology, Note Description: PICC W/O PORT | Text: The patient tolerated the procedure well. 
5. When: 15 days 17 hours ago, Note Category: General, Note Description: Generic Note | Text: Pt to continue current
   support and to be assessed by MD for further plan of care.

6. When: 15 days 17 hours ago, Note Category: Nursing, Note Description: Nursing Progress Note | Text: Currently observed patient
   tracking and able to maintain eye contact.  
7. When: 14 days 17 hours ago, Note Category: Nursing, Note Description: Nursing Progress Note | Text: Patient tracks and would sometimes  follow commands.  
8. When: 7 days 17 hours ago, Note Category: Rehab Services, Note Description: PMV & Swallow Evaluation | Text: These recommendations were shared with the patient, nurse and
medical team.

9. When: 6 days 17 hours ago, Note Category: Rehab Services, Note Description: Video Swallow Evaluation | Text: These recommendations were shared with the patient, the nurse and
the medical team.

"
d63a4a4d-8359-9c34-2db3-c9ab3c252596,EHR Completo,"The patient's condition continued to improve, and he was eventually transferred to the floor with a plan for continued management of his complex medical conditions, including cardiac catheterization and possible PEG tube placement.",Not Addressed,"The reference context does not mention the patient's condition improving, transfer to the floor, cardiac catheterization, or possible PEG tube placement.","Hospital Admission Start: 10 days 11 hours ago
Hospital Admission End: Now
Electronic Health Record Context
Ordered by Time (Earliest to Latest):
1. When: 576 days 17 hours ago, Note Category: Physician, Note Description: Physician Resident Admission Note | Text: GI and Surgical
   consultation were obtained with recommendation for continuation of
   medical management. 
2. When: 26 days 17 hours ago, Note Category: Physician, Note Description: Critical Care Attending | Text: TITLE:
   Chart reviewed, patient examined, cased discussed in detail with house
   staff.  
3. When: 26 days 17 hours ago, Note Category: Respiratory, Note Description: Respiratory Care Shift Note | Text: Pt to continue current support and will be assessed
   by MD team for any further plan of care.

4. When: 23 days 17 hours ago, Note Category: Radiology, Note Description: PICC W/O PORT | Text: The procedure was explained to the patient. 
5. When: 23 days 17 hours ago, Note Category: Radiology, Note Description: PICC W/O PORT | Text: The patient tolerated the procedure well. 
6. When: 22 days 17 hours ago, Note Category: Physician, Note Description: Physician Resident Progress Note | Text: Stabilized on ventilator with good oxygenation and appropriate
   pressures; now attempting spontaneous breathing trial.
   
7. When: 15 days 17 hours ago, Note Category: General, Note Description: Generic Note | Text: Pt to continue current
   support and to be assessed by MD for further plan of care.

8. When: 14 days 17 hours ago, Note Category: General, Note Description: Generic Note | Text: Pt remains on current support and will   be
   assessed by MD team for further plan of care,

9. When: 14 days 17 hours ago, Note Category: Nursing, Note Description: Nursing Progress Note | Text: Patient tracks and would sometimes  follow commands.  
10. When: 7 days 17 hours ago, Note Category: Case Management, Note Description: Dc Planning | Text: Case
   discussed w/ team, plan is for pt to return to rehab.  
"
660fdd54-963c-bac8-9057-995fed34ae9e,EHR Completo,"The patient was unable to chew solids and was recommended to initiate a PO diet of honey thick liquids and pureed solids, with aspiration precautions and continued nutrition follow-up to monitor his intake and adjust tube feeds as necessary.

",Supported,"The reference notes from 6 days ago indicate the patient could not chew solids and recommend initiating a PO diet of honey thick liquids and pureed solids, with a request for nutrition follow-up to monitor intake and adjust tube feeds as appropriate, fully supporting the text.","Hospital Admission Start: 10 days 11 hours ago
Hospital Admission End: Now
Electronic Health Record Context
Ordered by Time (Earliest to Latest):
1. When: 576 days 17 hours ago, Note Category: Physician, Note Description: Physician Resident Admission Note | Text: Suggests consider PEG placement for long
   term nutrition, currently swallow is poor and pt should only have small
   amounts of thickened fluids.
   
2. When: 575 days 17 hours ago, Note Category: Nursing, Note Description: Nursing Progress Note | Text: began PO intake after
   extubation, tolerating foods/liqs, DM diet.
   
3. When: 26 days 17 hours ago, Note Category: Nutrition, Note Description: Clinical Nutrition Note | Text: Nutrition consulted for tube feeds
   recommendation while intubated.  
4. When: 23 days 17 hours ago, Note Category: Physician, Note Description: Physician Resident/Attending Progress Note - MICU | Text: Will use NGT for nutritional support - consider PEG
   if he doesn't tolerate extended TM trials, but suspect the best course
   is to use a small bore feeding tube until he recovers from his
   pneumonia prior to committing him to a PEG. 
5. When: 17 days 17 hours ago, Note Category: Nutrition, Note Description: Clinical Nutrition Note | Text: Patient on tube feeds to provide nutrition needs, labile blood sugars.
   
6. When: 9 days 17 hours ago, Note Category: Physician, Note Description: Physician Resident Progress Note | Text: - NPO with NGT (appears to be post-pyloric)
   - abx with vanc/cefepime/flagyl to cover aspiration
   - f/u sputum culture speciation and sensitivity
   - consider long term feeding with g-tube, will discuss with family and
   address GOC
   - hold on steroids for now but will continue home dose of prednisone
   4mg PO qday
   - hold on PPI given current pneumonia
   - consult nutrition for tube feed recommendations
   .
7. When: 6 days 17 hours ago, Note Category: Radiology, Note Description: VIDEO OROPHARYNGEAL SWALLOW | Text: The patient could not chew any solids.

 
8. When: 6 days 17 hours ago, Note Category: Rehab Services, Note Description: Video Swallow Evaluation | Text: As such, suggest he initiate a PO
diet of honey thick liquids and pureed solids but I feel his
intake will be limited.
9. When: 6 days 17 hours ago, Note Category: Rehab Services, Note Description: Video Swallow Evaluation | Text: Suggest a PO diet of honey thick liquids and pureed solids.

10. When: 6 days 17 hours ago, Note Category: Rehab Services, Note Description: Video Swallow Evaluation | Text: As such, I would not suggest pulling the
NG Tube but request nutrition follow up to continue to monitor
him and we an his tube feeds as appropriate
RECOMMENDATIONS:
1.
"
ae7fe870-8d6a-aedf-be16-536e309411bc,EHR Completo,"The patient's cardiac status was closely monitored, and an electrocardiogram (ECG) showed evidence of a prior anterolateral myocardial infarction. ",Supported,"The reference contains multiple ECG reports over time confirming prior anterolateral myocardial infarction, supporting the text's statement about ECG evidence of prior anterolateral myocardial infarction and cardiac monitoring.","Hospital Admission Start: 10 days 11 hours ago
Hospital Admission End: Now
Electronic Health Record Context
Ordered by Time (Earliest to Latest):
1. When: 576 days 17 hours ago, Note Category: ECG, Note Description: Report | Text: Probable prior anteroseptal and lateral
myocardial infarction.  
2. When: 32 days 17 hours ago, Note Category: ECG, Note Description: Report | Text: Q waves in the lateral and anterolateral leads
consistent with prior myocardial infarction. 
3. When: 27 days 17 hours ago, Note Category: ECG, Note Description: Report | Text: Consider prior anteroseptal
myocardial infarction. 
4. When: 27 days 17 hours ago, Note Category: ECG, Note Description: Report | Text: Prior
anteroseptal myocardial infarction of indeterminate age. 
5. When: 10 days 17 hours ago, Note Category: ECG, Note Description: Report | Text: Consider anterolateral myocardial
infarction. 
6. When: 9 days 17 hours ago, Note Category: ECG, Note Description: Report | Text: Possible inferior myocardial infarction. 
7. When: 8 days 17 hours ago, Note Category: ECG, Note Description: Report | Text: Anterolateral myocardial infarction of indeterminate age.

8. When: 3 days 17 hours ago, Note Category: ECG, Note Description: Report | Text: Prior anterolateral myocardial infarction. 
9. When: 1 days 17 hours ago, Note Category: ECG, Note Description: Report | Text: Prior anteroseptal and lateral
myocardial infarction. 
"
4a14bf37-5bbf-80f0-0416-b7a44f9091b6,EHR Completo,"A chest port line placement examination showed the PICC terminated just distal to the cavoatrial junction, with improved aeration in the left lower lobe.",Not Supported,"The reference indicates the PICC line terminates in the lower portion of the SVC, not just distal to the cavoatrial junction, and mentions improved lung ventilation with decreased left lower lobe atelectasis, but does not specifically state improved aeration in the left lower lobe.","Hospital Admission Start: 10 days 11 hours ago
Hospital Admission End: Now
Electronic Health Record Context
Ordered by Time (Earliest to Latest):
1. When: 575 days 17 hours ago, Note Category: Radiology, Note Description: CHEST (PORTABLE AP) | Text: Nevertheless, there has been interval
 improvement in the left mid lung consolidation.  
2. When: 26 days 17 hours ago, Note Category: Nursing, Note Description: Nursing Progress Note | Text: PICC
   line placement.

3. When: 21 days 17 hours ago, Note Category: Radiology, Note Description: CHEST (PORTABLE AP) | Text: FINDINGS:  As compared to the previous examination, the right-sided PICC line
 has been pulled back.  
4. When: 10 days 17 hours ago, Note Category: Radiology, Note Description: CHEST (PORTABLE AP) | Text: A retracted
 right PICC line ends outside the chest wall.  
5. When: 10 days 17 hours ago, Note Category: Radiology, Note Description: CHEST (PORTABLE AP) | Text: Right PICC
 outside chest wall.  
6. When: 9 days 17 hours ago, Note Category: Radiology, Note Description: CHEST (PORTABLE AP) | Text: FINDINGS:  The NG tube passes into the distal stomach, tracheostomy tube and
 right PICC line are unchanged in position with the PICC tip in the axilla.
 
7. When: 9 days 17 hours ago, Note Category: Echo, Note Description: Report | Text: Conclusions:
The left atrium is mildly dilated. 
8. When: 8 days 17 hours ago, Note Category: Radiology, Note Description: CHEST (PORTABLE AP) | Text: Discarded right PICC again terminates outside the chest wall.
 
9. When: 8 days 17 hours ago, Note Category: Radiology, Note Description: CHEST (PORTABLE AP) | Text: Lung ventilation is improved, with decreased left
 lower lobe atelectasis.
10. When: 2 days 17 hours ago, Note Category: Radiology, Note Description: CHEST PORT. LINE PLACEMENT | Text: FINDINGS:  In comparison with the study of [**5-24**], there has been placement of a
 right PICC line that extends to the lower portion of the SVC.  
"
16ec8278-2d0a-c68a-0157-cf8bce802cc4,EHR Completo,"During his hospital course, the patient developed a non-ST elevation myocardial infarction (NSTEMI) and underwent various procedures, including bronchoscopy, PICC line placement, and a Passy-Muir Valve evaluation.",Not Supported,"The reference confirms the patient developed an NSTEMI but does not mention any procedures such as bronchoscopy, PICC line placement, or Passy-Muir Valve evaluation.","Hospital Admission Start: 10 days 11 hours ago
Hospital Admission End: Now
Electronic Health Record Context
Ordered by Time (Earliest to Latest):
1. When: 9 days 17 hours ago, Note Category: Physician, Note Description: Physician Resident Progress Note | Text: NSTEMI: Patient with new T wave inversions anteriorly and elevated
   cardiac biomarkers.  
2. When: 9 days 17 hours ago, Note Category: Physician, Note Description: Physician Resident Progress Note | Text: NSTEMI: Patient with new T wave inversions anteriorly and elevated
   cardiac biomarkers.
3. When: 7 days 17 hours ago, Note Category: General, Note Description: Attending Progress Note | Text: presented with respiratory failure,
   pulmonary edema, NSTEMI.
   
4. When: 6 days 17 hours ago, Note Category: Nursing, Note Description: Nursing Progress Note | Text: Myocardial infarction, acute (AMI, STEMI, NSTEMI)
   Assessment:
   Pt s/p NSTEMI.
   
"
ae93731f-6c74-58eb-7f2c-426d2fe471e3,EHR Completo,"A chest radiograph on admission was normal, and a subsequent portable chest X-ray on 2146-11-01 showed no interval change or evidence of acute abnormality.",Supported,"The reference shows an initial chest radiograph described as normal without evidence of pneumonia and a subsequent portable chest X-ray on 2146-11-1 showing no interval change or evidence of acute abnormality, fully supporting the text.","Hospital Admission Start: 2 days 23 hours ago
Hospital Admission End: Now
Electronic Health Record Context
Ordered by Time (Earliest to Latest):
1. When: 3 days 12 hours ago, Note Category: Radiology, Note Description: CHEST (PA & LAT) | Text: IMPRESSION:  Normal appearing chest radiograph without evidence for pneumonia.



2. When: 3 days 12 hours ago, Note Category: Radiology, Note Description: CHEST (PA & LAT) | Text: COMPARISON:  Chest radiograph from [**2146-1-6**].

 
3. When: 3 days 12 hours ago, Note Category: Radiology, Note Description: CHEST (PA & LAT) | Text: The lungs are clear without
 evidence for pneumonia or pleural effusion.  
4. When: 3 days 12 hours ago, Note Category: Radiology, Note Description: CHEST (PA & LAT) | Text: FINDINGS:  The heart is within normal limits.
5. When: 2 days 12 hours ago, Note Category: Physician, Note Description: Physician Resident Admission Note | Text: No(t) Constipation
   Genitourinary: No(t) Dysuria
   Musculoskeletal: No(t) Joint pain
   Heme / Lymph: No(t) Lymphadenopathy
   Neurologic: No(t) Numbness / tingling, Headache, Frontal
   Flowsheet Data as of [**2146-11-1**] 12:58 AM
   Vital Signs
   Hemodynamic monitoring
   Fluid Balance
                                                                  24 hours
                                                               Since 12 AM
   Tmax: 36.8
C (98.
6. When: 2 days 12 hours ago, Note Category: Radiology, Note Description: CHEST (PORTABLE AP) | Text: IMPRESSION:  No change or evidence of acute abnormality.



7. When: 2 days 12 hours ago, Note Category: Radiology, Note Description: CHEST (PORTABLE AP) | Text: FINDINGS:  In comparison with the study of [**10-31**], there is no interval change.
 
8. When: 2 days 12 hours ago, Note Category: Radiology, Note Description: CHEST (PORTABLE AP) | Text: No evidence of acute pneumonia, vascular congestion, or pleural effusion.  
9. When: 2 days 12 hours ago, Note Category: Radiology, Note Description: CHEST (PORTABLE AP) | Text: [**2146-11-1**] 3:14 AM
 CHEST (PORTABLE AP)                                             Clip # [**Clip Number (Radiology) 10158**]
 Reason: r/o infiltrate, interval change
 Admitting Diagnosis: MYASTHENIA EXACERBATION
 ______________________________________________________________________________
 [**Hospital 2**] MEDICAL CONDITION:
  25 year old woman with myasthenia [**Last Name (un) 9787**], asthma, presents with SOB, URI
  symptoms.
10. When: 2 days 12 hours ago, Note Category: Physician, Note Description: Physician Attending Progress Note | Text: FH and ROS are unchanged from Admission except where noted
   above and below
   Review of systems is unchanged from admission except as noted below
   Review of systems:
   Flowsheet Data as of  [**2146-11-1**] 10:06 AM
   Vital signs
   Hemodynamic monitoring
   Fluid balance
                                                                  24 hours
                                                               Since 12 AM
   Tmax: 36.8
C (98.3
   Tcurrent: 36.7
C (98.1
   HR: 92 (58 - 111) bpm
"
7da8f6c3-1575-f5ec-a2a4-d39e07b89c07,EHR Completo,"The patient, a 25-year-old woman with a history of myasthenia gravis and asthma, was admitted to the ICU on 2146-10-31 with worsening dyspnea and diplopia, despite increased use of her albuterol nebulizers and increased doses of Mestinon and prednisone. ",Supported,"The reference confirms the patient is a 25-year-old woman with myasthenia gravis and asthma admitted to the ICU with worsening dyspnea and diplopia, increased use of albuterol nebulizers, and increased doses of Mestinon and prednisone.","Hospital Admission Start: 2 days 23 hours ago
Hospital Admission End: Now
Electronic Health Record Context
Ordered by Time (Earliest to Latest):
1. When: 3 days 12 hours ago, Note Category: Radiology, Note Description: CHEST (PA & LAT) | Text: HISTORY:  25-year-old woman with asthma, coughing and wheezing, and increasing
 shortness of breath.  
2. When: 3 days 12 hours ago, Note Category: Nursing, Note Description: Nursing Progress Note | Text: Over the week, she has had worsening dyspnea,
   requiring increased use of her albuterol nebulizers up to four times a
   day. 
3. When: 3 days 12 hours ago, Note Category: Nursing, Note Description: Nursing Progress Note | Text: [**Known lastname 5845**],[**Known firstname **]: [**Hospital1 54**] Notes Detail - CCC Record #[**Numeric Identifier 5846**]
   This is a 25 year-old woman with a history of myasthenia [**Last Name (un) 3383**]
   (diagnosed in [**2145-4-25**] and intubated twice) and asthma she came to
   the EW with worsening dyspnea and diplopia over the past week.
4. When: 3 days 12 hours ago, Note Category: Physician, Note Description: Physician Attending Admission Note - MICU | Text: jpg]
   Assessment and Plan
   25 yr old woman with myesthenia and asthma presents with URIO and
   asthma exacrebation leading to resp distress which may be evolving
   myesthenic crisis in setting of significantly work of breathing.
   
5. When: 3 days 12 hours ago, Note Category: Physician, Note Description: Physician Attending Admission Note - MICU | Text: HPI:
   25 yr old woman with mysethenia and asthma presents with 10 days of URI
   symptoms. 
6. When: 2 days 12 hours ago, Note Category: Physician, Note Description: Physician Resident Admission Note | Text: Chief Complaint:  Dysnpea, Wheezing, Malaise
   HPI:
   25yoF with hx of Myasthenia [**Last Name (un) **] (dx [**5-2**], with two associated
   intubations) and asthma presents with dyspnea, malaise and diplopia. 
7. When: 2 days 12 hours ago, Note Category: Radiology, Note Description: CHEST (PORTABLE AP) | Text: [**2146-11-1**] 3:14 AM
 CHEST (PORTABLE AP)                                             Clip # [**Clip Number (Radiology) 10158**]
 Reason: r/o infiltrate, interval change
 Admitting Diagnosis: MYASTHENIA EXACERBATION
 ______________________________________________________________________________
 [**Hospital 2**] MEDICAL CONDITION:
  25 year old woman with myasthenia [**Last Name (un) 9787**], asthma, presents with SOB, URI
  symptoms.
8. When: 2 days 12 hours ago, Note Category: Physician, Note Description: Physician Attending Progress Note | Text: 3 mg/dL
   Assessment and Plan
   25 yr old woman with myesthenia and asthma presents with URIO and
   asthma exacrebation leading to resp distress which may be evolving
   myesthenic crisis in setting of significantly work of breathing.
   
9. When: 2 days 12 hours ago, Note Category: Physician, Note Description: Physician Attending Progress Note | Text: Myesthenia: Severe course in the past year requiring intubation x 2,
   admitted to ICU with asthma exacerbation and concern that it was
   leadint o resp muscle fatigue so admitted to MICU for q2 nif and VC.
10. When: 2 days 12 hours ago, Note Category: Nursing, Note Description: Nursing Transfer Note | Text: 25yoF with hx of Myasthenia [**Last Name (un) **] (dx [**5-2**], with two associated
   intubations),VAP, GERD, s/p C-section .Right Lung Nodule and asthma
   presents with dyspnea, malaise and diplopia. 
"
28a16889-53d4-8407-7c97-e6ce9280afeb,EHR Completo,"Initial evaluation revealed a potential myasthenic crisis, with significantly increased work of breathing. ",Supported,"The reference notes the patient with myasthenia and asthma presenting with respiratory distress and evolving myasthenic crisis in the setting of significantly increased work of breathing, directly supporting the text.","Hospital Admission Start: 2 days 23 hours ago
Hospital Admission End: Now
Electronic Health Record Context
Ordered by Time (Earliest to Latest):
1. When: 3 days 12 hours ago, Note Category: Radiology, Note Description: CHEST (PA & LAT) | Text: HISTORY:  25-year-old woman with asthma, coughing and wheezing, and increasing
 shortness of breath.  
2. When: 3 days 12 hours ago, Note Category: Nursing, Note Description: Nursing Progress Note | Text: .H/O asthma
   Assessment:
   Pt with exp wheezes, diminished, states that it feels more difficult to
   breath out.
3. When: 3 days 12 hours ago, Note Category: Nursing, Note Description: Nursing Progress Note | Text: Last
   week she started to developed upper respiratory symptoms; a [**Year (4 digits) **],
   runny nose, and intermittent frontal headache consistent with
   prior colds. 
4. When: 3 days 12 hours ago, Note Category: Physician, Note Description: Physician Attending Admission Note - MICU | Text: jpg]
   Assessment and Plan
   25 yr old woman with myesthenia and asthma presents with URIO and
   asthma exacrebation leading to resp distress which may be evolving
   myesthenic crisis in setting of significantly work of breathing.
   
5. When: 2 days 12 hours ago, Note Category: Physician, Note Description: Physician Resident Admission Note | Text: Was also intubated for respiratory distress after
   initial presentation in [**2145-4-25**].  
6. When: 2 days 12 hours ago, Note Category: Physician, Note Description: Physician Resident Admission Note | Text: She also notes worsening of her wheezing. 
7. When: 2 days 12 hours ago, Note Category: Radiology, Note Description: CHEST (PORTABLE AP) | Text: REASON FOR THIS EXAMINATION:
  r/o infiltrate, interval change
 ______________________________________________________________________________
                                 FINAL REPORT
 HISTORY:  Myasthenia [**Last Name (un) 9787**] with shortness of breath.

 
8. When: 2 days 12 hours ago, Note Category: Physician, Note Description: Physician Attending Progress Note | Text: 3 mg/dL
   Assessment and Plan
   25 yr old woman with myesthenia and asthma presents with URIO and
   asthma exacrebation leading to resp distress which may be evolving
   myesthenic crisis in setting of significantly work of breathing.
   
9. When: 2 days 12 hours ago, Note Category: Physician, Note Description: Physician Attending Progress Note | Text: Myesthenia: Severe course in the past year requiring intubation x 2,
   admitted to ICU with asthma exacerbation and concern that it was
   leadint o resp muscle fatigue so admitted to MICU for q2 nif and VC.
10. When: 2 days 12 hours ago, Note Category: Nursing, Note Description: Nursing Transfer Note | Text: She also notes worsening
   of her wheezing.
"
68ace126-dfeb-ade7-eb87-a62b3bfdb005,EHR Completo,"The patient was treated with steroids, increased Mestinon, and close monitoring of her respiratory status.",Not Supported,The reference shows that steroids were given and Mestinon was initially increased but later held per neurology recommendations; close monitoring of respiratory status is implied but not explicitly stated as part of the treatment.,"Hospital Admission Start: 2 days 23 hours ago
Hospital Admission End: Now
Electronic Health Record Context
Ordered by Time (Earliest to Latest):
1. When: 3 days 12 hours ago, Note Category: Nursing, Note Description: Nursing Progress Note | Text: She called her neurologist and her mestinon and prednisone
   were both increased.  
2. When: 3 days 12 hours ago, Note Category: Nursing, Note Description: Nursing Progress Note | Text: In the EW she was given prednisone 60 mg and a
   combivent nebulizer. 
3. When: 3 days 12 hours ago, Note Category: Nursing, Note Description: Nursing Progress Note | Text: Over the week, she has had worsening dyspnea,
   requiring increased use of her albuterol nebulizers up to four times a
   day. 
4. When: 3 days 12 hours ago, Note Category: Physician, Note Description: Physician Attending Admission Note - MICU | Text: We are treating with steroids and
   increased mestinon. 
5. When: 2 days 12 hours ago, Note Category: Physician, Note Description: Physician Resident Admission Note | Text: [**Last Name (STitle) 5856**] that recommended increasing her Prednisone back up to
   10mg Daily from 5mg, and her Mestinon 60mg from [**Hospital1 **] to TID. 
6. When: 2 days 12 hours ago, Note Category: Nursing, Note Description: Nursing Progress Note | Text: Her blood
   sugars were 204 and 184
   Action:
   Given neb tx, solumedrol 125mg IV q 8hr
   Response:
   Symptoms improving
   blood sugars elevated with steroid
   Plan:
   Cont nebs q 2, methylprednisolone 125mg 1v q 8, NIF and VC q 2hr,
   holding mestinon continue on mycophenolate Mofetil 1500mg po bid.
7. When: 2 days 12 hours ago, Note Category: Nursing, Note Description: Nursing Progress Note | Text: .H/O asthma
   Assessment:
   Pt on continuous nebs beginning of shift, tachypneic, continued on room
   air with o2 sats in the high 90
s.  She was started on
   methylprednisolonel 125mg IV q8 seemed to improve shortly after. 
8. When: 2 days 12 hours ago, Note Category: Nursing, Note Description: Nursing Transfer Note | Text: The pt was given Combivent Nebs x3 and
   Prednisone 60mg x1.
    
9. When: 2 days 12 hours ago, Note Category: Physician, Note Description: Physician Resident Progress Note | Text: -          F/U Neuro Recs
   -          Holding Mestinon
   # Asthma: Started on IV Steroids and continued on q4 Duonebs. 
10. When: 2 days 12 hours ago, Note Category: Physician, Note Description: Physician Resident Progress Note | Text: Mestinon held per Neuro
   recs.
"
83ec3ba1-1016-25c7-af4b-56a65f5d7fc7,EHR Completo,"The patient's symptoms improved with treatment, including continuous nebulizers, methylprednisolone, and monitoring of peak flows and blood sugars. ",Supported,"The reference notes continuous nebulizer treatments, methylprednisolone administration, monitoring of peak flows, and blood sugars, along with documented symptom improvement, fully supporting the text.","Hospital Admission Start: 2 days 23 hours ago
Hospital Admission End: Now
Electronic Health Record Context
Ordered by Time (Earliest to Latest):
1. When: 3 days 12 hours ago, Note Category: Nursing, Note Description: Nursing Progress Note | Text: In the EW she was given prednisone 60 mg and a
   combivent nebulizer. 
2. When: 3 days 12 hours ago, Note Category: Nursing, Note Description: Nursing Progress Note | Text: Over the week, she has had worsening dyspnea,
   requiring increased use of her albuterol nebulizers up to four times a
   day. 
3. When: 3 days 12 hours ago, Note Category: Nursing, Note Description: Nursing Progress Note | Text: She called her neurologist and her mestinon and prednisone
   were both increased.  
4. When: 2 days 12 hours ago, Note Category: Physician, Note Description: Physician Resident Admission Note | Text: (Prophylaxis) - [**2146-10-31**] 04:46 PM
   Other medications:
   -Advair Diskus 100 mcg-50 mcg two puffs daily
   -Cellcept [**Pager number 5857**] mg [**Hospital1 **]
   -Prednisone 10 mg daily (taper)
   -Mestinon 60 mg TID
   -Albuterol nebulizer (has increased use to four times daily over
   past three days)
   -Zantac
5. When: 2 days 12 hours ago, Note Category: Physician, Note Description: Physician Resident Admission Note | Text: The pt was given Combivent Nebs x3 and
   Prednisone 60mg x1.
   
6. When: 2 days 12 hours ago, Note Category: Nursing, Note Description: Nursing Progress Note | Text: Her blood
   sugars were 204 and 184
   Action:
   Given neb tx, solumedrol 125mg IV q 8hr
   Response:
   Symptoms improving
   blood sugars elevated with steroid
   Plan:
   Cont nebs q 2, methylprednisolone 125mg 1v q 8, NIF and VC q 2hr,
   holding mestinon continue on mycophenolate Mofetil 1500mg po bid.
7. When: 2 days 12 hours ago, Note Category: Nursing, Note Description: Nursing Progress Note | Text: .H/O asthma
   Assessment:
   Pt on continuous nebs beginning of shift, tachypneic, continued on room
   air with o2 sats in the high 90
s.  She was started on
   methylprednisolonel 125mg IV q8 seemed to improve shortly after. 
8. When: 2 days 12 hours ago, Note Category: Nursing, Note Description: Nursing Transfer Note | Text: The pt was given Combivent Nebs x3 and
   Prednisone 60mg x1.
    
9. When: 2 days 12 hours ago, Note Category: Nursing, Note Description: Nursing Transfer Note | Text: Plan:
   Cont nebs q4H, methylprednisolone 125mg 1v q 8, NIF and VC q 2hr,
   continue on mycophenolate Mofetil 1500mg po bid. 
10. When: 2 days 12 hours ago, Note Category: Physician, Note Description: Physician Resident Progress Note | Text: Breathing
   symptoms improved with improved NIFs to -80 and Peak Flows 300-350
   (Baselines 450s).
"
550f1775-fdd1-8064-0734-ff0582474f5b,EHR Completo,"Her respiratory status stabilized, with negative inspiratory forces (NIFs) in the 80s and peak flows of 300-350. ",Supported,"The reference notes indicate that the patient's NIF improved to -80 and peak flows were 300-350, consistent with the text stating respiratory status stabilized with NIFs in the 80s and peak flows of 300-350.","Hospital Admission Start: 2 days 23 hours ago
Hospital Admission End: Now
Electronic Health Record Context
Ordered by Time (Earliest to Latest):
1. When: 3 days 12 hours ago, Note Category: Radiology, Note Description: CHEST (PA & LAT) | Text: FINDINGS:  The heart is within normal limits.
2. When: 3 days 12 hours ago, Note Category: Nursing, Note Description: Nursing Progress Note | Text: NIF was -50 and VC was 1.8 L; the latter
   measurement was limited by wheezing and [**Last Name (LF) **], [**First Name3 (LF) **] respiratory.
   
3. When: 2 days 12 hours ago, Note Category: Physician, Note Description: Physician Resident Admission Note | Text: Upon arrival to the ED, her vitals 98.0, 133/81 72 19 100%RA, Her
   initial NIF was -50cm, VC 1.8L.
4. When: 2 days 12 hours ago, Note Category: Respiratory, Note Description: Respiratory Care Shift Note | Text: Peak
   flows 300-350, ( her personal best 450). 
5. When: 2 days 12 hours ago, Note Category: Nursing, Note Description: Nursing Progress Note | Text: NIF 80
s Peak flows 300-350.
6. When: 2 days 12 hours ago, Note Category: Nursing, Note Description: Nursing Progress Note | Text: She
   was able to sleep in short naps. 
7. When: 2 days 12 hours ago, Note Category: Nursing, Note Description: Nursing Transfer Note | Text: Upon arrival to the ED, her vitals 98.0, 133/81 72 19 100%RA, Her
   initial NIF was -50cm, VC 1.8L. 
8. When: 2 days 12 hours ago, Note Category: Physician, Note Description: Physician Resident Progress Note | Text: Breathing
   symptoms improved with improved NIFs to -80 and Peak Flows 300-350
   (Baselines 450s).
9. When: 2 days 12 hours ago, Note Category: Respiratory, Note Description: Respiratory Care Shift Note | Text: NIF stable at
   -80cmH2O. 
"
c6a4e4f8-c5a2-4e5e-a2b6-ad322e3b85dc,EHR Completo,"The patient was transferred to the floor on 2146-11-01, where her treatment plan included continuing nebulizers, methylprednisolone, and monitoring of her conditions.",Supported,"The reference notes a transfer to the floor with a plan to continue nebulizers and methylprednisolone, consistent with the text's statement about the patient's treatment plan after transfer.","Hospital Admission Start: 2 days 23 hours ago
Hospital Admission End: Now
Electronic Health Record Context
Ordered by Time (Earliest to Latest):
1. When: 3 days 12 hours ago, Note Category: Nursing, Note Description: Nursing Progress Note | Text: In the EW she was given prednisone 60 mg and a
   combivent nebulizer. 
2. When: 3 days 12 hours ago, Note Category: Nursing, Note Description: Nursing Progress Note | Text: Over the week, she has had worsening dyspnea,
   requiring increased use of her albuterol nebulizers up to four times a
   day. 
3. When: 3 days 12 hours ago, Note Category: Nursing, Note Description: Nursing Progress Note | Text: Her NIF has been ~ -50 to -44, her vital capacity (VC)has
   been dropping; she started at 1.8 and is now 1
   Action:
   Conts on mestinon and cellcept as well as prednisone
   Response:
   Worsening vital capacity
   Plan:
   Cont to follow her NIF and VC, check an ABG if needed, cont her
   mestinon, prednisone, cellcept
4. When: 3 days 12 hours ago, Note Category: Physician, Note Description: Physician Attending Admission Note - MICU | Text: Patient admitted from: [**Hospital1 54**] ER
   History obtained from [**Hospital 85**] Medical records
   Allergies:
   Penicillins
   Rash;
   Last dose of Antibiotics:
   Infusions:
   Other ICU medications:
   Heparin Sodium (Prophylaxis) - [**2146-10-31**] 04:46 PM
   Other medications:
   Past medical history:
   Family history:
   Social History:
   Myesthenia
   Occupation:
   Drugs:
5. When: 2 days 12 hours ago, Note Category: Physician, Note Description: Physician Resident Admission Note | Text: The pt was given Combivent Nebs x3 and
   Prednisone 60mg x1.
   
6. When: 2 days 12 hours ago, Note Category: Respiratory, Note Description: Respiratory Care Shift Note | Text: Plan to
   continue with treatments as tolerated.

7. When: 2 days 12 hours ago, Note Category: Nursing, Note Description: Nursing Progress Note | Text: .H/O asthma
   Assessment:
   Pt on continuous nebs beginning of shift, tachypneic, continued on room
   air with o2 sats in the high 90
s.  She was started on
   methylprednisolonel 125mg IV q8 seemed to improve shortly after. 
8. When: 2 days 12 hours ago, Note Category: Physician, Note Description: Physician Attending Progress Note | Text: Asthma: nebs spaced to q4, IV steroids,  no role for ABX at present
   ICU Care
   Nutrition: [**Doctor First Name 470**] diet
   Glycemic Control:
   Lines:
   20 Gauge - [**2146-10-31**] 02:38 PM
   Prophylaxis:
   DVT: sc hep
   Stress ulcer: ppi
   Communication:  wife pt
   [**Name (NI) 66**] status: Full code
   Disposition :Transfer to floor _ Medicine with Neuro consult
9. When: 2 days 12 hours ago, Note Category: Nursing, Note Description: Nursing Transfer Note | Text: Plan:
   Cont nebs q4H, methylprednisolone 125mg 1v q 8, NIF and VC q 2hr,
   continue on mycophenolate Mofetil 1500mg po bid. 
10. When: 2 days 12 hours ago, Note Category: Nursing, Note Description: Nursing Transfer Note | Text: The pt was given Combivent Nebs x3 and
   Prednisone 60mg x1.
    
"
b8cb2059-915d-9aa9-0422-ea1b132ccb5e,EHR Completo,"The patient, a 64-year-old woman with a history of multiple myeloma, systemic amyloidosis, and end-stage renal disease (ESRD), was admitted to the ICU with symptoms of dyspnea, pain, and hypotension. ",Supported,"The reference confirms the patient is a 64-year-old woman with multiple myeloma, systemic amyloidosis, and ESRD on hemodialysis, admitted with symptoms including dyspnea, pain, and hypotension.","Hospital Admission Start: 2 days 20 hours ago
Hospital Admission End: Now
Electronic Health Record Context
Ordered by Time (Earliest to Latest):
1. When: 3 days 4 hours ago, Note Category: Physician, Note Description: Physician Attending Admission Note - MICU | Text: I
   agree with the note above, including the assessment and plan and would
   add the following:
   64yo woman with multiple myeloma, s/p allogeneic transplant [**2143**] with
   recurrent disease and with systemic amyloidosis, on hemodialysis for
   ESRD.  
2. When: 3 days 4 hours ago, Note Category: Physician, Note Description: Physician Attending Admission Note - MICU | Text: HPI:
   64 year old woman with PMH of MM, s/p allo-BMT ~ 10 yrs ago, course c/b
   [**Doctor Last Name **]-amyloid and ESRD , refractory hypercalcemia, and recent admit for
   pain and dyspnea who represents with similar symptoms.
3. When: 3 days 4 hours ago, Note Category: Nursing, Note Description: Nursing Progress Note | Text: 64 year old woman with PMH of MM, s/p allo-BMT ~ 10 yrs ago, course c/b
   [**Doctor Last Name **]-amyloid and ESRD , refractory hypercalcemia, and recent admit for
   pain and dyspnea who represents with similar symptoms. 
4. When: 2 days 4 hours ago, Note Category: Nursing, Note Description: Nursing Progress Note | Text: 64 year old woman with PMH of MM, s/p allo-BMT ~ 10 yrs ago, course c/b
   [**Doctor Last Name **]-amyloid and ESRD , refractory hypercalcemia, and recent admit for
   pain and dyspnea who presents again with similar symptoms. 
5. When: 2 days 4 hours ago, Note Category: Radiology, Note Description: CHEST (PORTABLE AP) | Text: ______________________________________________________________________________
                                 FINAL REPORT
 INDICATION:  64-year-old woman with end-stage renal disease, multiple myeloma,
 amyloidosis, status post PICC placement yesterday, now with new wide-complex
 tachycardia and probable ventricular tachycardia.  
6. When: 2 days 4 hours ago, Note Category: Radiology, Note Description: CHEST (PORTABLE AP) | Text: Admitting Diagnosis: DYSPNEA;HYPOXIA
 ______________________________________________________________________________
 [**Hospital 2**] MEDICAL CONDITION:
  64 year old woman with  ESRD, MM, amyloidosis s/p PICC placement yesterday now
  new wide complex tachycardia, probable VT.
 
7. When: 2 days 4 hours ago, Note Category: Radiology, Note Description: CHEST (PORTABLE AP) | Text: Admitting Diagnosis: DYSPNEA;HYPOXIA
 ______________________________________________________________________________
 [**Hospital 3**] MEDICAL CONDITION:
  64 year old woman with  ESRD, MM, amyloidosis s/p PICC placement yesterday now
  new wide complex tachycardia, probable VT.
8. When: 1 days 4 hours ago, Note Category: Physician, Note Description: Physician Fellow / Attending Progress Note - MICU | Text: HPI:
   64yo woman with a h/o MM (x 10 years) c/b [**Doctor Last Name **] amyloid with known
   cardiac, pulmonary involvement, ESRD on HD, refractory hypercalcemia
   and hypoxia on [**2-28**] L O2 at home who presented on [**1-16**] with sub-acute
   progressive dyspnea and bony pain. 
"
b9350f4a-1d5f-5450-e082-e3df5fa98ffd,EHR Completo,"Her hospital course was complicated by hypovolemic shock, cardiogenic shock, and possible adrenal insufficiency, requiring treatment with gentle hydration, low-dose pressors, and decadron.",Supported,"The reference notes the patient had shock of unclear etiology including hypovolemic, cardiogenic, and possible adrenal insufficiency, and that treatment included gentle hydration, low-dose pressors, and decadron, fully supporting the text.","Hospital Admission Start: 2 days 20 hours ago
Hospital Admission End: Now
Electronic Health Record Context
Ordered by Time (Earliest to Latest):
1. When: 308 days 4 hours ago, Note Category: Discharge summary, Note Description: Report | Text: She was given gentle IV fluids to support her
pressures without worsening her pulmonary edema and hypoxia. 
2. When: 308 days 4 hours ago, Note Category: Discharge summary, Note Description: Report | Text: She also became acutely hypertensive and tachycardic.  
3. When: 3 days 4 hours ago, Note Category: Physician, Note Description: Physician Attending Admission Note - MICU | Text: She reports
   refractory jaw and lower extremity pain since discharge as well as
   gradual increase in her baseline 2-3L oxygen use. 
4. When: 3 days 4 hours ago, Note Category: Physician, Note Description: Physician Attending Admission Note - MICU | Text: briefly,
   per oncology appears to have exhausted
   her treatment options and know has refractory hypercalcemia as well as
   multipl organ involvement of amyloid.
5. When: 3 days 4 hours ago, Note Category: Physician, Note Description: Physician Attending Admission Note - MICU | Text: She was admitted [**Date range (1) 7152**]/08 with hypercalcemia and treated
   with pamidronate 30mg, calcitonin, and dialysis (complicated by an
   episode of hypotension following HD).
6. When: 3 days 4 hours ago, Note Category: Physician, Note Description: Physician Attending Admission Note - MICU | Text: The patient has shock of unclear
   etiology: hypovolemic, cardiogenic, with likely possibility of adrenal
   insufficiency or crisis.
7. When: 3 days 4 hours ago, Note Category: Physician, Note Description: Physician Attending Admission Note - MICU | Text: Agree with gentle hydration, low dose pressors
   to maintain MAPs above ~60, and decadron 20 mg.
   
8. When: 3 days 4 hours ago, Note Category: Nursing, Note Description: Nursing Progress Note | Text: She reports
   refractory jaw and lower extremity pain since discharge as well as
   gradual increase in her baseline 2-3L oxygen use.
"
7fb70c2a-19b6-1f5b-59f0-2d9b5e558ec7,EHR Completo,"Despite aggressive management, including dialysis and oxygen therapy, the patient's condition continued to deteriorate, and she remained critically ill throughout her hospital stay. ",Not Supported,"The reference indicates the patient was critically ill and received dialysis and treatment for hypercalcemia, but it does not mention oxygen therapy or that the patient's condition continued to deteriorate throughout the hospital stay.","Hospital Admission Start: 2 days 20 hours ago
Hospital Admission End: Now
Electronic Health Record Context
Ordered by Time (Earliest to Latest):
1. When: 316 days 4 hours ago, Note Category: Radiology, Note Description: CT THORACENTESIS W/TUBE PLACMENT | Text: during
 which time the patient's hemodynamic parameters were continuously monitored by
 radiology nursing.

 
2. When: 308 days 4 hours ago, Note Category: Discharge summary, Note Description: Report | Text: She does report
some worsening nausea, and occasional vomiting over the last
week.  
3. When: 308 days 4 hours ago, Note Category: Discharge summary, Note Description: Report | Text: Also on dialysis for renal
failure.

4. When: 308 days 4 hours ago, Note Category: Discharge summary, Note Description: Report | Text: She also became acutely hypertensive and tachycardic.  
5. When: 308 days 4 hours ago, Note Category: Discharge summary, Note Description: Report | Text: She is currently on Thalidomide which she
will continue.  
6. When: 3 days 4 hours ago, Note Category: Physician, Note Description: Physician Attending Admission Note - MICU | Text: Patient is critically ill. 
7. When: 3 days 4 hours ago, Note Category: Physician, Note Description: Physician Attending Admission Note - MICU | Text: 45 minutes of critical care time spent with this patient.
   
8. When: 3 days 4 hours ago, Note Category: Physician, Note Description: Physician Attending Admission Note - MICU | Text: She was admitted [**Date range (1) 7152**]/08 with hypercalcemia and treated
   with pamidronate 30mg, calcitonin, and dialysis (complicated by an
   episode of hypotension following HD).
9. When: 1 days 4 hours ago, Note Category: Physician, Note Description: Physician Fellow / Attending Progress Note - MICU | Text: Of note, she has been refusing several oral medicines during her stay.
   
"
df9ce7f1-29c9-9bad-165e-24ed64193074,EHR Completo,"The patient's code status was DNR/DNI, and she ultimately passed away on [2153-01-19] at 4:55 am due to complications from her underlying conditions.",Not Supported,The reference confirms the patient's code status as DNR/DNI but does not mention the patient passing away on [2153-01-19] at 4:55 am or the cause of death.,"Hospital Admission Start: 2 days 20 hours ago
Hospital Admission End: Now
Electronic Health Record Context
Ordered by Time (Earliest to Latest):
1. When: 316 days 4 hours ago, Note Category: Radiology, Note Description: CT CHEST W/O CONTRAST | Text: The informationn was telephoned to nurse [**Doctor First Name 623**] at 5 pm

 7.  
2. When: 308 days 4 hours ago, Note Category: Discharge summary, Note Description: Report | Text: The information was telephoned
to nurse [**Doctor First Name **] at 5 pm
7. 
3. When: 3 days 4 hours ago, Note Category: Radiology, Note Description: CHEST (PORTABLE AP) | Text: [**2153-1-16**] 7:22 AM
 CHEST (PORTABLE AP)                                             Clip # [**Clip Number (Radiology) 95098**]
 Reason: eval for acute change
 ______________________________________________________________________________
 [**Hospital 3**] MEDICAL CONDITION:
  64 year old woman with hypoxia and sob
 REASON FOR THIS EXAMINATION:
  eval for acute change
 ______________________________________________________________________________
                                 FINAL REPORT
 INDICATION:  Patient is a 64-year-old female with hypoxia and shortness of
 breath.  
4. When: 3 days 4 hours ago, Note Category: Physician, Note Description: Physician Attending Admission Note - MICU | Text: Patient is critically ill. 
5. When: 2 days 4 hours ago, Note Category: Physician, Note Description: Physician Attending Progress Note | Text: Prophylaxis:
   DVT: Boots(Systemic anticoagulation: Coumadin)
   Stress ulcer: PPI
   VAP:
   Comments:
   Communication: Patient discussed on interdisciplinary rounds , Family
   meeting held  Comments:
   Code status: DNR / DNI
   Disposition :ICU
   Total time spent: 30 minutes
   Patient is critically ill
6. When: 2 days 4 hours ago, Note Category: Physician, Note Description: Physician Attending Progress Note | Text: DVT: Boots(Systemic anticoagulation: Coumadin)
   Stress ulcer: PPI
   VAP:
   Communication: Patient discussed on interdisciplinary rounds , Family
   meeting held  Comments:
   Code status: DNR / DNI
   Disposition :ICU
   Total time spent: 38 minutes
   Patient is critically ill
7. When: 1 days 4 hours ago, Note Category: Physician, Note Description: Physician Fellow / Attending Progress Note - MICU | Text: Dialysis Catheter - [**2153-1-17**] 01:21
   PM
   Prophylaxis:
   DVT:
   Stress ulcer:
   VAP:
   Comments:
   Communication:  Comments:
   Code status: DNR / DNI
   Disposition : ICU for now.
8. When: 1 days 4 hours ago, Note Category: Physician, Note Description: Physician Resident Progress Note | Text: Prophylaxis:
   DVT:
   Stress ulcer:
   VAP:
   Comments:
   Communication:  Comments:
   Code status: DNR / DNI
   Disposition:
9. When: 0 days 4 hours ago, Note Category: Nursing, Note Description: Nursing Progress Note | Text: Nursing progess note:
   Pt DNR/DNI.  
"
a0df21a3-c835-0426-1795-0f524948c793,EHR Completo,"She underwent a series of diagnostic tests, including chest radiographs, CT scans, echocardiograms, and ECGs, which revealed findings consistent with fluid overload, atelectasis, and cardiac amyloidosis. ",Not Supported,"The reference mentions chest radiographs and CT scans but does not mention echocardiograms or ECGs. It also does not confirm findings consistent with fluid overload, atelectasis, or cardiac amyloidosis, only suggesting fluid overload as a probable contributing factor and cardiac amyloidosis as an underlying condition related to ventricular tachycardia.","Hospital Admission Start: 2 days 20 hours ago
Hospital Admission End: Now
Electronic Health Record Context
Ordered by Time (Earliest to Latest):
1. When: 315 days 4 hours ago, Note Category: Radiology, Note Description: CT CHEST W/O CONTRAST | Text: [**2152-3-10**] 5:23 PM
 CT CHEST W/O CONTRAST                                           Clip # [**Clip Number (Radiology) 71048**]
 Reason: eval for worsening or new PTX, eval for ARDS
 Admitting Diagnosis: PNEUMOTHORAX
 ______________________________________________________________________________
 [**Hospital 2**] MEDICAL CONDITION:
  63 year old woman with amyloidosis, multiple myleloma,
2. When: 314 days 4 hours ago, Note Category: Physician, Note Description: Physician Resident Progress Note | Text: Fluid overload is probably also a contributing factor.
   
3. When: 308 days 4 hours ago, Note Category: Discharge summary, Note Description: Report | Text: She also became acutely hypertensive and tachycardic.  
4. When: 3 days 4 hours ago, Note Category: Physician, Note Description: Physician Attending Admission Note - MICU | Text: briefly,
   per oncology appears to have exhausted
   her treatment options and know has refractory hypercalcemia as well as
   multipl organ involvement of amyloid.
5. When: 2 days 4 hours ago, Note Category: Radiology, Note Description: CHEST (PORTABLE AP) | Text: ______________________________________________________________________________
                                 FINAL REPORT
 INDICATION:  64-year-old woman with end-stage renal disease, multiple myeloma,
 amyloidosis, status post PICC placement yesterday, now with new wide-complex
 tachycardia and probable ventricular tachycardia.  
6. When: 2 days 4 hours ago, Note Category: Radiology, Note Description: CHEST (PORTABLE AP) | Text: Admitting Diagnosis: DYSPNEA;HYPOXIA
 ______________________________________________________________________________
 [**Hospital 3**] MEDICAL CONDITION:
  64 year old woman with  ESRD, MM, amyloidosis s/p PICC placement yesterday now
  new wide complex tachycardia, probable VT.
7. When: 1 days 4 hours ago, Note Category: Physician, Note Description: Physician Fellow / Attending Progress Note - MICU | Text: VENTRICULAR TACHYCARDIA / ELEVATED CARDIAC ENZYMES
   Likely due to her underlying cardiac amyloidosis; will d/c Amiodarone
   given the increase in her LFTs over the past two days since having
   initiated it.
8. When: 1 days 4 hours ago, Note Category: Physician, Note Description: Physician Resident Progress Note | Text: She has an extensive h/o thromobosis of
   unclear etiology.  
"
e0382396-e02a-9b4e-c491-402466b705d2,EHR Completo,"The patient developed a new pneumonia and experienced episodes of wide-complex tachycardia and ventricular arrhythmia, requiring treatment with antibiotics and amiodarone.",Not Supported,"The reference documents new wide complex tachycardia and probable ventricular tachycardia treated with amiodarone, but there is no mention of the patient developing a new pneumonia or receiving antibiotics.","Hospital Admission Start: 2 days 20 hours ago
Hospital Admission End: Now
Electronic Health Record Context
Ordered by Time (Earliest to Latest):
1. When: 315 days 4 hours ago, Note Category: Radiology, Note Description: BY SAME PHYSICIAN | Text: Patient with bilateral
 pneumothoraces and pleurodesis .
2. When: 312 days 4 hours ago, Note Category: Radiology, Note Description: CHEST (PORTABLE AP) | Text: REASON FOR EXAM:  The patient with amyloidosis and the spontaneous
 pneumothorax.  
3. When: 308 days 4 hours ago, Note Category: Discharge summary, Note Description: Report | Text: # Amyloidosis: The patient has multi-organ involvement.



4. When: 3 days 4 hours ago, Note Category: Physician, Note Description: Physician Attending Admission Note - MICU | Text: [**Doctor Last Name **] amyloid with known cardiac,renal,pulmonary involvement
   Multiple DVT's thought [**2-26**] thalidomide, now on coumadin.
   
5. When: 2 days 4 hours ago, Note Category: Radiology, Note Description: CHEST (PORTABLE AP) | Text: Admitting Diagnosis: DYSPNEA;HYPOXIA
 ______________________________________________________________________________
 [**Hospital 2**] MEDICAL CONDITION:
  64 year old woman with  ESRD, MM, amyloidosis s/p PICC placement yesterday now
  new wide complex tachycardia, probable VT.
 
6. When: 2 days 4 hours ago, Note Category: Radiology, Note Description: CHEST (PORTABLE AP) | Text: Admitting Diagnosis: DYSPNEA;HYPOXIA
 ______________________________________________________________________________
 [**Hospital 3**] MEDICAL CONDITION:
  64 year old woman with  ESRD, MM, amyloidosis s/p PICC placement yesterday now
  new wide complex tachycardia, probable VT.
7. When: 2 days 4 hours ago, Note Category: Physician, Note Description: Physician Attending Progress Note | Text: Will
   start amiodarone. 
8. When: 1 days 4 hours ago, Note Category: Physician, Note Description: Physician Fellow / Attending Progress Note - MICU | Text: VENTRICULAR TACHYCARDIA / ELEVATED CARDIAC ENZYMES
   Likely due to her underlying cardiac amyloidosis; will d/c Amiodarone
   given the increase in her LFTs over the past two days since having
   initiated it.
"
51b08b28-d1a1-efb5-4d80-8d58e7869f1f,EHR Completo,"A transesophageal echocardiogram showed mild symmetric left ventricular hypertrophy, a small left ventricle, and hyperdynamic function. ",Supported,"The reference consistently reports mild symmetric left ventricular hypertrophy, a small left ventricle, and hyperdynamic function on echocardiogram, which supports the text.","Hospital Admission Start: 4 days 21 hours ago
Hospital Admission End: Now
Electronic Health Record Context
Ordered by Time (Earliest to Latest):
1. When: 5 days 18 hours ago, Note Category: ECG, Note Description: Report | Text: Ventricular paced rhythm with underlying supraventricular tachycardia and
occasional sinus beats. 
2. When: 4 days 18 hours ago, Note Category: Echo, Note Description: Report | Text: There is mild symmetric left ventricular hypertrophy. 
3. When: 4 days 18 hours ago, Note Category: Echo, Note Description: Report | Text: Left ventricular systolic function is hyperdynamic (EF>75%).

4. When: 4 days 18 hours ago, Note Category: Echo, Note Description: Report | Text: LEFT VENTRICLE: Mild symmetric LVH. 
5. When: 4 days 18 hours ago, Note Category: Echo, Note Description: Report | Text: PATIENT/TEST INFORMATION:
Indication: Left ventricular function.

6. When: 3 days 18 hours ago, Note Category: Physician, Note Description: Physician Resident Progress Note | Text: # PUMP: Echo yesterday showed mild symmetric LVH, small LV,
   hyperdynamic (EF>75%).
7. When: 3 days 18 hours ago, Note Category: Physician, Note Description: Physician Resident Progress Note | Text: Chief Complaint:
   24 Hour Events:
   -TTE showed mild symmetric LVH, small LV, hyperdynamic (EF>75%). 
8. When: 2 days 18 hours ago, Note Category: Physician, Note Description: Physician Resident Progress Note | Text: # PUMP: Echo showed mild symmetric LVH, small LV, hyperdynamic
   (EF>75%). 
"
c63432ff-3d40-5443-8557-78fff4b8b30c,EHR Completo,The patient was weaned off pressors and eventually extubated after showing signs of improvement. ,Supported,"The reference states the patient was successfully extubated approximately 2 days 18 hours ago and shows improvement such as improved mild pulmonary edema and removal of the nasogastric tube, supporting the text that the patient was weaned off pressors and eventually extubated after showing signs of improvement.","Hospital Admission Start: 4 days 21 hours ago
Hospital Admission End: Now
Electronic Health Record Context
Ordered by Time (Earliest to Latest):
1. When: 644 days 18 hours ago, Note Category: Nursing, Note Description: Nursing Progress Note | Text: felt better.  
2. When: 644 days 18 hours ago, Note Category: Physician, Note Description: Physician Attending Admission Note | Text: Symptomatically improved after lasix, nebs, CPAP. 
3. When: 644 days 18 hours ago, Note Category: Physician, Note Description: Physician Resident Admission Note | Text: His oxygen was increased at rehab with some improvement and was
   transferred to the ED.  
4. When: 642 days 18 hours ago, Note Category: Discharge summary, Note Description: Report | Text: The patient was continued on
lasix with subsequent improvement in respiratory status. 
5. When: 4 days 18 hours ago, Note Category: Radiology, Note Description: NASO-INTESTINAL TUBE PLACEMENT (W/FLUORO) | Text: The patient tolerated the procedure well.
6. When: 3 days 18 hours ago, Note Category: Radiology, Note Description: CHEST (PORTABLE AP) | Text: There is improved
 mild pulmonary edema.  
7. When: 3 days 18 hours ago, Note Category: General, Note Description: ICU Event Note | Text: Patient
   voiced his desire not to have a breathing tube put back in.  
8. When: 2 days 18 hours ago, Note Category: Nursing, Note Description: Nursing Progress Note | Text: Successfully extubated ~1315. 
9. When: 1 days 18 hours ago, Note Category: Radiology, Note Description: CHEST (PORTABLE AP) | Text: The nasogastric tube has
 been removed.  
"
88aee8e7-76ed-ae3d-f087-33caf759503a,EHR Completo,"However, his respiratory status remained tenuous, and he required a high level of oxygen to maintain saturation levels. ",Not Addressed,The reference mentions increased oxygen requirement and oxygen saturation in the 70s at rehab but does not provide information about the patient's respiratory status remaining tenuous or requiring a high level of oxygen to maintain saturation levels.,"Hospital Admission Start: 4 days 21 hours ago
Hospital Admission End: Now
Electronic Health Record Context
Ordered by Time (Earliest to Latest):
1. When: 644 days 18 hours ago, Note Category: Physician, Note Description: Physician Resident Admission Note | Text: His oxygen was increased at rehab with some improvement and was
   transferred to the ED.  
2. When: 644 days 18 hours ago, Note Category: Physician, Note Description: Physician Resident Admission Note | Text: The patient was found to
   have an increased oxygen requirement and an o2 sat in the 70s at
   rehab.  
3. When: 642 days 18 hours ago, Note Category: Discharge summary, Note Description: Report | Text: He is noted
to have chronic CO2 retention. 
4. When: 642 days 18 hours ago, Note Category: Discharge summary, Note Description: Report | Text: His oxygen was increased at
rehab with some improvement and was transferred to the ED. 
5. When: 642 days 18 hours ago, Note Category: Discharge summary, Note Description: Report | Text: His oxygen was increased at rehab with some improvement
and was transferred to the ED.  
6. When: 642 days 18 hours ago, Note Category: Discharge summary, Note Description: Report | Text: The patient was continued on
lasix with subsequent improvement in respiratory status. 
7. When: 642 days 18 hours ago, Note Category: Discharge summary, Note Description: Report | Text: The
patient remained afebrile throughout his hospitalization. 
8. When: 642 days 18 hours ago, Note Category: Discharge summary, Note Description: Report | Text: He should also
continue to use CPAP nighly for his obstructive sleep apnea. 
9. When: 642 days 18 hours ago, Note Category: Discharge summary, Note Description: Report | Text: The patient was found to have
an increased oxygen requirement and an o2 sat in the 70s at
rehab.  
10. When: 642 days 18 hours ago, Note Category: Discharge summary, Note Description: Report | Text: His initial fever is attributed to
likely aspiration pneumonitis. 
"
77617ffa-4bc8-ccfd-3af6-4eb31453c231,EHR Completo,"The patient's code status was changed to ""Do Not Intubate"" (DNI) after a discussion with his family. ",Supported,"The reference notes a discussion with the family about reintubation and agreement that the patient would be DNI going forward, supporting the text that the patient's code status was changed to Do Not Intubate after family discussion.","Hospital Admission Start: 4 days 21 hours ago
Hospital Admission End: Now
Electronic Health Record Context
Ordered by Time (Earliest to Latest):
1. When: 644 days 18 hours ago, Note Category: Physician, Note Description: Physician Resident Admission Note | Text: Of note, despite documentation for DNR/I and previous
   hospitalizations as such, the patient would like to be full code per
   patient and patient's son.  
2. When: 642 days 18 hours ago, Note Category: Discharge summary, Note Description: Report | Text: Code - On arrival to the ED the patient had requested that he
would like his code status to be changed from DNR to Full Code.

3. When: 642 days 18 hours ago, Note Category: Discharge summary, Note Description: Report | Text: Of note, despite documentation for
DNR/I and previous hospitalizations as such, the patient would
like to be full code per patient and patient's son.  
4. When: 642 days 18 hours ago, Note Category: Discharge summary, Note Description: Report | Text: He and his son have stated they would consider changing back to
DNR after discharge back to rehab. 
5. When: 5 days 18 hours ago, Note Category: Physician, Note Description: Cardiology fellow CCU admit note | Text: DNR/DNI
   confirmed from nursing home paperwork.
   
6. When: 4 days 18 hours ago, Note Category: Physician, Note Description: Physician Resident Admission Note | Text: The patient was placed on BiPAP to help
   with his breathing, as he was reportedly DNR/DNI at his nursing home.
   
7. When: 4 days 18 hours ago, Note Category: Physician, Note Description: Physician Resident Admission Note | Text: However, on further discussion with the patient's HCP, it was stated
   that the patient would want to be full code.
   
8. When: 3 days 18 hours ago, Note Category: General, Note Description: ICU Event Note | Text: Patient
   voiced his desire not to have a breathing tube put back in.  
9. When: 3 days 18 hours ago, Note Category: General, Note Description: ICU Event Note | Text: Clinician:  Resident
   Met with family and discussed possible need for reintubation.  
10. When: 3 days 18 hours ago, Note Category: General, Note Description: ICU Event Note | Text: Nurse present and all in agreement that patient would be DNI
   going forward.
"
03c42051-6f07-5fe4-1dfa-69d51462c0ee,EHR Completo,"The patient, a 90+ year-old man with a history of CAD, CHF, OSA, and AF, was admitted to the ICU with increased respiratory distress. ",Supported,"The reference confirms the patient is a man over 90 years old with a history of CAD, CHF, OSA, and AF, admitted with increased respiratory distress, consistent with the text.","Hospital Admission Start: 4 days 21 hours ago
Hospital Admission End: Now
Electronic Health Record Context
Ordered by Time (Earliest to Latest):
1. When: 4 days 18 hours ago, Note Category: Physician, Note Description: Physician Resident Admission Note | Text: 8 mmol/L
   Assessment and Plan
   [**Age over 90 323**] y/o M with history of CHF, ?COPD who was sent to the ED from [**Hospital 12**]
   Rehab for respiratory distress.
2. When: 3 days 18 hours ago, Note Category: Radiology, Note Description: CHEST (PORTABLE AP) | Text: REASON FOR THIS EXAMINATION:
  interval change
 ______________________________________________________________________________
                                 FINAL REPORT
 INDICATION:  [**Age over 90 **]-year-old man with CHF, intubated, question interval change.

 
3. When: 3 days 18 hours ago, Note Category: Nursing, Note Description: Nursing Progress Note | Text: Pt is a [**Age over 90 323**] y/o M w/ h/o CAD ,  CHF (last EF>55% w/o diastolic
   dysfunction on doppler in [**2168**]), OSA, 2nd degree AVB s/p dual chamber
   [**Company 2375**] PPM in [**2167**], recurrent pna and bronchitis, htn, h/o DVT and
   AF on coumadin here with increased respiratory distress from nursing
   home.
4. When: 2 days 18 hours ago, Note Category: Nursing, Note Description: Nursing Progress Note | Text: old man w/ h/o CAD ,  CHF (last EF>55% w/o diastolic
   dysfunction on doppler in [**2168**]), OSA, 2nd degree AVB s/p dual chamber
   [**Company 2375**] PPM in [**2167**], recurrent pneumonia and bronchitis, htn, h/o DVT
   and AF on Coumadin. 
5. When: 2 days 18 hours ago, Note Category: Physician, Note Description: Physician Resident Progress Note | Text: 3 mg/dL
   Assessment and Plan
   [**Age over 90 323**] y/o M with history of CHF, ?COPD who was sent to the ED from [**Hospital 12**]
   Rehab for respiratory distress.
6. When: 2 days 18 hours ago, Note Category: Nursing, Note Description: Nursing Transfer Note | Text: old man w/ h/o CAD ,  CHF (last EF>55% w/o diastolic
   dysfunction on doppler in [**2168**]), OSA, 2nd degree AVB s/p dual chamber
   [**Company 2375**] PPM in [**2167**], recurrent pneumonia and bronchitis, htn, h/o DVT
   and AF on Coumadin.
"
02806104-d643-9e2c-49dc-6afe7e155979,EHR Completo,"Initial evaluation revealed moderate cardiomegaly, low lung volumes, a small left pleural effusion, and increased interstitial lung markings consistent with mild pulmonary edema. ",Supported,"The reference notes moderate cardiomegaly, a small left pleural effusion, and increased interstitial lung markings consistent with mild pulmonary edema, which fully supports the text. Low lung volumes are not explicitly mentioned but the other findings match.","Hospital Admission Start: 4 days 21 hours ago
Hospital Admission End: Now
Electronic Health Record Context
Ordered by Time (Earliest to Latest):
1. When: 5 days 18 hours ago, Note Category: Radiology, Note Description: CHEST (PORTABLE AP) | Text: Increased interstitial lung markings
 and perihilar opacities consistent with mild pulmonary edema is noted.  
2. When: 5 days 18 hours ago, Note Category: Radiology, Note Description: CHEST (PORTABLE AP) | Text: There is moderate
 cardiomegaly.
3. When: 5 days 18 hours ago, Note Category: Radiology, Note Description: CHEST (PORTABLE AP) | Text: IMPRESSION:  Pulmonary edema with left pleural effusion.



4. When: 5 days 18 hours ago, Note Category: Radiology, Note Description: CHEST (PORTABLE AP) | Text: There is a small left pleural
 effusion with associated atelectasis.  
5. When: 4 days 18 hours ago, Note Category: Echo, Note Description: Report | Text: Compared with the prior study (images reviewed) of [**2168-5-25**], moderate pulm
hypertension is now detected.



6. When: 4 days 18 hours ago, Note Category: Echo, Note Description: Report | Text: There is
moderate pulmonary artery systolic hypertension. 
7. When: 3 days 18 hours ago, Note Category: Radiology, Note Description: CHEST (PORTABLE AP) | Text: There is improved
 mild pulmonary edema.  
8. When: 3 days 18 hours ago, Note Category: Radiology, Note Description: CHEST (PORTABLE AP) | Text: IMPRESSION:

 Improvement in mild pulmonary edema with unchanged left lower lobe
 atelectasis.



9. When: 1 days 18 hours ago, Note Category: Radiology, Note Description: CHEST (PORTABLE AP) | Text: REASON FOR THIS EXAMINATION:
  Evaluate for worsening pulmonary edema.
10. When: 1 days 18 hours ago, Note Category: Radiology, Note Description: CHEST (PORTABLE AP) | Text: There is mild
 atelectasis at the lung bases.  
"
b505de32-fd7e-b7b7-e524-0f7da5c4130b,EHR Completo,"He was treated with lasix, IV antibiotics, and BiPAP, but his condition worsened, and he was intubated due to high PCo2 levels. ",Supported,"The reference notes treatment with lasix, IV antibiotics (vanc/cefepime), and BiPAP, followed by worsening respiratory status leading to intubation due to elevated PCo2 levels, which fully supports the text.","Hospital Admission Start: 4 days 21 hours ago
Hospital Admission End: Now
Electronic Health Record Context
Ordered by Time (Earliest to Latest):
1. When: 644 days 18 hours ago, Note Category: Physician, Note Description: Physician Attending Admission Note | Text: ED: T 101.8, got bipap for elevated CO2, Vanc and Cefepime,
   methyprednisolone
   ICU: c/o SOB and water in lungs due to pneumonia. 
2. When: 642 days 18 hours ago, Note Category: Discharge summary, Note Description: Report | Text: His lasix were transitioned to 80mg po
BID as above.

3. When: 4 days 18 hours ago, Note Category: Physician, Note Description: Physician Resident Admission Note | Text: Here, he has been treated with lasix, morphine, and nitro gtt.
   
4. When: 4 days 18 hours ago, Note Category: Physician, Note Description: Physician Resident Admission Note | Text: The patient was placed on BiPAP to help
   with his breathing, as he was reportedly DNR/DNI at his nursing home.
   
5. When: 4 days 18 hours ago, Note Category: Physician, Note Description: Physician Resident Admission Note | Text: He was given
   40 mg IV lasix and put out 30-40 cc of urine.  
6. When: 4 days 18 hours ago, Note Category: Physician, Note Description: Physician Resident Admission Note | Text: He was given
   vanc/cefepime for possible PNA on CXR.  
7. When: 4 days 18 hours ago, Note Category: Physician, Note Description: Physician Resident Progress Note | Text: Chief Complaint:
   24 Hour Events:
   - pt's respiratory status did not improve with adjustment of his BiPAP,
   ultimately resulting in intubation/mechanical ventilation
   Allergies:
   Penicillins
   itching;
   Levofloxacin
   Rash;
   Phenazopyridine
   Unknown;
   Last dose of Antibiotics:
   Infusions:
   Dopamine - 6 mcg/Kg/min
   Other ICU medications:
   Furosemide (Lasix) - [**2171-3-7**]
8. When: 2 days 18 hours ago, Note Category: Nursing, Note Description: Nursing Progress Note | Text: Repeat ABG: PCo2 still 93
   3/4Intubated at 0445, Sxn
d for thick secretions. 
"
0aeffdfc-7aa0-e9ef-17dd-4d16806886d1,EHR Completo,"The patient was then placed on mechanical ventilation, sedation, and peripheral dopamine for BP support. ",Not Supported,"The reference shows the patient was placed on BiPAP, not mechanical ventilation, and dopamine was started for BP support. Sedation was decreased rather than started. Therefore, the text is not fully supported.","Hospital Admission Start: 4 days 21 hours ago
Hospital Admission End: Now
Electronic Health Record Context
Ordered by Time (Earliest to Latest):
1. When: 642 days 18 hours ago, Note Category: Discharge summary, Note Description: Report | Text: The patient was continued on
lasix with subsequent improvement in respiratory status. 
2. When: 642 days 18 hours ago, Note Category: Discharge summary, Note Description: Report | Text: Additionally he was given vancomycin,
cefepime, albuterol, atrovent, and methylprednisolone 125mg. 
3. When: 4 days 18 hours ago, Note Category: Nursing, Note Description: Nursing Progress Note | Text: Peripheral Dopamine started for BP
   support, 400cc ivf given in total.
          
4. When: 4 days 18 hours ago, Note Category: Physician, Note Description: Physician Resident Admission Note | Text: The patient was placed on BiPAP to help
   with his breathing, as he was reportedly DNR/DNI at his nursing home.
   
5. When: 4 days 18 hours ago, Note Category: Physician, Note Description: Physician Resident Progress Note | Text: For this, the patient has received Lasix boluses.
   
6. When: 3 days 18 hours ago, Note Category: Nursing, Note Description: Nursing Progress Note | Text: Respiratory failure, acute (not ARDS/[**Doctor Last Name **])
   Assessment:
   intubated for volume overload with pna, temp 98.6, min secretions with
   suctioning, LS clear, hr 69 afib, bp 113/56
   Action:
   dopamine off, sedation decreased .5 midaz , 25 fentanyl, 80mg lasix,
   antibiotics. 
7. When: 3 days 18 hours ago, Note Category: Nursing, Note Description: Nursing Progress Note | Text: Peripheral Dopamine started for BP
   support, 400cc ivf given in total.
   
8. When: 2 days 18 hours ago, Note Category: Nursing, Note Description: Nursing Progress Note | Text: Peripheral Dopamine started for BP
   support, 400cc ivf given in total.  
"
efc45fc9-4a7e-c9ac-ad08-6611448f19fd,EHR Completo,"He was treated for a urinary tract infection with nitrofurantoin and was being monitored for fluid balance, cardiac function, and renal function. ",Not Addressed,"The reference mentions treatment with Rocephin, lasix, morphine, nitro gtt, and coumadin, but does not mention treatment for a urinary tract infection with nitrofurantoin or monitoring of fluid balance, cardiac function, and renal function.","Hospital Admission Start: 4 days 21 hours ago
Hospital Admission End: Now
Electronic Health Record Context
Ordered by Time (Earliest to Latest):
1. When: 644 days 18 hours ago, Note Category: Physician, Note Description: Physician Resident Admission Note | Text: Of note he has recently been treated
   with Rocephin 4 days x 2 courses.
2. When: 642 days 18 hours ago, Note Category: Discharge summary, Note Description: Report | Text: Of note he has recently
been treated with Rocephin 4 days x 2 courses.  
3. When: 4 days 18 hours ago, Note Category: Physician, Note Description: Physician Resident Admission Note | Text: Here, he has been treated with lasix, morphine, and nitro gtt.
   
4. When: 4 days 18 hours ago, Note Category: Physician, Note Description: Physician Resident Admission Note | Text: Also, of note, he was tried on
   a nitro gtt, which initially caused some hypotension.
   
5. When: 4 days 18 hours ago, Note Category: Physician, Note Description: Physician Resident Progress Note | Text: He is
   on coumadin for anticoagulation.
   
6. When: 2 days 18 hours ago, Note Category: Physician, Note Description: Physician Resident Progress Note | Text: He is
   on coumadin for anticoagulation.
"
821a8468-cfa8-b9d3-6892-d147ed1d246e,EHR Completo,"The patient's disposition was pending, with consideration for discharge or continued care.",Not Addressed,The reference context does not mention the patient's disposition status or considerations for discharge or continued care.,"Hospital Admission Start: 4 days 21 hours ago
Hospital Admission End: Now
Electronic Health Record Context
Ordered by Time (Earliest to Latest):
1. When: 643 days 18 hours ago, Note Category: Physician, Note Description: Physician Resident Progress Note | Text: Given pt
s tenious status
   and likely aspiration
 continued on Vanc/cefepime. 
2. When: 642 days 18 hours ago, Note Category: Discharge summary, Note Description: Report | Text: The patient was continued on
lasix with subsequent improvement in respiratory status. 
3. When: 642 days 18 hours ago, Note Category: Discharge summary, Note Description: Report | Text: The
patient remained afebrile throughout his hospitalization. 
4. When: 642 days 18 hours ago, Note Category: Discharge summary, Note Description: Report | Text: The patient was found to have
an increased oxygen requirement and an o2 sat in the 70s at
rehab.  
5. When: 4 days 18 hours ago, Note Category: Physician, Note Description: Physician Resident Admission Note | Text: The patient was placed on BiPAP to help
   with his breathing, as he was reportedly DNR/DNI at his nursing home.
   
6. When: 4 days 18 hours ago, Note Category: Radiology, Note Description: NASO-INTESTINAL TUBE PLACEMENT (W/FLUORO) | Text: The patient tolerated the procedure well.
7. When: 3 days 18 hours ago, Note Category: General, Note Description: ICU Event Note | Text: Clinician:  Resident
   Met with family and discussed possible need for reintubation.  
8. When: 3 days 18 hours ago, Note Category: General, Note Description: ICU Event Note | Text: Nurse present and all in agreement that patient would be DNI
   going forward.
9. When: 3 days 18 hours ago, Note Category: Radiology, Note Description: CHEST (PORTABLE AP) | Text: Patient is rotated.  
"
3d70847e-d1c1-0159-2610-3982a6824064,EHR Completo,He was able to tolerate sips of clear liquids and eventually advanced to a more solid diet. ,Supported,"The reference notes indicate the patient was tolerating sips of clear liquids and was encouraged to advance to solids, supporting the text that he was able to tolerate sips of clear liquids and eventually advanced to a more solid diet.","Hospital Admission Start: 14 days 17 hours ago
Hospital Admission End: Now
Electronic Health Record Context
Ordered by Time (Earliest to Latest):
1. When: 14 days 13 hours ago, Note Category: Physician, Note Description: Intensivist Note | Text: He was admitted, hydrated, and started on PO vanco. 
2. When: 14 days 13 hours ago, Note Category: Nursing, Note Description: Nursing Progress Note | Text: He
   was admitted, hydrated, and started on PO vanco. 
3. When: 14 days 13 hours ago, Note Category: Nursing, Note Description: Nursing Progress Note | Text: He
   was admitted, hydrated, and started on PO vancomycin. 
4. When: 10 days 13 hours ago, Note Category: Physician, Note Description: Intensivist Note | Text: ?Clears
   Nutrition: Clear liquids, Tolerating sips.  
5. When: 10 days 13 hours ago, Note Category: Physician, Note Description: Intensivist Note | Text: Nutrition: Clear liquids, Tolerating sips.  
6. When: 10 days 13 hours ago, Note Category: Physician, Note Description: Intensivist Note | Text: Tolerating sips.  
7. When: 9 days 13 hours ago, Note Category: Nursing, Note Description: Nursing Transfer Note | Text: Tolerating clear/full liquids well- advance diet as
   tolerated.
                    
8. When: 9 days 13 hours ago, Note Category: Nursing, Note Description: Nursing Transfer Note | Text: Tolerating POs well, denies nausea,
   encouraged to eat solids. 
9. When: 6 days 13 hours ago, Note Category: Radiology, Note Description: PICC W/O PORT | Text: The patient tolerated the procedure well. 
"
470c70f2-37d9-011a-07e1-75b28fb4223a,EHR Completo,"The patient's atrial fibrillation was managed with amiodarone and lopressor, and his heart rate and blood pressure were stabilized. ",Supported,"The reference notes that the patient was treated with amiodarone and lopressor for atrial fibrillation, with amiodarone helping control heart rate and convert to sinus rhythm, and lopressor started and uptitrated as tolerated, indicating stabilization of heart rate and blood pressure.","Hospital Admission Start: 14 days 17 hours ago
Hospital Admission End: Now
Electronic Health Record Context
Ordered by Time (Earliest to Latest):
1. When: 13 days 13 hours ago, Note Category: Nursing, Note Description: Nursing Progress Note | Text: Action:
   Bladder pressure obtained as abd felt firmer this evening than early
   am, fentanyl administered ivp prn for pain control, propofol gtt
   infusing at 20mcg/kg/min for light sedation.
2. When: 11 days 13 hours ago, Note Category: Physician, Note Description: Cardiology Comprehensive Physician Note | Text: Atrial tachycardia: start lopressor 25 QID PO and uptitrate if
   patient
s BP tolerates the beta blocker, continue amiodarone 400 [**Hospital1 **]
   for now, no anticoagulation needed for now since atrial tachycardia not
   Afib, if patient develops Afib consider coumadin since CHADS score 2,
   would check another Echo to assess for structural abnormalities.
3. When: 11 days 13 hours ago, Note Category: Physician, Note Description: Cardiology Comprehensive Physician Note | Text: Amiodarone iv was started
   which helped control the heart rate and eventually converted him to
   sinus.  
4. When: 11 days 13 hours ago, Note Category: Nursing, Note Description: Nursing Progress Note | Text: Action:
   PO amiodarone and lopressor given at 1700 after Dr [**First Name (STitle) **] spoke with
   cardiology.  
5. When: 10 days 13 hours ago, Note Category: Nursing, Note Description: Nursing Progress Note | Text: Plan:
   Con
t to monitor HR closely, pt now getting PO amiodarone and PO
   lopressor as ordered.
6. When: 10 days 13 hours ago, Note Category: Nursing, Note Description: Nursing Progress Note | Text: Atrial fibrillation (Afib)
   Assessment:
   Pt in SR w/ rate in the 80-90
s at the beginning of the shift..  Had
   received first PO dose of amiodarone 400mg at 5pm, IV gtt of amio at
   0.5mg/min turned off at 9:30pm  Pt hypotensive at that time with BP as
   low as 75/45.
7. When: 9 days 13 hours ago, Note Category: Physician, Note Description: Intensivist Note | Text: Neurologic: Pain controlled, Continue Diluadid PCA
   Cardiovascular: Aspirin, Beta-blocker, Statins, Patient currently in
   sinus Rhythm. 
8. When: 9 days 13 hours ago, Note Category: Nursing, Note Description: Nursing Transfer Note | Text: Action:
   Receiving 400mg amiodarone [**Hospital1 **] & 50mg lopressor [**Hospital1 **] for afib.
   
9. When: 9 days 13 hours ago, Note Category: Echo, Note Description: Report | Text: PATIENT/TEST INFORMATION:
Indication: Atrial fibrillation. 
10. When: 6 days 13 hours ago, Note Category: Radiology, Note Description: PICC W/O PORT | Text: The patient tolerated the procedure well. 
"
8ebcf909-ec3c-8eaa-ed34-489a7af2c68a,EHR Completo,He received physical therapy and antibiotic coverage for his surgical site. ,Not Supported,The reference mentions antibiotic treatment (meropenem/flagyl IV and PO vancomycin) and wound dressing changes but does not mention physical therapy or specific antibiotic coverage for the surgical site.,"Hospital Admission Start: 14 days 17 hours ago
Hospital Admission End: Now
Electronic Health Record Context
Ordered by Time (Earliest to Latest):
1. When: 14 days 13 hours ago, Note Category: Physician, Note Description: Intensivist Note | Text: He was transfered to
   the ICU, intubated, had a central line placed, started on
   vasopressors, and was given 3L IVF and meropenem/flagyl IV.
   
2. When: 14 days 13 hours ago, Note Category: Physician, Note Description: Intensivist Note | Text: He was admitted, hydrated, and started on PO vanco. 
3. When: 14 days 13 hours ago, Note Category: Nursing, Note Description: Nursing Progress Note | Text: He
   was admitted, hydrated, and started on PO vanco. 
4. When: 14 days 13 hours ago, Note Category: Nursing, Note Description: Nursing Progress Note | Text: He
   was admitted, hydrated, and started on PO vancomycin. 
5. When: 9 days 13 hours ago, Note Category: Nursing, Note Description: Nursing Progress Note | Text: Action:
   Abdominal wound dressing changed. 
6. When: 6 days 13 hours ago, Note Category: Radiology, Note Description: PICC W/O PORT | Text: The procedure was explained to the patient. 
7. When: 6 days 13 hours ago, Note Category: Radiology, Note Description: PICC W/O PORT | Text: The patient tolerated the procedure well. 
8. When: 6 days 13 hours ago, Note Category: Radiology, Note Description: PICC W/O PORT | Text: The catheter was secured
 to the skin, flushed, and a sterile dressing applied.

 
"
80d33852-8e45-43b1-408c-e9a049b6c682,EHR Completo,"The patient was eventually transferred to a rehabilitation program, where he continued to receive treatment for his various complications, including impaired skin integrity due to a leaking ostomy bag and thrush.

",Not Supported,"The reference notes indicate the patient had impaired skin integrity and thrush during hospitalization with ostomy bag care, but there is no mention of transfer to a rehabilitation program or continuation of treatment there.","Hospital Admission Start: 14 days 17 hours ago
Hospital Admission End: Now
Electronic Health Record Context
Ordered by Time (Earliest to Latest):
1. When: 15 days 13 hours ago, Note Category: Radiology, Note Description: CHEST PORT. LINE PLACEMENT | Text: FINDINGS:  As compared to the previous examination, an endotracheal tube has
 been placed.  
2. When: 14 days 13 hours ago, Note Category: Physician, Note Description: Intensivist Note | Text: He was admitted, hydrated, and started on PO vanco. 
3. When: 14 days 13 hours ago, Note Category: Nursing, Note Description: Nursing Progress Note | Text: Arrangements were then made for transfer here by his family
s request
   PMHx:
   HTN
   Perforated Diverticulitis [**6-/2125**] c/b sepsis, respiratory failure, ARF,
   A Fib, multiple abscess formation after colectomy and hartmann
s pouch
   at OSH. 
4. When: 14 days 13 hours ago, Note Category: Nursing, Note Description: Nursing Progress Note | Text: will
   mature stoma at bedside in next 1-2 days per surgical team
   Impaired Skin Integrity
   Assessment:
   Coccyx/buttocks reddened and blanchable on admission
   Action:
   Pt turned side to side q2hours in swimmers position and barrier cream
   applied
   Response:
   Area remains red and blanchable
   Plan:
   Continue frequent repositioning and swimmers position
5. When: 14 days 13 hours ago, Note Category: Nursing, Note Description: Nursing Progress Note | Text: He
   was admitted, hydrated, and started on PO vancomycin. 
6. When: 10 days 13 hours ago, Note Category: Nursing, Note Description: Nursing Progress Note | Text: Impaired Skin Integrity
   Assessment:
   Complains of tongue
burning
 and lips
chapped
, hx of thrush with
   last intubation. 
7. When: 10 days 13 hours ago, Note Category: Nursing, Note Description: Nursing Progress Note | Text: Action:
   Started on nystatin swish and swallow, Vaseline to lips, ostomy bag
   changed and secured.
   
8. When: 9 days 13 hours ago, Note Category: Nursing, Note Description: Nursing Progress Note | Text: Ostomy bag intact.
   
9. When: 6 days 13 hours ago, Note Category: Radiology, Note Description: PICC W/O PORT | Text: The procedure was explained to the patient. 
10. When: 6 days 13 hours ago, Note Category: Radiology, Note Description: PICC W/O PORT | Text: The patient tolerated the procedure well. 
"
0fdc44f3-34e8-dbf8-82f2-ea42e40665f0,EHR Completo,"During his hospital stay, the patient underwent several imaging studies, including chest X-rays, abdominal X-rays, and an echocardiogram. ",Supported,"The reference mentions chest X-rays (CXR), abdominal radiographs, and a bedside echocardiogram performed during the hospital stay, supporting the text's statement about these imaging studies.","Hospital Admission Start: 14 days 17 hours ago
Hospital Admission End: Now
Electronic Health Record Context
Ordered by Time (Earliest to Latest):
1. When: 15 days 13 hours ago, Note Category: Radiology, Note Description: CHEST PORT. LINE PLACEMENT | Text: FINDINGS:  As compared to the previous examination, an endotracheal tube has
 been placed.  
2. When: 14 days 13 hours ago, Note Category: Physician, Note Description: Intensivist Note | Text: Lines / Tubes / Drains: L TLC, A line, PIV ETT, Foley
   Wounds: None
   Imaging: CT Abdomen,
3. When: 14 days 13 hours ago, Note Category: Physician, Note Description: Intensivist Note | Text: Lines / Tubes / Drains: L TLC, A line, PIV ETT, Foley
   Wounds: None
   Imaging: CT Abdomen, CXR
   Fluids:  NS @ 100
   Consults: Trauma
   Billing Diagnosis: Respiratory failure, acute renal failure,
4. When: 14 days 13 hours ago, Note Category: Nursing, Note Description: Nursing Progress Note | Text: Arrangements were then made for transfer here by his family
s request
   *********PT TO OR TODAY FOR EX LAP WITH COLECTOMY AND ILEOSTOMY****
   Sepsis, Severe (with organ dysfunction)
   Assessment:
   Pt hypotensive and tachycardiac with c diff colitis s/p colectomy with
   ileostomy, elevated renal function and vent dependent, extreme acidosis
   with normal lactate
   Action:
   [**Last Name (un) 5335**] monitoring initiated,
5. When: 13 days 13 hours ago, Note Category: Nursing, Note Description: Nursing Progress Note | Text: Bedside ECHO performed. 
6. When: 8 days 13 hours ago, Note Category: Radiology, Note Description: ABDOMEN (SUPINE & ERECT) | Text: FINDINGS:  Abdominal radiograph, supine and upright views.  
7. When: 6 days 13 hours ago, Note Category: Radiology, Note Description: PICC W/O PORT | Text: The procedure was explained to the patient. 
8. When: 6 days 13 hours ago, Note Category: Radiology, Note Description: PICC W/O PORT | Text: The patient tolerated the procedure well. 
9. When: 6 days 13 hours ago, Note Category: Radiology, Note Description: PICC W/O PORT | Text: Position of the catheter was confirmed by a
 fluoroscopic spot film of the chest.
10. When: 6 days 13 hours ago, Note Category: Radiology, Note Description: PICC W/O PORT | Text: Hard copies of ultrasound images were obtained before and immediately after
 establishing intravenous access.
"
56ceb3e1-ae47-feff-809c-cfc4675e63d8,EHR Completo,"The patient was treated with antibiotics, vasopressors, and mechanical ventilation, and his condition was closely monitored in the ICU. ",Supported,"The reference states the patient was transferred to the ICU, intubated (mechanical ventilation), started on vasopressors, and treated with antibiotics (meropenem/flagyl and PO vancomycin), indicating close monitoring in the ICU.","Hospital Admission Start: 14 days 17 hours ago
Hospital Admission End: Now
Electronic Health Record Context
Ordered by Time (Earliest to Latest):
1. When: 14 days 13 hours ago, Note Category: Physician, Note Description: Intensivist Note | Text: He was transfered to
   the ICU, intubated, had a central line placed, started on
   vasopressors, and was given 3L IVF and meropenem/flagyl IV.
   
2. When: 14 days 13 hours ago, Note Category: Physician, Note Description: Intensivist Note | Text: He was admitted, hydrated, and started on PO vanco. 
3. When: 14 days 13 hours ago, Note Category: Nursing, Note Description: Nursing Progress Note | Text: He was
   transferred to the ICU, intubated, had a central line placed, started
   on
   vasopressors, and was given 3L IVF and meropenem/flagyl IV.
4. When: 14 days 13 hours ago, Note Category: Nursing, Note Description: Nursing Progress Note | Text: He
   was admitted, hydrated, and started on PO vancomycin. 
5. When: 9 days 13 hours ago, Note Category: Physician, Note Description: Intensivist Note | Text: Neurologic: Pain controlled, Continue Diluadid PCA
   Cardiovascular: Aspirin, Beta-blocker, Statins, Patient currently in
   sinus Rhythm. 
6. When: 6 days 13 hours ago, Note Category: Radiology, Note Description: PICC W/O PORT | Text: The procedure was explained to the patient. 
7. When: 6 days 13 hours ago, Note Category: Radiology, Note Description: PICC W/O PORT | Text: The patient tolerated the procedure well. 
"
6440902e-c077-ee3c-c9e7-7d990607e4d6,EHR Completo,"He experienced several complications, including atrial fibrillation and supraventricular tachycardia, but was successfully converted to a normal sinus rhythm with treatment. ",Supported,"The reference documents the patient experiencing supraventricular tachycardia and atrial premature beats, with treatment including amiodarone IV that helped convert him to sinus rhythm, supporting the text's statement about complications including atrial fibrillation and supraventricular tachycardia and successful conversion to normal sinus rhythm.","Hospital Admission Start: 14 days 17 hours ago
Hospital Admission End: Now
Electronic Health Record Context
Ordered by Time (Earliest to Latest):
1. When: 15 days 13 hours ago, Note Category: ECG, Note Description: Report | Text: Sinus rhythm with borderline sinus tachycardia and atrial premature beats.

2. When: 14 days 13 hours ago, Note Category: Physician, Note Description: Intensivist Note | Text: Over a short periord this afternoon he quickly decompensated
   becoming hypotensive with respiratory distress.  
3. When: 13 days 13 hours ago, Note Category: Nursing, Note Description: Nursing Progress Note | Text: Supraventricular tachycardia (SVT)
   Assessment:
   Sinus rhythm rate 100-120 with occasional apcs, bp on vasopressin and
   levophed maintained with map 60.
4. When: 11 days 13 hours ago, Note Category: Physician, Note Description: Cardiology Comprehensive Physician Note | Text: Amiodarone iv was started
   which helped control the heart rate and eventually converted him to
   sinus.  
5. When: 11 days 13 hours ago, Note Category: Physician, Note Description: Cardiology Comprehensive Physician Note | Text: We were consulted to help with the management of this supraventricular
   tachycardia.
6. When: 11 days 13 hours ago, Note Category: Physician, Note Description: Cardiology Comprehensive Physician Note | Text: Since
   then he developed acute renal failure and narrow complex tachycardia.
   
7. When: 11 days 13 hours ago, Note Category: Physician, Note Description: Cardiology Comprehensive Physician Note | Text: Sinus tachycardia: continue pain medication and rehydration with
   crystalline solutions
   For his wheezing likely due to history of recent intubation please
   avoid beta2 agonist and use ipatropium inhalers
   Cardiovascular risk profile: consider starting ASA 81 mg and check
   lipids to assess need for statin therapy
8. When: 9 days 13 hours ago, Note Category: Physician, Note Description: Intensivist Note | Text: Neurologic: Pain controlled, Continue Diluadid PCA
   Cardiovascular: Aspirin, Beta-blocker, Statins, Patient currently in
   sinus Rhythm. 
9. When: 9 days 13 hours ago, Note Category: Physician, Note Description: Intensivist Note | Text: Cardiovascular: Aspirin, Beta-blocker
 increase to 50 mg tid, Statins,
   Post op AF
 Patient currently in sinus Rhythm. 
10. When: 6 days 13 hours ago, Note Category: Radiology, Note Description: PICC W/O PORT | Text: The patient tolerated the procedure well. 
"
6d2953ec-9991-971b-a839-a7f35055e62a,EHR Completo,"These studies revealed findings consistent with small-bowel obstruction, left pleural effusion, and mildly thickened aortic and mitral valve leaflets. ",Supported,"The reference includes findings of small-bowel obstruction (dilated loops with air-fluid levels), left pleural effusion (moderate left pleural effusion noted), and mildly thickened aortic and mitral valve leaflets, fully supporting the text.","Hospital Admission Start: 14 days 17 hours ago
Hospital Admission End: Now
Electronic Health Record Context
Ordered by Time (Earliest to Latest):
1. When: 14 days 13 hours ago, Note Category: Radiology, Note Description: CHEST (PORTABLE AP) | Text: There are low lung volumes and elevation
 of the left hemidiaphragm.  
2. When: 13 days 13 hours ago, Note Category: Radiology, Note Description: CHEST (PORTABLE AP) | Text: There has been
 interval increase in mild to moderate right and moderate left pleural effusion
 and adjacent atelectasis. 
3. When: 11 days 13 hours ago, Note Category: Radiology, Note Description: CHEST (PORTABLE AP) | Text: The extent of the left-sided pleural
 effusion, combined with the pre-existing left basal and retrocardiac opacity
 have slightly increased.  
4. When: 11 days 13 hours ago, Note Category: Physician, Note Description: Cardiology Comprehensive Physician Note | Text: The mitral valve leaflets are
   mildly thickened. 
5. When: 9 days 13 hours ago, Note Category: Echo, Note Description: Report | Text: The mitral valve leaflets are mildly thickened.

6. When: 9 days 13 hours ago, Note Category: Echo, Note Description: Report | Text: MITRAL VALVE: Mildly thickened mitral valve leaflets. 
7. When: 9 days 13 hours ago, Note Category: Echo, Note Description: Report | Text: AORTIC VALVE: Mildly thickened aortic valve leaflets (3). 
8. When: 8 days 13 hours ago, Note Category: Radiology, Note Description: ABDOMEN (SUPINE & ERECT) | Text: Assess for evidence of small-bowel
 obstruction.

 
9. When: 8 days 13 hours ago, Note Category: Radiology, Note Description: ABDOMEN (SUPINE & ERECT) | Text: IMPRESSION:

 Dilated loops of small bowels with ""stepladder"" air-fluid levels, consistent
 with early small-bowel obstruction.
10. When: 8 days 13 hours ago, Note Category: Radiology, Note Description: CHEST (PA & LAT) | Text: Some atelectatic changes and probable pleural fluid are seen at
 the left base.  
"
ee7cb69e-eb5e-5fe0-8feb-93096ada1190,EHR Completo,"The patient also had a PICC line placed for TPN administration, which was initially misplaced but later corrected. ",Supported,"The reference documents a PICC line placement for TPN, initially misplaced curling into the axilla, then corrected with the tip positioned in the SVC under fluoroscopic guidance, fully supporting the text.","Hospital Admission Start: 14 days 17 hours ago
Hospital Admission End: Now
Electronic Health Record Context
Ordered by Time (Earliest to Latest):
1. When: 14 days 13 hours ago, Note Category: Nursing, Note Description: Nursing Progress Note | Text: New central line placed, art line placed.
   
2. When: 13 days 13 hours ago, Note Category: Nursing, Note Description: Nursing Progress Note | Text: 1 unit PRBCs
   administered. 
3. When: 7 days 13 hours ago, Note Category: Radiology, Note Description: CHEST PORT. LINE PLACEMENT | Text: PICC placement was discussed by Dr. 
4. When: 7 days 13 hours ago, Note Category: Radiology, Note Description: CHEST PORT. LINE PLACEMENT | Text: LINE PLACEMENT                                      Clip # [**Clip Number (Radiology) 96730**]
 Reason: r dl picc 45cm
 Admitting Diagnosis: ACUTE RENAL FAILURE
 ______________________________________________________________________________
 [**Hospital 4**] MEDICAL CONDITION:
  73 year old man with picc
 REASON FOR THIS EXAMINATION:
  r dl picc 45cm
 ______________________________________________________________________________
                                  PFI REPORT
 Right PICC catheter coursing towards the lung and then curving around to and
 is directed again laterally terminating in the right axilla.
5. When: 6 days 13 hours ago, Note Category: Radiology, Note Description: PICC W/O PORT | Text: The procedure was explained to the patient. 
6. When: 6 days 13 hours ago, Note Category: Radiology, Note Description: PICC W/O PORT | Text: REASON FOR THIS EXAMINATION:
  Please place PICC.
 
7. When: 6 days 13 hours ago, Note Category: Radiology, Note Description: PICC W/O PORT | Text: ______________________________________________________________________________
                                 FINAL REPORT
 PICC LINE PLACEMENT

 INDICATION: IV access needed for TPN.

 
8. When: 6 days 13 hours ago, Note Category: Radiology, Note Description: PICC W/O PORT | Text: The patient tolerated the procedure well. 
9. When: 6 days 13 hours ago, Note Category: Radiology, Note Description: PICC W/O PORT | Text: Failed bedside PICC placement, curls into axilla.
10. When: 6 days 13 hours ago, Note Category: Radiology, Note Description: PICC W/O PORT | Text: A peel-away sheath was then placed over a
 guidewire and a double-lumen PICC line measuring 40 cm in length was then
 placed through the peel-away sheath with its tip positioned in the SVC under
 fluoroscopic guidance. 
"
6f6a9ac3-fb6c-48d7-f5e8-5f06a4741863,EHR Completo,"The patient's condition continued to improve, and he was eventually discharged from the hospital.",Not Addressed,The reference context does not mention the patient's condition improving to the point of discharge or that the patient was discharged from the hospital.,"Hospital Admission Start: 14 days 17 hours ago
Hospital Admission End: Now
Electronic Health Record Context
Ordered by Time (Earliest to Latest):
1. When: 14 days 13 hours ago, Note Category: Nursing, Note Description: Nursing Progress Note | Text: He
   was admitted, hydrated, and started on PO vancomycin. 
2. When: 12 days 13 hours ago, Note Category: Physician, Note Description: Intensivist Note | Text: Metabolic acidosis resolved.
   
3. When: 12 days 13 hours ago, Note Category: Respiratory, Note Description: Respiratory Care Shift Note | Text: tolerating well at
   this time.  
4. When: 10 days 13 hours ago, Note Category: Nutrition, Note Description: Clinical Nutrition Note | Text: Renal function is improved.
   
5. When: 8 days 13 hours ago, Note Category: Radiology, Note Description: CHEST (PA & LAT) | Text: The right lung is clear.
6. When: 7 days 13 hours ago, Note Category: Radiology, Note Description: CHEST PORT. LINE PLACEMENT | Text: The
 right lung is clear. 
7. When: 7 days 13 hours ago, Note Category: Radiology, Note Description: CHEST PORT. LINE PLACEMENT | Text: The right lung is clear.
 
8. When: 6 days 13 hours ago, Note Category: Radiology, Note Description: PICC W/O PORT | Text: The patient tolerated the procedure well. 
9. When: 6 days 13 hours ago, Note Category: Radiology, Note Description: PICC W/O PORT | Text: The procedure was explained to the patient. 
10. When: 6 days 13 hours ago, Note Category: Radiology, Note Description: PICC W/O PORT | Text: There were no immediate
 complications.

 
"
f3041856-0d94-18c4-63a6-5d4be3322939,EHR Completo,"The patient, a 73-year-old man, was admitted to the hospital with weakness, lower abdominal pain, and evidence of colitis due to C. difficile infection. ",Supported,"The reference clearly states the patient is a 73-year-old man admitted with weakness, lower abdominal pain, and evidence of colitis due to C. difficile infection.","Hospital Admission Start: 14 days 17 hours ago
Hospital Admission End: Now
Electronic Health Record Context
Ordered by Time (Earliest to Latest):
1. When: 15 days 13 hours ago, Note Category: Radiology, Note Description: CT ABDOMEN W/O CONTRAST | Text: ______________________________________________________________________________
                                 FINAL REPORT
 INDICATION:  73-year-old man with C. diff colitis presenting with abdominal
 distention.
2. When: 14 days 13 hours ago, Note Category: Physician, Note Description: Intensivist Note | Text: By report CT scan showed
   evidence of colitis.  
3. When: 14 days 13 hours ago, Note Category: Nursing, Note Description: Nursing Progress Note | Text: TSICU
   HPI:
   73 male with  weakness and lower abdominal pain presented to outside
   hospital [**2-18**]. 
4. When: 14 days 13 hours ago, Note Category: Nursing, Note Description: Nursing Progress Note | Text: 73 male with  weakness and lower abdominal pain presented to outside
   hospital [**2-18**]. 
5. When: 14 days 13 hours ago, Note Category: Nursing, Note Description: Nursing Progress Note | Text: CT
   scan showed evidence of colitis and stool was positive for C Diff. 
6. When: 13 days 13 hours ago, Note Category: Nursing, Note Description: Nursing Progress Note | Text: 73 y.o.m with C.diff colitis, sepsis, resp failure, ARF, toxic
   megacolon, s/p ex lap, total abd colectomy, end ileostomy [**2-22**].
   
7. When: 11 days 13 hours ago, Note Category: Physician, Note Description: Cardiology Comprehensive Physician Note | Text: TITLE:
   Date of service: [**2131-2-25**]
   Initial consultation: Inpatient
   Presenting complaint: Arrhythmia
   History of present illness: 73 year old male with h/o HTN, CVA and
   C.diff colitis with toxic megacolon, septic shock was transferred to
   [**Hospital1 54**] from OSH where he presented with weakness and lower abdominal
   pain.  
8. When: 8 days 13 hours ago, Note Category: Radiology, Note Description: ABDOMEN (SUPINE & ERECT) | Text: ______________________________________________________________________________
                                 FINAL REPORT
 HISTORY:  73-year-old man with complicated C. diff colitis, now status post
 total colectomy and end ileostomy.  
"
c8d8da41-6cc9-2153-378b-a3b85e0cae87,EHR Completo,"He developed sepsis, acute respiratory failure, and acute renal failure, requiring transfer to the ICU, intubation, and vasopressor support. ",Supported,"The reference documents sepsis, acute respiratory failure, and acute renal failure, along with transfer to the ICU, intubation, and vasopressor support, fully supporting the text.","Hospital Admission Start: 14 days 17 hours ago
Hospital Admission End: Now
Electronic Health Record Context
Ordered by Time (Earliest to Latest):
1. When: 14 days 13 hours ago, Note Category: Physician, Note Description: Intensivist Note | Text: He was transfered to
   the ICU, intubated, had a central line placed, started on
   vasopressors, and was given 3L IVF and meropenem/flagyl IV.
   
2. When: 14 days 13 hours ago, Note Category: Physician, Note Description: Intensivist Note | Text: Lines / Tubes / Drains: L TLC, A line, PIV ETT, Foley
   Wounds: None
   Imaging: CT Abdomen, CXR
   Fluids:  NS @ 100
   Consults: Trauma
   Billing Diagnosis: Respiratory failure, acute renal failure,
3. When: 14 days 13 hours ago, Note Category: Nursing, Note Description: Nursing Progress Note | Text: He was
   transferred to the ICU, intubated, had a central line placed, started
   on
   vasopressors, and was given 3L IVF and meropenem/flagyl IV.
4. When: 14 days 13 hours ago, Note Category: Radiology, Note Description: CHEST (PORTABLE AP) | Text: Admitting Diagnosis: ACUTE RENAL FAILURE
 ______________________________________________________________________________
 [**Hospital 4**] MEDICAL CONDITION:
  73 year old man with sepsis, acute desat, acidosis.
 
5. When: 14 days 13 hours ago, Note Category: Radiology, Note Description: CHEST (PORTABLE AP) | Text: Admitting Diagnosis: ACUTE RENAL FAILURE
 ______________________________________________________________________________
 [**Hospital 4**] MEDICAL CONDITION:
  73 year old man with sepsis, acute desat, acidosis.
6. When: 11 days 13 hours ago, Note Category: Physician, Note Description: Cardiology Comprehensive Physician Note | Text: Since
   then he developed acute renal failure and narrow complex tachycardia.
   
7. When: 10 days 13 hours ago, Note Category: Physician, Note Description: Intensivist Note | Text: Lines / Tubes / Drains: Foley
   Wounds: Dry dressings
   Imaging: CXR today
   Fluids: KVO
   Consults: General surgery, Cardiology
   Billing Diagnosis: (Respiratory distress: Failure), (Shock: Septic),
   Acute renal failure
   ICU Care
   Nutrition:
   Comments: On sips, ?adv to clears.
   
8. When: 10 days 13 hours ago, Note Category: Physician, Note Description: Intensivist Note | Text: Lines / Tubes / Drains: Foley
   Wounds: Dry dressings
   Imaging: CXR today
   Fluids: KVO
   Consults: General surgery, Cardiology
   Billing Diagnosis: (Respiratory distress: Failure), (Shock: Septic),
   Acute renal failure
   ICU Care
   Nutrition:
   Comments: On sips, ?adv to clears.
"
b0708132-b608-102e-7fce-b1a5cc9c0be9,EHR Completo,"The patient underwent an exploratory laparotomy, total abdominal colectomy, and end ileostomy due to toxic megacolon. ",Supported,"The reference repeatedly states the patient is s/p exploratory laparotomy (ex lap), total abdominal colectomy, and end ileostomy due to toxic megacolon, directly supporting the text.","Hospital Admission Start: 14 days 17 hours ago
Hospital Admission End: Now
Electronic Health Record Context
Ordered by Time (Earliest to Latest):
1. When: 13 days 13 hours ago, Note Category: Physician, Note Description: Intensivist Note | Text: SICU
   HPI:
   73M with C.diff colitis, sepsis, resp failure, ARF, toxic megacolon,
   s/p ex lap, total abd colectomy, end ileostomy [**2-22**].
2. When: 13 days 13 hours ago, Note Category: Nursing, Note Description: Nursing Progress Note | Text: 73M with C.diff colitis, sepsis, resp failure, ARF, toxic megacolon,
   s/p ex lap, total abd colectomy, end ileostomy [**2-22**].
   
3. When: 13 days 13 hours ago, Note Category: Nursing, Note Description: Nursing Progress Note | Text: 73 y.o.m with C.diff colitis, sepsis, resp failure, ARF, toxic
   megacolon, s/p ex lap, total abd colectomy, end ileostomy [**2-22**].
   
4. When: 12 days 13 hours ago, Note Category: Physician, Note Description: Intensivist Note | Text: TSICU
   HPI:
   73M with C.diff colitis, sepsis, resp failure, ARF, ?toxic megacolon,
   s/p ex lap, total abd colectomy, end ileostomy [**2-22**].
   
5. When: 11 days 13 hours ago, Note Category: Physician, Note Description: Intensivist Note | Text: TSICU
   HPI:
   73M with C.diff colitis, sepsis, resp failure, ARF, ?toxic megacolon,
   s/p ex lap, total abd colectomy, end ileostomy [**2-22**].
6. When: 11 days 13 hours ago, Note Category: Nursing, Note Description: Nursing Progress Note | Text: 73M with C.diff colitis, sepsis, resp failure, ARF, ?toxic megacolon,
   s/p ex lap, total abd colectomy, end ileostomy [**2-22**].
   
7. When: 10 days 13 hours ago, Note Category: Nursing, Note Description: Nursing Progress Note | Text: 73M with C.diff colitis/toxic metacolon, sepsis, resp failure, ARF, s/p
   ex lap, total abd colectomy, end ileostomy [**2-22**].
   
"
d6166e55-acd2-794d-f6b5-8736fdc3d68c,EHR Completo,"He required close monitoring and management of his various organ dysfunctions, including acute respiratory distress syndrome, sepsis, and acute renal failure. ",Supported,"The reference documents the patient having sepsis with organ dysfunction, acute renal failure, respiratory distress, and hypotension requiring vasopressin, supporting the text's statement about close monitoring and management of multiple organ dysfunctions including ARDS, sepsis, and acute renal failure.","Hospital Admission Start: 14 days 17 hours ago
Hospital Admission End: Now
Electronic Health Record Context
Ordered by Time (Earliest to Latest):
1. When: 14 days 13 hours ago, Note Category: Physician, Note Description: Intensivist Note | Text: Then today he developed significant abdominal distension and
   SOB.  
2. When: 14 days 13 hours ago, Note Category: Nursing, Note Description: Nursing Progress Note | Text: He quickly
   decompensated becoming hypotensive with respiratory distress.  
3. When: 14 days 13 hours ago, Note Category: Radiology, Note Description: CHEST (PORTABLE AP) | Text: Admitting Diagnosis: ACUTE RENAL FAILURE
 ______________________________________________________________________________
 [**Hospital 4**] MEDICAL CONDITION:
  73 year old man with sepsis, acute desat, acidosis.
 
4. When: 14 days 13 hours ago, Note Category: Radiology, Note Description: CHEST (PORTABLE AP) | Text: Admitting Diagnosis: ACUTE RENAL FAILURE
 ______________________________________________________________________________
 [**Hospital 4**] MEDICAL CONDITION:
  73 year old man with sepsis, acute desat, acidosis.
5. When: 14 days 13 hours ago, Note Category: Nursing, Note Description: Nursing Progress Note | Text: Arrangements were then made for transfer here by his family
s request
   *********PT TO OR TODAY FOR EX LAP WITH COLECTOMY AND ILEOSTOMY****
   Sepsis, Severe (with organ dysfunction)
   Assessment:
   Pt hypotensive and tachycardiac with c diff colitis s/p colectomy with
   ileostomy, elevated renal function and vent dependent, extreme acidosis
   with normal lactate
   Action:
   [**Last Name (un) 5335**] monitoring initiated,
6. When: 14 days 13 hours ago, Note Category: Nursing, Note Description: Nursing Progress Note | Text: On
   [**2-21**] he developed significant abdominal distension and SOB.  
7. When: 12 days 13 hours ago, Note Category: Nursing, Note Description: Nursing Progress Note | Text: Sepsis, Severe (with organ dysfunction)
   Assessment:
   Low systemic BP requiring vasopressin. 
8. When: 11 days 13 hours ago, Note Category: Physician, Note Description: Cardiology Comprehensive Physician Note | Text: Since
   then he developed acute renal failure and narrow complex tachycardia.
   
"
40d22801-e082-ec79-4f1c-15a01deea985,EHR Completo,"The patient's respiratory status improved, and he was weaned off peep according to esophageal balloon pressures. ",Not Supported,"The reference shows that PEEP was increased and then decreased, with plans to wean PEEP according to esophageal balloon pressures, but there is no documentation that the patient's respiratory status improved or that he was successfully weaned off PEEP.","Hospital Admission Start: 14 days 17 hours ago
Hospital Admission End: Now
Electronic Health Record Context
Ordered by Time (Earliest to Latest):
1. When: 14 days 13 hours ago, Note Category: Radiology, Note Description: CHEST (PORTABLE AP) | Text: IMPRESSION:  No pulmonary edema.  
2. When: 14 days 13 hours ago, Note Category: Radiology, Note Description: CHEST (PORTABLE AP) | Text: No pulmonary vascular congestion is noted.  
3. When: 13 days 13 hours ago, Note Category: Physician, Note Description: Intensivist Note | Text: Esophageal balloon for closer monitoring.
   
4. When: 13 days 13 hours ago, Note Category: Nursing, Note Description: Nursing Progress Note | Text: Action:
   ARDS NET protocol, esophageal balloon placed to optimize vent settings,
   peep increased to 15, no other vent settings changes made today. 
5. When: 13 days 13 hours ago, Note Category: Nursing, Note Description: Nursing Progress Note | Text: wean peep tomorrow
   according to esophageal balloon pressures. 
6. When: 12 days 13 hours ago, Note Category: Physician, Note Description: Intensivist Note | Text: Esophageal balloon placed and PEEP increased to 15.
   decr PEEP to 10.
   
7. When: 11 days 13 hours ago, Note Category: Physician, Note Description: Intensivist Note | Text: Esophageal balloon placed and PEEP increased to
   15.  
8. When: 6 days 13 hours ago, Note Category: Radiology, Note Description: PICC W/O PORT | Text: The patient tolerated the procedure well. 
"
cec4b973-165c-6d31-605d-ec76369b6e01,EHR Completo,His renal function also improved with hydration and electrolyte repletion. ,Supported,"The reference notes indicate the patient was hydrated and renal function was monitored, with a specific note stating 'Renal function is improved,' supporting the text that renal function improved with hydration and electrolyte repletion.","Hospital Admission Start: 14 days 17 hours ago
Hospital Admission End: Now
Electronic Health Record Context
Ordered by Time (Earliest to Latest):
1. When: 14 days 13 hours ago, Note Category: Physician, Note Description: Intensivist Note | Text: He was admitted, hydrated, and started on PO vanco. 
2. When: 14 days 13 hours ago, Note Category: Nursing, Note Description: Nursing Progress Note | Text: Plan:
   Follow renal function, fluid balance.
   
3. When: 14 days 13 hours ago, Note Category: Nursing, Note Description: Nursing Progress Note | Text: He
   was admitted, hydrated, and started on PO vanco. 
4. When: 14 days 13 hours ago, Note Category: Nursing, Note Description: Nursing Progress Note | Text: He
   was admitted, hydrated, and started on PO vancomycin. 
5. When: 13 days 13 hours ago, Note Category: Nursing, Note Description: Nursing Progress Note | Text: Metabolic acidosis
   has improved slightly. 
6. When: 13 days 13 hours ago, Note Category: Nursing, Note Description: Nursing Progress Note | Text: Plan:
   Cont hydration with fluid resuscitation, [**Last Name (un) **] fluid status & renal
   function. 
7. When: 12 days 13 hours ago, Note Category: Physician, Note Description: Intensivist Note | Text: Metabolic acidosis resolved.
   
8. When: 12 days 13 hours ago, Note Category: Nursing, Note Description: Nursing Progress Note | Text: Plan:
   Cont hydration and monitor fluid status & renal function.
   
9. When: 10 days 13 hours ago, Note Category: Nutrition, Note Description: Clinical Nutrition Note | Text: Renal function is improved.
   
"
dabd045e-4883-f56d-c62d-d1f61d998a77,EHR Completo,"The patient's ileostomy was surgically revised at the bedside, with improved output and appearance.

",Not Supported,The reference mentions the ileostomy will be matured (opened) at the bedside but does not state that the ileostomy was surgically revised at the bedside or that there was improved output and appearance.,"Hospital Admission Start: 14 days 17 hours ago
Hospital Admission End: Now
Electronic Health Record Context
Ordered by Time (Earliest to Latest):
1. When: 13 days 13 hours ago, Note Category: Nursing, Note Description: Nursing Progress Note | Text: Bedside ECHO performed. 
2. When: 13 days 13 hours ago, Note Category: Nursing, Note Description: Nursing Progress Note | Text: [**Last Name (STitle) 1924**] will mature (open) ileostomy at bedside. 
3. When: 12 days 13 hours ago, Note Category: Physician, Note Description: Intensivist Note | Text: Ileostomy site to be matured. 
4. When: 12 days 13 hours ago, Note Category: Nursing, Note Description: Nursing Progress Note | Text: [**Last Name (STitle) 1924**] will
   mature (open) ileostomy at bedside today. 
5. When: 10 days 13 hours ago, Note Category: Nutrition, Note Description: Clinical Nutrition Note | Text: Renal function is improved.
   
6. When: 9 days 13 hours ago, Note Category: Nursing, Note Description: Nursing Progress Note | Text: Action:
   Abdominal wound dressing changed. 
7. When: 8 days 13 hours ago, Note Category: Radiology, Note Description: ABDOMEN (SUPINE & ERECT) | Text: An ileostomy is seen in the right lower quadrant.
 
8. When: 8 days 13 hours ago, Note Category: Radiology, Note Description: ABDOMEN (SUPINE & ERECT) | Text: There is a line of surgical staples
 projected in the midline of the abdomen.
9. When: 6 days 13 hours ago, Note Category: Radiology, Note Description: PICC W/O PORT | Text: The procedure was explained to the patient. 
10. When: 6 days 13 hours ago, Note Category: Radiology, Note Description: PICC W/O PORT | Text: The patient tolerated the procedure well. 
"
8fa271c1-d792-8460-5bd0-772e53ef860f,EHR Completo,"The patient was extubated and transitioned to nasal cannula oxygen, and his pain was managed with Dilaudid PCA. ",Not Supported,The reference notes indicate the patient was on Dilaudid PCA initially but was transitioned off it to PO Percocet 9 days ago; there is no mention of extubation or transition to nasal cannula oxygen in the reference.,"Hospital Admission Start: 14 days 17 hours ago
Hospital Admission End: Now
Electronic Health Record Context
Ordered by Time (Earliest to Latest):
1. When: 14 days 13 hours ago, Note Category: Physician, Note Description: Intensivist Note | Text: He was transfered to
   the ICU, intubated, had a central line placed, started on
   vasopressors, and was given 3L IVF and meropenem/flagyl IV.
   
2. When: 14 days 13 hours ago, Note Category: Nursing, Note Description: Nursing Progress Note | Text: He
   was admitted, hydrated, and started on PO vancomycin. 
3. When: 11 days 13 hours ago, Note Category: Physician, Note Description: Intensivist Note | Text: Start dilaudid, wean
   fentanyl.
   
4. When: 10 days 13 hours ago, Note Category: Physician, Note Description: Intensivist Note | Text: Neurologic: Pain controlled, Dilaudid PCA.
   
5. When: 9 days 13 hours ago, Note Category: Physician, Note Description: Intensivist Note | Text: Neurologic: Pain controlled, Continue Diluadid PCA
   Cardiovascular: Aspirin, Beta-blocker, Statins, Patient currently in
   sinus Rhythm. 
6. When: 9 days 13 hours ago, Note Category: Physician, Note Description: Intensivist Note | Text: Neurologic: Pain well controlled, Change Diluadid PCA to percocet PO.
7. When: 9 days 13 hours ago, Note Category: Nursing, Note Description: Nursing Transfer Note | Text: Action:
   Dilaudid PCA discontinued & pt started on PO percocet prn with adequate
   relief of abd discomfort secondary to incision. 
8. When: 6 days 13 hours ago, Note Category: Radiology, Note Description: PICC W/O PORT | Text: The procedure was explained to the patient. 
9. When: 6 days 13 hours ago, Note Category: Radiology, Note Description: PICC W/O PORT | Text: The patient tolerated the procedure well. 
"
09de3dba-0c11-dd06-509a-2b7edcc0778c,So Admissao,"The patient's heart failure improved, and he was transferred to the floor for continued management.",Supported,"The reference notes that the heart failure is improving and that the patient was transferred to the floor, directly supporting the text.","Hospital Admission Start: 3 days 1 hours ago
Hospital Admission End: Now
Electronic Health Record Context
Ordered by Time (Earliest to Latest):
1. When: 3 days 12 hours ago, Note Category: Physician, Note Description: Physician Resident Admission Note | Text: PUMP: Patient with known hypertensive cardiomyopathy followed by Dr.
   
2. When: 3 days 12 hours ago, Note Category: Physician, Note Description: Physician Resident Admission Note | Text: Cards consult called, plan for admit to CCU for
   likely decompensated heart failure. 
3. When: 3 days 12 hours ago, Note Category: Physician, Note Description: Physician Resident Admission Note | Text: Pacemaker device remains in place.
   
4. When: 3 days 12 hours ago, Note Category: Physician, Note Description: Physician Resident Admission Note | Text: However,
   there has been substantial increase engorgement of pulmonary
   vascularity consistent with the clinical impression of superimposed
   congestive failure. 
5. When: 3 days 12 hours ago, Note Category: Physician, Note Description: Physician Resident Admission Note | Text: Patient admitted from: [**Hospital1 54**] ER
   History obtained from Patient,
6. When: 3 days 12 hours ago, Note Category: Physician, Note Description: Physician Resident Admission Note | Text: The ascending aorta is mildly dilated. 
7. When: 3 days 12 hours ago, Note Category: Echo, Note Description: Report | Text: PATIENT/TEST INFORMATION:
Indication: Congestive heart failure. 
8. When: 3 days 12 hours ago, Note Category: Echo, Note Description: Report | Text: The ascending aorta is
mildly dilated. 
9. When: 2 days 12 hours ago, Note Category: Physician, Note Description: Cardiology Teaching Physician Note | Text: I would add the following remarks:
   Medical Decision Making
   Heart failure improving.  
10. When: 2 days 12 hours ago, Note Category: Physician, Note Description: Cardiology Teaching Physician Note | Text: Transfer to floor.

"
70ce4073-6067-eaa6-42d2-1b37067d78e1,So Admissao,"He was educated on fluid and sodium restriction, and a diet consultation was recommended to manage his condition.",Supported,"The reference notes multiple instances of education and explanation regarding fluid and sodium restriction, as well as a note indicating the patient would benefit from a diet consultation.","Hospital Admission Start: 3 days 1 hours ago
Hospital Admission End: Now
Electronic Health Record Context
Ordered by Time (Earliest to Latest):
1. When: 3 days 12 hours ago, Note Category: Physician, Note Description: Physician Resident Admission Note | Text: Had history of recent
   diet and fluid restriction noncompliance as inciting factor for
   decompensated heart failure
   - diuresis as above with goal 1-2L out overnight
   - continue nitro gtt for now, wean down as tolerated
   - continue digoxin, check dig level in AM
   - continue lisinopril
   - FYI Dr. 
2. When: 3 days 12 hours ago, Note Category: General, Note Description: Generic Note | Text: Per wife, patient has been eating corn beef and has been noncompliant
   with fluid restriction.
3. When: 2 days 12 hours ago, Note Category: Nursing, Note Description: Nursing Progress Note | Text: Response:
   Cont to request water after explanation
   Plan:
   Needs reinforcement of fluid restriction/lasix therapy.  
4. When: 2 days 12 hours ago, Note Category: Nursing, Note Description: Nursing Progress Note | Text: [**Month (only) 60**] benefit
   from diet consult.  
5. When: 2 days 12 hours ago, Note Category: Nursing, Note Description: Nursing Progress Note | Text: Action:
   Explained reasoning for fluid restriction and sodium restriction.
   
6. When: 2 days 12 hours ago, Note Category: Physician, Note Description: Physician Resident Progress Note | Text: FEN: Low-salt diet; fluid restriction
   ACCESS: 2 PIV's
   PROPHYLAXIS:
   -DVT ppx: INR supratherapeutic
   -Pain management with
   -Bowel regimen with colace,
7. When: 2 days 12 hours ago, Note Category: Nursing, Note Description: Nursing Transfer Note | Text: Response:
   Cont to request water after explanation
   Plan:
   Needs reinforcement of fluid restriction/lasix therapy.   
8. When: 2 days 12 hours ago, Note Category: Nursing, Note Description: Nursing Transfer Note | Text: Also stating that he probably
   had too much sodium in already prepared potatoe salad and coleslaw.
   
"
4b4e8250-626b-1027-65d2-297bd69856b1,So Admissao,"The patient was admitted with symptoms of decompensated heart failure, including shortness of breath, nausea, vomiting, and fatigue. ",Not Supported,"The reference supports admission for decompensated heart failure with symptoms including fatigue and dyspnea, but nausea and vomiting are not mentioned in the reference.","Hospital Admission Start: 3 days 1 hours ago
Hospital Admission End: Now
Electronic Health Record Context
Ordered by Time (Earliest to Latest):
1. When: 3 days 12 hours ago, Note Category: Physician, Note Description: Physician Resident Admission Note | Text: Cards consult called, plan for admit to CCU for
   likely decompensated heart failure. 
2. When: 3 days 12 hours ago, Note Category: Physician, Note Description: Physician Resident Admission Note | Text: Had history of recent
   diet and fluid restriction noncompliance as inciting factor for
   decompensated heart failure
   - diuresis as above with goal 1-2L out overnight
   - continue nitro gtt for now, wean down as tolerated
   - continue digoxin, check dig level in AM
   - continue lisinopril
   - FYI Dr. 
3. When: 3 days 12 hours ago, Note Category: Physician, Note Description: Physician Resident Admission Note | Text: Patient had recent admission to [**Hospital1 **] [**Location (un) 1415**] [**Date range (1) 9109**]/09 for fatigue, body
   aches, and dyspnea. 
4. When: 3 days 12 hours ago, Note Category: Physician, Note Description: Physician Resident Admission Note | Text: Exam,
   CXR, elevated BNP of >1000, and recent history of diet noncompliance
   points to decompensated heart failure as most likely etiology. 
5. When: 3 days 12 hours ago, Note Category: Physician, Note Description: Physician Resident Admission Note | Text: Respiratory failure: Intubated in ED for tachypnea, hypoxia. 
6. When: 3 days 12 hours ago, Note Category: Echo, Note Description: Report | Text: PATIENT/TEST INFORMATION:
Indication: Congestive heart failure. 
7. When: 3 days 12 hours ago, Note Category: Echo, Note Description: Report | Text: Dilated cardiomyopathy. 
8. When: 2 days 12 hours ago, Note Category: Physician, Note Description: Physician Resident Progress Note | Text: Decompensated heart failure:  Known systolic dysfunction, with
   decompensation likely related to dietary indiscretion. 
9. When: 2 days 12 hours ago, Note Category: Physician, Note Description: Physician Resident Progress Note | Text: Chief Complaint: Decompensated heart failure
   24 Hour Events:
   Extubated
   Weaned off of nitro gtt
   Lasix 100mg IV x2
   Allergies:
   Hydrochlorothiazide
   Unknown;
   Demerol (Oral) (Meperidine Hcl)
   violent reactio
   Ambien (Oral) (Zolpidem Tartrate)
   violente reacti
   Strawberry
   Hives;
   Wheat Bran
   gout;
   Hydrochlorothiazide
   Unknown;
10. When: 2 days 12 hours ago, Note Category: Physician, Note Description: Cardiology Teaching Physician Note | Text: I would add the following remarks:
   Medical Decision Making
   Heart failure improving.  
"
9a502f59-2a91-0d5a-e344-996a62799d34,So Admissao,He was intubated in the emergency department due to low oxygen saturation and transferred to the cardiac care unit (CCU) for further management. ,Supported,"The reference states the patient was intubated in the emergency department due to respiratory distress and hypoxia and was admitted to the CCU for management, supporting the text.","Hospital Admission Start: 3 days 1 hours ago
Hospital Admission End: Now
Electronic Health Record Context
Ordered by Time (Earliest to Latest):
1. When: 3 days 12 hours ago, Note Category: Physician, Note Description: Physician Resident Admission Note | Text: Respiratory failure: Intubated in ED for tachypnea, hypoxia. 
2. When: 3 days 12 hours ago, Note Category: Physician, Note Description: Physician Resident Admission Note | Text: Cards consult called, plan for admit to CCU for
   likely decompensated heart failure. 
3. When: 3 days 12 hours ago, Note Category: Physician, Note Description: Physician Resident Admission Note | Text: Found to have worsening EF by ECHO, and apical
   thrombus for which he was started on coumadin. 
4. When: 3 days 12 hours ago, Note Category: Physician, Note Description: Physician Resident Admission Note | Text: PUMP: Patient with known hypertensive cardiomyopathy followed by Dr.
   
5. When: 3 days 12 hours ago, Note Category: Physician, Note Description: Physician Resident Admission Note | Text: Diaphoretic, found to be in respiratory
   distress, worried about persistent tachypnea -> intubated with
   etomidate/succ/midazolam. 
6. When: 3 days 12 hours ago, Note Category: General, Note Description: Generic Note | Text: Patient intubated in ED.
   
7. When: 3 days 12 hours ago, Note Category: General, Note Description: Generic Note | Text: trop 0.01, CK 138
   EKG: a-sense, V-paced at rate 100
   A/P: 63M with cad, icmp, biV ICD presents with chf exacerbation
   requiring intubation.
   
8. When: 3 days 12 hours ago, Note Category: Echo, Note Description: Report | Text: PATIENT/TEST INFORMATION:
Indication: Congestive heart failure. 
9. When: 2 days 12 hours ago, Note Category: Nursing, Note Description: Nursing Progress Note | Text: Easily extubated after diuresis in CCU.
   
"
4b774746-da01-966c-301c-709f13b5e6e8,So Admissao,"After administration of IV lasix, the patient experienced brisk diuresis and was successfully extubated. ",Supported,The reference notes brisk diuresis after IV lasix administration and documents that the patient was successfully extubated following diuresis.,"Hospital Admission Start: 3 days 1 hours ago
Hospital Admission End: Now
Electronic Health Record Context
Ordered by Time (Earliest to Latest):
1. When: 3 days 12 hours ago, Note Category: Physician, Note Description: Physician Resident Admission Note | Text: - Diuresis with IV lasix - given 100mg IV lasix bolus with goal I/O of
   1-2L out
   - Wean down ventilatory support, with goal to extubate
   - Follow white count, fever curve - can draw cultures, get sputum,
   repeat CXR if patient still with infiltrate, hypoxia s/p diuresis
   .
   
2. When: 3 days 12 hours ago, Note Category: Physician, Note Description: Physician Resident Admission Note | Text: Discharged on increased
   dose of lasix and 5 day course of levofloxacin for empiric tx of
   bronchitis/PNA.
   
3. When: 3 days 12 hours ago, Note Category: General, Note Description: Generic Note | Text: -Diuresis with IV lasix
   -Extubation
   -continue home medications otherwise- asa, bblocker, ace inhibitor,
   statin
   -check dig level
4. When: 3 days 12 hours ago, Note Category: General, Note Description: Generic Note | Text: Patient intubated in ED.
   
5. When: 3 days 12 hours ago, Note Category: Nursing, Note Description: Nursing Progress Note | Text: Trial of CPAP/PS
   Response:
   Brisk diuresis from lasix. 
6. When: 3 days 12 hours ago, Note Category: Nursing, Note Description: Nursing Progress Note | Text: Action:
   Given lasix 100mg IV. 
7. When: 2 days 12 hours ago, Note Category: Nursing, Note Description: Nursing Progress Note | Text: Action:
   Rec
d 20meq kcl for low K+, also rec
d lasix 100mg iv, held captopril
   at 12am for bp 94/
   Response:
   Good diuresis to lasix (approx 1 liter), is currently approx 2liters
   neg LOS
   Plan:
   Cont to monitor o2 sats/lung assessment.
8. When: 2 days 12 hours ago, Note Category: Physician, Note Description: Cardiology Teaching Physician Note | Text: Now extubated.  
9. When: 2 days 12 hours ago, Note Category: Nursing, Note Description: Nursing Transfer Note | Text: Easily extubated after diuresis in CCU.
   
"
965a1c36-dfa1-8d46-c841-a1a6311a5ca5,So Admissao,He was diagnosed with acute on chronic systolic heart failure and treated with lasix and potassium supplements. ,Supported,The reference documents acute on chronic systolic heart failure with decompensation and treatment including lasix; potassium supplements are implied by potassium monitoring and management.,"Hospital Admission Start: 3 days 1 hours ago
Hospital Admission End: Now
Electronic Health Record Context
Ordered by Time (Earliest to Latest):
1. When: 3 days 12 hours ago, Note Category: Physician, Note Description: Physician Resident Admission Note | Text: Found to have worsening EF by ECHO, and apical
   thrombus for which he was started on coumadin. 
2. When: 3 days 12 hours ago, Note Category: Physician, Note Description: Physician Resident Admission Note | Text: PUMP: Patient with known hypertensive cardiomyopathy followed by Dr.
   
3. When: 3 days 12 hours ago, Note Category: Physician, Note Description: Physician Resident Admission Note | Text: Discharged on increased
   dose of lasix and 5 day course of levofloxacin for empiric tx of
   bronchitis/PNA.
   
4. When: 3 days 12 hours ago, Note Category: Physician, Note Description: Physician Resident Admission Note | Text: Diaphoretic, found to be in respiratory
   distress, worried about persistent tachypnea -> intubated with
   etomidate/succ/midazolam. 
5. When: 3 days 12 hours ago, Note Category: Physician, Note Description: Physician Resident Admission Note | Text: Had history of recent
   diet and fluid restriction noncompliance as inciting factor for
   decompensated heart failure
   - diuresis as above with goal 1-2L out overnight
   - continue nitro gtt for now, wean down as tolerated
   - continue digoxin, check dig level in AM
   - continue lisinopril
   - FYI Dr. 
6. When: 3 days 12 hours ago, Note Category: Physician, Note Description: Physician Resident Admission Note | Text: Cards consult called, plan for admit to CCU for
   likely decompensated heart failure. 
7. When: 2 days 12 hours ago, Note Category: Nursing, Note Description: Nursing Progress Note | Text: Heart failure (CHF), Systolic, Acute on Chronic
   Assessment:
   Hr 60
s av paced with rare pvc, K+ 3.8 , bp 90-110
s, lungs with
   diminished aeration in r base and at times course on expiration, O2 at
   2lnp with sats in the upper 90
s.  Urine turning pink early in night.
   
8. When: 2 days 12 hours ago, Note Category: Physician, Note Description: Physician Resident Progress Note | Text: Chief Complaint: Decompensated heart failure
   24 Hour Events:
   Extubated
   Weaned off of nitro gtt
   Lasix 100mg IV x2
   Allergies:
   Hydrochlorothiazide
   Unknown;
   Demerol (Oral) (Meperidine Hcl)
   violent reactio
   Ambien (Oral) (Zolpidem Tartrate)
   violente reacti
   Strawberry
   Hives;
   Wheat Bran
   gout;
   Hydrochlorothiazide
   Unknown;
9. When: 2 days 12 hours ago, Note Category: Physician, Note Description: Physician Resident Progress Note | Text: Decompensated heart failure:  Known systolic dysfunction, with
   decompensation likely related to dietary indiscretion. 
10. When: 2 days 12 hours ago, Note Category: Physician, Note Description: Cardiology Teaching Physician Note | Text: I would add the following remarks:
   Medical Decision Making
   Heart failure improving.  
"
06e567a0-81ab-867d-3ef3-6b7c2bd3e16e,So Admissao,The patient showed improvement but still had signs of fluid overload.,Supported,"The reference notes that the patient was initially volume overloaded with signs such as JVD, effusions, and edema, and later notes indicate the patient diuresed well but was still likely above baseline weight and still fairly fluid overloaded, supporting the text that the patient showed improvement but still had signs of fluid overload.","Hospital Admission Start: 3 days 1 hours ago
Hospital Admission End: Now
Electronic Health Record Context
Ordered by Time (Earliest to Latest):
1. When: 3 days 12 hours ago, Note Category: Physician, Note Description: Physician Resident Admission Note | Text: Abdominal girth
   increased over last 2 days, could be related to fluid overload.
2. When: 3 days 12 hours ago, Note Category: Physician, Note Description: Physician Resident Admission Note | Text: Patient looks volume overloaded on exam, with JVD,
   effusions in CXR, LE edema, and possible ascites.
3. When: 3 days 12 hours ago, Note Category: Physician, Note Description: Physician Resident Admission Note | Text: CXR
   consistent with fluid overload. 
4. When: 3 days 12 hours ago, Note Category: Physician, Note Description: Physician Resident Admission Note | Text: Trace aortic regurgitation is seen. 
5. When: 3 days 12 hours ago, Note Category: Echo, Note Description: Report | Text: The ascending aorta is
mildly dilated. 
6. When: 2 days 12 hours ago, Note Category: Nursing, Note Description: Nursing Progress Note | Text: Response:
   Cont to request water after explanation
   Plan:
   Needs reinforcement of fluid restriction/lasix therapy.  
7. When: 2 days 12 hours ago, Note Category: Physician, Note Description: Physician Resident Progress Note | Text: Nonetheless, is likely still fairly fluid up (above baseline
   weight)
   -          Lasix 100mg IV this am; reevaluated in afternoon, goal I/O
   -1L
   -          Continue carvedilol, captopril
   -          Patient unable to tolerate spironolactone
   -          CAD management as below
   -          Nutrition consult
   -          Continue digoxin
   -          Outpatient follow-up with Dr. 
8. When: 2 days 12 hours ago, Note Category: Physician, Note Description: Physician Resident Progress Note | Text: Diuresed well
   overnight and does not have marked signs of fluid overload on exam.
9. When: 2 days 12 hours ago, Note Category: Nursing, Note Description: Nursing Transfer Note | Text: Response:
   Cont to request water after explanation
   Plan:
   Needs reinforcement of fluid restriction/lasix therapy.   
"
13ffe41b-4acc-4878-c0e1-a1fb326b1925,So Admissao,Post-procedure chest X-ray showed the new pacemaker lead in the correct position in the right ventricle. ,Supported,"The reference includes multiple radiology reports confirming that the new pacemaker lead is in appropriate position in the right ventricle, directly supporting the text.","Hospital Admission Start: 1 days 20 hours ago
Hospital Admission End: Now
Electronic Health Record Context
Ordered by Time (Earliest to Latest):
1. When: 2 days 15 hours ago, Note Category: Radiology, Note Description: CHEST (PORTABLE AP) | Text: Unchanged position of the left pectoral pacemaker generator.

 
2. When: 2 days 15 hours ago, Note Category: Radiology, Note Description: CHEST (PORTABLE AP) | Text: ______________________________________________________________________________
                                 FINAL REPORT
 CHEST RADIOGRAPH

 INDICATION:  Pacemaker malfunction, evaluation for lead fracture.

 
3. When: 2 days 15 hours ago, Note Category: ECG, Note Description: Report | Text: Ventricular paced rhythm. 
4. When: 1 days 15 hours ago, Note Category: Physician, Note Description: Physician Resident Progress Note | Text: possible extraction and installation
   of new right sided pacemaker.
   
5. When: 0 days 15 hours ago, Note Category: Radiology, Note Description: CHEST (PA & LAT) | Text: A new pacemaker lead is in appropriate position in the
 right ventricle.
6. When: 0 days 15 hours ago, Note Category: Radiology, Note Description: CHEST (PA & LAT) | Text: IMPRESSION:

 Appropriate position of right-sided pacemaker and lead.


7. When: 0 days 15 hours ago, Note Category: Radiology, Note Description: CHEST (PA & LAT) | Text: explanted left
  sided pacemaker and capped left sided lead
 REASON FOR THIS EXAMINATION:
  Lead position
 ______________________________________________________________________________
                                 FINAL REPORT
 INDICATION:  56-year-old man with new right-sided pacemaker, evaluate for lead
 position.

 
8. When: 0 days 15 hours ago, Note Category: Radiology, Note Description: CHEST (PA & LAT) | Text: PA AND LATERAL CHEST RADIOGRAPH:

 There has been interval replacement of a pacemaker generator overlying the
 right pectoralis.  
9. When: 0 days 15 hours ago, Note Category: Radiology, Note Description: CHEST (PA & LAT) | Text: [**2112-3-2**] 11:47 AM
 CHEST (PA & LAT)                                                Clip # [**Clip Number (Radiology) 30221**]
 Reason: Lead position
 Admitting Diagnosis: COMPLETE HEART BLOCK;MALFUNCTIONING PACEMAKER
 ______________________________________________________________________________
 [**Hospital 2**] MEDICAL CONDITION:
  56 year old man with new right sided pacemaker (single lead),
"
f6a39be5-6974-6a98-6955-cb4dcce9be37,So Admissao,"The patient was stabilized and monitored on telemetry throughout his hospital stay, with no significant complications or changes in his cardiac rhythm.",Not Supported,"The reference states the patient was monitored on telemetry but had frequent pauses greater than 5 seconds and a junctional escape rhythm at a rate of 40s, indicating some cardiac rhythm abnormalities; thus, the claim of no significant complications or changes in cardiac rhythm is not supported.","Hospital Admission Start: 1 days 20 hours ago
Hospital Admission End: Now
Electronic Health Record Context
Ordered by Time (Earliest to Latest):
1. When: 2 days 15 hours ago, Note Category: Radiology, Note Description: CHEST (PORTABLE AP) | Text: No pleural
 effusions, no pneumonia.



2. When: 2 days 15 hours ago, Note Category: Radiology, Note Description: CHEST (PORTABLE AP) | Text: Mild cardiomegaly without pulmonary edema.  
3. When: 2 days 15 hours ago, Note Category: Nursing, Note Description: Nursing Progress Note | Text: Brief RN Admit Note:
   Patient arrived pain-free and hemodynamically stable from [**Hospital 781**]
   Hospital. 
4. When: 2 days 15 hours ago, Note Category: Physician, Note Description: CCU Fellow addendum | Text: His exam was unremarkable and he was feeling
   fine with junctional escape on tele at rate of 40s.  
5. When: 1 days 15 hours ago, Note Category: Nursing, Note Description: Nursing Progress Note | Text: Response:
   Hemodynamically stable throughout night.  
6. When: 1 days 15 hours ago, Note Category: Nursing, Note Description: Nursing Progress Note | Text: He was monitored on telemetry and was noted to have
   frequent pauses of greater then 5 seconds.  
7. When: 1 days 15 hours ago, Note Category: Physician, Note Description: Physician Resident Progress Note | Text: # CORONARIES:  The patient has no history of CAD.
   
8. When: 1 days 15 hours ago, Note Category: Nursing, Note Description: Nursing Transfer Note | Text: 0700 am- transferred patient to EP lab, alert and oriented, pain-free
   and hemodynamically stable, HR 40
s junctional rhythm and SBP 133/81,
   O2 sats 96% on room air.
   
"
1e719e37-46ea-c0f4-6d92-0ec24a414cd2,So Admissao,The patient was admitted to the hospital after experiencing 5-second pauses due to pacemaker malfunction. ,Supported,"The reference clearly states the patient experienced episodes of 5-second pauses on telemetry due to pacemaker malfunction, leading to hospital admission.","Hospital Admission Start: 1 days 20 hours ago
Hospital Admission End: Now
Electronic Health Record Context
Ordered by Time (Earliest to Latest):
1. When: 2 days 15 hours ago, Note Category: Radiology, Note Description: CHEST (PORTABLE AP) | Text: Admitting Diagnosis: COMPLETE HEART BLOCK;MALFUNCTIONING PACEMAKER
 ______________________________________________________________________________
 [**Hospital 2**] MEDICAL CONDITION:
  56 year old man with pacemaker malfunction.
 
2. When: 2 days 15 hours ago, Note Category: Physician, Note Description: CCU Fellow addendum | Text: Briefly, the patient is a 56 year old man with PMH
   AF s/p AVJ ablation with PPM placement, c/b prior lead displacement,
   who was transferred from [**Hospital 781**] Hospital following episodes of 5
   second pauses on telemetry.  
3. When: 2 days 15 hours ago, Note Category: Physician, Note Description: CCU Fellow addendum | Text: He was transferred to [**Hospital1 54**], where
   his PPM was interrogated with normal ventricular lead impedance at 550
   ohms, with intermittent failure to capture and intermittent oversensing
   leading to inhibition of pacing.  
4. When: 1 days 15 hours ago, Note Category: Nursing, Note Description: Nursing Progress Note | Text: He was monitored on telemetry and was noted to have
   frequent pauses of greater then 5 seconds.  
5. When: 1 days 15 hours ago, Note Category: Nursing, Note Description: Nursing Progress Note | Text: He was transferred
   to [**Hospital1 54**] for management of his pacemaker dysfunction.
   
6. When: 1 days 15 hours ago, Note Category: Nursing, Note Description: Nursing Progress Note | Text: Cardiac device malfunction (pacemaker, defibrillator)
   Assessment:
   On arrival to CCU, pacer interrogated by EP which showed normal
   ventricular lead impedence at 550 ohms, intermittent failure to
   capture, & intermittent oversensing leading to inhibition of pacing.
   
7. When: 1 days 15 hours ago, Note Category: Physician, Note Description: Physician Resident Progress Note | Text: TITLE:
   Chief Complaint: Pacemaker malfunction
   24 Hour Events:
   - CXR showed kinked pacer wire, patient's pacer does not capture when
   he moves his arm.
   
"
aaa98c3b-9851-f9a4-8264-5c99ce68ad50,So Admissao,"Initial evaluation revealed intermittent failure to capture and oversensing, leading to pacing inhibition, and the pacemaker was reprogrammed. ",Supported,"The reference clearly states intermittent failure to capture and intermittent oversensing leading to pacing inhibition, and that the pacemaker was reprogrammed, fully supporting the text.","Hospital Admission Start: 1 days 20 hours ago
Hospital Admission End: Now
Electronic Health Record Context
Ordered by Time (Earliest to Latest):
1. When: 2 days 15 hours ago, Note Category: Radiology, Note Description: CHEST (PORTABLE AP) | Text: REASON FOR THIS EXAMINATION:
  Evaluate for pacemaker lead fracture.
2. When: 2 days 15 hours ago, Note Category: Radiology, Note Description: CHEST (PORTABLE AP) | Text: ______________________________________________________________________________
                                 FINAL REPORT
 CHEST RADIOGRAPH

 INDICATION:  Pacemaker malfunction, evaluation for lead fracture.

 
3. When: 2 days 15 hours ago, Note Category: Physician, Note Description: CCU Fellow addendum | Text: He was transferred to [**Hospital1 54**], where
   his PPM was interrogated with normal ventricular lead impedance at 550
   ohms, with intermittent failure to capture and intermittent oversensing
   leading to inhibition of pacing.  
4. When: 2 days 15 hours ago, Note Category: Physician, Note Description: CCU Fellow addendum | Text: His pacer was reprogrammed to VVI at
   40 bpm, with increased pacing and sensing thresholds.  
5. When: 1 days 15 hours ago, Note Category: Nursing, Note Description: Nursing Progress Note | Text: Cardiac device malfunction (pacemaker, defibrillator)
   Assessment:
   On arrival to CCU, pacer interrogated by EP which showed normal
   ventricular lead impedence at 550 ohms, intermittent failure to
   capture, & intermittent oversensing leading to inhibition of pacing.
   
6. When: 1 days 15 hours ago, Note Category: Physician, Note Description: Physician Resident Progress Note | Text: His pacemaker was failing to
   capture when he raised his left arm.  
7. When: 1 days 15 hours ago, Note Category: Nursing, Note Description: Nursing Transfer Note | Text: He was known to have a
   pacemaker, but it was not capturing consistently.  
"
52e15866-21b4-b6b8-740f-d646fea47a6b,So Admissao,"A chest X-ray suggested possible lead migration, and the patient was planned for overnight observation, reversal of anticoagulation, and lead revision surgery the following day. ",Supported,"The reference states that the chest X-ray showed possible lead migration and the plan included overnight observation, reversal of anticoagulation, and lead revision surgery the following day, fully supporting the text.","Hospital Admission Start: 1 days 20 hours ago
Hospital Admission End: Now
Electronic Health Record Context
Ordered by Time (Earliest to Latest):
1. When: 2 days 15 hours ago, Note Category: Radiology, Note Description: CHEST (PORTABLE AP) | Text: ______________________________________________________________________________
                                 FINAL REPORT
 CHEST RADIOGRAPH

 INDICATION:  Pacemaker malfunction, evaluation for lead fracture.

 
2. When: 2 days 15 hours ago, Note Category: Radiology, Note Description: CHEST (PORTABLE AP) | Text: [**2112-2-29**] 7:22 PM
 CHEST (PORTABLE AP)                                             Clip # [**Clip Number (Radiology) 30220**]
 Reason: Evaluate for pacemaker lead fracture.
 
3. When: 2 days 15 hours ago, Note Category: Physician, Note Description: CCU Fellow addendum | Text: Plan will be
   overnight observation, reversal of anticoagulation, and plan for lead
   revision tomorrow.  
4. When: 2 days 15 hours ago, Note Category: Physician, Note Description: CCU Fellow addendum | Text: His CXR showed
   possible lead migration from RV apex, although limited since only AP
   (final read pending).  
5. When: 1 days 15 hours ago, Note Category: Nursing, Note Description: Nursing Progress Note | Text: Plan:
   NPO after midnoc for lead revision today.

6. When: 1 days 15 hours ago, Note Category: Physician, Note Description: Physician Resident Progress Note | Text: CXR shows hairpin turn in his pacer leads which
   will need lead revision today.
   
7. When: 1 days 15 hours ago, Note Category: Nursing, Note Description: Nursing Transfer Note | Text: Plan:
   NPO after midnoc for lead revision today.
   
8. When: 1 days 15 hours ago, Note Category: Nursing, Note Description: Nursing Transfer Note | Text: CXR->possible lead migration from RV apex.  
"
07fbfb51-4bbb-3ce1-29b3-59276761aace,So Admissao,The patient underwent successful lead revision in the electrophysiology lab and was found to have a kinked pacer wire causing the malfunction. ,Not Supported,"The reference indicates the patient had a kinked pacer wire and needed lead revision, but it does not confirm that the lead revision was performed or that it was successful.","Hospital Admission Start: 1 days 20 hours ago
Hospital Admission End: Now
Electronic Health Record Context
Ordered by Time (Earliest to Latest):
1. When: 2 days 15 hours ago, Note Category: Radiology, Note Description: CHEST (PORTABLE AP) | Text: REASON FOR THIS EXAMINATION:
  Evaluate for pacemaker lead fracture.
2. When: 2 days 15 hours ago, Note Category: Radiology, Note Description: CHEST (PORTABLE AP) | Text: ______________________________________________________________________________
                                 FINAL REPORT
 CHEST RADIOGRAPH

 INDICATION:  Pacemaker malfunction, evaluation for lead fracture.

 
3. When: 2 days 15 hours ago, Note Category: Physician, Note Description: CCU Fellow addendum | Text: He was transferred to [**Hospital1 54**], where
   his PPM was interrogated with normal ventricular lead impedance at 550
   ohms, with intermittent failure to capture and intermittent oversensing
   leading to inhibition of pacing.  
4. When: 1 days 15 hours ago, Note Category: Nursing, Note Description: Nursing Progress Note | Text: Cardiac device malfunction (pacemaker, defibrillator)
   Assessment:
   On arrival to CCU, pacer interrogated by EP which showed normal
   ventricular lead impedence at 550 ohms, intermittent failure to
   capture, & intermittent oversensing leading to inhibition of pacing.
   
5. When: 1 days 15 hours ago, Note Category: Physician, Note Description: Physician Resident Progress Note | Text: TITLE:
   Chief Complaint: Pacemaker malfunction
   24 Hour Events:
   - CXR showed kinked pacer wire, patient's pacer does not capture when
   he moves his arm.
   
6. When: 1 days 15 hours ago, Note Category: Physician, Note Description: Physician Resident Progress Note | Text: CXR shows hairpin turn in his pacer leads which
   will need lead revision today.
   
7. When: 1 days 15 hours ago, Note Category: Nursing, Note Description: Nursing Transfer Note | Text: He was transferred
   to [**Hospital1 54**] for management of his pacemaker dysfunction.
   
"
fc93687b-a370-ecb6-3ca5-c57d08ca3da4,So Admissao,The patient was eventually stabilized and transferred to the floor for further management and rehabilitation.,Not Addressed,"The reference mentions transfer to CCU and improvement but does not mention stabilization, transfer to the floor, or rehabilitation.","Hospital Admission Start: 6 days 0 hours ago
Hospital Admission End: Now
Electronic Health Record Context
Ordered by Time (Earliest to Latest):
1. When: 6 days 14 hours ago, Note Category: Nursing, Note Description: Nursing Progress Note | Text: Sent to ccu for r/o mi and further monitoring.
   
2. When: 5 days 14 hours ago, Note Category: General, Note Description: Generic Note | Text: # Resolved hypoxia: Patient now at baseline oxygenation.
3. When: 4 days 14 hours ago, Note Category: Physician, Note Description: Physician Resident Progress Note | Text: # Resolved hypoxia: Patient now at baseline oxygenation. 
4. When: 4 days 14 hours ago, Note Category: Physician, Note Description: Physician Attending Progress Note | Text: Now improved.  
5. When: 4 days 14 hours ago, Note Category: Nursing, Note Description: Nursing Transfer Note | Text: Baseline discussed with patient
s sisters.
   
"
f86c2a54-595d-b8ac-c243-9284b5c465f4,So Admissao,"Despite initial concerns for pulmonary embolism, CT scans revealed no evidence of PE, but showed a moderate-sized left pleural effusion with associated atelectasis and extensive atheromatous disease of the abdominal aorta. ",Supported,"The reference confirms no evidence of pulmonary embolism and documents a moderate-sized left pleural effusion with associated atelectasis, matching the text. The extensive atheromatous disease of the abdominal aorta is not explicitly mentioned but does not contradict the findings.","Hospital Admission Start: 6 days 0 hours ago
Hospital Admission End: Now
Electronic Health Record Context
Ordered by Time (Earliest to Latest):
1. When: 5 days 14 hours ago, Note Category: Radiology, Note Description: CT ABDOMEN W/CONTRAST | Text: There is a moderate left pleural effusion, with associated atelectasis of the
 adjacent lung.  
2. When: 5 days 14 hours ago, Note Category: Radiology, Note Description: CT ABDOMEN W/CONTRAST | Text: Moderate-sized left pleural effusion, with
  associated atelectasis.
3. When: 5 days 14 hours ago, Note Category: Radiology, Note Description: CT ABDOMEN W/CONTRAST | Text: Moderate-sized left pleural effusion, with
 associated atelectasis.
4. When: 5 days 14 hours ago, Note Category: Radiology, Note Description: CT ABDOMEN W/CONTRAST | Text: Moderate-sized left pleural effusion, with associated atelectasis of the
 adjacent lung.
 
5. When: 4 days 14 hours ago, Note Category: Physician, Note Description: Physician Resident Progress Note | Text: Moderate-sized left pleural effusion, with associated atelectasis of
   the adjacent lung.
   
6. When: 4 days 14 hours ago, Note Category: Nursing, Note Description: Nursing Progress Note | Text: CT revealed (+) left pleural effusion, no PE and (+) atelectasis. 
"
986bfcad-38d4-585f-c74c-d4b5a3bff95a,So Admissao,An echocardiogram showed right ventricular pressure/volume overload and depressed left ventricular systolic function. ,Supported,"The reference includes multiple echocardiogram reports confirming right ventricular pressure/volume overload and decreased (depressed) left ventricular systolic function, directly supporting the text.","Hospital Admission Start: 6 days 0 hours ago
Hospital Admission End: Now
Electronic Health Record Context
Ordered by Time (Earliest to Latest):
1. When: 6 days 14 hours ago, Note Category: ECG, Note Description: Report | Text: Right ventricular hypertrophy with
secondary repolarization abnormalities.  
2. When: 5 days 14 hours ago, Note Category: General, Note Description: Resident/Attending Progress Note - MICU | Text: The patient does have hx
   severe diastolic heart failure and elvated BNP, but there is no
   pulmonary edema, JVD or crackles on exam to suggest volume overload at
   this time.
   
3. When: 5 days 14 hours ago, Note Category: Echo, Note Description: Report | Text: There is abnormal septal motion/position
consistent with right ventricular pressure/volume overload. 
4. When: 5 days 14 hours ago, Note Category: Echo, Note Description: Report | Text: Compared with the prior study (images reviewed) of [**2128-4-16**], left
ventricular systolic function is now depressed.



5. When: 5 days 14 hours ago, Note Category: ECG, Note Description: Report | Text: Probable right
ventricular hypertrophy with secondary repolarization abnormality.  
6. When: 5 days 14 hours ago, Note Category: Echo, Note Description: Report | Text: Right ventricular function.

7. When: 5 days 14 hours ago, Note Category: Echo, Note Description: Report | Text: Abnormal septal motion/position consistent with RV
pressure/volume overload.


8. When: 4 days 14 hours ago, Note Category: Physician, Note Description: Physician Resident Progress Note | Text: ECHO shows decreased LV systolic function.  
9. When: 4 days 14 hours ago, Note Category: Physician, Note Description: Physician Resident Progress Note | Text: Likely due to hypotension
   in the setting of extensive vascular disease.
   
"
413432b6-87d0-4e13-1b22-83e03fa0950a,So Admissao,"The patient's condition improved with treatment, and his hypotension and hypoxia resolved. ",Supported,"The reference notes indicate that the patient's hypoxia and hypotension resolved and the patient improved with treatment, supporting the text.","Hospital Admission Start: 6 days 0 hours ago
Hospital Admission End: Now
Electronic Health Record Context
Ordered by Time (Earliest to Latest):
1. When: 6 days 14 hours ago, Note Category: Physician, Note Description: Physician Attending Admission Note - MICU | Text: Chief Complaint:  hypotension, hypoxic acute on chronic respiratory
   failure
   I saw and examined the patient, and was physically present with the ICU
   Resident for key portions of the services provided.  
2. When: 5 days 14 hours ago, Note Category: General, Note Description: Generic Note | Text: # Resolved hypoxia: Patient now at baseline oxygenation.
3. When: 5 days 14 hours ago, Note Category: General, Note Description: Resident Progress Note - MICU | Text: # Resolved hypoxia: Patient now at baseline oxygenation. 
4. When: 5 days 14 hours ago, Note Category: General, Note Description: Resident/Attending Progress Note - MICU | Text: Stable overnight, hypotension, hypoxemia and labs have improved
   with hydration.
5. When: 5 days 14 hours ago, Note Category: Echo, Note Description: Report | Text: The patient
appears to be in sinus rhythm.


6. When: 4 days 14 hours ago, Note Category: Physician, Note Description: Physician Resident Progress Note | Text: # Hypoxia: Resolved.  
7. When: 4 days 14 hours ago, Note Category: Physician, Note Description: Physician Attending Progress Note | Text: Now improved.  
8. When: 4 days 14 hours ago, Note Category: Physician, Note Description: Physician Attending Progress Note | Text: Chief Complaint: HOTN and hypoxemia
   I saw and examined the patient, and was physically present with the ICU
   Resident for key portions of the services provided.  
"
7c795884-f3aa-93f1-e203-149f94209b0c,So Admissao,"However, he continued to require oxygen therapy and monitoring for cardiac and renal complications.",Supported,"The reference notes that the patient continues on nasal cannula oxygen at 4L with room air saturation below 90%, indicating ongoing oxygen therapy and monitoring consistent with cardiac and renal concerns.","Hospital Admission Start: 6 days 0 hours ago
Hospital Admission End: Now
Electronic Health Record Context
Ordered by Time (Earliest to Latest):
1. When: 5 days 14 hours ago, Note Category: General, Note Description: Resident/Attending Progress Note - MICU | Text: Agree with plan to
   continue heparin and check LENIs and echo to evaluate for DVT and
   interval change in cardiac function.
2. When: 5 days 14 hours ago, Note Category: Nursing, Note Description: Nursing Progress Note | Text: Brought yo [**Hospital1 54**] ED where he received 1.5 liters of fluid w/
   stable BP and O2 sats 100% on NRB/ T max 100.2. 
3. When: 4 days 14 hours ago, Note Category: Nursing, Note Description: Nursing Transfer Note | Text: Brought yo [**Hospital1 54**] ED where he received 1.5
   liters of fluid w/ stable BP and O2 sats 100% on NRB/ T max 100.2. 
4. When: 4 days 14 hours ago, Note Category: Nursing, Note Description: Nursing Transfer Note | Text: Hypoxemia
   Assessment:
   Patient continues on NC O2 @ 4L with RA SAT <90. 
"
d3e3feb7-59bc-fb28-404e-c66d85a50300,So Admissao,"The patient was readmitted to the hospital after a recent discharge following a VATS wedge resection due to hypoxia, hypotension, and left lateral/flank chest pain. ",Supported,"The reference confirms the patient was recently discharged after a left VATS wedge resection and was readmitted with hypotension (HOTN), hypoxemia, and chest pain as noted in the physician progress note.","Hospital Admission Start: 6 days 0 hours ago
Hospital Admission End: Now
Electronic Health Record Context
Ordered by Time (Earliest to Latest):
1. When: 6 days 14 hours ago, Note Category: Radiology, Note Description: CT ABDOMEN W/O CONTRAST | Text: The patient is status post left VATS wedge resection
 of a spiculated left lower lobe pulmonary nodule.
2. When: 6 days 14 hours ago, Note Category: Radiology, Note Description: CT ABDOMEN W/O CONTRAST | Text: The patient is status post left VATS wedge resection
  of a spiculated left lower lobe pulmonary nodule.
3. When: 6 days 14 hours ago, Note Category: Radiology, Note Description: CT ABDOMEN W/O CONTRAST | Text: ______________________________________________________________________________
                                 FINAL REPORT
 HISTORY:  60-year-old man with fever of unknown source, evaluate for
 pneumonia, intra-abdominal infection, hematoma, and patient is status post
 left VATS wedge resection of a left lower lobe pulmonary nodule on [**2128-10-6**].

 
4. When: 6 days 14 hours ago, Note Category: Radiology, Note Description: CT ABDOMEN W/O CONTRAST | Text: Subcutaneous air is seen along the left chest wall anterolaterally,
 consistent with the patient's history of a recent left VATS wedge resection of
 a left lower lobe pulmonary nodule.  
5. When: 5 days 14 hours ago, Note Category: General, Note Description: Generic Note | Text: # Recent VATS:
   - thoracics following
   - cont tramadol and dilauded PO
   .
   
6. When: 5 days 14 hours ago, Note Category: Radiology, Note Description: CT ABDOMEN W/CONTRAST | Text: There is subcutaneous emphysema along the left chest wall, decreased
 in extent from [**2128-10-14**], compatible with recent left VATS surgery on
 [**2128-10-6**].

 
7. When: 5 days 14 hours ago, Note Category: Radiology, Note Description: CT ABDOMEN W/CONTRAST | Text: There is
 emphysema in the lungs, with post- surgical changes following wedge resection
 of the left lower lobe, with anastomotic sutures seen.

 
8. When: 5 days 14 hours ago, Note Category: ECG, Note Description: Report | Text: Probable right
ventricular hypertrophy with secondary repolarization abnormality.  
9. When: 5 days 14 hours ago, Note Category: Echo, Note Description: Report | Text: There is abnormal septal motion/position
consistent with right ventricular pressure/volume overload. 
10. When: 4 days 14 hours ago, Note Category: Physician, Note Description: Physician Attending Progress Note | Text: HPI:
   60 yo man with recent resection of LLL lung CA, admitted with HOTN, and
   hypoxemia.  
"
9f7ca895-be4e-071f-17c2-24528f2706e4,So Admissao,"Upon examination, he had low oxygen saturation, elevated troponin levels, and signs of multisystem organ failure. ",Supported,"The reference documents low oxygen saturation (hypoxemia), elevated troponin levels, and multisystem organ failure including renal failure and liver abnormalities, which supports the text.","Hospital Admission Start: 6 days 0 hours ago
Hospital Admission End: Now
Electronic Health Record Context
Ordered by Time (Earliest to Latest):
1. When: 5 days 14 hours ago, Note Category: General, Note Description: Generic Note | Text: Patient has evidence of
   multisystem organ failure with  mildly elevated lipase, elevated trop,
   ARF and transaminitis. 
2. When: 5 days 14 hours ago, Note Category: General, Note Description: Generic Note | Text: It is also possible that
   troponin is elevated in the setting of renal failure.
   
3. When: 5 days 14 hours ago, Note Category: General, Note Description: Resident/Attending Progress Note - MICU | Text: Yesterday, found to be hypotensive (baseline 90s) and hypoxemic
   (baseline 88% on 4-5L), eval notable for ARF, elevated troponin with
   diffuse TWI, abnormal LFTs, elevated lipase.
4. When: 4 days 14 hours ago, Note Category: Physician, Note Description: Physician Resident Progress Note | Text: It is also possible that
   troponin is elevated in the setting of renal failure.  
5. When: 4 days 14 hours ago, Note Category: Physician, Note Description: Physician Attending Progress Note | Text: LIVER FUNCTION ABNORMALITIES
 RENAL FAILURE, ACUTE (ACUTE RENAL FAILURE, ARF)
 HYPOXEMIA
   Likely had HOTN and shock liver/ARF with combination of
   antihypertensives and poor PO intake.
6. When: 4 days 14 hours ago, Note Category: Nursing, Note Description: Nursing Transfer Note | Text: PT r/I for NSTEMI and found to have multisystem failure with increased
   LFT
s, worsened renal fx and overall hypotension/low perfusion.Pt given
   another 1 liter of IVF [**10-15**] and started to improve slightly with
   better BP, renal fx.
   
"
ed3322d6-ac62-0079-949f-75586abe7110,So Admissao,"The patient was diagnosed with acute renal failure, transaminitis, and a non-ST elevation myocardial infarction (NSTEMI). ",Supported,"The reference notes acute renal failure (ARF), transaminitis, and a non-ST elevation myocardial infarction (NSTEMI) diagnosis, which fully supports the text.","Hospital Admission Start: 6 days 0 hours ago
Hospital Admission End: Now
Electronic Health Record Context
Ordered by Time (Earliest to Latest):
1. When: 5 days 14 hours ago, Note Category: General, Note Description: Generic Note | Text: Patient has evidence of
   multisystem organ failure with  mildly elevated lipase, elevated trop,
   ARF and transaminitis. 
2. When: 5 days 14 hours ago, Note Category: General, Note Description: Generic Note | Text: The patient had a very
   similar episode of hypotension, renal failure and transaminitis in
   [**2128-3-16**] in which he was diagnosed with shock liver. 
3. When: 4 days 14 hours ago, Note Category: Physician, Note Description: Physician Resident Progress Note | Text: The patient had a very similar
   episode of hypotension, renal failure and transaminitis in [**2128-3-16**]
   in which he was diagnosed with shock liver.  
4. When: 4 days 14 hours ago, Note Category: Nursing, Note Description: Nursing Transfer Note | Text: PT r/I for NSTEMI and found to have multisystem failure with increased
   LFT
s, worsened renal fx and overall hypotension/low perfusion.Pt given
   another 1 liter of IVF [**10-15**] and started to improve slightly with
   better BP, renal fx.
   
"
b1fc4b19-b83d-cf7f-7296-44bdf0225538,So Admissao,"He was treated with fluid boluses, heparin, and antibiotics, and his condition was closely monitored.",Not Supported,The reference confirms treatment with fluid boluses and heparin but does not mention antibiotics or that his condition was closely monitored.,"Hospital Admission Start: 6 days 0 hours ago
Hospital Admission End: Now
Electronic Health Record Context
Ordered by Time (Earliest to Latest):
1. When: 5 days 14 hours ago, Note Category: Nursing, Note Description: Nursing Progress Note | Text: Brought yo [**Hospital1 54**] ED where he received 1.5 liters of fluid w/
   stable BP and O2 sats 100% on NRB/ T max 100.2. 
2. When: 4 days 14 hours ago, Note Category: Nursing, Note Description: Nursing Progress Note | Text: Action:
   Pt put on heparin/asa/plavix. 
3. When: 4 days 14 hours ago, Note Category: Nursing, Note Description: Nursing Transfer Note | Text: Bolused w/ heparin and
   started on 1800u/hr. 
4. When: 4 days 14 hours ago, Note Category: Nursing, Note Description: Nursing Transfer Note | Text: Brought yo [**Hospital1 54**] ED where he received 1.5
   liters of fluid w/ stable BP and O2 sats 100% on NRB/ T max 100.2. 
"
6f3c1417-cd03-302e-9693-23ef5f1856e4,So Admissao,"The patient underwent a third ventriculostomy and biopsy on January 24, which showed no evidence of hemorrhage post-procedure. ",Supported,"The reference indicates a CT head with contrast was performed post-biopsy/third ventriculostomy and explicitly states no hemorrhage was identified, supporting the text's claim of no evidence of hemorrhage post-procedure.","Hospital Admission Start: 15 days 0 hours ago
Hospital Admission End: Now
Electronic Health Record Context
Ordered by Time (Earliest to Latest):
1. When: 14 days 16 hours ago, Note Category: Radiology, Note Description: CT HEAD W/ CONTRAST | Text: IMPRESSION:  Examination performed post-biopsy/third ventriculostomy.  
2. When: 14 days 16 hours ago, Note Category: Radiology, Note Description: CT HEAD W/ CONTRAST | Text: No hemorrhage
 identified.  
3. When: 7 days 16 hours ago, Note Category: Radiology, Note Description: CT HEAD W/O CONTRAST | Text: No distant large hemorrhage, and no evidence of shift of midline
 structures or mass effect, outside of resection site.

 
4. When: 4 days 16 hours ago, Note Category: Radiology, Note Description: CT HEAD W/O CONTRAST | Text: There is no new
 acute intracranial hemorrhage.
5. When: 4 days 16 hours ago, Note Category: Radiology, Note Description: CT HEAD W/O CONTRAST | Text: No new intracranial hemorrhage.

 
6. When: 4 days 16 hours ago, Note Category: Radiology, Note Description: CT HEAD W/O CONTRAST | Text: FINDINGS:  There is no new acute intracranial hemorrhage.  
7. When: 2 days 16 hours ago, Note Category: Radiology, Note Description: CT HEAD W/O CONTRAST | Text: There is no significant change in the appearance of the lateral and the third
 ventricles compared to the most recent study allowing for the technical
 differences.

 
8. When: 2 days 16 hours ago, Note Category: Radiology, Note Description: CT HEAD W/O CONTRAST | Text: No acute intracranial hemorrhage.  
9. When: 1 days 16 hours ago, Note Category: Echo, Note Description: Report | Text: There is no aortic valve stenosis. 
10. When: 0 days 16 hours ago, Note Category: Echo, Note Description: Report | Text: There
is no valvular aortic stenosis. 
"
d0766750-c3c3-3d99-e2e1-c1f095065f0e,So Admissao,He was managed for pain and emotional support and was scheduled for head and chest CT scans. ,Supported,"The reference mentions that the patient was monitored for pain and medicated as needed, and that CT scans of the head and chest/torso were performed, supporting the text stating management for pain and scheduling of head and chest CT scans.","Hospital Admission Start: 15 days 0 hours ago
Hospital Admission End: Now
Electronic Health Record Context
Ordered by Time (Earliest to Latest):
1. When: 15 days 16 hours ago, Note Category: Radiology, Note Description: CT HEAD W/O CONTRAST | Text: An MRI is recommended for further
 evaluation.
                                                             
2. When: 14 days 16 hours ago, Note Category: Radiology, Note Description: CT STEREOTAXIS W/ CONTRAST | Text: TECHNIQUE:  Following contrast administration, head CT was obtained.  
3. When: 13 days 16 hours ago, Note Category: Radiology, Note Description: CT ABD W&W/O C | Text: The patient is status post cholecystectomy. 
4. When: 13 days 16 hours ago, Note Category: Nursing, Note Description: Nursing Progress Note | Text: Bs clear,  room air sats >100
   Action:
   Neuro status monitored,  ct scan of chest and torso done with contrast.
   
5. When: 6 days 16 hours ago, Note Category: Nursing, Note Description: Nursing Progress Note | Text: Action:
   MRI obtained. 
6. When: 6 days 16 hours ago, Note Category: Nursing, Note Description: Nursing Progress Note | Text: Plan:
   Continue to monitor pain and medicate prn.

7. When: 4 days 16 hours ago, Note Category: Nursing, Note Description: Nursing Progress Note | Text: Plan:
   Continue to assess pain q 2 hrs and prn.
   
8. When: 2 days 16 hours ago, Note Category: Radiology, Note Description: CT HEAD W/O CONTRAST | Text: TECHNIQUE:  Non-contrast CT of the head was performed.

 
9. When: 2 days 16 hours ago, Note Category: Radiology, Note Description: CT HEAD W/O CONTRAST | Text: MR of the head can be considered if necessary.
10. When: 1 days 16 hours ago, Note Category: Nursing, Note Description: Nursing Progress Note | Text: CT scan done w/ IV contrast.
   
"
a9a92d9a-157e-5d2f-b9d7-a0f9011f6d0b,So Admissao,"His vital signs stabilized, but he had a history of cognitive impairment and was not following commands.

",Supported,"The reference notes document that the patient inconsistently followed commands, was not following commands at one point, and had cognitive issues such as inconsistent orientation, supporting the text stating a history of cognitive impairment and not following commands.","Hospital Admission Start: 15 days 0 hours ago
Hospital Admission End: Now
Electronic Health Record Context
Ordered by Time (Earliest to Latest):
1. When: 14 days 16 hours ago, Note Category: Radiology, Note Description: CT STEREOTAXIS W/ CONTRAST | Text: There is moderate brain atrophy seen.  
2. When: 14 days 16 hours ago, Note Category: Nursing, Note Description: Nursing Progress Note | Text: Neurologically intact although left side weaker
   than right.  
3. When: 13 days 16 hours ago, Note Category: Nursing, Note Description: Nursing Progress Note | Text: Following commands. 
4. When: 13 days 16 hours ago, Note Category: Nursing, Note Description: Nursing Progress Note | Text: Action:
   Neuro checks as ordered.
   
5. When: 6 days 16 hours ago, Note Category: Nursing, Note Description: Nursing Progress Note | Text: Response:
    pt responds to voice and inconsistently follows command.  
6. When: 6 days 16 hours ago, Note Category: Nursing, Note Description: Nursing Progress Note | Text: during
   the night propofol weaned down and pt currently followed commands
   inconsitently.
7. When: 6 days 16 hours ago, Note Category: Nursing, Note Description: Nursing Progress Note | Text: During wake-up, pt following commands inconsistently and very
   agitated, attempting to talk and climb out of bed.
   
8. When: 4 days 16 hours ago, Note Category: Nursing, Note Description: Nursing Transfer Note | Text: Oriented to place
   and time inconsistently.
   
9. When: 1 days 16 hours ago, Note Category: Nursing, Note Description: Nursing Progress Note | Text: Not opening eyes or
   following commands.
   
10. When: 0 days 16 hours ago, Note Category: Nursing, Note Description: Nursing Progress Note | Text: Sedation weaned down early noc but increased again due to vent
   non-compliance.
   
"
f1f40671-df5e-0192-1187-8925c002fafe,So Admissao,"The patient, a 68-year-old man with a known stage III esophageal cancer, was transferred to the hospital after a fall and evaluated for a possible head bleed. ",Supported,The reference confirms the patient is a 68-year-old man with known esophageal cancer who was transferred after a fall and evaluated for a possible head bleed.,"Hospital Admission Start: 15 days 0 hours ago
Hospital Admission End: Now
Electronic Health Record Context
Ordered by Time (Earliest to Latest):
1. When: 15 days 16 hours ago, Note Category: Radiology, Note Description: CT HEAD W/O CONTRAST | Text: HISTORY:  68-year-old male with apparent head bleed and known brain mass,
 transferred from outside hospital after fall.

 
2. When: 15 days 16 hours ago, Note Category: Radiology, Note Description: CT C-SPINE W/O CONTRAST | Text: ______________________________________________________________________________
                                 FINAL REPORT
 CT OF THE CERVICAL SPINE DATED [**2116-1-23**]

 HISTORY:  68-year-old male with head bleed and known head mass status post
 fall.

 
3. When: 13 days 16 hours ago, Note Category: Physician, Note Description: Intensivist Note | Text: H/O CANCER (MALIGNANT NEOPLASM), OTHER, .H/O [**Last Name 121**] PROBLEM - ENTER
   DESCRIPTION IN COMMENTS
   Assessment and Plan: 68 yo M with known esophageal ca and cerebellar
   mass s/p fall with increase size of cerebellar mass on CT.   
4. When: 11 days 16 hours ago, Note Category: Radiology, Note Description: CTA HEAD W&W/O C & RECONS | Text: ______________________________________________________________________________
                                 FINAL REPORT
 INDICATION:  68-year-old man with esophageal cancer and a left cerebellar
 mass, status post recent stereotactic biopsy and third ventriculostomy. 
5. When: 6 days 16 hours ago, Note Category: Radiology, Note Description: MR HEAD W & W/O CONTRAST | Text: CLINICAL INDICATION:  68-year-old man, status post craniectomy for esophageal
 metastasis, assess complete removal of the metastasis.

 
6. When: 4 days 16 hours ago, Note Category: Nursing, Note Description: Nursing Transfer Note | Text: 68 yo M with known esophageal ca and cerebellar mass
   s/p fall with increase size of cerebellar mass on CT.   
7. When: 2 days 16 hours ago, Note Category: Radiology, Note Description: CT HEAD W/O CONTRAST | Text: eval fo
 Admitting Diagnosis: HEAD BLEED
 ______________________________________________________________________________
 [**Hospital 2**] MEDICAL CONDITION:
  68 year old man with metastatic esophageal CA to cerebellum now s/p left
  cerebellar metastatic resection
 REASON FOR THIS EXAMINATION:
  s/p transfer to ICU with acute mental status change, eval for interval change
 No contraindications for IV contrast
 ______________________________________________________________________________
                                 FINAL REPORT
 INDICATION:  68-year-old male, with esophageal metastasis, status post
 resection, acute mental status change,
8. When: 1 days 16 hours ago, Note Category: Radiology, Note Description: CT CHEST W/CONTRAST | Text: ______________________________________________________________________________
                                 FINAL REPORT
 INDICATION:  68-year-old man with history of esophageal cancer metastatic to
 the cerebellum presenting with sepsis and guaiac positive stool.

 
9. When: 0 days 16 hours ago, Note Category: Physician, Note Description: Intensivist Note | Text: SICU
   HPI:
    68 y/o M with metastatic esophageal cancer to brain
   admitted 2 weeks ago after a fall.  
"
96455fe0-3964-73cf-eeff-15c1d616b8f0,So Admissao,"A CT scan without contrast showed an interval increase in size of a left cerebellar hemorrhage, with surrounding edema and mass effect on the 4th ventricle and perimesencephalic cistern.",Supported,"The reference clearly states an interval increase in size of the left cerebellar hemorrhagic mass with surrounding edema and mass effect on the 4th ventricle and perimesencephalic cistern, matching the text exactly.","Hospital Admission Start: 15 days 0 hours ago
Hospital Admission End: Now
Electronic Health Record Context
Ordered by Time (Earliest to Latest):
1. When: 15 days 16 hours ago, Note Category: Radiology, Note Description: CT HEAD W/O CONTRAST | Text: IMPRESSION:

 Interval increase in size of patient's known left cerebellar hemorrhagic mass
 with surrounding vasogenic edema.  
2. When: 15 days 16 hours ago, Note Category: Radiology, Note Description: CT HEAD W/O CONTRAST | Text: WET READ VERSION #1 [**First Name9 (NamePattern2) 3913**] [**Doctor First Name 73**] [**2116-1-23**] 9:26 AM
  interval increase in size of left cerebellar hemorrhage now measuring 2.4 x
  3.7 cm with surrounding edema and mass effect on 4th ventricle and left aspect
  of perimesencephalic cistern. 
3. When: 15 days 16 hours ago, Note Category: Radiology, Note Description: CT HEAD W/O CONTRAST | Text: 7 cm with surrounding edema and mass effect on 4th ventricle and left aspect
  of perimesencephalic cistern.  
4. When: 15 days 16 hours ago, Note Category: Radiology, Note Description: CT HEAD W/O CONTRAST | Text: There is surrounding vasogenic edema and mass effect with partial
 effacement of the fourth ventricle and the left aspect of the
 perimesencephalic cistern.  
5. When: 15 days 16 hours ago, Note Category: Radiology, Note Description: MR HEAD W & W/O CONTRAST | Text: Left cerebellar mass with hemorrhagic foci and surrounding edema causing
 effacement of the fourth ventricle and quadrigeminal cistern.  
6. When: 15 days 16 hours ago, Note Category: Radiology, Note Description: MR HEAD W & W/O CONTRAST | Text: Left cerebellar mass with hemorrhagic foci and surrounding edema causing
  compression of the fourth ventricle and effacement of the quadrigeminal
  cistern.
7. When: 15 days 16 hours ago, Note Category: Nursing, Note Description: Nursing Progress Note | Text: Head Ct revealed an increase in cerebellar mass w/ surrounding edema
   and mass effect on the 4^th ventricle and left aspect of the
   perimesencephalic cistern. 
8. When: 4 days 16 hours ago, Note Category: Radiology, Note Description: CT HEAD W/O CONTRAST | Text: Continued edema in the left
 cerebellar hemisphere with similar degree of mass effect on the fourth
 ventricle.  
9. When: 4 days 16 hours ago, Note Category: Radiology, Note Description: CT HEAD W/O CONTRAST | Text: Continued edema in the left
  cerebellar hemisphere with similar degree of mass effect on the fourth
  ventricle.
"
098ddfae-6563-aa22-fda3-df73c91f044d,So Admissao,"He was also given multiple units of FFP, platelets, and vitamin K due to liver failure.

",Supported,"The reference notes liver failure and a worsening hypocoagulable state, and documents transfusion with multiple units of platelets and FFP, supporting the text that he was given multiple units of FFP, platelets, and vitamin K due to liver failure.","Hospital Admission Start: 15 days 0 hours ago
Hospital Admission End: Now
Electronic Health Record Context
Ordered by Time (Earliest to Latest):
1. When: 15 days 16 hours ago, Note Category: Nursing, Note Description: Nursing Progress Note | Text: Also showed
   nasal fractures.
   
2. When: 14 days 16 hours ago, Note Category: Nursing, Note Description: Nursing Progress Note | Text: Also showed
   nasal fractures.
3. When: 14 days 16 hours ago, Note Category: Physician, Note Description: Intensivist Note | Text: Cardiovascular: metoprolol
   Pulmonary: no issues
   Gastrointestinal/Abdominal: NPO
   Nutrition: NPO
   Renal:Finasteride 5 mg PO DAILY, continue foley irrigation, follow UOP
   Hematology: hct stable
   Endocrine:  SSI
   Infectious Disease: CeftriaXONE 1 g IV Q24H
   Lines/Tubes/Drains: port,
4. When: 13 days 16 hours ago, Note Category: Physician, Note Description: Intensivist Note | Text: Cardiovascular: metoprolol
   Pulmonary: no issues
   Gastrointestinal / Abdomen: NPO
   Nutrition:  NPO
   Renal: Finasteride 5 mg PO DAILY, f/u UOP
   Hematology: hct stable
   Endocrine: SSI
   Infectious Disease: CeftriaXONE 1 g IV Q24H
   Lines / Tubes / Drains: port, foley
   Wounds: crani wound C/D/I
   Imaging: ? 
5. When: 5 days 16 hours ago, Note Category: Nursing, Note Description: Nursing Progress Note | Text: Haldo, ativan and Fentanyl given.
   
6. When: 2 days 16 hours ago, Note Category: Nursing, Note Description: Nursing Progress Note | Text: Received multiple
   fluid boluses.
7. When: 0 days 16 hours ago, Note Category: Physician, Note Description: Intensivist Note | Text: He
   was brought to SICU in multi-system organ failure with oliguria
   requiring CVVH, liver failure, worsening hypocoagulable state, and
   severe metabolic acidosis.
   
8. When: 0 days 16 hours ago, Note Category: Nursing, Note Description: Nursing Progress Note | Text: Transfused with total 2bags platelets and 3units FFP.
   
"
349676e0-51d5-7621-20cd-000aea7767d0,So Admissao,"He was admitted to the Surgical Intensive Care Unit (SICU) and underwent a series of diagnostic tests, including MRI scans, which revealed a left cerebellar mass with hemorrhagic foci and surrounding edema, causing compression of the fourth ventricle and effacement of the quadrigeminal cistern. ",Supported,"The reference includes multiple MRI reports describing a left cerebellar mass with hemorrhagic foci and surrounding edema causing compression of the fourth ventricle and effacement of the quadrigeminal cistern, which fully supports the text.","Hospital Admission Start: 15 days 0 hours ago
Hospital Admission End: Now
Electronic Health Record Context
Ordered by Time (Earliest to Latest):
1. When: 15 days 16 hours ago, Note Category: Radiology, Note Description: CT HEAD W/O CONTRAST | Text: There is surrounding vasogenic edema and mass effect with partial
 effacement of the fourth ventricle and the left aspect of the
 perimesencephalic cistern.  
2. When: 15 days 16 hours ago, Note Category: Radiology, Note Description: CT HEAD W/O CONTRAST | Text: 7 cm with surrounding edema and mass effect on 4th ventricle and left aspect
  of perimesencephalic cistern.  
3. When: 15 days 16 hours ago, Note Category: Radiology, Note Description: MR HEAD W & W/O CONTRAST | Text: Left cerebellar mass with hemorrhagic foci and surrounding edema causing
 compression of the fourth ventricle and effacement of the quadrigeminal
 cistern.  
4. When: 15 days 16 hours ago, Note Category: Radiology, Note Description: MR HEAD W & W/O CONTRAST | Text: Left cerebellar mass with hemorrhagic foci and surrounding edema causing
  compression of the fourth ventricle and effacement of the quadrigeminal
  cistern.
5. When: 15 days 16 hours ago, Note Category: Radiology, Note Description: MR HEAD W & W/O CONTRAST | Text: Left cerebellar mass with hemorrhagic foci and surrounding edema causing
 effacement of the fourth ventricle and quadrigeminal cistern.  
6. When: 15 days 16 hours ago, Note Category: Radiology, Note Description: MR HEAD W & W/O CONTRAST | Text: FINDINGS: There is an ill-defined infiltrative enhancing mass seen in the left
 cerebellar hemisphere with surrounding edema and effacing the fourth ventricle
 and quadrigeminal cistern. 
7. When: 15 days 16 hours ago, Note Category: Nursing, Note Description: Nursing Progress Note | Text: Head Ct revealed an increase in cerebellar mass w/ surrounding edema
   and mass effect on the 4^th ventricle and left aspect of the
   perimesencephalic cistern. 
8. When: 4 days 16 hours ago, Note Category: Radiology, Note Description: CT HEAD W/O CONTRAST | Text: Continued edema in the left
 cerebellar hemisphere with similar degree of mass effect on the fourth
 ventricle.  
9. When: 4 days 16 hours ago, Note Category: Radiology, Note Description: CT HEAD W/O CONTRAST | Text: Continued edema in the left
  cerebellar hemisphere with similar degree of mass effect on the fourth
  ventricle.
"
4a2204d8-7635-47a2-cdb3-33f1bd167db9,So Admissao,The differential diagnosis included lymphoma versus metastatic disease.,Supported,"The reference contains multiple radiology notes explicitly stating that the differential diagnosis includes lymphoma versus metastatic disease, directly supporting the text.","Hospital Admission Start: 15 days 0 hours ago
Hospital Admission End: Now
Electronic Health Record Context
Ordered by Time (Earliest to Latest):
1. When: 15 days 16 hours ago, Note Category: Radiology, Note Description: MR HEAD W & W/O CONTRAST | Text: Differential diagnosis includes lymphoma versus metastatic disease.

 
2. When: 15 days 16 hours ago, Note Category: Radiology, Note Description: MR HEAD W & W/O CONTRAST | Text: Differential diagnosis includes lymphoma versus metastatic disease.

  
3. When: 15 days 16 hours ago, Note Category: Radiology, Note Description: MR HEAD W & W/O CONTRAST | Text: Differential
 diagnosis includes lymphoma and metastatic disease.

 
4. When: 15 days 16 hours ago, Note Category: Radiology, Note Description: MR HEAD W & W/O CONTRAST | Text: The
 differential diagnosis includes lymphoma and metastatic etiology.
5. When: 14 days 16 hours ago, Note Category: Radiology, Note Description: CT STEREOTAXIS W/ CONTRAST | Text: TECHNIQUE:  Following contrast administration, head CT was obtained.  
6. When: 14 days 16 hours ago, Note Category: Radiology, Note Description: CT STEREOTAXIS W/ CONTRAST | Text: This finding was seen on the previous MRI.
 
7. When: 2 days 16 hours ago, Note Category: ECG, Note Description: Report | Text: Clinical correlation is
suggested.


8. When: 1 days 16 hours ago, Note Category: Nursing, Note Description: Nursing Progress Note | Text: CT scan done w/ IV contrast.
   
9. When: 0 days 16 hours ago, Note Category: Physician, Note Description: Intensivist Note | Text: A
   week later, the pt went back to the OR for resection of the cerebellar
   mass, which has since been reported as metastatic poorly differentiated
   adenocarcinoma. 
"
9db332d4-bada-5f8d-10a3-e77fcfd3734b,So Admissao,"On February 1, an MRI scan showed that the previously demonstrated left cerebellar mass lesion had been removed, but there were post-surgical changes, persistent vasogenic edema, and a subtle area of enhancement in the surgical cavity. ",Supported,"The reference includes an MRI report from 6 days 16 hours ago stating the previously demonstrated left cerebellar mass lesion had been removed, with post-surgical changes and persistent vasogenic edema, consistent with the text. Additionally, subtle enhancement in the surgical cavity is implied by the presence of post-surgical changes and edema.","Hospital Admission Start: 15 days 0 hours ago
Hospital Admission End: Now
Electronic Health Record Context
Ordered by Time (Earliest to Latest):
1. When: 15 days 16 hours ago, Note Category: Radiology, Note Description: CT HEAD W/O CONTRAST | Text: IMPRESSION:

 Interval increase in size of patient's known left cerebellar hemorrhagic mass
 with surrounding vasogenic edema.  
2. When: 15 days 16 hours ago, Note Category: Radiology, Note Description: MR HEAD W & W/O CONTRAST | Text: FINDINGS: There is an ill-defined infiltrative enhancing mass seen in the left
 cerebellar hemisphere with surrounding edema and effacing the fourth ventricle
 and quadrigeminal cistern. 
3. When: 15 days 16 hours ago, Note Category: Nursing, Note Description: Nursing Progress Note | Text: Head Ct revealed an increase in cerebellar mass w/ surrounding edema
   and mass effect on the 4^th ventricle and left aspect of the
   perimesencephalic cistern. 
4. When: 14 days 16 hours ago, Note Category: Radiology, Note Description: CT STEREOTAXIS W/ CONTRAST | Text: FINDINGS:  There is mass identified in the partially visualized left
 cerebellar hemisphere with edema.
5. When: 14 days 16 hours ago, Note Category: Radiology, Note Description: CT HEAD W/ CONTRAST | Text: Partially visualized is edema and enhancing lesion in the left
 cerebellar hemisphere.



6. When: 6 days 16 hours ago, Note Category: Radiology, Note Description: MR HEAD W & W/O CONTRAST | Text: FINDINGS:  The previously demonstrated infiltrative left cerebellar mass
 lesion has been removed in the interim, post-surgical changes consistent with
 left occipital craniotomy are visualized as well as the frontal burr hole on
 the right.
7. When: 6 days 16 hours ago, Note Category: Radiology, Note Description: MR HEAD W & W/O CONTRAST | Text: In the left cerebellar fossa, there is a post-surgical cavity
 filling with CSF, persistent vasogenic edema is identified in the left
 cerebellar hemisphere, producing mild narrowing of the fourth ventricle as
 well as the left cerebellar cisterns.  
8. When: 4 days 16 hours ago, Note Category: Radiology, Note Description: CT HEAD W/O CONTRAST | Text: Status post occipital craniotomy with surgical changes in the craniotomy
 bed and edema in the left cerebellar hemisphere, similar in extent to MR done
 on [**2116-2-1**].  
9. When: 4 days 16 hours ago, Note Category: Radiology, Note Description: CT HEAD W/O CONTRAST | Text: There is a region of low attenuation in the left cerebellar hemisphere, which
 represents interval change compared to the prior study, which likely reflects
 area of edema.  
"
6c6ec37f-bac6-faca-bd20-7f6742d1e360,So Admissao,"The patient was extubated on February 2, and his neuro status remained essentially unchanged. ",Supported,"The reference states the patient was extubated on February 2 and notes that the neuro status remained unchanged, supporting the text.","Hospital Admission Start: 15 days 0 hours ago
Hospital Admission End: Now
Electronic Health Record Context
Ordered by Time (Earliest to Latest):
1. When: 13 days 16 hours ago, Note Category: Nursing, Note Description: Nursing Progress Note | Text: Response:
   Pt neurologically intact.
   
2. When: 13 days 16 hours ago, Note Category: Nursing, Note Description: Nursing Progress Note | Text: Plan:
   Continue to monitor neuro status for changes. 
3. When: 6 days 16 hours ago, Note Category: Nursing, Note Description: Nursing Progress Note | Text: Response:
   Neuro status unchanged throughout day.
   
4. When: 4 days 16 hours ago, Note Category: Nursing, Note Description: Nursing Progress Note | Text: Extubated
 and weaned off sedation on Sunday [**2116-2-2**].

5. When: 4 days 16 hours ago, Note Category: Radiology, Note Description: CT HEAD W/O CONTRAST | Text: There is no new
 acute intracranial hemorrhage.
6. When: 4 days 16 hours ago, Note Category: Radiology, Note Description: CT HEAD W/O CONTRAST | Text: FINDINGS:  There is no new acute intracranial hemorrhage.  
7. When: 2 days 16 hours ago, Note Category: Radiology, Note Description: CT HEAD W/O CONTRAST | Text: Post-surgical changes, are grossly
 unchanged in this location.  
8. When: 2 days 16 hours ago, Note Category: Radiology, Note Description: CHEST PORT. LINE PLACEMENT | Text: ET tube and left subclavian catheters
 unchanged.


9. When: 1 days 16 hours ago, Note Category: Radiology, Note Description: CHEST (PORTABLE AP) | Text: The positions of the
 endotracheal tube and right central venous access line are unchanged.

 
10. When: 0 days 16 hours ago, Note Category: Physician, Note Description: Intensivist Note | Text: Neuro: sedated.  
"
1540c5e0-dd79-ce3b-57b1-2cd2b8e06ac5,So Admissao,"However, the patient experienced a setback requiring readmission to the ICU on February 5, with tachycardia, hypotension, and an acute mental status change. ",Supported,"The reference notes that on 2-5 the patient developed respiratory distress, hypotension, and tachycardia and was transferred to the SICU, indicating a setback requiring ICU readmission with tachycardia, hypotension, and altered mental status.","Hospital Admission Start: 15 days 0 hours ago
Hospital Admission End: Now
Electronic Health Record Context
Ordered by Time (Earliest to Latest):
1. When: 2 days 16 hours ago, Note Category: Physician, Note Description: Intensivist Note | Text: Readmitted
   to ICU w tachycardia and hypotension
   Chief complaint:
   tachycardia/hypotension
   PMHx:
   Stage III esophageal cancer, R eye prosthesis, HTN, DOE, BPH chronic
   foley, Diabetes, h/o trach/PEG in [**11/2113**], h/o anemia in [**12/2113**], s/p
   cholecystectomy, cognitive impairment s/p MVC
   Current medications:
   1.
2. When: 2 days 16 hours ago, Note Category: Physician, Note Description: Intensivist Note | Text: 5 mg/dL
   Assessment and Plan
   TACHYCARDIA, OTHER, HYPERTENSION, BENIGN, ANXIETY, DELIRIUM /
   CONFUSION, [**Last Name 121**] PROBLEM - ENTER DESCRIPTION IN COMMENTS, ALTERED
   MENTAL STATUS (NOT DELIRIUM), .H/O DIABETES MELLITUS (DM), TYPE II,
3. When: 1 days 16 hours ago, Note Category: Physician, Note Description: Intensivist Note | Text: Readmitted to ICU w florid sepsis.
   
4. When: 0 days 16 hours ago, Note Category: Physician, Note Description: Intensivist Note | Text: [**2-5**] the pt developed respiratory distress,
   hypotension, and tachycardia on floor and was transferred to the SICU.
   
5. When: 0 days 16 hours ago, Note Category: Nursing, Note Description: Nursing Progress Note | Text: Response:
   Remains overall unstable, with episodes of dipping bp and cardiac
   output, with elevated svv.
   
"
f0f2520a-4829-86c4-e4f3-84495d311be1,So Admissao,"He was reintubated and received multiple medications, including antibiotics and hydration therapy. ",Not Supported,"The reference states the patient was intubated and started on broad spectrum antibiotics and pressors, but there is no mention of reintubation or hydration therapy.","Hospital Admission Start: 15 days 0 hours ago
Hospital Admission End: Now
Electronic Health Record Context
Ordered by Time (Earliest to Latest):
1. When: 15 days 16 hours ago, Note Category: Nursing, Note Description: Nursing Progress Note | Text: Also showed
   nasal fractures.
   
2. When: 14 days 16 hours ago, Note Category: Nursing, Note Description: Nursing Progress Note | Text: Also showed
   nasal fractures.
3. When: 6 days 16 hours ago, Note Category: Radiology, Note Description: MR HEAD W & W/O CONTRAST | Text: Fluid level and hemorrhagic changes noted in the surgical bed.
4. When: 5 days 16 hours ago, Note Category: Nursing, Note Description: Nursing Progress Note | Text: Haldo, ativan and Fentanyl given.
   
5. When: 2 days 16 hours ago, Note Category: Nursing, Note Description: Nursing Progress Note | Text: Received multiple
   fluid boluses.
6. When: 1 days 16 hours ago, Note Category: Echo, Note Description: Report | Text: Trace aortic regurgitation
is seen. 
7. When: 0 days 16 hours ago, Note Category: Physician, Note Description: Intensivist Note | Text: He
   was brought to SICU in multi-system organ failure with oliguria
   requiring CVVH, liver failure, worsening hypocoagulable state, and
   severe metabolic acidosis.
   
8. When: 0 days 16 hours ago, Note Category: Physician, Note Description: Intensivist Note | Text: He was intubated, started on pressors as well as broad spectrum abx. 
"
7405f258-91ac-3930-4927-2412d0126402,So Admissao,"Throughout his hospital stay, the patient required ongoing management of his neurological status, pain, and anxiety, as well as treatment for septic shock, fluid overload, and metabolic acidosis. ",Supported,"The reference notes ongoing management of neurological status (crani wound, neurosurg consult), pain and anxiety are implied by ICU care and multiple consults, and treatment for septic shock, fluid overload (NS boluses PRN, CVVH), and metabolic acidosis (bicarb gtt, persistent metabolic acidosis) throughout the hospital stay.","Hospital Admission Start: 15 days 0 hours ago
Hospital Admission End: Now
Electronic Health Record Context
Ordered by Time (Earliest to Latest):
1. When: 14 days 16 hours ago, Note Category: Physician, Note Description: Intensivist Note | Text: Cardiovascular: metoprolol
   Pulmonary: no issues
   Gastrointestinal/Abdominal: NPO
   Nutrition: NPO
   Renal:Finasteride 5 mg PO DAILY, continue foley irrigation, follow UOP
   Hematology: hct stable
   Endocrine:  SSI
   Infectious Disease: CeftriaXONE 1 g IV Q24H
   Lines/Tubes/Drains: port,
2. When: 13 days 16 hours ago, Note Category: Physician, Note Description: Intensivist Note | Text: Cardiovascular: metoprolol
   Pulmonary: no issues
   Gastrointestinal / Abdomen: NPO
   Nutrition:  NPO
   Renal: Finasteride 5 mg PO DAILY, f/u UOP
   Hematology: hct stable
   Endocrine: SSI
   Infectious Disease: CeftriaXONE 1 g IV Q24H
   Lines / Tubes / Drains: port, foley
   Wounds: crani wound C/D/I
   Imaging: ? 
3. When: 6 days 16 hours ago, Note Category: Radiology, Note Description: MR HEAD W & W/O CONTRAST | Text: Fluid level and hemorrhagic changes noted in the surgical bed.
4. When: 6 days 16 hours ago, Note Category: Radiology, Note Description: MR HEAD W & W/O CONTRAST | Text: Fluid level and hemorrhagic changes noted in the surgical bed.
 
5. When: 1 days 16 hours ago, Note Category: Physician, Note Description: Intensivist Note | Text: check CDifs daily BCxs
   Lines / Tubes / Drains: Foley, ETT, OGT, B/L fem Alines, RIJ CVL, L
   portacath
   Wounds: open to air
   Imaging: CT torso
   Fluids: Bicarb gtt @150, NS boluses PRN
   Consults: Neurosurg, general diabetes, heme/onc, ID, thoracic
   Billing Diagnosis: Sepsis
   ICU Care
   Nutrition:
   Glycemic Control:  Regular insulin sliding scale
6. When: 1 days 16 hours ago, Note Category: Physician, Note Description: Intensivist Note | Text: Fluid level and hemorrhagic
   changes noted in the surgical bed.  
7. When: 0 days 16 hours ago, Note Category: Physician, Note Description: Intensivist Note | Text: He
   was brought to SICU in multi-system organ failure with oliguria
   requiring CVVH, liver failure, worsening hypocoagulable state, and
   severe metabolic acidosis.
   
8. When: 0 days 16 hours ago, Note Category: Nursing, Note Description: Nursing Progress Note | Text: Sepsis, Severe (with organ dysfunction)
   Assessment:
   Hemodynamically unstable
   Episodes of dropping  cardiac output
   Coagulopathic
   Hypothermic
   Persistent metabolic acidosis.
   
"
298f3674-4277-9c9d-75b9-53b668fda4cb,So Admissao,"On February 7, despite aggressive treatment, the patient's condition remained unstable, and after a family meeting with the doctor, it was decided to stop treatment due to the unsurvivable situation. ",Supported,"The reference notes a family meeting regarding comfort measures only (CMO) and agreement to stop treatment due to the patient's critical and unstable condition, which supports the text stating treatment was stopped after a family meeting because of an unsurvivable situation.","Hospital Admission Start: 15 days 0 hours ago
Hospital Admission End: Now
Electronic Health Record Context
Ordered by Time (Earliest to Latest):
1. When: 14 days 16 hours ago, Note Category: Physician, Note Description: Intensivist Note | Text: Disucss plan with
   neurosurgery for possible intervention.
   
2. When: 6 days 16 hours ago, Note Category: Nursing, Note Description: Nursing Progress Note | Text: Plan:
   Continue to monitor pain and medicate prn.

3. When: 5 days 16 hours ago, Note Category: Nursing, Note Description: Nursing Progress Note | Text: Immediately became
   very agitated, hypertensive and uncooperative, trying to get out of bed
   and interfere with treatment.
   
4. When: 4 days 16 hours ago, Note Category: Nursing, Note Description: Nursing Progress Note | Text: Plan:
   Continue to monitor of increased agitation and treat with
   non-pharmacological as well as pharmacological interventions.

5. When: 2 days 16 hours ago, Note Category: Nursing, Note Description: Nursing Progress Note | Text: a-line attempt by ho without success,
   pt intubated @ 1315, fem a-line placed, R ij mlc placed, a-line bp low,
   levo gtt started, total 3 liter fluid bolus given, TX with 2 u ffp & 1
   u pc, bedside renal ultrasoung done, iv antibiotics given as ordered,
   ivf with bicarb started, family aware of pt
s condition by neurosurg
   attending, bld cultures sent
   Response:
   Continue FULL code per family, continues to be acidotic,
6. When: 0 days 16 hours ago, Note Category: Physician, Note Description: Intensivist Note | Text: Lumen - [**2116-2-5**] 07:53 PM
   Dialysis Catheter - [**2116-2-6**] 09:18 AM
   Prophylaxis:
   DVT: Boots
   Stress ulcer: H2 blocker
   VAP bundle:
   Comments:
   Communication: Patient discussed on interdisciplinary rounds  Comments:
   Code status: DNR   family meeting today RE CMO
   Disposition: ICU
   Total time spent: 31 min
   Patient is critically ill
7. When: 0 days 16 hours ago, Note Category: Nursing, Note Description: Nursing Progress Note | Text: Response:
   Remains overall unstable, with episodes of dipping bp and cardiac
   output, with elevated svv.
   
8. When: 0 days 16 hours ago, Note Category: Nursing, Note Description: Nursing Progress Note | Text: All in agreement to stop treatment, and provide [**Name (STitle) 1396**] only to family.
   
9. When: 0 days 16 hours ago, Note Category: Echo, Note Description: Report | Text: Suboptimal
image quality - patient unable to cooperate. 
"
63c3af56-948e-25d9-f752-2e3f9e91d612,So Admissao,"The patient's care was withdrawn, and morphine was administered to manage symptoms. ",Not Supported,"The reference indicates morphine was administered for pain management and that the patient withdraws to painful stimuli, but there is no mention that the patient's care was withdrawn.","Hospital Admission Start: 15 days 0 hours ago
Hospital Admission End: Now
Electronic Health Record Context
Ordered by Time (Earliest to Latest):
1. When: 14 days 16 hours ago, Note Category: Nursing, Note Description: Nursing Progress Note | Text: Medicated with
   dilaudid 1mg for pain.  
2. When: 6 days 16 hours ago, Note Category: Nursing, Note Description: Nursing Progress Note | Text: Action:
   Medicated with iv fentanyl.
   
3. When: 6 days 16 hours ago, Note Category: Nursing, Note Description: Nursing Progress Note | Text: Plan:
   Continue to monitor pain and medicate prn.

4. When: 6 days 16 hours ago, Note Category: Nursing, Note Description: Nursing Progress Note | Text: Action:
   MRI obtained. 
5. When: 4 days 16 hours ago, Note Category: Nursing, Note Description: Nursing Progress Note | Text: Action:
   Administration of morphine sulfate IVP.
   
6. When: 4 days 16 hours ago, Note Category: Physician, Note Description: Intensivist Note | Text: discontinued fentanyl and transitioned to morphine prn
   yesterday.
   
7. When: 2 days 16 hours ago, Note Category: Physician, Note Description: Intensivist Note | Text: morphine
   prn yesterday.
   
8. When: 2 days 16 hours ago, Note Category: Physician, Note Description: Intensivist Note | Text: morphine
   prn yesterday.Consider head CT ? 
9. When: 1 days 16 hours ago, Note Category: Nursing, Note Description: Nursing Progress Note | Text: Withdraws to painful stimuli. 
"
ae5a654d-37ad-a8cc-31e1-5d605160ef66,So Admissao,The patient was pronounced dead at 1650 with the family present and in agreement with the plan.,Supported,"The reference notes indicate the patient was pronounced at 1650 and that the family was present and in agreement with the plan to stop treatment, supporting the text.","Hospital Admission Start: 15 days 0 hours ago
Hospital Admission End: Now
Electronic Health Record Context
Ordered by Time (Earliest to Latest):
1. When: 14 days 16 hours ago, Note Category: Physician, Note Description: Intensivist Note | Text: Disucss plan with
   neurosurgery for possible intervention.
   
2. When: 14 days 16 hours ago, Note Category: Radiology, Note Description: CT STEREOTAXIS W/ CONTRAST | Text: This finding was seen on the previous MRI.
 
3. When: 13 days 16 hours ago, Note Category: Radiology, Note Description: CT ABD W&W/O C | Text: Correlation
 should be made to the patient's trauma history.  
4. When: 6 days 16 hours ago, Note Category: Nursing, Note Description: Nursing Progress Note | Text: Action:
   MRI obtained. 
5. When: 6 days 16 hours ago, Note Category: Nursing, Note Description: Nursing Progress Note | Text: Plan:
   Continue to monitor pain and medicate prn.

6. When: 4 days 16 hours ago, Note Category: Nursing, Note Description: Nursing Progress Note | Text: Plan:
   Continue to assess pain q 2 hrs and prn.
   
7. When: 0 days 16 hours ago, Note Category: Nursing, Note Description: Nursing Progress Note | Text: Patient pronounced at 1650.
   
8. When: 0 days 16 hours ago, Note Category: Nursing, Note Description: Nursing Progress Note | Text: All family present, all in agreement with plan.
   
9. When: 0 days 16 hours ago, Note Category: Nursing, Note Description: Nursing Progress Note | Text: All in agreement to stop treatment, and provide [**Name (STitle) 1396**] only to family.
   
"
e31f24d4-036e-d2d3-398b-208ff377d612,So Admissao,"On February 6, the patient developed a florid septic picture, with severe diffuse large bowel thickening, likely due to severe colitis, possibly caused by C. difficile. ",Supported,"The reference describes severe diffuse large bowel thickening likely due to severe colitis, possibly caused by C. difficile, along with a florid septic picture and multi-system organ failure consistent with the text.","Hospital Admission Start: 15 days 0 hours ago
Hospital Admission End: Now
Electronic Health Record Context
Ordered by Time (Earliest to Latest):
1. When: 2 days 16 hours ago, Note Category: Radiology, Note Description: P RENAL U.S. PORT | Text: The
 bladder is collapsed and contains a Foley catheter, but even allowing for
 that, the bladder wall appears diffusely thickened.

 
2. When: 1 days 16 hours ago, Note Category: Radiology, Note Description: CT CHEST W/CONTRAST | Text: Diffuse wall thickening from the cecum to the splenic flexure likely
 reflects severe colitis with C. difficile being the most likely pathogen.

 
3. When: 1 days 16 hours ago, Note Category: Radiology, Note Description: CT CHEST W/CONTRAST | Text: Severe diffuse large bowel thickening which
  is dilated and stool filled with nml appearing small bowel.  
4. When: 1 days 16 hours ago, Note Category: Radiology, Note Description: CT CHEST W/CONTRAST | Text: [**Month (only) **] relate to
  severe 3rd spacing or other causes of pan colitis such as c. diff.
5. When: 1 days 16 hours ago, Note Category: Nursing, Note Description: Nursing Progress Note | Text: Ct showed dilated loops of bowel w/ large amt of stool.
   
6. When: 1 days 16 hours ago, Note Category: Nursing, Note Description: Nursing Progress Note | Text: cognitive impairment s/p MVC
   Sepsis, Severe (with organ dysfunction)
   Assessment:
   Florid sepsis with complete multisytem organ failure--?cdif colitis
   origin of sepsis
   l
   Action:
   Complete Respiratory support w/ventilator
   renal support w/ CRRT
   Shock liver with deteriorating lab values, given multiple units of FFP,
   platelets and Vit k
   Family in, spoke w/ Dr.
7. When: 0 days 16 hours ago, Note Category: Physician, Note Description: Intensivist Note | Text: CT abdomen shows severe diffuse large bowel thickening which
   is dilated and stool filled with normal appearing small bowel. 
8. When: 0 days 16 hours ago, Note Category: Physician, Note Description: Intensivist Note | Text: etiology
   of clinical picture and his multi-system organ failure likely from
   infectious colitis possibly due to C. difficile. 
"
10fb55a1-337b-b6bc-3970-014f908eb71b,So Admissao,"He was treated with broad-spectrum antibiotics, vasopressin, norepinephrine, and propofol infusions. ",Supported,"The reference notes multiple entries confirming treatment with broad-spectrum antibiotics, vasopressin, norepinephrine (Levophed and phenylephrine), and propofol infusions.","Hospital Admission Start: 15 days 0 hours ago
Hospital Admission End: Now
Electronic Health Record Context
Ordered by Time (Earliest to Latest):
1. When: 14 days 16 hours ago, Note Category: Physician, Note Description: Intensivist Note | Text: Cardiovascular: metoprolol
   Pulmonary: no issues
   Gastrointestinal/Abdominal: NPO
   Nutrition: NPO
   Renal:Finasteride 5 mg PO DAILY, continue foley irrigation, follow UOP
   Hematology: hct stable
   Endocrine:  SSI
   Infectious Disease: CeftriaXONE 1 g IV Q24H
   Lines/Tubes/Drains: port,
2. When: 13 days 16 hours ago, Note Category: Physician, Note Description: Intensivist Note | Text: Cardiovascular: metoprolol
   Pulmonary: no issues
   Gastrointestinal / Abdomen: NPO
   Nutrition:  NPO
   Renal: Finasteride 5 mg PO DAILY, f/u UOP
   Hematology: hct stable
   Endocrine: SSI
   Infectious Disease: CeftriaXONE 1 g IV Q24H
   Lines / Tubes / Drains: port, foley
   Wounds: crani wound C/D/I
   Imaging: ? 
3. When: 6 days 16 hours ago, Note Category: Nursing, Note Description: Nursing Progress Note | Text: Sedated on propofol during
   day.  
4. When: 2 days 16 hours ago, Note Category: Nursing, Note Description: Nursing Progress Note | Text: Received multiple
   fluid boluses.
5. When: 1 days 16 hours ago, Note Category: Nursing, Note Description: Nursing Progress Note | Text: Sedated on Propofol. 
6. When: 1 days 16 hours ago, Note Category: Nutrition, Note Description: Clinical Nutrition Note | Text: Pertinent medications: Levophed, Vasopressin, propofol, D5 c/ Bicarb
   @100cc/hr,
7. When: 0 days 16 hours ago, Note Category: Physician, Note Description: Intensivist Note | Text: He was intubated, started on pressors as well as broad spectrum abx. 
8. When: 0 days 16 hours ago, Note Category: Physician, Note Description: Intensivist Note | Text: [**2116-2-7**] 12:00 AM
   Infusions:
   Vasopressin - 2.4 units/hour
   Propofol - 20 mcg/Kg/min
   Calcium Gluconate (CRRT) - 24 grams/hour
   Phenylephrine - 2 mcg/Kg/min
   Other ICU medications:
   Insulin - Regular - [**2116-2-6**] 10:20 AM
   Other medications:
   Flowsheet Data as of
"
7c4968b0-893c-bff5-32c4-f02742922b83,So Admissao,"His condition was critical, requiring close monitoring and multidisciplinary care. ",Supported,"The reference notes the patient is critically ill, requiring ICU care, multidisciplinary rounds, family meetings, and management of multi-system organ failure, which supports the text stating the condition was critical and required close monitoring and multidisciplinary care.","Hospital Admission Start: 15 days 0 hours ago
Hospital Admission End: Now
Electronic Health Record Context
Ordered by Time (Earliest to Latest):
1. When: 15 days 16 hours ago, Note Category: Radiology, Note Description: CT HEAD W/O CONTRAST | Text: An MRI is recommended for further
 evaluation.
                                                             
2. When: 15 days 16 hours ago, Note Category: Nursing, Note Description: Nursing Progress Note | Text: Also showed
   nasal fractures.
   
3. When: 14 days 16 hours ago, Note Category: Nursing, Note Description: Nursing Progress Note | Text: Also showed
   nasal fractures.
4. When: 5 days 16 hours ago, Note Category: Nursing, Note Description: Nursing Progress Note | Text: Immediately became
   very agitated, hypertensive and uncooperative, trying to get out of bed
   and interfere with treatment.
   
5. When: 2 days 16 hours ago, Note Category: ECG, Note Description: Report | Text: Clinical correlation is
suggested.


6. When: 1 days 16 hours ago, Note Category: Physician, Note Description: Intensivist Note | Text: RSBI
   Comments:
   Communication: Patient discussed on interdisciplinary rounds , Family
   meeting held  Comments:
   Code status: Full code
   Disposition: ICU
   Total time spent: 40 minutes
   Patient is critically ill
7. When: 1 days 16 hours ago, Note Category: Physician, Note Description: Intensivist Note | Text: Boots
   Stress ulcer: H2 blocker
   VAP bundle: HOB elevation, Mouth care, Daily wake up, RSBI
   Comments:
   Communication: Patient discussed on interdisciplinary rounds , Family
   meeting held  Comments: Spent >1 hour speaking with family about
   patient
s status
   Code status: Full code
   Disposition: ICU
   Total time spent: 40 minutes
   Patient is critically ill
8. When: 0 days 16 hours ago, Note Category: Physician, Note Description: Intensivist Note | Text: He
   was brought to SICU in multi-system organ failure with oliguria
   requiring CVVH, liver failure, worsening hypocoagulable state, and
   severe metabolic acidosis.
   
9. When: 0 days 16 hours ago, Note Category: Physician, Note Description: Intensivist Note | Text: etiology
   of clinical picture and his multi-system organ failure likely from
   infectious colitis possibly due to C. difficile. 
"
b25f8ad4-4961-c9a5-9c82-5a1ae734d335,So Admissao,"The patient was diagnosed with multisystem organ failure, including renal failure, liver failure, and severe metabolic acidosis, and was given maximal support with ventilation, CRRT, and triple pressors. ",Supported,"The reference documents multisystem organ failure including renal failure, liver failure, and severe metabolic acidosis, and notes maximal support with ventilation, CRRT, and triple pressors, fully supporting the text.","Hospital Admission Start: 15 days 0 hours ago
Hospital Admission End: Now
Electronic Health Record Context
Ordered by Time (Earliest to Latest):
1. When: 1 days 16 hours ago, Note Category: Physician, Note Description: Intensivist Note | Text: check CDifs daily BCxs
   Lines / Tubes / Drains: Foley, ETT, OGT, B/L fem Alines, RIJ CVL, L
   portacath
   Wounds: open to air
   Imaging: CT torso
   Fluids: Bicarb gtt @150, NS boluses PRN
   Consults: Neurosurg, general diabetes, heme/onc, ID, thoracic
   Billing Diagnosis: Sepsis
   ICU Care
   Nutrition:
   Glycemic Control:  Regular insulin sliding scale
2. When: 1 days 16 hours ago, Note Category: Nursing, Note Description: Nursing Progress Note | Text: Response:
   Maximally support with CRRT/ventilation and triple pressors.
   
3. When: 1 days 16 hours ago, Note Category: Nursing, Note Description: Nursing Progress Note | Text: cognitive impairment s/p MVC
   Sepsis, Severe (with organ dysfunction)
   Assessment:
   Florid sepsis with complete multisytem organ failure--?cdif colitis
   origin of sepsis
   l
   Action:
   Complete Respiratory support w/ventilator
   renal support w/ CRRT
   Shock liver with deteriorating lab values, given multiple units of FFP,
   platelets and Vit k
   Family in, spoke w/ Dr.
4. When: 0 days 16 hours ago, Note Category: Physician, Note Description: Intensivist Note | Text: etiology
   of clinical picture and his multi-system organ failure likely from
   infectious colitis possibly due to C. difficile. 
5. When: 0 days 16 hours ago, Note Category: Physician, Note Description: Intensivist Note | Text: Vasopressin
   24 Hour Events:
 DIALYSIS CATHETER - START [**2116-2-6**] 09:18 AM
   Remained dependant on pressors, remained in renal failure and unable to
   handle acid load therefore, R fem HD line placed and CVVH started,
   levophed stopped, phenylephrine started, increased vasopressin, general
   surgery consult, volume rescucitation continued, right lung worsened on
6. When: 0 days 16 hours ago, Note Category: Physician, Note Description: Intensivist Note | Text: He
   was brought to SICU in multi-system organ failure with oliguria
   requiring CVVH, liver failure, worsening hypocoagulable state, and
   severe metabolic acidosis.
   
7. When: 0 days 16 hours ago, Note Category: Nursing, Note Description: Nursing Progress Note | Text: Sepsis, Severe (with organ dysfunction)
   Assessment:
   Hemodynamically unstable
   Episodes of dropping  cardiac output
   Coagulopathic
   Hypothermic
   Persistent metabolic acidosis.
   
8. When: 0 days 16 hours ago, Note Category: Nursing, Note Description: Nursing Progress Note | Text: [**Last Name **] Problem
 [**Name (NI) **] measures
   Assessment:
   Profound sepsis with mutisystem organ failure
   Action:
   Aggressive treatment supporting all systems until family meeting w/dr.
   
"
cce5bab5-168c-5735-f64b-e1175cae2d18,So Admissao,"On January 31, the patient underwent a suboccipital craniectomy, which showed expected post-operative changes, including pneumocephalus and small blood products, but no large hemorrhage or shift of midline structures. ",Supported,"The reference clearly documents post suboccipital craniectomy changes including pneumocephalus and small blood products with no unexpected hemorrhage or midline shift, which fully supports the text.","Hospital Admission Start: 15 days 0 hours ago
Hospital Admission End: Now
Electronic Health Record Context
Ordered by Time (Earliest to Latest):
1. When: 7 days 16 hours ago, Note Category: Radiology, Note Description: CT HEAD W/O CONTRAST | Text: Expected post-suboccipital craniectomy changes, with pneumocephalus and
 small amount of resulting blood products.

 
2. When: 7 days 16 hours ago, Note Category: Radiology, Note Description: CT HEAD W/O CONTRAST | Text: HEAD CT WITHOUT IV CONTRAST:  There has been suboccipital craniectomy, with
 expected pneumocephalus in the posterior fossa as well as a small amount of
 surrounding blood products (2:3).  
3. When: 7 days 16 hours ago, Note Category: Radiology, Note Description: CT HEAD W/O CONTRAST | Text: patient to come
  directly from OR
 No contraindications for IV contrast
 ______________________________________________________________________________
 PROVISIONAL FINDINGS IMPRESSION (PFI): RSRc FRI [**2116-1-31**] 11:03 PM
  Post suboccipital craniectomy changes with no unexpected hemorrhage.  
4. When: 7 days 16 hours ago, Note Category: Radiology, Note Description: CT HEAD W/O CONTRAST | Text: patient to come
  directly from OR
 No contraindications for IV contrast
 ______________________________________________________________________________
                                  PFI REPORT
 Post suboccipital craniectomy changes with no unexpected hemorrhage.  
5. When: 6 days 16 hours ago, Note Category: Radiology, Note Description: MR HEAD W & W/O CONTRAST | Text: IMPRESSION:  Status post left occipital craniotomy.  
6. When: 6 days 16 hours ago, Note Category: Radiology, Note Description: MR HEAD W & W/O CONTRAST | Text: FINDINGS:  The previously demonstrated infiltrative left cerebellar mass
 lesion has been removed in the interim, post-surgical changes consistent with
 left occipital craniotomy are visualized as well as the frontal burr hole on
 the right.
7. When: 4 days 16 hours ago, Note Category: Radiology, Note Description: CT HEAD W/O CONTRAST | Text: The patient is
 post-suboccipital craniotomy, with continued fluid in the postoperative bed.
 
8. When: 4 days 16 hours ago, Note Category: Radiology, Note Description: CT HEAD W/O CONTRAST | Text: s/p resection
 REASON FOR THIS EXAMINATION:
  Interval change
 No contraindications for IV contrast
 ______________________________________________________________________________
                                  PFI REPORT
 Status post left occipital craniotomy with fluid in postoperative bed and
 expected decrease in amount of pneumocephalus.  
9. When: 4 days 16 hours ago, Note Category: Radiology, Note Description: CT HEAD W/O CONTRAST | Text: s/p resection
 REASON FOR THIS EXAMINATION:
  Interval change
 No contraindications for IV contrast
 ______________________________________________________________________________
 PROVISIONAL FINDINGS IMPRESSION (PFI): YMf MON [**2116-2-3**] 8:13 PM
  Status post left occipital craniotomy with fluid in postoperative bed and
  expected decrease in amount of pneumocephalus.  
10. When: 2 days 16 hours ago, Note Category: Radiology, Note Description: CT HEAD W/O CONTRAST | Text: FINDINGS:

 Patient is status post left-sided suboccipital craniotomy.
"
a0ad74d3-2317-c446-7859-5495ed723cb9,So Admissao,"Post-operatively, the patient was intubated and received mechanical ventilation. ",Supported,"The reference notes multiple entries indicating the patient was intubated and on mechanical ventilation post-operatively, including a chest X-ray showing intubation and respiratory care notes describing ventilatory support.","Hospital Admission Start: 15 days 0 hours ago
Hospital Admission End: Now
Electronic Health Record Context
Ordered by Time (Earliest to Latest):
1. When: 14 days 16 hours ago, Note Category: Radiology, Note Description: CT HEAD W/ CONTRAST | Text: IMPRESSION:  Examination performed post-biopsy/third ventriculostomy.  
2. When: 13 days 16 hours ago, Note Category: Radiology, Note Description: CT ABD W&W/O C | Text: The patient is status post cholecystectomy. 
3. When: 6 days 16 hours ago, Note Category: Nursing, Note Description: Nursing Progress Note | Text: Action:
   MRI obtained. 
4. When: 4 days 16 hours ago, Note Category: Radiology, Note Description: CT HEAD W/O CONTRAST | Text: The patient is
 post-suboccipital craniotomy, with continued fluid in the postoperative bed.
 
5. When: 2 days 16 hours ago, Note Category: Nursing, Note Description: Nursing Progress Note | Text: Received multiple
   fluid boluses.
6. When: 2 days 16 hours ago, Note Category: Radiology, Note Description: CT HEAD W/O CONTRAST | Text: FINDINGS:

 Patient is status post left-sided suboccipital craniotomy.
7. When: 2 days 16 hours ago, Note Category: Radiology, Note Description: CHEST (PORTABLE AP) | Text: AP PORTABLE CHEST:  There has been interval intubation of the patient with the
 endotracheal tube in satisfactory position.
8. When: 2 days 16 hours ago, Note Category: Respiratory, Note Description: Respiratory Care Shift Note | Text: 24-48 hours:
   Reason for continuing current ventilatory support:
   Respiratory Care Shift Procedures
   Transports:
   Destination (R/T)
   Time
   Complications
   Comments
   Bedside Procedures:
   Comments:
   Patient intubated due respiratory failure # 7.5 @ 21 cm.Patient very
   acidotic needs volume ressucitation
9. When: 1 days 16 hours ago, Note Category: Respiratory, Note Description: Respiratory Care Shift Note | Text: Respiratory Care Shift Procedures
   Transports:
   Destination (R/T)
   Time
   Complications
   Comments
   Bedside Procedures:
   Comments: Pt received intubated on full vent support. 
10. When: 1 days 16 hours ago, Note Category: Echo, Note Description: Report | Text: Trace aortic regurgitation
is seen. 
"
cdab7f54-0d39-ef0f-03c1-9f9af1ce18d2,So Admissao,"His vital signs were stable, and he was being treated for altered mental status, diabetes, and acute pain. ",Not Supported,"The reference notes indicate the patient was unstable with multi-system organ failure, episodes of dipping blood pressure, and required intensive interventions, which contradicts the text stating his vital signs were stable.","Hospital Admission Start: 15 days 0 hours ago
Hospital Admission End: Now
Electronic Health Record Context
Ordered by Time (Earliest to Latest):
1. When: 14 days 16 hours ago, Note Category: Radiology, Note Description: CT STEREOTAXIS W/ CONTRAST | Text: There is moderate brain atrophy seen.  
2. When: 13 days 16 hours ago, Note Category: Nursing, Note Description: Nursing Progress Note | Text: Plan:
   Continue to monitor neuro status for changes. 
3. When: 6 days 16 hours ago, Note Category: Nursing, Note Description: Nursing Progress Note | Text: Acute Pain
   Assessment:
   At times pt appearing uncomfortable per grimace scale and vital sign
   changes.
   
4. When: 4 days 16 hours ago, Note Category: Nursing, Note Description: Nursing Transfer Note | Text: BPH
   chronic foley, Diabetes, h/o trach/PEG in [**11/2113**], h/o anemia in
   [**12/2113**], s/p cholecystectomy, cognitive impairment s/p MVC
   PSH: trach/PEG in [**11/2113**], open CCY in [**2104**], lap esophagectomy [**2115-1-11**]
   Extubated [**2-2**]
   Altered mental status (not Delirium)
   Assessment:
   -          pt is alert,
5. When: 1 days 16 hours ago, Note Category: Physician, Note Description: Intensivist Note | Text: ALTERED
   MENTAL STATUS (NOT DELIRIUM), .H/O DIABETES MELLITUS (DM), TYPE II,
   ACUTE PAIN
   Assessment and Plan: 68yM with metastatic esophageal CA to cerebellum
   now s/p left cerebellar metastatic resection, readmitted to SICU with
   florid septic picture, unclear source.
   
6. When: 0 days 16 hours ago, Note Category: Physician, Note Description: Intensivist Note | Text: He
   was brought to SICU in multi-system organ failure with oliguria
   requiring CVVH, liver failure, worsening hypocoagulable state, and
   severe metabolic acidosis.
   
7. When: 0 days 16 hours ago, Note Category: Physician, Note Description: Intensivist Note | Text: He was intubated, started on pressors as well as broad spectrum abx. 
8. When: 0 days 16 hours ago, Note Category: Nursing, Note Description: Nursing Progress Note | Text: Response:
   Remains overall unstable, with episodes of dipping bp and cardiac
   output, with elevated svv.
   
"
10f3ccfb-c86d-5c12-f260-1872566fb443,So Admissao,"The plan was to wean him off the ventilator, monitor his neurological status, and manage his pain and blood sugar levels.

",Not Supported,"The reference mentions plans to monitor neurological status, manage pain, and monitor blood sugar, but does not mention any plan to wean the patient off the ventilator.","Hospital Admission Start: 15 days 0 hours ago
Hospital Admission End: Now
Electronic Health Record Context
Ordered by Time (Earliest to Latest):
1. When: 14 days 16 hours ago, Note Category: Physician, Note Description: Intensivist Note | Text: Disucss plan with
   neurosurgery for possible intervention.
   
2. When: 13 days 16 hours ago, Note Category: Nursing, Note Description: Nursing Progress Note | Text: Plan:
   Continue to monitor neuro status for changes. 
3. When: 13 days 16 hours ago, Note Category: Nursing, Note Description: Nursing Progress Note | Text: Bs clear,  room air sats >100
   Action:
   Neuro status monitored,  ct scan of chest and torso done with contrast.
   
4. When: 6 days 16 hours ago, Note Category: Nursing, Note Description: Nursing Progress Note | Text: Response:
   blood sugar pending.
   
5. When: 6 days 16 hours ago, Note Category: Nursing, Note Description: Nursing Progress Note | Text: Plan:
   Continue to monitor pain and medicate prn.

6. When: 4 days 16 hours ago, Note Category: Nursing, Note Description: Nursing Progress Note | Text: Plan:
   Continue to monitor of increased agitation and treat with
   non-pharmacological as well as pharmacological interventions.

7. When: 4 days 16 hours ago, Note Category: Nursing, Note Description: Nursing Progress Note | Text: Plan:
   Continue to assess pain q 2 hrs and prn.
   
8. When: 2 days 16 hours ago, Note Category: Physician, Note Description: Intensivist Note | Text: Cardiovascular: HD improve, still w mild tachycardia, BP 100-140.
   lopressor prn
   Pulmonary: maintaining patent airway and sats stable.
   
9. When: 0 days 16 hours ago, Note Category: Nursing, Note Description: Nursing Progress Note | Text: Plan:
   Restore and maintain hemodynamic stability in order to start removing
   fluid.
   
"
58a77b64-0677-13dc-5904-2bfa037c6767,So Admissao,"After stabilization, attempts were made to wean him off sedation and ventilator settings, and he was eventually extubated on the second hospital day. ",Not Supported,The reference indicates the patient self-extubated prior to the planned extubation and does not mention attempts to wean sedation or ventilator settings or that extubation occurred on the second hospital day.,"Hospital Admission Start: 1 days 18 hours ago
Hospital Admission End: Now
Electronic Health Record Context
Ordered by Time (Earliest to Latest):
1. When: 2 days 12 hours ago, Note Category: Physician, Note Description: Physician Resident Admission Note | Text: However, he then had to be intubated due to behavior, in 4
   pt restraints. 
2. When: 2 days 12 hours ago, Note Category: Physician, Note Description: Physician Resident Admission Note | Text: He was given 2mg IV narcan.
   
3. When: 2 days 12 hours ago, Note Category: Physician, Note Description: Physician Resident Admission Note | Text: Transferred to MICU intubated, sedated and hemodynamically stable.
4. When: 2 days 12 hours ago, Note Category: Physician, Note Description: Physician Resident Admission Note | Text: Upon arrival to the floor, pt is sedated/intubated.
   
5. When: 1 days 12 hours ago, Note Category: Nursing, Note Description: Nursing Transfer Note | Text: He self
   extubated, just prior to the planned extubation.  
6. When: 1 days 12 hours ago, Note Category: Nursing, Note Description: Nursing Transfer Note | Text: After extubation, he
   was very confused and completely disoriented.
7. When: 1 days 12 hours ago, Note Category: Nursing, Note Description: Nursing Transfer Note | Text: After this point he began to become more clear, was
   completely alert, oriented and was pleasant and cooperative
   Plan:
   Suggestions made to separate his meds at home so this doesn
t occur
   again, patient is back to baseline.  
8. When: 1 days 12 hours ago, Note Category: Nursing, Note Description: Nursing Transfer Note | Text: Plan:
   Continue with regular pain med schedule, starting slowly, gradually
   getting back to the levels he was at, at home.
   
"
3e183e01-ca30-0d24-20f4-562e9e45197b,So Admissao,"Following extubation, the patient's condition improved, and he was found to have taken Ambien instead of his prescribed methadone, which led to his altered mental state.",Supported,"The reference notes that after extubation the patient became more clear and alert, and he remembered that he had taken Ambien instead of his prescribed methadone, which explains his altered mental state.","Hospital Admission Start: 1 days 18 hours ago
Hospital Admission End: Now
Electronic Health Record Context
Ordered by Time (Earliest to Latest):
1. When: 2 days 12 hours ago, Note Category: Physician, Note Description: Physician Resident Admission Note | Text: -follow up infectious w/u including LP/BCX/UCX
   -broad spectrum abx for now, vanco +zosyn
   -avoid unnecessary mind altering medications
   -plan on weaning sedation and vent settings for extubation.
   
2. When: 2 days 12 hours ago, Note Category: Physician, Note Description: Physician Resident Admission Note | Text: Called EMS, walked into ambulance and was given narcan per
   protocol at which point patient became agitated and more confused and
   needed intubation in ED for agitation and large doses of
   benzos/narcotics to control behavior.
   
3. When: 1 days 12 hours ago, Note Category: Physician, Note Description: Physician Attending Progress Note | Text: uti vs pna, with further altered mental status and agitation
   after narca, now extubated during rounds, doing well:
   uri vs pna: non-toxic,
   -switch to levofloxacin 750 daily
   -stop all other abx
   chronic pain
   -clarify home meds and restart home pain meds
   -prn morphine
   ?change in mental status: appears to be resolved
   -fu head ct read
   -fu csf culture
   -better history from patient and wife today
4. When: 1 days 12 hours ago, Note Category: Nursing, Note Description: Nursing Transfer Note | Text: Action:
   Reorientation several times throughout the morning, he spoke with his
   wife trying to
put the pieces back together
   Response:
   As he started to clear he was able to remember that he had mixed up his
   medication and took ambien instead of his methadone yesterday
   afternoon.
5. When: 1 days 12 hours ago, Note Category: Nursing, Note Description: Nursing Transfer Note | Text: Altered mental status (not Delirium)
   Assessment:
   At the start of the shift patient was intubated and restrained on
   propofol, writhing in bed and following commands but inconsistently,
   uncooperative, very lethargic and kept his eyes closed.  
6. When: 1 days 12 hours ago, Note Category: Nursing, Note Description: Nursing Transfer Note | Text: After this point he began to become more clear, was
   completely alert, oriented and was pleasant and cooperative
   Plan:
   Suggestions made to separate his meds at home so this doesn
t occur
   again, patient is back to baseline.  
7. When: 1 days 12 hours ago, Note Category: Nursing, Note Description: Nursing Transfer Note | Text: Patient states that when he misses his
   methadone he sweats profusely,
puddles of sweat
, which did occur on
   this shift.  
8. When: 1 days 12 hours ago, Note Category: Nursing, Note Description: Nursing Transfer Note | Text: Methadone afternoon dose was given.
"
c4477c25-0fa4-9ea1-d405-0d0f1a18713c,So Admissao,"The patient was admitted to the ICU with altered mental status (AMS), agitation, and a urinary tract infection (UTI). ",Supported,"The reference notes the patient had altered mental status, agitation, and a urinary tract infection at admission, consistent with the text.","Hospital Admission Start: 1 days 18 hours ago
Hospital Admission End: Now
Electronic Health Record Context
Ordered by Time (Earliest to Latest):
1. When: 2 days 12 hours ago, Note Category: Physician, Note Description: Physician Resident Admission Note | Text: Infectious etiology
   such as bacteremia, UTI, or menigitis are possible. 
2. When: 2 days 12 hours ago, Note Category: Physician, Note Description: Physician Resident Admission Note | Text: Called EMS, walked into ambulance and was given narcan per
   protocol at which point patient became agitated and more confused and
   needed intubation in ED for agitation and large doses of
   benzos/narcotics to control behavior.
   
3. When: 2 days 12 hours ago, Note Category: Physician, Note Description: Physician Resident Admission Note | Text: Upon arrival to the [**Name (NI) **], pt thought to be in acute opiate w/d agitated,
   writhing. 
4. When: 2 days 12 hours ago, Note Category: Physician, Note Description: Physician Resident Admission Note | Text: Impression:
   Resp Failure
 iatrogenic from sedation: will keep intubated over night
   and attempt wean in AM
   Altered MS
 From infection
 likely UTI which is being covered with
   Vanco/Zosyn.
                         
5. When: 1 days 12 hours ago, Note Category: Nursing, Note Description: Nursing Progress Note | Text: AAox1
   Urinary tract infection (UTI)
   Assessment:
   Pt presented w/ urostomy bag draining cloudy urine.
   
6. When: 1 days 12 hours ago, Note Category: Physician, Note Description: Physician Resident Progress Note | Text: Lymph:18.6 %, Mono:6.7 %, Eos:3.1 %, Lactic
   Acid:1.3 mmol/L, Albumin:3.7 g/dL, LDH:185 IU/L, Ca++:8.9 mg/dL,
   Mg++:1.9 mg/dL, PO4:2.9 mg/dL
   Assessment and Plan
 URINARY TRACT INFECTION (UTI)
 ALTERED MENTAL STATUS (NOT DELIRIUM)
   .
"
b0f6b04c-6f0c-e805-314a-9ed093a1d298,So Admissao,"He was intubated and sedated due to agitated behavior and was found to have positive toxicology screens for benzodiazepines, barbiturates, and methadone. ",Supported,"The reference states the patient was intubated due to agitation and had positive toxicology screens for benzodiazepines, barbiturates, and methadone, which fully supports the text.","Hospital Admission Start: 1 days 18 hours ago
Hospital Admission End: Now
Electronic Health Record Context
Ordered by Time (Earliest to Latest):
1. When: 2 days 12 hours ago, Note Category: Physician, Note Description: Physician Resident Admission Note | Text: However, he then had to be intubated due to behavior, in 4
   pt restraints. 
2. When: 2 days 12 hours ago, Note Category: Physician, Note Description: Physician Resident Admission Note | Text: Called EMS, walked into ambulance and was given narcan per
   protocol at which point patient became agitated and more confused and
   needed intubation in ED for agitation and large doses of
   benzos/narcotics to control behavior.
   
3. When: 2 days 12 hours ago, Note Category: Physician, Note Description: Physician Resident Admission Note | Text: Transferred to MICU intubated, sedated and hemodynamically stable.
4. When: 1 days 12 hours ago, Note Category: Nursing, Note Description: Nursing Progress Note | Text: Around 2330
   sedation changed to propofol because he was restless on the bed
   w/Fentanyl 100mics/min and versed 3mg/hr he required  boluses.
   
5. When: 1 days 12 hours ago, Note Category: Physician, Note Description: Physician Resident Progress Note | Text: In addition, pt with tox screen positive for benzos, barbs, and
   methadone. 
6. When: 1 days 12 hours ago, Note Category: Nursing, Note Description: Nursing Transfer Note | Text: Altered mental status (not Delirium)
   Assessment:
   At the start of the shift patient was intubated and restrained on
   propofol, writhing in bed and following commands but inconsistently,
   uncooperative, very lethargic and kept his eyes closed.  
7. When: 1 days 12 hours ago, Note Category: Nursing, Note Description: Nursing Transfer Note | Text: Methadone afternoon dose was given.
"
cf2b711a-9e77-fbbf-9718-cf2cac9f835e,So Admissao,"The etiology of his AMS was unclear, but possible causes included infection, toxic metabolic disorder, or intracranial process. ",Supported,"The reference notes indicate that the etiology of AMS was initially unclear, with possible causes including infection, toxic metabolic disorder, and intracranial processes, which aligns with the text.","Hospital Admission Start: 1 days 18 hours ago
Hospital Admission End: Now
Electronic Health Record Context
Ordered by Time (Earliest to Latest):
1. When: 2 days 12 hours ago, Note Category: Physician, Note Description: Physician Resident Admission Note | Text: #AMS-unclear etiology at this point. 
2. When: 2 days 12 hours ago, Note Category: Physician, Note Description: Physician Resident Admission Note | Text: Most likely etiology is infection
   with narcotic use compounded but pt being given narcan.
   
3. When: 2 days 12 hours ago, Note Category: Physician, Note Description: Physician Resident Admission Note | Text: Toxic metabolic is most-likely etiology. 
4. When: 1 days 12 hours ago, Note Category: Physician, Note Description: Physician Resident Progress Note | Text: Infectious etiology
   such as bacteremia, UTI, or menigitis are possible. 
"
c9716950-6faf-7a95-ca83-c1385d4bea01,So Admissao,He was treated with broad-spectrum antibiotics and sedation.,Not Supported,The reference mentions sedation and intubation but does not mention treatment with broad-spectrum antibiotics.,"Hospital Admission Start: 1 days 18 hours ago
Hospital Admission End: Now
Electronic Health Record Context
Ordered by Time (Earliest to Latest):
1. When: 2 days 12 hours ago, Note Category: Physician, Note Description: Physician Resident Admission Note | Text: He was given ativan and 4mg morphine
   initially. 
2. When: 2 days 12 hours ago, Note Category: Physician, Note Description: Physician Resident Admission Note | Text: He was given 2mg IV narcan.
   
3. When: 2 days 12 hours ago, Note Category: Physician, Note Description: Physician Resident Admission Note | Text: Transferred to MICU intubated, sedated and hemodynamically stable.
4. When: 2 days 12 hours ago, Note Category: Physician, Note Description: Physician Resident Admission Note | Text: Upon arrival to the floor, pt is sedated/intubated.
   
5. When: 1 days 12 hours ago, Note Category: Nursing, Note Description: Nursing Progress Note | Text: He was given 2mg IV narcan.
6. When: 1 days 12 hours ago, Note Category: Nursing, Note Description: Nursing Transfer Note | Text: At home he is on methadone, percocet for breakthrough
   pain and venlafaxadine.
7. When: 1 days 12 hours ago, Note Category: Nursing, Note Description: Nursing Transfer Note | Text: Methadone afternoon dose was given.
8. When: 1 days 12 hours ago, Note Category: Nursing, Note Description: Nursing Transfer Note | Text: Plan:
   Continue with regular pain med schedule, starting slowly, gradually
   getting back to the levels he was at, at home.
   
"
c6541ef9-6aba-7ece-287a-dc4bc6aa5ff1,So Admissao,"He was transferred to the floor, where he continued to recover and was planned for discharge with a regular pain medication schedule and education on separating his medications at home to prevent similar incidents.",Supported,"The reference notes indicate the patient was transferred to the floor, continued on a regular pain medication schedule, and there were suggestions made to separate his medications at home to prevent similar incidents, which fully supports the text.","Hospital Admission Start: 1 days 18 hours ago
Hospital Admission End: Now
Electronic Health Record Context
Ordered by Time (Earliest to Latest):
1. When: 2 days 12 hours ago, Note Category: Physician, Note Description: Physician Resident Admission Note | Text: He was given ativan and 4mg morphine
   initially. 
2. When: 2 days 12 hours ago, Note Category: Physician, Note Description: Physician Resident Admission Note | Text: -will continue to monitor
   -fentanyl/versed for sedation
   -haldol prn
   -may need pain consult when awake.
   
3. When: 1 days 12 hours ago, Note Category: Nursing, Note Description: Nursing Transfer Note | Text: After this point he began to become more clear, was
   completely alert, oriented and was pleasant and cooperative
   Plan:
   Suggestions made to separate his meds at home so this doesn
t occur
   again, patient is back to baseline.  
4. When: 1 days 12 hours ago, Note Category: Nursing, Note Description: Nursing Transfer Note | Text: Plan:
   Continue with regular pain med schedule, starting slowly, gradually
   getting back to the levels he was at, at home.
   
5. When: 1 days 12 hours ago, Note Category: Nursing, Note Description: Nursing Transfer Note | Text: At home he is on methadone, percocet for breakthrough
   pain and venlafaxadine.
6. When: 1 days 12 hours ago, Note Category: Nursing, Note Description: Nursing Transfer Note | Text: Action:
   Reorientation several times throughout the morning, he spoke with his
   wife trying to
put the pieces back together
   Response:
   As he started to clear he was able to remember that he had mixed up his
   medication and took ambien instead of his methadone yesterday
   afternoon.
7. When: 1 days 12 hours ago, Note Category: Nursing, Note Description: Nursing Transfer Note | Text: Patient is eager to get up
   and start moving around again.  
8. When: 1 days 12 hours ago, Note Category: Nursing, Note Description: Nursing Transfer Note | Text: Transfer to floor today.

"
90bac79c-0735-51d8-27cd-9eb1415280ba,So Admissao,"He was also treated for acute renal failure, bacteremia, and hypernatremia. ",Not Supported,"The reference mentions renal failure and bacteremia (UTI treated with antibiotics), but does not mention treatment specifically for acute renal failure, bacteremia, or hypernatremia. Hypernatremia is not addressed at all.","Hospital Admission Start: 10 days 11 hours ago
Hospital Admission End: Now
Electronic Health Record Context
Ordered by Time (Earliest to Latest):
1. When: 10 days 17 hours ago, Note Category: Physician, Note Description: Physician Resident Admission Note | Text: Likely elevated in the setting of renal failure. 
2. When: 10 days 17 hours ago, Note Category: Physician, Note Description: Physician Resident Admission Note | Text: He was also given Cipro x 7 days for a UTI.  
3. When: 10 days 17 hours ago, Note Category: Physician, Note Description: Physician Resident Admission Note | Text: Now presents with
   worsening hypoxia, fever and elevated WBC.  
4. When: 10 days 17 hours ago, Note Category: Physician, Note Description: Physician Resident Admission Note | Text: He was treated for aspiration PNA with Vanc, Levo,
   Flagyl and then switched to Cefepime and Azithro to complete a 10 day
   course.  
5. When: 9 days 17 hours ago, Note Category: Nutrition, Note Description: Clinical Nutrition Note | Text: Patient is also in
   renal failure, likely pre-renal given dehydration in setting of DKA.
   
6. When: 7 days 17 hours ago, Note Category: General, Note Description: Attending Progress Note | Text: presented with respiratory failure,
   pulmonary edema, NSTEMI.
   
"
6565f860-8455-5b69-5914-f90662b57ad9,So Admissao,"The patient showed improvement with treatment, including the discontinuation of invasive ventilation and the removal of his PICC line.

",Supported,"The reference notes improvement in the patient's condition, including improved lung ventilation, weaning to trach collar (discontinuation of invasive ventilation), and removal of the PICC line with tip sent for culture.","Hospital Admission Start: 10 days 11 hours ago
Hospital Admission End: Now
Electronic Health Record Context
Ordered by Time (Earliest to Latest):
1. When: 10 days 17 hours ago, Note Category: Radiology, Note Description: CHEST (PORTABLE AP) | Text: Diffuse interstitial edema has improved.
2. When: 10 days 17 hours ago, Note Category: Radiology, Note Description: CHEST (PORTABLE AP) | Text: A retracted
 right PICC line ends outside the chest wall.  
3. When: 9 days 17 hours ago, Note Category: Physician, Note Description: Physician Resident Progress Note | Text: Improved
   somewhat since admission following IVF.
   
4. When: 9 days 17 hours ago, Note Category: Physician, Note Description: Physician Resident Progress Note | Text: If possible, will remove PICC line.
   
5. When: 8 days 17 hours ago, Note Category: Nursing, Note Description: Nursing Progress Note | Text: He was treated for aspiration PNA with Vanc, Levo,
   Flagyl and then switched to Cefepime and Azithro to complete a 10 day
   course.  
6. When: 8 days 17 hours ago, Note Category: Radiology, Note Description: CHEST (PORTABLE AP) | Text: Lung ventilation is improved, with decreased left
 lower lobe atelectasis.
7. When: 8 days 17 hours ago, Note Category: Nursing, Note Description: Nursing Progress Note | Text: MICU course c/b NSTEMI, found to have
   ECG changes
   Pneumonia, aspiration
   Assessment:
   Cxray improved from yesterday
   More alert
   Lungs clear
   Belly soft, +bowel sounds
   Action:
   Patient weaned to trach collar, doing very well all day long
   Continues to diurese with bumex
   All antibiotics stopped
   PICC line pulled, tip sent for culture
   Peripheral blood  cultures sent
   More agitated this afternoon,
"
f85e9e42-3cc1-3d3b-207c-99d3b440e967,So Admissao,"A 62-year-old man with a history of anoxic brain injury, type one diabetes, and recurrent aspiration pneumonia was admitted to the ICU with respiratory failure, suspected aspiration pneumonia, and acute renal failure. ",Supported,"The reference confirms the patient is a 62-year-old man with a history of anoxic brain injury, type one diabetes, and recurrent aspiration pneumonia admitted to the ICU with respiratory failure and suspected aspiration pneumonia. Acute renal failure is implied by the mention of s/p renal transplant and acute illness context.","Hospital Admission Start: 10 days 11 hours ago
Hospital Admission End: Now
Electronic Health Record Context
Ordered by Time (Earliest to Latest):
1. When: 10 days 17 hours ago, Note Category: Physician, Note Description: Physician Resident Admission Note | Text: Assessment and Plan:
   62 year old man with history of anoxic brain injury, DMI and recurrent
   aspiration PNA s/p tracheostomy who presents with hypoxia, fever,
   elevated WBCs, and L sided PNA on CXR.
   
2. When: 10 days 17 hours ago, Note Category: Physician, Note Description: Physician Attending Admission Note - MICU | Text: HPI:
   62 yo man with anoxic brain injury, DM I, s/p renal transplant in
   [**2175**].  
3. When: 8 days 17 hours ago, Note Category: Nursing, Note Description: Nursing Progress Note | Text: 61 yo Russian-speaking man w/anoxic brain injury and with hx of
   DMI, s/p cadaveric kidney transplant([**2175**]), h/o CVA and chronic
   aspiration (multiple admissions for aspiration PNA - last [**3-19**]),
   CABG in [**2170**], widespread tracheomalacia with trach stent, and recent
   admission to the ICU from [**Date range (2) 12126**] for PNA, stent removal and
   tracheostomy.
4. When: 8 days 17 hours ago, Note Category: Physician, Note Description: Physician Resident Progress Note | Text: Assessment and Plan
   62 year old man with history of anoxic brain injury, type one diabetesI
   and recurrent aspiration PNA s/p tracheostomy who presents after
   witnessed aspiration event with pneumonia, DKA and NSTEMI.
   
5. When: 8 days 17 hours ago, Note Category: Nursing, Note Description: Nursing Progress Note | Text: HISTORY OF PRESENT ILLNESS:
   62 y/o Russian-speaking man with past medical history significant for V
   fib arrest c/b anoxic brain injury, CAD s/p CABG, DMI, s/p cadaveric
   kidney transplant, h/o CVA and recurrent aspirations most recently
   requiring ICU admission [**Date range (1) 12129**], then sent to rehab and readmitted
   with hypoxemia, fever and leukokcytosis on [**5-20**] found to have recurrent
   aspiration PNA, DKA, and UTI.
6. When: 6 days 17 hours ago, Note Category: Physician, Note Description: Physician Resident Progress Note | Text: [**5-24**] CXR
 pending
   Assessment and Plan
   62 year old man with history of multiple strokes, type one diabetesI
   and recurrent aspiration PNA s/p tracheostomy who presents after
   possible  aspiration event with hypoxia, DKA and NSTEMI.
   
"
35f26cda-afc9-cf66-9eff-c5a27edf20b0,So Admissao,"He was treated with antibiotics, including vancomycin and cefepime, and was started on an insulin drip for diabetic ketoacidosis. ",Not Supported,"The reference mentions treatment with vancomycin and cefepime for pneumonia and prior treatment with cefepime/azithromycin, but there is no mention of starting an insulin drip for diabetic ketoacidosis.","Hospital Admission Start: 10 days 11 hours ago
Hospital Admission End: Now
Electronic Health Record Context
Ordered by Time (Earliest to Latest):
1. When: 10 days 17 hours ago, Note Category: Physician, Note Description: Physician Resident Admission Note | Text: He was also given Cipro x 7 days for a UTI.  
2. When: 10 days 17 hours ago, Note Category: Physician, Note Description: Physician Resident Admission Note | Text: Pt was treated for prior
   PNA with Cefepime/Azithromycin which ended [**2182-5-13**].  
3. When: 8 days 17 hours ago, Note Category: Nursing, Note Description: Nursing Progress Note | Text: He was treated for aspiration PNA with Vanc, Levo,
   Flagyl and then switched to Cefepime and Azithro to complete a 10 day
   course.  
4. When: 8 days 17 hours ago, Note Category: Physician, Note Description: Physician Resident Progress Note | Text: Pt was treated for prior PNA
   with Cefepime/Azithromycin which ended [**2182-5-13**].  
"
06255243-ac33-aed0-7fb6-74d536825ba2,So Admissao,The patient required invasive ventilation through a tracheostomy tube and was also receiving treatment for his renal transplant and was on prophylaxis for DVT and stress ulcer.,Supported,"The reference notes the patient was trached and on ventilatory support, was a renal transplant recipient, and was receiving prophylaxis for DVT (boots) and stress ulcer (PPI), fully supporting the text.","Hospital Admission Start: 10 days 11 hours ago
Hospital Admission End: Now
Electronic Health Record Context
Ordered by Time (Earliest to Latest):
1. When: 10 days 17 hours ago, Note Category: Physician, Note Description: Physician Resident Admission Note | Text: - Cadaveric renal transplant in [**2175**]
   - CVA-residual right hemiparesis
   - DM Type I
   - HTN
   - Hx non-QMI and Vfib arrest [**2169**] with anoxic brain injury
   - CAD/CABG [**2170**]
   - Swallow study-showed silent aspiration
   - hx of aspiration pneumonia
   - tracheomalacia after long intubation requiring trach stent and
   button complicated by site cellulitis and granulation tissue
2. When: 10 days 17 hours ago, Note Category: Physician, Note Description: Physician Resident Admission Note | Text: requiring cryoptherapy.
   
3. When: 10 days 17 hours ago, Note Category: Physician, Note Description: Physician Resident Admission Note | Text: The plan was to replace his trach once in the
   ICU.
   
4. When: 10 days 17 hours ago, Note Category: Physician, Note Description: Physician Resident Admission Note | Text: stent removal and
   tracheostomy.  
5. When: 10 days 17 hours ago, Note Category: Nursing, Note Description: Nursing Progress Note | Text: 61 yo Russian-speaking man w/anoxic brain injury and with hx of
   DMI, s/p cadaveric kidney transplant([**2175**]), h/o CVA and chronic
   aspiration (multiple admissions for aspiration PNA - last [**3-19**]),
   CABG in [**2170**], widespread tracheomalacia with trach stent, and recent
   admission to the ICU from [**Date range (2) 12126**] for PNA, stent removal and
   tracheostomy.
6. When: 9 days 17 hours ago, Note Category: Nutrition, Note Description: Clinical Nutrition Note | Text: Patient is also in
   renal failure, likely pre-renal given dehydration in setting of DKA.
   
7. When: 9 days 17 hours ago, Note Category: Nutrition, Note Description: Clinical Nutrition Note | Text: long intubation requiring trach stent and button
   complicated by site cellulitis and granulation tissue requiring
   cryoptherapy.
   
8. When: 9 days 17 hours ago, Note Category: Echo, Note Description: Report | Text: INTERPRETATION:

Findings:

Patient trached on ventilatory support.

9. When: 8 days 17 hours ago, Note Category: Physician, Note Description: Physician Attending Progress Note | Text: Prophylaxis:
   DVT: Boots
   Stress ulcer: PPI
   VAP:
   Comments:
   Communication:  Comments:
   Code status: Full code
   Disposition :ICU
   Total time spent: 45 minutes
   Patient is critically ill
10. When: 6 days 17 hours ago, Note Category: Nursing, Note Description: Nursing Transfer Note | Text: long intubation requiring trach stent and
   button complicated by site cellulitis and granulation tissue
   requiring cryoptherapy.
   
"
2f437854-97a2-ee50-48fa-e68ceac0b932,So Admissao,He was eventually weaned off the ventilator and was considered for cardiac catheterization. ,Not Addressed,The reference mentions consideration for cardiac catheterization and removal of trach and PEG but does not state that he was weaned off the ventilator.,"Hospital Admission Start: 10 days 11 hours ago
Hospital Admission End: Now
Electronic Health Record Context
Ordered by Time (Earliest to Latest):
1. When: 10 days 17 hours ago, Note Category: Physician, Note Description: Physician Resident Admission Note | Text: The plan was to replace his trach once in the
   ICU.
   
2. When: 10 days 17 hours ago, Note Category: Physician, Note Description: Physician Resident Admission Note | Text: He was discharged
   with a dobhoff feeding tube and on tube feeds.
3. When: 9 days 17 hours ago, Note Category: Nursing, Note Description: Nursing Progress Note | Text: Suction was attempted but did not
   show improvement and he was sent to [**Hospital1 54**] ED.
   
4. When: 8 days 17 hours ago, Note Category: Physician, Note Description: Physician Attending Progress Note | Text: Will have cardiology see, to assess whether he should have cath.
   
5. When: 7 days 17 hours ago, Note Category: Rehab Services, Note Description: PMV & Swallow Evaluation | Text: He was then seen in [**2180-10-9**] and
PEG and trach had been removed. 
"
eca0c6e8-cefb-a51b-0ffe-5278353fda89,So Admissao,"The patient's treatment plan included monitoring for cardiac biomarkers, managing his diabetes and hypertension, and addressing his acute renal failure and hypernatremia.

",Supported,"The reference notes monitoring of cardiac biomarkers, management of renal function including holding nephrotoxic medications, and mentions hyperglycemia and blood pressure management consistent with diabetes and hypertension care, supporting the described treatment plan.","Hospital Admission Start: 10 days 11 hours ago
Hospital Admission End: Now
Electronic Health Record Context
Ordered by Time (Earliest to Latest):
1. When: 10 days 17 hours ago, Note Category: Physician, Note Description: Physician Resident Admission Note | Text: Likely elevated in the setting of renal failure. 
2. When: 9 days 17 hours ago, Note Category: Physician, Note Description: Physician Resident Progress Note | Text: - renally dose medication
   - hold nephrotoxic medication (enalapril)
   - renal transplant recs
   - trend creatinine
   - continue IVF @ 100cc D5W
   - Xray with pulmonary edema; will try Bumex today and monitor UOP
   closely.
   
3. When: 9 days 17 hours ago, Note Category: Physician, Note Description: Physician Resident Progress Note | Text: - renally dose medication
   - hold nephrotoxic medication (enalapril)
   - renal transplant recs
   - trend creatinine
   - continue IVF
   - [**Hospital1 **] electrolytes
   .
   
4. When: 9 days 17 hours ago, Note Category: Nutrition, Note Description: Clinical Nutrition Note | Text: Monitor renal function; if this improves, will re-evaluate
   tube feed goal.
          
5. When: 8 days 17 hours ago, Note Category: Physician, Note Description: Physician Resident Progress Note | Text: - renally dose medication
   - hold nephrotoxic medication (enalapril)
   - renal transplant recs: monitor CK in setting of pravastatin and
   tacrolimus interaction
   - trend creatinine
   - continue IVF
   - [**Hospital1 **] electrolytes
   .
   
6. When: 8 days 17 hours ago, Note Category: Physician, Note Description: Physician Resident Progress Note | Text: - renally dose medication
   - touch base with renal regarding nephrotoxic medication (enalapril)
   - renal transplant recs: monitor CK in setting of pravastatin and
   tacrolimus interaction
   - trend creatinine
   - continue IVF
   - [**Hospital1 **] electrolytes
   .
   
7. When: 8 days 17 hours ago, Note Category: Physician, Note Description: Physician Attending Progress Note | Text: Assessment and Plan
 MYOCARDIAL INFARCTION, ACUTE (AMI, STEMI, NSTEMI)
 PNEUMONIA, ASPIRATION
 HYPERGLYCEMIA
 [**Last Name 121**] PROBLEM - ENTER DESCRIPTION IN COMMENTS
   PNA:  Sputum cx. 
8. When: 7 days 17 hours ago, Note Category: Physician, Note Description: Physician Resident Progress Note | Text: - renally dose medication
   - Enalapril restarted [**5-22**] (discussed with renal); will hold today in
   order to allow for BB (pressures drop to 80s with both meds)
   - renal transplant recs: monitor CK in setting of pravastatin and
   tacrolimus interaction
   - trend creatinine
   - [**Hospital1 **] electrolytes
   .
   
9. When: 6 days 17 hours ago, Note Category: Physician, Note Description: Physician Resident Progress Note | Text: - Recheck cardiac biomarkers this afternoon; if still elevated will
   begin to trend
   - Daily EKG
   - Appreciate cardiology recs: will accept pt for cath on Monday and
   transfer of pt to service; team requests description of pt
s anatomy
   s/p CABG (have [**Name (NI) 420**] medical records office; awaiting report)
   - Received heparin gtt for 48 hours (ended [**5-22**])
   - Continue lopressor, ASA,
10. When: 6 days 17 hours ago, Note Category: Rehab Services, Note Description: Video Swallow Evaluation | Text: These recommendations were shared with the patient, the nurse and
the medical team.

"
df931bb6-582f-88b7-37bf-325de9cb3431,So Admissao,"The patient was also evaluated for dysphagia, and a video oropharyngeal swallow examination revealed a swallow delay, with penetration without aspiration noted with nectar consistency.",Supported,"The reference explicitly states that a video oropharyngeal swallow was performed, showing swallow delay and penetration without aspiration with nectar thick liquids, which fully supports the text.","Hospital Admission Start: 10 days 11 hours ago
Hospital Admission End: Now
Electronic Health Record Context
Ordered by Time (Earliest to Latest):
1. When: 7 days 17 hours ago, Note Category: Rehab Services, Note Description: PMV & Swallow Evaluation | Text: A swallow was also completed and he had
repeat swallows and delayed coughing concerning for possible
pharyngeal residue. 
2. When: 7 days 17 hours ago, Note Category: Rehab Services, Note Description: PMV & Swallow Evaluation | Text: A swallow evaluation was
completed and he was advanced to nectar thick liquids and ground
solids.
3. When: 6 days 17 hours ago, Note Category: Physician, Note Description: Physician Resident Progress Note | Text: Speech and swallow video study pending; pt may need PEG for permanently
   feeding solution given recurrent silent aspiration events in past.
   
4. When: 6 days 17 hours ago, Note Category: Radiology, Note Description: VIDEO OROPHARYNGEAL SWALLOW | Text: Swallow delay is noted.
5. When: 6 days 17 hours ago, Note Category: Radiology, Note Description: VIDEO OROPHARYNGEAL SWALLOW | Text: There was penetration with nectar
 without aspiration.  
6. When: 6 days 17 hours ago, Note Category: Radiology, Note Description: VIDEO OROPHARYNGEAL SWALLOW | Text: SWALLOW VIDEOFLUOROSCOPY:  Video oropharyngeal swallow was performed in
 conjunction with the speech and swallow division.  
7. When: 6 days 17 hours ago, Note Category: Rehab Services, Note Description: Video Swallow Evaluation | Text: [**Known lastname 12161**] presented with a moderate oral and mild pharyngeal
dysphagia with impaired chewing and bolus control and a mild
swallow delay resulting in deep penetration and risk for
aspiration with nectar thick liquids. 
8. When: 6 days 17 hours ago, Note Category: Rehab Services, Note Description: Video Swallow Evaluation | Text: ASPIRATION/PENETRATION:
Pt with deep penetration to the level of the vocal cords on
several boluses of nectar thick liquids [**3-12**] premature spillover
and swallow delay. 
9. When: 6 days 17 hours ago, Note Category: Rehab Services, Note Description: Video Swallow Evaluation | Text: PHARYNGEAL PHASE:
Swallow trigger was mildly delayed. 
"
f969e10d-491e-122a-05f3-47fbee827b42,So Admissao,"The patient's condition was closely monitored, with a focus on managing his multiple comorbidities and preventing further complications. ",Not Addressed,The reference notes describe various clinical evaluations and interactions but do not explicitly mention close monitoring focused on managing multiple comorbidities or preventing further complications.,"Hospital Admission Start: 10 days 11 hours ago
Hospital Admission End: Now
Electronic Health Record Context
Ordered by Time (Earliest to Latest):
1. When: 10 days 17 hours ago, Note Category: Physician, Note Description: Physician Attending Admission Note - MICU | Text: Chief Complaint:
   I saw and examined the patient, and was physically present with the ICU
   Resident for key portions of the services provided.  
2. When: 10 days 17 hours ago, Note Category: ECG, Note Description: Report | Text: Clinical correlation is suggested.

3. When: 9 days 17 hours ago, Note Category: Echo, Note Description: Report | Text: INTERPRETATION:

Findings:

Patient trached on ventilatory support.

4. When: 8 days 17 hours ago, Note Category: Physician, Note Description: Physician Attending Progress Note | Text: Chief Complaint: respiratory failure
   I saw and examined the patient, and was physically present with the ICU
   Resident for key portions of the services provided.  
5. When: 8 days 17 hours ago, Note Category: ECG, Note Description: Report | Text: Clinical correlation is
suggested. 
6. When: 7 days 17 hours ago, Note Category: Rehab Services, Note Description: PMV & Swallow Evaluation | Text: These recommendations were shared with the patient, nurse and
medical team.

7. When: 7 days 17 hours ago, Note Category: Rehab Services, Note Description: PMV & Swallow Evaluation | Text: A swallow was also completed and he had
repeat swallows and delayed coughing concerning for possible
pharyngeal residue. 
8. When: 6 days 17 hours ago, Note Category: Physician, Note Description: Physician Attending Progress Note | Text: Chief Complaint: respiratory faiulre
   I saw and examined the patient, and was physically present with the ICU
   Resident for key portions of the services provided.  
9. When: 6 days 17 hours ago, Note Category: Rehab Services, Note Description: Video Swallow Evaluation | Text: These recommendations were shared with the patient, the nurse and
the medical team.

"
d63a4a4d-8359-9c34-2db3-c9ab3c252596,So Admissao,"The patient's condition continued to improve, and he was eventually transferred to the floor with a plan for continued management of his complex medical conditions, including cardiac catheterization and possible PEG tube placement.",Supported,"The reference notes the patient's improvement, plans for transfer to the floor when stable, cardiology recommendations for cardiac catheterization, and discussion of possible procedures including PEG tube placement, supporting the text.","Hospital Admission Start: 10 days 11 hours ago
Hospital Admission End: Now
Electronic Health Record Context
Ordered by Time (Earliest to Latest):
1. When: 10 days 17 hours ago, Note Category: Physician, Note Description: Physician Resident Admission Note | Text: The plan was to replace his trach once in the
   ICU.
   
2. When: 8 days 17 hours ago, Note Category: Nursing, Note Description: Nursing Progress Note | Text: MICU course c/b NSTEMI, found to have
   ECG changes
   Pneumonia, aspiration
   Assessment:
   Cxray improved from yesterday
   More alert
   Lungs clear
   Belly soft, +bowel sounds
   Action:
   Patient weaned to trach collar, doing very well all day long
   Continues to diurese with bumex
   All antibiotics stopped
   PICC line pulled, tip sent for culture
   Peripheral blood  cultures sent
   More agitated this afternoon,
3. When: 7 days 17 hours ago, Note Category: Nursing, Note Description: Nursing Progress Note | Text: Plan:
   Continue to pulmonary toilet.  
4. When: 7 days 17 hours ago, Note Category: Physician, Note Description: Physician Resident Progress Note | Text: Can
   transfer to [**Hospital1 2259**] when stable for floor.
5. When: 7 days 17 hours ago, Note Category: Physician, Note Description: Physician Resident Progress Note | Text: Discussed with
   daughter who believes patient would want to undergo this procedure. 
6. When: 7 days 17 hours ago, Note Category: Nutrition, Note Description: Clinical Nutrition Note | Text: Patient
s renal
   failure has improved, and is he is currently tolerating the standard
   tube feeds (Boost Glucose Control) via ppft.
7. When: 7 days 17 hours ago, Note Category: Case Management, Note Description: Dc Planning | Text: Case
   discussed w/ team, plan is for pt to return to rehab.  
8. When: 7 days 17 hours ago, Note Category: Rehab Services, Note Description: PMV & Swallow Evaluation | Text: These recommendations were shared with the patient, nurse and
medical team.

9. When: 6 days 17 hours ago, Note Category: Physician, Note Description: Physician Resident Progress Note | Text: - Recheck cardiac biomarkers this afternoon; if still elevated will
   begin to trend
   - Daily EKG
   - Appreciate cardiology recs: will accept pt for cath on Monday and
   transfer of pt to service; team requests description of pt
s anatomy
   s/p CABG (have [**Name (NI) 420**] medical records office; awaiting report)
   - Received heparin gtt for 48 hours (ended [**5-22**])
   - Continue lopressor, ASA,
10. When: 6 days 17 hours ago, Note Category: Rehab Services, Note Description: Video Swallow Evaluation | Text: These recommendations were shared with the patient, the nurse and
the medical team.

"
660fdd54-963c-bac8-9057-995fed34ae9e,So Admissao,"The patient was unable to chew solids and was recommended to initiate a PO diet of honey thick liquids and pureed solids, with aspiration precautions and continued nutrition follow-up to monitor his intake and adjust tube feeds as necessary.

",Supported,"The reference states the patient could not chew solids and recommends initiating a PO diet of honey thick liquids and pureed solids, with aspiration precautions and continued nutrition follow-up to monitor intake and adjust tube feeds, which fully supports the text.","Hospital Admission Start: 10 days 11 hours ago
Hospital Admission End: Now
Electronic Health Record Context
Ordered by Time (Earliest to Latest):
1. When: 10 days 17 hours ago, Note Category: Physician, Note Description: Physician Resident Admission Note | Text: - NPO with NGT
   - abx with vanc/cefepime/flagyl to cover aspiration
   - sputum culture
   - consider long term feeding with g-tube, will discuss with family and
   address GOC
   - hold on steroids for now but will continue home dose of prednisone
   4mg PO qday
   - hold on PPI given current pneumonia
   .
   
2. When: 9 days 17 hours ago, Note Category: Physician, Note Description: Physician Resident Progress Note | Text: - NPO with NGT
   - abx with vanc/cefepime/flagyl to cover aspiration
   - f/u sputum culture speciation and sensitivity
   - consider long term feeding with g-tube, will discuss with family and
   address GOC
   - hold on steroids for now but will continue home dose of prednisone
   4mg PO qday
   - hold on PPI given current pneumonia
   .
   
3. When: 9 days 17 hours ago, Note Category: Physician, Note Description: Physician Resident Progress Note | Text: - NPO with NGT (appears to be post-pyloric)
   - abx with vanc/cefepime/flagyl to cover aspiration
   - f/u sputum culture speciation and sensitivity
   - consider long term feeding with g-tube, will discuss with family and
   address GOC
   - hold on steroids for now but will continue home dose of prednisone
   4mg PO qday
   - hold on PPI given current pneumonia
   - consult nutrition for tube feed recommendations
   .
4. When: 9 days 17 hours ago, Note Category: Physician, Note Description: Physician Resident Progress Note | Text: - NPO with NGT
   - abx with vanc/cefepime/flagyl to cover aspiration (pending speciation
   of sputum, blood cx)
   - f/u sputum culture speciation and sensitivity
   - consider long term feeding with g-tube,
5. When: 8 days 17 hours ago, Note Category: Physician, Note Description: Physician Resident Progress Note | Text: - [**Last Name (un) 276**] recs: stop insulin gtt (stopped at 4PM), increase lantus from
   25 to 30 (kept at 25 given hx of AM hypoglycemia), nutrition consult,
   change FS to q6h
   - Started on tube feeds per nutrition recs but Novasource (renal 28gm
   Beneprotein @30ml/hr) not available overnight so started on Boost
   glucose control.
   
6. When: 7 days 17 hours ago, Note Category: Nutrition, Note Description: Clinical Nutrition Note | Text: Recommend changing tube
   feed order to Boost Glucose Control, but at a higher rate inorder to
   meet his calorie and protein needs.  
7. When: 6 days 17 hours ago, Note Category: Radiology, Note Description: VIDEO OROPHARYNGEAL SWALLOW | Text: The patient could not chew any solids.

 
8. When: 6 days 17 hours ago, Note Category: Rehab Services, Note Description: Video Swallow Evaluation | Text: As such, suggest he initiate a PO
diet of honey thick liquids and pureed solids but I feel his
intake will be limited.
9. When: 6 days 17 hours ago, Note Category: Rehab Services, Note Description: Video Swallow Evaluation | Text: Suggest a PO diet of honey thick liquids and pureed solids.

10. When: 6 days 17 hours ago, Note Category: Rehab Services, Note Description: Video Swallow Evaluation | Text: As such, I would not suggest pulling the
NG Tube but request nutrition follow up to continue to monitor
him and we an his tube feeds as appropriate
RECOMMENDATIONS:
1.
"
ae7fe870-8d6a-aedf-be16-536e309411bc,So Admissao,"The patient's cardiac status was closely monitored, and an electrocardiogram (ECG) showed evidence of a prior anterolateral myocardial infarction. ",Supported,"The reference contains multiple ECG reports indicating evidence of prior anterolateral myocardial infarction, directly supporting the text.","Hospital Admission Start: 10 days 11 hours ago
Hospital Admission End: Now
Electronic Health Record Context
Ordered by Time (Earliest to Latest):
1. When: 10 days 17 hours ago, Note Category: ECG, Note Description: Report | Text: Consider anterolateral myocardial
infarction. 
2. When: 10 days 17 hours ago, Note Category: ECG, Note Description: Report | Text: There is
a late transition with tiny R waves in the anterior leads consistent with
possible prior anterior myocardial infarction.  
3. When: 10 days 17 hours ago, Note Category: ECG, Note Description: Report | Text: There are tiny R waves in the
inferior leads consistent with possible prior inferior myocardial infarction.

4. When: 9 days 17 hours ago, Note Category: ECG, Note Description: Report | Text: Possible inferior myocardial infarction. 
5. When: 8 days 17 hours ago, Note Category: Physician, Note Description: Physician Attending Progress Note | Text: Will have cardiology see, to assess whether he should have cath.
   
6. When: 8 days 17 hours ago, Note Category: ECG, Note Description: Report | Text: Anterolateral myocardial infarction of indeterminate age.

7. When: 8 days 17 hours ago, Note Category: ECG, Note Description: Report | Text: Consider prior myocardial infarction and possible left anterior fascicular
block although are non-diagnostic. 
8. When: 3 days 17 hours ago, Note Category: ECG, Note Description: Report | Text: Prior anterolateral myocardial infarction. 
9. When: 3 days 17 hours ago, Note Category: ECG, Note Description: Report | Text: Consider prior
inferior myocardial infarction and possible left anterior fascicular block
although are non-diagnostic. 
10. When: 1 days 17 hours ago, Note Category: ECG, Note Description: Report | Text: Prior anteroseptal and lateral
myocardial infarction. 
"
4a14bf37-5bbf-80f0-0416-b7a44f9091b6,So Admissao,"A chest port line placement examination showed the PICC terminated just distal to the cavoatrial junction, with improved aeration in the left lower lobe.",Not Supported,"The reference states the PICC line extends to the lower portion of the SVC and shows improved aeration in the left lower lobe, but does not mention the PICC terminating just distal to the cavoatrial junction.","Hospital Admission Start: 10 days 11 hours ago
Hospital Admission End: Now
Electronic Health Record Context
Ordered by Time (Earliest to Latest):
1. When: 10 days 17 hours ago, Note Category: Radiology, Note Description: CHEST (PORTABLE AP) | Text: A retracted
 right PICC line ends outside the chest wall.  
2. When: 10 days 17 hours ago, Note Category: Radiology, Note Description: CHEST (PORTABLE AP) | Text: Right PICC
 outside chest wall.  
3. When: 9 days 17 hours ago, Note Category: Radiology, Note Description: CHEST (PORTABLE AP) | Text: FINDINGS:  The NG tube passes into the distal stomach, tracheostomy tube and
 right PICC line are unchanged in position with the PICC tip in the axilla.
 
4. When: 9 days 17 hours ago, Note Category: Echo, Note Description: Report | Text: Conclusions:
The left atrium is mildly dilated. 
5. When: 8 days 17 hours ago, Note Category: Radiology, Note Description: CHEST (PORTABLE AP) | Text: Discarded right PICC again terminates outside the chest wall.
 
6. When: 8 days 17 hours ago, Note Category: Radiology, Note Description: CHEST (PORTABLE AP) | Text: Lung ventilation is improved, with decreased left
 lower lobe atelectasis.
7. When: 8 days 17 hours ago, Note Category: Radiology, Note Description: CHEST (PORTABLE AP) | Text: CHEST,  AP:  Moderate vascular congestion, interstitial edema, and
 cardiomegaly have improved.  
8. When: 2 days 17 hours ago, Note Category: Radiology, Note Description: CHEST PORT. LINE PLACEMENT | Text: FINDINGS:  In comparison with the study of [**5-24**], there has been placement of a
 right PICC line that extends to the lower portion of the SVC.  
9. When: 2 days 17 hours ago, Note Category: Radiology, Note Description: CHEST PORT. LINE PLACEMENT | Text: There is
 increased aeration at the left base with minimal residual atelectasis.
10. When: 2 days 17 hours ago, Note Category: Radiology, Note Description: CHEST PORT. LINE PLACEMENT | Text: IMPROVED AERATION LLL
 ______________________________________________________________________________
                                 FINAL REPORT
 HISTORY:  PICC placement.
"
16ec8278-2d0a-c68a-0157-cf8bce802cc4,So Admissao,"During his hospital course, the patient developed a non-ST elevation myocardial infarction (NSTEMI) and underwent various procedures, including bronchoscopy, PICC line placement, and a Passy-Muir Valve evaluation.",Not Supported,"The reference confirms the patient developed an NSTEMI during the hospital course but does not mention any procedures such as bronchoscopy, PICC line placement, or Passy-Muir Valve evaluation.","Hospital Admission Start: 10 days 11 hours ago
Hospital Admission End: Now
Electronic Health Record Context
Ordered by Time (Earliest to Latest):
1. When: 9 days 17 hours ago, Note Category: Physician, Note Description: Physician Resident Progress Note | Text: NSTEMI: Patient with new T wave inversions anteriorly and elevated
   cardiac biomarkers.  
2. When: 9 days 17 hours ago, Note Category: Physician, Note Description: Physician Resident Progress Note | Text: NSTEMI: Patient with new T wave inversions anteriorly and elevated
   cardiac biomarkers.
3. When: 7 days 17 hours ago, Note Category: General, Note Description: Attending Progress Note | Text: presented with respiratory failure,
   pulmonary edema, NSTEMI.
   
4. When: 6 days 17 hours ago, Note Category: Nursing, Note Description: Nursing Progress Note | Text: Myocardial infarction, acute (AMI, STEMI, NSTEMI)
   Assessment:
   Pt s/p NSTEMI.
   
"
ae93731f-6c74-58eb-7f2c-426d2fe471e3,So Admissao,"A chest radiograph on admission was normal, and a subsequent portable chest X-ray on 2146-11-01 showed no interval change or evidence of acute abnormality.",Supported,"The reference includes a normal chest radiograph on admission and a subsequent portable chest X-ray on 2146-11-01 showing no interval change or evidence of acute abnormality, fully supporting the text.","Hospital Admission Start: 2 days 23 hours ago
Hospital Admission End: Now
Electronic Health Record Context
Ordered by Time (Earliest to Latest):
1. When: 3 days 12 hours ago, Note Category: Radiology, Note Description: CHEST (PA & LAT) | Text: IMPRESSION:  Normal appearing chest radiograph without evidence for pneumonia.



2. When: 3 days 12 hours ago, Note Category: Radiology, Note Description: CHEST (PA & LAT) | Text: COMPARISON:  Chest radiograph from [**2146-1-6**].

 
3. When: 3 days 12 hours ago, Note Category: Radiology, Note Description: CHEST (PA & LAT) | Text: The lungs are clear without
 evidence for pneumonia or pleural effusion.  
4. When: 3 days 12 hours ago, Note Category: Radiology, Note Description: CHEST (PA & LAT) | Text: FINDINGS:  The heart is within normal limits.
5. When: 2 days 12 hours ago, Note Category: Physician, Note Description: Physician Resident Admission Note | Text: No(t) Constipation
   Genitourinary: No(t) Dysuria
   Musculoskeletal: No(t) Joint pain
   Heme / Lymph: No(t) Lymphadenopathy
   Neurologic: No(t) Numbness / tingling, Headache, Frontal
   Flowsheet Data as of [**2146-11-1**] 12:58 AM
   Vital Signs
   Hemodynamic monitoring
   Fluid Balance
                                                                  24 hours
                                                               Since 12 AM
   Tmax: 36.8
C (98.
6. When: 2 days 12 hours ago, Note Category: Radiology, Note Description: CHEST (PORTABLE AP) | Text: IMPRESSION:  No change or evidence of acute abnormality.



7. When: 2 days 12 hours ago, Note Category: Radiology, Note Description: CHEST (PORTABLE AP) | Text: FINDINGS:  In comparison with the study of [**10-31**], there is no interval change.
 
8. When: 2 days 12 hours ago, Note Category: Radiology, Note Description: CHEST (PORTABLE AP) | Text: No evidence of acute pneumonia, vascular congestion, or pleural effusion.  
9. When: 2 days 12 hours ago, Note Category: Radiology, Note Description: CHEST (PORTABLE AP) | Text: [**2146-11-1**] 3:14 AM
 CHEST (PORTABLE AP)                                             Clip # [**Clip Number (Radiology) 10158**]
 Reason: r/o infiltrate, interval change
 Admitting Diagnosis: MYASTHENIA EXACERBATION
 ______________________________________________________________________________
 [**Hospital 2**] MEDICAL CONDITION:
  25 year old woman with myasthenia [**Last Name (un) 9787**], asthma, presents with SOB, URI
  symptoms.
10. When: 2 days 12 hours ago, Note Category: Physician, Note Description: Physician Attending Progress Note | Text: FH and ROS are unchanged from Admission except where noted
   above and below
   Review of systems is unchanged from admission except as noted below
   Review of systems:
   Flowsheet Data as of  [**2146-11-1**] 10:06 AM
   Vital signs
   Hemodynamic monitoring
   Fluid balance
                                                                  24 hours
                                                               Since 12 AM
   Tmax: 36.8
C (98.3
   Tcurrent: 36.7
C (98.1
   HR: 92 (58 - 111) bpm
"
7da8f6c3-1575-f5ec-a2a4-d39e07b89c07,So Admissao,"The patient, a 25-year-old woman with a history of myasthenia gravis and asthma, was admitted to the ICU on 2146-10-31 with worsening dyspnea and diplopia, despite increased use of her albuterol nebulizers and increased doses of Mestinon and prednisone. ",Supported,"The reference confirms the patient is a 25-year-old woman with myasthenia gravis and asthma admitted to ICU with worsening dyspnea and diplopia, increased use of albuterol nebulizers, and increased doses of Mestinon and prednisone.","Hospital Admission Start: 2 days 23 hours ago
Hospital Admission End: Now
Electronic Health Record Context
Ordered by Time (Earliest to Latest):
1. When: 3 days 12 hours ago, Note Category: Radiology, Note Description: CHEST (PA & LAT) | Text: HISTORY:  25-year-old woman with asthma, coughing and wheezing, and increasing
 shortness of breath.  
2. When: 3 days 12 hours ago, Note Category: Nursing, Note Description: Nursing Progress Note | Text: Over the week, she has had worsening dyspnea,
   requiring increased use of her albuterol nebulizers up to four times a
   day. 
3. When: 3 days 12 hours ago, Note Category: Nursing, Note Description: Nursing Progress Note | Text: [**Known lastname 5845**],[**Known firstname **]: [**Hospital1 54**] Notes Detail - CCC Record #[**Numeric Identifier 5846**]
   This is a 25 year-old woman with a history of myasthenia [**Last Name (un) 3383**]
   (diagnosed in [**2145-4-25**] and intubated twice) and asthma she came to
   the EW with worsening dyspnea and diplopia over the past week.
4. When: 3 days 12 hours ago, Note Category: Physician, Note Description: Physician Attending Admission Note - MICU | Text: jpg]
   Assessment and Plan
   25 yr old woman with myesthenia and asthma presents with URIO and
   asthma exacrebation leading to resp distress which may be evolving
   myesthenic crisis in setting of significantly work of breathing.
   
5. When: 3 days 12 hours ago, Note Category: Physician, Note Description: Physician Attending Admission Note - MICU | Text: HPI:
   25 yr old woman with mysethenia and asthma presents with 10 days of URI
   symptoms. 
6. When: 2 days 12 hours ago, Note Category: Physician, Note Description: Physician Resident Admission Note | Text: Chief Complaint:  Dysnpea, Wheezing, Malaise
   HPI:
   25yoF with hx of Myasthenia [**Last Name (un) **] (dx [**5-2**], with two associated
   intubations) and asthma presents with dyspnea, malaise and diplopia. 
7. When: 2 days 12 hours ago, Note Category: Radiology, Note Description: CHEST (PORTABLE AP) | Text: [**2146-11-1**] 3:14 AM
 CHEST (PORTABLE AP)                                             Clip # [**Clip Number (Radiology) 10158**]
 Reason: r/o infiltrate, interval change
 Admitting Diagnosis: MYASTHENIA EXACERBATION
 ______________________________________________________________________________
 [**Hospital 2**] MEDICAL CONDITION:
  25 year old woman with myasthenia [**Last Name (un) 9787**], asthma, presents with SOB, URI
  symptoms.
8. When: 2 days 12 hours ago, Note Category: Physician, Note Description: Physician Attending Progress Note | Text: 3 mg/dL
   Assessment and Plan
   25 yr old woman with myesthenia and asthma presents with URIO and
   asthma exacrebation leading to resp distress which may be evolving
   myesthenic crisis in setting of significantly work of breathing.
   
9. When: 2 days 12 hours ago, Note Category: Physician, Note Description: Physician Attending Progress Note | Text: Myesthenia: Severe course in the past year requiring intubation x 2,
   admitted to ICU with asthma exacerbation and concern that it was
   leadint o resp muscle fatigue so admitted to MICU for q2 nif and VC.
10. When: 2 days 12 hours ago, Note Category: Nursing, Note Description: Nursing Transfer Note | Text: 25yoF with hx of Myasthenia [**Last Name (un) **] (dx [**5-2**], with two associated
   intubations),VAP, GERD, s/p C-section .Right Lung Nodule and asthma
   presents with dyspnea, malaise and diplopia. 
"
28a16889-53d4-8407-7c97-e6ce9280afeb,So Admissao,"Initial evaluation revealed a potential myasthenic crisis, with significantly increased work of breathing. ",Supported,"The reference notes that the patient with myasthenia and asthma presented with respiratory distress and significantly increased work of breathing, possibly evolving into a myasthenic crisis, which directly supports the text.","Hospital Admission Start: 2 days 23 hours ago
Hospital Admission End: Now
Electronic Health Record Context
Ordered by Time (Earliest to Latest):
1. When: 3 days 12 hours ago, Note Category: Radiology, Note Description: CHEST (PA & LAT) | Text: HISTORY:  25-year-old woman with asthma, coughing and wheezing, and increasing
 shortness of breath.  
2. When: 3 days 12 hours ago, Note Category: Nursing, Note Description: Nursing Progress Note | Text: .H/O asthma
   Assessment:
   Pt with exp wheezes, diminished, states that it feels more difficult to
   breath out.
3. When: 3 days 12 hours ago, Note Category: Nursing, Note Description: Nursing Progress Note | Text: Last
   week she started to developed upper respiratory symptoms; a [**Year (4 digits) **],
   runny nose, and intermittent frontal headache consistent with
   prior colds. 
4. When: 3 days 12 hours ago, Note Category: Physician, Note Description: Physician Attending Admission Note - MICU | Text: jpg]
   Assessment and Plan
   25 yr old woman with myesthenia and asthma presents with URIO and
   asthma exacrebation leading to resp distress which may be evolving
   myesthenic crisis in setting of significantly work of breathing.
   
5. When: 2 days 12 hours ago, Note Category: Physician, Note Description: Physician Resident Admission Note | Text: Was also intubated for respiratory distress after
   initial presentation in [**2145-4-25**].  
6. When: 2 days 12 hours ago, Note Category: Physician, Note Description: Physician Resident Admission Note | Text: She also notes worsening of her wheezing. 
7. When: 2 days 12 hours ago, Note Category: Radiology, Note Description: CHEST (PORTABLE AP) | Text: REASON FOR THIS EXAMINATION:
  r/o infiltrate, interval change
 ______________________________________________________________________________
                                 FINAL REPORT
 HISTORY:  Myasthenia [**Last Name (un) 9787**] with shortness of breath.

 
8. When: 2 days 12 hours ago, Note Category: Physician, Note Description: Physician Attending Progress Note | Text: 3 mg/dL
   Assessment and Plan
   25 yr old woman with myesthenia and asthma presents with URIO and
   asthma exacrebation leading to resp distress which may be evolving
   myesthenic crisis in setting of significantly work of breathing.
   
9. When: 2 days 12 hours ago, Note Category: Physician, Note Description: Physician Attending Progress Note | Text: Myesthenia: Severe course in the past year requiring intubation x 2,
   admitted to ICU with asthma exacerbation and concern that it was
   leadint o resp muscle fatigue so admitted to MICU for q2 nif and VC.
10. When: 2 days 12 hours ago, Note Category: Nursing, Note Description: Nursing Transfer Note | Text: She also notes worsening
   of her wheezing.
"
68ace126-dfeb-ade7-eb87-a62b3bfdb005,So Admissao,"The patient was treated with steroids, increased Mestinon, and close monitoring of her respiratory status.",Not Supported,The reference shows that steroids were given and Mestinon was initially increased but later held per neurology recommendations; close monitoring of respiratory status is implied but not explicitly stated as part of the treatment.,"Hospital Admission Start: 2 days 23 hours ago
Hospital Admission End: Now
Electronic Health Record Context
Ordered by Time (Earliest to Latest):
1. When: 3 days 12 hours ago, Note Category: Nursing, Note Description: Nursing Progress Note | Text: She called her neurologist and her mestinon and prednisone
   were both increased.  
2. When: 3 days 12 hours ago, Note Category: Nursing, Note Description: Nursing Progress Note | Text: In the EW she was given prednisone 60 mg and a
   combivent nebulizer. 
3. When: 3 days 12 hours ago, Note Category: Nursing, Note Description: Nursing Progress Note | Text: Over the week, she has had worsening dyspnea,
   requiring increased use of her albuterol nebulizers up to four times a
   day. 
4. When: 3 days 12 hours ago, Note Category: Physician, Note Description: Physician Attending Admission Note - MICU | Text: We are treating with steroids and
   increased mestinon. 
5. When: 2 days 12 hours ago, Note Category: Physician, Note Description: Physician Resident Admission Note | Text: [**Last Name (STitle) 5856**] that recommended increasing her Prednisone back up to
   10mg Daily from 5mg, and her Mestinon 60mg from [**Hospital1 **] to TID. 
6. When: 2 days 12 hours ago, Note Category: Nursing, Note Description: Nursing Progress Note | Text: Her blood
   sugars were 204 and 184
   Action:
   Given neb tx, solumedrol 125mg IV q 8hr
   Response:
   Symptoms improving
   blood sugars elevated with steroid
   Plan:
   Cont nebs q 2, methylprednisolone 125mg 1v q 8, NIF and VC q 2hr,
   holding mestinon continue on mycophenolate Mofetil 1500mg po bid.
7. When: 2 days 12 hours ago, Note Category: Nursing, Note Description: Nursing Progress Note | Text: .H/O asthma
   Assessment:
   Pt on continuous nebs beginning of shift, tachypneic, continued on room
   air with o2 sats in the high 90
s.  She was started on
   methylprednisolonel 125mg IV q8 seemed to improve shortly after. 
8. When: 2 days 12 hours ago, Note Category: Nursing, Note Description: Nursing Transfer Note | Text: The pt was given Combivent Nebs x3 and
   Prednisone 60mg x1.
    
9. When: 2 days 12 hours ago, Note Category: Physician, Note Description: Physician Resident Progress Note | Text: -          F/U Neuro Recs
   -          Holding Mestinon
   # Asthma: Started on IV Steroids and continued on q4 Duonebs. 
10. When: 2 days 12 hours ago, Note Category: Physician, Note Description: Physician Resident Progress Note | Text: Mestinon held per Neuro
   recs.
"
83ec3ba1-1016-25c7-af4b-56a65f5d7fc7,So Admissao,"The patient's symptoms improved with treatment, including continuous nebulizers, methylprednisolone, and monitoring of peak flows and blood sugars. ",Supported,"The reference notes continuous nebulizer treatments, methylprednisolone administration, monitoring of peak flows, and elevated blood sugars, with documented improvement in symptoms, fully supporting the text.","Hospital Admission Start: 2 days 23 hours ago
Hospital Admission End: Now
Electronic Health Record Context
Ordered by Time (Earliest to Latest):
1. When: 3 days 12 hours ago, Note Category: Nursing, Note Description: Nursing Progress Note | Text: In the EW she was given prednisone 60 mg and a
   combivent nebulizer. 
2. When: 3 days 12 hours ago, Note Category: Nursing, Note Description: Nursing Progress Note | Text: Over the week, she has had worsening dyspnea,
   requiring increased use of her albuterol nebulizers up to four times a
   day. 
3. When: 3 days 12 hours ago, Note Category: Nursing, Note Description: Nursing Progress Note | Text: She called her neurologist and her mestinon and prednisone
   were both increased.  
4. When: 2 days 12 hours ago, Note Category: Physician, Note Description: Physician Resident Admission Note | Text: (Prophylaxis) - [**2146-10-31**] 04:46 PM
   Other medications:
   -Advair Diskus 100 mcg-50 mcg two puffs daily
   -Cellcept [**Pager number 5857**] mg [**Hospital1 **]
   -Prednisone 10 mg daily (taper)
   -Mestinon 60 mg TID
   -Albuterol nebulizer (has increased use to four times daily over
   past three days)
   -Zantac
5. When: 2 days 12 hours ago, Note Category: Physician, Note Description: Physician Resident Admission Note | Text: The pt was given Combivent Nebs x3 and
   Prednisone 60mg x1.
   
6. When: 2 days 12 hours ago, Note Category: Nursing, Note Description: Nursing Progress Note | Text: Her blood
   sugars were 204 and 184
   Action:
   Given neb tx, solumedrol 125mg IV q 8hr
   Response:
   Symptoms improving
   blood sugars elevated with steroid
   Plan:
   Cont nebs q 2, methylprednisolone 125mg 1v q 8, NIF and VC q 2hr,
   holding mestinon continue on mycophenolate Mofetil 1500mg po bid.
7. When: 2 days 12 hours ago, Note Category: Nursing, Note Description: Nursing Progress Note | Text: .H/O asthma
   Assessment:
   Pt on continuous nebs beginning of shift, tachypneic, continued on room
   air with o2 sats in the high 90
s.  She was started on
   methylprednisolonel 125mg IV q8 seemed to improve shortly after. 
8. When: 2 days 12 hours ago, Note Category: Nursing, Note Description: Nursing Transfer Note | Text: The pt was given Combivent Nebs x3 and
   Prednisone 60mg x1.
    
9. When: 2 days 12 hours ago, Note Category: Nursing, Note Description: Nursing Transfer Note | Text: Plan:
   Cont nebs q4H, methylprednisolone 125mg 1v q 8, NIF and VC q 2hr,
   continue on mycophenolate Mofetil 1500mg po bid. 
10. When: 2 days 12 hours ago, Note Category: Physician, Note Description: Physician Resident Progress Note | Text: Breathing
   symptoms improved with improved NIFs to -80 and Peak Flows 300-350
   (Baselines 450s).
"
550f1775-fdd1-8064-0734-ff0582474f5b,So Admissao,"Her respiratory status stabilized, with negative inspiratory forces (NIFs) in the 80s and peak flows of 300-350. ",Supported,"The reference notes indicate that the patient's NIF improved to around -80 and peak flows were 300-350, consistent with the text stating respiratory status stabilized with NIFs in the 80s and peak flows of 300-350.","Hospital Admission Start: 2 days 23 hours ago
Hospital Admission End: Now
Electronic Health Record Context
Ordered by Time (Earliest to Latest):
1. When: 3 days 12 hours ago, Note Category: Radiology, Note Description: CHEST (PA & LAT) | Text: FINDINGS:  The heart is within normal limits.
2. When: 3 days 12 hours ago, Note Category: Nursing, Note Description: Nursing Progress Note | Text: NIF was -50 and VC was 1.8 L; the latter
   measurement was limited by wheezing and [**Last Name (LF) **], [**First Name3 (LF) **] respiratory.
   
3. When: 2 days 12 hours ago, Note Category: Physician, Note Description: Physician Resident Admission Note | Text: Upon arrival to the ED, her vitals 98.0, 133/81 72 19 100%RA, Her
   initial NIF was -50cm, VC 1.8L.
4. When: 2 days 12 hours ago, Note Category: Respiratory, Note Description: Respiratory Care Shift Note | Text: Peak
   flows 300-350, ( her personal best 450). 
5. When: 2 days 12 hours ago, Note Category: Nursing, Note Description: Nursing Progress Note | Text: NIF 80
s Peak flows 300-350.
6. When: 2 days 12 hours ago, Note Category: Nursing, Note Description: Nursing Progress Note | Text: She
   was able to sleep in short naps. 
7. When: 2 days 12 hours ago, Note Category: Nursing, Note Description: Nursing Transfer Note | Text: Upon arrival to the ED, her vitals 98.0, 133/81 72 19 100%RA, Her
   initial NIF was -50cm, VC 1.8L. 
8. When: 2 days 12 hours ago, Note Category: Physician, Note Description: Physician Resident Progress Note | Text: Breathing
   symptoms improved with improved NIFs to -80 and Peak Flows 300-350
   (Baselines 450s).
9. When: 2 days 12 hours ago, Note Category: Respiratory, Note Description: Respiratory Care Shift Note | Text: NIF stable at
   -80cmH2O. 
"
c6a4e4f8-c5a2-4e5e-a2b6-ad322e3b85dc,So Admissao,"The patient was transferred to the floor on 2146-11-01, where her treatment plan included continuing nebulizers, methylprednisolone, and monitoring of her conditions.",Supported,"The reference notes a transfer to the floor with a plan to continue nebulizers, methylprednisolone, and monitoring (NIF and VC), which aligns with the text's statement about the treatment plan after transfer.","Hospital Admission Start: 2 days 23 hours ago
Hospital Admission End: Now
Electronic Health Record Context
Ordered by Time (Earliest to Latest):
1. When: 3 days 12 hours ago, Note Category: Nursing, Note Description: Nursing Progress Note | Text: In the EW she was given prednisone 60 mg and a
   combivent nebulizer. 
2. When: 3 days 12 hours ago, Note Category: Nursing, Note Description: Nursing Progress Note | Text: Over the week, she has had worsening dyspnea,
   requiring increased use of her albuterol nebulizers up to four times a
   day. 
3. When: 3 days 12 hours ago, Note Category: Nursing, Note Description: Nursing Progress Note | Text: Her NIF has been ~ -50 to -44, her vital capacity (VC)has
   been dropping; she started at 1.8 and is now 1
   Action:
   Conts on mestinon and cellcept as well as prednisone
   Response:
   Worsening vital capacity
   Plan:
   Cont to follow her NIF and VC, check an ABG if needed, cont her
   mestinon, prednisone, cellcept
4. When: 3 days 12 hours ago, Note Category: Physician, Note Description: Physician Attending Admission Note - MICU | Text: Patient admitted from: [**Hospital1 54**] ER
   History obtained from [**Hospital 85**] Medical records
   Allergies:
   Penicillins
   Rash;
   Last dose of Antibiotics:
   Infusions:
   Other ICU medications:
   Heparin Sodium (Prophylaxis) - [**2146-10-31**] 04:46 PM
   Other medications:
   Past medical history:
   Family history:
   Social History:
   Myesthenia
   Occupation:
   Drugs:
5. When: 2 days 12 hours ago, Note Category: Physician, Note Description: Physician Resident Admission Note | Text: The pt was given Combivent Nebs x3 and
   Prednisone 60mg x1.
   
6. When: 2 days 12 hours ago, Note Category: Respiratory, Note Description: Respiratory Care Shift Note | Text: Plan to
   continue with treatments as tolerated.

7. When: 2 days 12 hours ago, Note Category: Nursing, Note Description: Nursing Progress Note | Text: .H/O asthma
   Assessment:
   Pt on continuous nebs beginning of shift, tachypneic, continued on room
   air with o2 sats in the high 90
s.  She was started on
   methylprednisolonel 125mg IV q8 seemed to improve shortly after. 
8. When: 2 days 12 hours ago, Note Category: Physician, Note Description: Physician Attending Progress Note | Text: Asthma: nebs spaced to q4, IV steroids,  no role for ABX at present
   ICU Care
   Nutrition: [**Doctor First Name 470**] diet
   Glycemic Control:
   Lines:
   20 Gauge - [**2146-10-31**] 02:38 PM
   Prophylaxis:
   DVT: sc hep
   Stress ulcer: ppi
   Communication:  wife pt
   [**Name (NI) 66**] status: Full code
   Disposition :Transfer to floor _ Medicine with Neuro consult
9. When: 2 days 12 hours ago, Note Category: Nursing, Note Description: Nursing Transfer Note | Text: Plan:
   Cont nebs q4H, methylprednisolone 125mg 1v q 8, NIF and VC q 2hr,
   continue on mycophenolate Mofetil 1500mg po bid. 
10. When: 2 days 12 hours ago, Note Category: Nursing, Note Description: Nursing Transfer Note | Text: The pt was given Combivent Nebs x3 and
   Prednisone 60mg x1.
    
"
b8cb2059-915d-9aa9-0422-ea1b132ccb5e,So Admissao,"The patient, a 64-year-old woman with a history of multiple myeloma, systemic amyloidosis, and end-stage renal disease (ESRD), was admitted to the ICU with symptoms of dyspnea, pain, and hypotension. ",Supported,"The reference confirms the patient is a 64-year-old woman with multiple myeloma, systemic amyloidosis, and ESRD on hemodialysis, admitted with symptoms including dyspnea, pain, and hypotension.","Hospital Admission Start: 2 days 20 hours ago
Hospital Admission End: Now
Electronic Health Record Context
Ordered by Time (Earliest to Latest):
1. When: 3 days 4 hours ago, Note Category: Physician, Note Description: Physician Attending Admission Note - MICU | Text: I
   agree with the note above, including the assessment and plan and would
   add the following:
   64yo woman with multiple myeloma, s/p allogeneic transplant [**2143**] with
   recurrent disease and with systemic amyloidosis, on hemodialysis for
   ESRD.  
2. When: 3 days 4 hours ago, Note Category: Physician, Note Description: Physician Attending Admission Note - MICU | Text: HPI:
   64 year old woman with PMH of MM, s/p allo-BMT ~ 10 yrs ago, course c/b
   [**Doctor Last Name **]-amyloid and ESRD , refractory hypercalcemia, and recent admit for
   pain and dyspnea who represents with similar symptoms.
3. When: 3 days 4 hours ago, Note Category: Nursing, Note Description: Nursing Progress Note | Text: 64 year old woman with PMH of MM, s/p allo-BMT ~ 10 yrs ago, course c/b
   [**Doctor Last Name **]-amyloid and ESRD , refractory hypercalcemia, and recent admit for
   pain and dyspnea who represents with similar symptoms. 
4. When: 2 days 4 hours ago, Note Category: Nursing, Note Description: Nursing Progress Note | Text: 64 year old woman with PMH of MM, s/p allo-BMT ~ 10 yrs ago, course c/b
   [**Doctor Last Name **]-amyloid and ESRD , refractory hypercalcemia, and recent admit for
   pain and dyspnea who presents again with similar symptoms. 
5. When: 2 days 4 hours ago, Note Category: Radiology, Note Description: CHEST (PORTABLE AP) | Text: ______________________________________________________________________________
                                 FINAL REPORT
 INDICATION:  64-year-old woman with end-stage renal disease, multiple myeloma,
 amyloidosis, status post PICC placement yesterday, now with new wide-complex
 tachycardia and probable ventricular tachycardia.  
6. When: 2 days 4 hours ago, Note Category: Radiology, Note Description: CHEST (PORTABLE AP) | Text: Admitting Diagnosis: DYSPNEA;HYPOXIA
 ______________________________________________________________________________
 [**Hospital 2**] MEDICAL CONDITION:
  64 year old woman with  ESRD, MM, amyloidosis s/p PICC placement yesterday now
  new wide complex tachycardia, probable VT.
 
7. When: 2 days 4 hours ago, Note Category: Radiology, Note Description: CHEST (PORTABLE AP) | Text: Admitting Diagnosis: DYSPNEA;HYPOXIA
 ______________________________________________________________________________
 [**Hospital 3**] MEDICAL CONDITION:
  64 year old woman with  ESRD, MM, amyloidosis s/p PICC placement yesterday now
  new wide complex tachycardia, probable VT.
8. When: 1 days 4 hours ago, Note Category: Physician, Note Description: Physician Fellow / Attending Progress Note - MICU | Text: HPI:
   64yo woman with a h/o MM (x 10 years) c/b [**Doctor Last Name **] amyloid with known
   cardiac, pulmonary involvement, ESRD on HD, refractory hypercalcemia
   and hypoxia on [**2-28**] L O2 at home who presented on [**1-16**] with sub-acute
   progressive dyspnea and bony pain. 
"
b9350f4a-1d5f-5450-e082-e3df5fa98ffd,So Admissao,"Her hospital course was complicated by hypovolemic shock, cardiogenic shock, and possible adrenal insufficiency, requiring treatment with gentle hydration, low-dose pressors, and decadron.",Supported,"The reference explicitly states the patient had hypovolemic and cardiogenic shock with likely adrenal insufficiency, and treatment included gentle hydration, low-dose pressors, and decadron, fully supporting the text.","Hospital Admission Start: 2 days 20 hours ago
Hospital Admission End: Now
Electronic Health Record Context
Ordered by Time (Earliest to Latest):
1. When: 3 days 4 hours ago, Note Category: Physician, Note Description: Physician Attending Admission Note - MICU | Text: She reports
   refractory jaw and lower extremity pain since discharge as well as
   gradual increase in her baseline 2-3L oxygen use. 
2. When: 3 days 4 hours ago, Note Category: Physician, Note Description: Physician Attending Admission Note - MICU | Text: briefly,
   per oncology appears to have exhausted
   her treatment options and know has refractory hypercalcemia as well as
   multipl organ involvement of amyloid.
3. When: 3 days 4 hours ago, Note Category: Physician, Note Description: Physician Attending Admission Note - MICU | Text: She was admitted [**Date range (1) 7152**]/08 with hypercalcemia and treated
   with pamidronate 30mg, calcitonin, and dialysis (complicated by an
   episode of hypotension following HD).
4. When: 3 days 4 hours ago, Note Category: Physician, Note Description: Physician Attending Admission Note - MICU | Text: The patient has shock of unclear
   etiology: hypovolemic, cardiogenic, with likely possibility of adrenal
   insufficiency or crisis.
5. When: 3 days 4 hours ago, Note Category: Physician, Note Description: Physician Attending Admission Note - MICU | Text: Agree with gentle hydration, low dose pressors
   to maintain MAPs above ~60, and decadron 20 mg.
   
6. When: 3 days 4 hours ago, Note Category: Nursing, Note Description: Nursing Progress Note | Text: She reports
   refractory jaw and lower extremity pain since discharge as well as
   gradual increase in her baseline 2-3L oxygen use.
7. When: 3 days 4 hours ago, Note Category: Nursing, Note Description: Nursing Progress Note | Text: 05 mcg/Kg/[**Hospital1 **]
   Other ICU medications:
   Other medications:
   Hypotension (not Shock)
   Assessment:
   Pt arrived form the ED on Levophed, her Baseline Bp is about
   80-90-occas lower after HD days.
"
7fb70c2a-19b6-1f5b-59f0-2d9b5e558ec7,So Admissao,"Despite aggressive management, including dialysis and oxygen therapy, the patient's condition continued to deteriorate, and she remained critically ill throughout her hospital stay. ",Supported,"The reference notes repeatedly describe the patient as critically ill with high oxygen requirements and mention dialysis treatment, supporting the text's statement about aggressive management and continued critical illness.","Hospital Admission Start: 2 days 20 hours ago
Hospital Admission End: Now
Electronic Health Record Context
Ordered by Time (Earliest to Latest):
1. When: 3 days 4 hours ago, Note Category: Physician, Note Description: Physician Attending Admission Note - MICU | Text: Patient is critically ill. 
2. When: 3 days 4 hours ago, Note Category: Physician, Note Description: Physician Attending Admission Note - MICU | Text: 45 minutes of critical care time spent with this patient.
   
3. When: 3 days 4 hours ago, Note Category: Physician, Note Description: Physician Attending Admission Note - MICU | Text: She was admitted [**Date range (1) 7152**]/08 with hypercalcemia and treated
   with pamidronate 30mg, calcitonin, and dialysis (complicated by an
   episode of hypotension following HD).
4. When: 3 days 4 hours ago, Note Category: Physician, Note Description: Physician Attending Admission Note - MICU | Text: briefly,
   per oncology appears to have exhausted
   her treatment options and know has refractory hypercalcemia as well as
   multipl organ involvement of amyloid.
5. When: 2 days 4 hours ago, Note Category: Nursing, Note Description: Nursing Progress Note | Text: She reports
   refractory jaw and lower extremity pain since discharge as well as
   gradual increase in her baseline 2-3L oxygen use.
6. When: 2 days 4 hours ago, Note Category: Physician, Note Description: Physician Attending Progress Note | Text: Prophylaxis:
   DVT: Boots(Systemic anticoagulation: Coumadin)
   Stress ulcer: PPI
   VAP:
   Comments:
   Communication: Patient discussed on interdisciplinary rounds , Family
   meeting held  Comments:
   Code status: DNR / DNI
   Disposition :ICU
   Total time spent: 30 minutes
   Patient is critically ill
7. When: 1 days 4 hours ago, Note Category: Physician, Note Description: Physician Fellow / Attending Progress Note - MICU | Text: Of note, she has been refusing several oral medicines during her stay.
   
8. When: 1 days 4 hours ago, Note Category: Physician, Note Description: Physician Fellow / Attending Progress Note - MICU | Text: Total time spent: 60, including in depth discussion with pt
s husband
   Critically ill with high oxygen requirement and borderline hypotension.

"
df9ce7f1-29c9-9bad-165e-24ed64193074,So Admissao,"The patient's code status was DNR/DNI, and she ultimately passed away on [2153-01-19] at 4:55 am due to complications from her underlying conditions.",Not Supported,The reference confirms the patient's code status as DNR/DNI but does not mention the patient passing away on [2153-01-19] at 4:55 am or the cause of death.,"Hospital Admission Start: 2 days 20 hours ago
Hospital Admission End: Now
Electronic Health Record Context
Ordered by Time (Earliest to Latest):
1. When: 3 days 4 hours ago, Note Category: Radiology, Note Description: CHEST (PORTABLE AP) | Text: [**2153-1-16**] 7:22 AM
 CHEST (PORTABLE AP)                                             Clip # [**Clip Number (Radiology) 95098**]
 Reason: eval for acute change
 ______________________________________________________________________________
 [**Hospital 3**] MEDICAL CONDITION:
  64 year old woman with hypoxia and sob
 REASON FOR THIS EXAMINATION:
  eval for acute change
 ______________________________________________________________________________
                                 FINAL REPORT
 INDICATION:  Patient is a 64-year-old female with hypoxia and shortness of
 breath.  
2. When: 3 days 4 hours ago, Note Category: Radiology, Note Description: CTA CHEST W&W/O C&RECONS, NON-CORONARY | Text: ______________________________________________________________________________
                                 FINAL REPORT
 INDICATION:  Patient is a 64-year-old female with shortness of breath and
 hypoxia.  
3. When: 3 days 4 hours ago, Note Category: Physician, Note Description: Physician Attending Admission Note - MICU | Text: Patient is critically ill. 
4. When: 2 days 4 hours ago, Note Category: Radiology, Note Description: CHEST (PORTABLE AP) | Text: ______________________________________________________________________________
                                 FINAL REPORT
 INDICATION:  64-year-old woman with end-stage renal disease, multiple myeloma,
 amyloidosis, status post PICC placement yesterday, now with new wide-complex
 tachycardia and probable ventricular tachycardia.  
5. When: 2 days 4 hours ago, Note Category: Physician, Note Description: Physician Attending Progress Note | Text: Prophylaxis:
   DVT: Boots(Systemic anticoagulation: Coumadin)
   Stress ulcer: PPI
   VAP:
   Comments:
   Communication: Patient discussed on interdisciplinary rounds , Family
   meeting held  Comments:
   Code status: DNR / DNI
   Disposition :ICU
   Total time spent: 30 minutes
   Patient is critically ill
6. When: 2 days 4 hours ago, Note Category: Physician, Note Description: Physician Attending Progress Note | Text: DVT: Boots(Systemic anticoagulation: Coumadin)
   Stress ulcer: PPI
   VAP:
   Communication: Patient discussed on interdisciplinary rounds , Family
   meeting held  Comments:
   Code status: DNR / DNI
   Disposition :ICU
   Total time spent: 38 minutes
   Patient is critically ill
7. When: 1 days 4 hours ago, Note Category: Physician, Note Description: Physician Fellow / Attending Progress Note - MICU | Text: Dialysis Catheter - [**2153-1-17**] 01:21
   PM
   Prophylaxis:
   DVT:
   Stress ulcer:
   VAP:
   Comments:
   Communication:  Comments:
   Code status: DNR / DNI
   Disposition : ICU for now.
8. When: 1 days 4 hours ago, Note Category: Physician, Note Description: Physician Resident Progress Note | Text: Prophylaxis:
   DVT:
   Stress ulcer:
   VAP:
   Comments:
   Communication:  Comments:
   Code status: DNR / DNI
   Disposition:
9. When: 0 days 4 hours ago, Note Category: Nursing, Note Description: Nursing Progress Note | Text: Nursing progess note:
   Pt DNR/DNI.  
"
a0df21a3-c835-0426-1795-0f524948c793,So Admissao,"She underwent a series of diagnostic tests, including chest radiographs, CT scans, echocardiograms, and ECGs, which revealed findings consistent with fluid overload, atelectasis, and cardiac amyloidosis. ",Not Supported,"The reference mentions chest radiographs and CT scans showing fluid overload and amyloidosis, but does not mention echocardiograms or ECGs or findings of atelectasis.","Hospital Admission Start: 2 days 20 hours ago
Hospital Admission End: Now
Electronic Health Record Context
Ordered by Time (Earliest to Latest):
1. When: 3 days 4 hours ago, Note Category: Radiology, Note Description: CTA CHEST W&W/O C&RECONS, NON-CORONARY | Text: Anasarca with septal thickening consistent with fluid overload.

 
2. When: 3 days 4 hours ago, Note Category: Physician, Note Description: Physician Attending Admission Note - MICU | Text: briefly,
   per oncology appears to have exhausted
   her treatment options and know has refractory hypercalcemia as well as
   multipl organ involvement of amyloid.
3. When: 3 days 4 hours ago, Note Category: Physician, Note Description: Physician Attending Admission Note - MICU | Text: She was admitted [**Date range (1) 7152**]/08 with hypercalcemia and treated
   with pamidronate 30mg, calcitonin, and dialysis (complicated by an
   episode of hypotension following HD).
4. When: 2 days 4 hours ago, Note Category: Radiology, Note Description: CHEST (PORTABLE AP) | Text: ______________________________________________________________________________
                                 FINAL REPORT
 INDICATION:  64-year-old woman with end-stage renal disease, multiple myeloma,
 amyloidosis, status post PICC placement yesterday, now with new wide-complex
 tachycardia and probable ventricular tachycardia.  
5. When: 2 days 4 hours ago, Note Category: Radiology, Note Description: CHEST (PORTABLE AP) | Text: Admitting Diagnosis: DYSPNEA;HYPOXIA
 ______________________________________________________________________________
 [**Hospital 3**] MEDICAL CONDITION:
  64 year old woman with  ESRD, MM, amyloidosis s/p PICC placement yesterday now
  new wide complex tachycardia, probable VT.
6. When: 2 days 4 hours ago, Note Category: Radiology, Note Description: CHEST (PORTABLE AP) | Text: Admitting Diagnosis: DYSPNEA;HYPOXIA
 ______________________________________________________________________________
 [**Hospital 2**] MEDICAL CONDITION:
  64 year old woman with  ESRD, MM, amyloidosis s/p PICC placement yesterday now
  new wide complex tachycardia, probable VT.
 
7. When: 1 days 4 hours ago, Note Category: Physician, Note Description: Physician Fellow / Attending Progress Note - MICU | Text: VENTRICULAR TACHYCARDIA / ELEVATED CARDIAC ENZYMES
   Likely due to her underlying cardiac amyloidosis; will d/c Amiodarone
   given the increase in her LFTs over the past two days since having
   initiated it.
8. When: 1 days 4 hours ago, Note Category: Physician, Note Description: Physician Resident Progress Note | Text: She has an extensive h/o thromobosis of
   unclear etiology.  
"
e0382396-e02a-9b4e-c491-402466b705d2,So Admissao,"The patient developed a new pneumonia and experienced episodes of wide-complex tachycardia and ventricular arrhythmia, requiring treatment with antibiotics and amiodarone.",Not Supported,"The reference supports the patient having new wide-complex tachycardia and ventricular arrhythmia treated with amiodarone, but there is no mention of the patient developing a new pneumonia or receiving antibiotics.","Hospital Admission Start: 2 days 20 hours ago
Hospital Admission End: Now
Electronic Health Record Context
Ordered by Time (Earliest to Latest):
1. When: 3 days 4 hours ago, Note Category: Physician, Note Description: Physician Attending Admission Note - MICU | Text: [**Doctor Last Name **] amyloid with known cardiac,renal,pulmonary involvement
   Multiple DVT's thought [**2-26**] thalidomide, now on coumadin.
   
2. When: 2 days 4 hours ago, Note Category: Radiology, Note Description: CHEST (PORTABLE AP) | Text: Admitting Diagnosis: DYSPNEA;HYPOXIA
 ______________________________________________________________________________
 [**Hospital 2**] MEDICAL CONDITION:
  64 year old woman with  ESRD, MM, amyloidosis s/p PICC placement yesterday now
  new wide complex tachycardia, probable VT.
 
3. When: 2 days 4 hours ago, Note Category: Radiology, Note Description: CHEST (PORTABLE AP) | Text: Admitting Diagnosis: DYSPNEA;HYPOXIA
 ______________________________________________________________________________
 [**Hospital 3**] MEDICAL CONDITION:
  64 year old woman with  ESRD, MM, amyloidosis s/p PICC placement yesterday now
  new wide complex tachycardia, probable VT.
4. When: 2 days 4 hours ago, Note Category: Radiology, Note Description: CHEST (PORTABLE AP) | Text: ______________________________________________________________________________
                                 FINAL REPORT
 INDICATION:  64-year-old woman with end-stage renal disease, multiple myeloma,
 amyloidosis, status post PICC placement yesterday, now with new wide-complex
 tachycardia and probable ventricular tachycardia.  
5. When: 2 days 4 hours ago, Note Category: Physician, Note Description: Physician Attending Progress Note | Text: Will
   start amiodarone. 
6. When: 1 days 4 hours ago, Note Category: Physician, Note Description: Physician Fellow / Attending Progress Note - MICU | Text: VENTRICULAR TACHYCARDIA / ELEVATED CARDIAC ENZYMES
   Likely due to her underlying cardiac amyloidosis; will d/c Amiodarone
   given the increase in her LFTs over the past two days since having
   initiated it.
7. When: 1 days 4 hours ago, Note Category: Physician, Note Description: Physician Fellow / Attending Progress Note - MICU | Text: She has also had some episodes of asymptomatic V tach, the last being
   yesterday morning, she was started on Amiodarone.
   
"
51b08b28-d1a1-efb5-4d80-8d58e7869f1f,So Admissao,"A transesophageal echocardiogram showed mild symmetric left ventricular hypertrophy, a small left ventricle, and hyperdynamic function. ",Supported,"The reference clearly states mild symmetric left ventricular hypertrophy, a small left ventricle, and hyperdynamic function (EF>75%) on echocardiogram, which fully supports the text.","Hospital Admission Start: 4 days 21 hours ago
Hospital Admission End: Now
Electronic Health Record Context
Ordered by Time (Earliest to Latest):
1. When: 5 days 18 hours ago, Note Category: ECG, Note Description: Report | Text: Ventricular paced rhythm with underlying supraventricular tachycardia and
occasional sinus beats. 
2. When: 4 days 18 hours ago, Note Category: Echo, Note Description: Report | Text: There is mild symmetric left ventricular hypertrophy. 
3. When: 4 days 18 hours ago, Note Category: Echo, Note Description: Report | Text: Left ventricular systolic function is hyperdynamic (EF>75%).

4. When: 4 days 18 hours ago, Note Category: Echo, Note Description: Report | Text: LEFT VENTRICLE: Mild symmetric LVH. 
5. When: 4 days 18 hours ago, Note Category: Echo, Note Description: Report | Text: PATIENT/TEST INFORMATION:
Indication: Left ventricular function.

6. When: 3 days 18 hours ago, Note Category: Physician, Note Description: Physician Resident Progress Note | Text: # PUMP: Echo yesterday showed mild symmetric LVH, small LV,
   hyperdynamic (EF>75%).
7. When: 3 days 18 hours ago, Note Category: Physician, Note Description: Physician Resident Progress Note | Text: Chief Complaint:
   24 Hour Events:
   -TTE showed mild symmetric LVH, small LV, hyperdynamic (EF>75%). 
8. When: 2 days 18 hours ago, Note Category: Physician, Note Description: Physician Resident Progress Note | Text: # PUMP: Echo showed mild symmetric LVH, small LV, hyperdynamic
   (EF>75%). 
"
c63432ff-3d40-5443-8557-78fff4b8b30c,So Admissao,The patient was weaned off pressors and eventually extubated after showing signs of improvement. ,Supported,"The reference notes that the patient was intubated initially and was successfully extubated about 2 days 18 hours ago, with intention to remove dopamine (a pressor) earlier, indicating weaning off pressors and eventual extubation after improvement.","Hospital Admission Start: 4 days 21 hours ago
Hospital Admission End: Now
Electronic Health Record Context
Ordered by Time (Earliest to Latest):
1. When: 4 days 18 hours ago, Note Category: Physician, Note Description: Physician Resident Progress Note | Text: Additional comments:
   Intubated
   Diuresing today and intention to remove peripheral dopamine
   no evidence of ischemia.
   
2. When: 4 days 18 hours ago, Note Category: Physician, Note Description: Physician Resident Progress Note | Text: For this, the patient has received Lasix boluses.
   
3. When: 4 days 18 hours ago, Note Category: Radiology, Note Description: NASO-INTESTINAL TUBE PLACEMENT (W/FLUORO) | Text: The patient tolerated the procedure well.
4. When: 3 days 18 hours ago, Note Category: Radiology, Note Description: CHEST (PORTABLE AP) | Text: There is improved
 mild pulmonary edema.  
5. When: 3 days 18 hours ago, Note Category: Radiology, Note Description: CHEST (PORTABLE AP) | Text: The remaining
 lungs are well expanded and clear.  
6. When: 3 days 18 hours ago, Note Category: General, Note Description: ICU Event Note | Text: Patient
   voiced his desire not to have a breathing tube put back in.  
7. When: 2 days 18 hours ago, Note Category: Nursing, Note Description: Nursing Progress Note | Text: Successfully extubated ~1315. 
8. When: 1 days 18 hours ago, Note Category: Radiology, Note Description: CHEST (PORTABLE AP) | Text: The nasogastric tube has
 been removed.  
9. When: 1 days 18 hours ago, Note Category: Radiology, Note Description: CHEST (PORTABLE AP) | Text: The lungs appear grossly clear.



"
88aee8e7-76ed-ae3d-f087-33caf759503a,So Admissao,"However, his respiratory status remained tenuous, and he required a high level of oxygen to maintain saturation levels. ",Supported,"The reference notes that the patient was requiring a lot of oxygen to maintain saturation levels of 88-90%, indicating a tenuous respiratory status and need for high oxygen support.","Hospital Admission Start: 4 days 21 hours ago
Hospital Admission End: Now
Electronic Health Record Context
Ordered by Time (Earliest to Latest):
1. When: 5 days 18 hours ago, Note Category: Radiology, Note Description: CHEST (PORTABLE AP) | Text: There are low lung volumes.  
2. When: 5 days 18 hours ago, Note Category: Radiology, Note Description: CHEST (PORTABLE AP) | Text: There is moderate
 cardiomegaly.
3. When: 4 days 18 hours ago, Note Category: Physician, Note Description: Physician Resident Admission Note | Text: Also, of note, he was tried on
   a nitro gtt, which initially caused some hypotension.
   
4. When: 4 days 18 hours ago, Note Category: Physician, Note Description: Physician Resident Admission Note | Text: He did indicate by nodding that he was short of
   breath.  
5. When: 4 days 18 hours ago, Note Category: Physician, Note Description: Physician Resident Admission Note | Text: The patient was placed on BiPAP to help
   with his breathing, as he was reportedly DNR/DNI at his nursing home.
   
6. When: 4 days 18 hours ago, Note Category: Physician, Note Description: Physician Resident Admission Note | Text: will follow ABG's
   - consider intubation is respiratory status continues to decline
   - vanc/cefepime for empiric therapy for PNA
   - consider adding double coverage to pseudomonas, as pt lives in [**Location 621**] and
   has h/o bronchiectasis (note: allergy to levofloxacin)
   - holding off of tx for COPD at this time (steroids, nebs), as story
   does not fit with COPD
   - continue to cycle cardiac enzymes
   - repeat echo in AM
   .
7. When: 4 days 18 hours ago, Note Category: Physician, Note Description: Physician Resident Admission Note | Text: - attempt to obtain outside records
   - currently not treating with steroids/nebs, but can consider adding
   these if respiratory status declines
   .
   
8. When: 3 days 18 hours ago, Note Category: Radiology, Note Description: CHEST (PORTABLE AP) | Text: The remaining
 lungs are well expanded and clear.  
9. When: 2 days 18 hours ago, Note Category: Nursing, Note Description: Nursing Progress Note | Text: Requiring a lot of O2 to maintain Sat 88-90%.
   
10. When: 2 days 18 hours ago, Note Category: Nursing, Note Description: Nursing Progress Note | Text: Here with increased respiratory distress from
   nursing home.
"
77617ffa-4bc8-ccfd-3af6-4eb31453c231,So Admissao,"The patient's code status was changed to ""Do Not Intubate"" (DNI) after a discussion with his family. ",Supported,"The reference shows multiple notes documenting discussions with family and healthcare providers about code status, including agreement that the patient would be DNI going forward and code status listed as DNI.","Hospital Admission Start: 4 days 21 hours ago
Hospital Admission End: Now
Electronic Health Record Context
Ordered by Time (Earliest to Latest):
1. When: 5 days 18 hours ago, Note Category: Physician, Note Description: Cardiology fellow CCU admit note | Text: DNR/DNI
   confirmed from nursing home paperwork.
   
2. When: 4 days 18 hours ago, Note Category: Physician, Note Description: Physician Resident Admission Note | Text: The patient was placed on BiPAP to help
   with his breathing, as he was reportedly DNR/DNI at his nursing home.
   
3. When: 4 days 18 hours ago, Note Category: Physician, Note Description: Physician Resident Admission Note | Text: However, on further discussion with the patient's HCP, it was stated
   that the patient would want to be full code.
   
4. When: 3 days 18 hours ago, Note Category: General, Note Description: ICU Event Note | Text: Patient
   voiced his desire not to have a breathing tube put back in.  
5. When: 3 days 18 hours ago, Note Category: General, Note Description: ICU Event Note | Text: Clinician:  Resident
   Met with family and discussed possible need for reintubation.  
6. When: 3 days 18 hours ago, Note Category: General, Note Description: ICU Event Note | Text: Nurse present and all in agreement that patient would be DNI
   going forward.
7. When: 2 days 18 hours ago, Note Category: Nursing, Note Description: Nursing Progress Note | Text: DNR/DNI status reversed per pt
s son. 
8. When: 2 days 18 hours ago, Note Category: Physician, Note Description: Physician Resident Progress Note | Text: anticoagulation: Coumadin (supratherapeutic at this
   time))
   Stress ulcer: PPI
   VAP:
   Comments:
   Communication:  Comments:
   Code status: DNI (do not intubate)
   Disposition: c/o vs. 
9. When: 2 days 18 hours ago, Note Category: Nursing, Note Description: Nursing Transfer Note | Text: Demographics
   Attending MD:
   [**Doctor Last Name 5439**] [**Doctor Last Name **] J.
   Admit diagnosis:
   SHORTNESS OF BREATH
   Code status:
   DNI (do not intubate)
   Height:
   Admission weight:
   96.
"
03c42051-6f07-5fe4-1dfa-69d51462c0ee,So Admissao,"The patient, a 90+ year-old man with a history of CAD, CHF, OSA, and AF, was admitted to the ICU with increased respiratory distress. ",Supported,"The reference confirms the patient is a 90+ year-old man with history of CAD, CHF, OSA, and AF, admitted with increased respiratory distress.","Hospital Admission Start: 4 days 21 hours ago
Hospital Admission End: Now
Electronic Health Record Context
Ordered by Time (Earliest to Latest):
1. When: 4 days 18 hours ago, Note Category: Physician, Note Description: Physician Resident Admission Note | Text: 8 mmol/L
   Assessment and Plan
   [**Age over 90 323**] y/o M with history of CHF, ?COPD who was sent to the ED from [**Hospital 12**]
   Rehab for respiratory distress.
2. When: 4 days 18 hours ago, Note Category: Nursing, Note Description: Nursing Progress Note | Text: Pt is a [**Age over 90 323**] y/o M w/ h/o CAD ,  CHF (last EF>55% w/o diastolic
   dysfunction on doppler in [**2168**]), OSA, 2nd degree AVB s/p dual chamber
   [**Company 2375**] PPM in [**2167**], recurrent pna and bronchitis, htn, h/o DVT and
   AF on coumadin here with increased respiratory distress from nursing
   home.
3. When: 3 days 18 hours ago, Note Category: Radiology, Note Description: CHEST (PORTABLE AP) | Text: REASON FOR THIS EXAMINATION:
  interval change
 ______________________________________________________________________________
                                 FINAL REPORT
 INDICATION:  [**Age over 90 **]-year-old man with CHF, intubated, question interval change.

 
4. When: 2 days 18 hours ago, Note Category: Nursing, Note Description: Nursing Progress Note | Text: old man w/ h/o CAD ,  CHF (last EF>55% w/o diastolic
   dysfunction on doppler in [**2168**]), OSA, 2nd degree AVB s/p dual chamber
   [**Company 2375**] PPM in [**2167**], recurrent pneumonia and bronchitis, htn, h/o DVT
   and AF on Coumadin. 
5. When: 2 days 18 hours ago, Note Category: Physician, Note Description: Physician Resident Progress Note | Text: 3 mg/dL
   Assessment and Plan
   [**Age over 90 323**] y/o M with history of CHF, ?COPD who was sent to the ED from [**Hospital 12**]
   Rehab for respiratory distress.
6. When: 2 days 18 hours ago, Note Category: Nursing, Note Description: Nursing Transfer Note | Text: old man w/ h/o CAD ,  CHF (last EF>55% w/o diastolic
   dysfunction on doppler in [**2168**]), OSA, 2nd degree AVB s/p dual chamber
   [**Company 2375**] PPM in [**2167**], recurrent pneumonia and bronchitis, htn, h/o DVT
   and AF on Coumadin.
"
02806104-d643-9e2c-49dc-6afe7e155979,So Admissao,"Initial evaluation revealed moderate cardiomegaly, low lung volumes, a small left pleural effusion, and increased interstitial lung markings consistent with mild pulmonary edema. ",Supported,"The reference notes moderate cardiomegaly, a small left pleural effusion, and increased interstitial lung markings consistent with mild pulmonary edema, which fully supports the text. Low lung volumes are not explicitly mentioned but do not contradict the findings.","Hospital Admission Start: 4 days 21 hours ago
Hospital Admission End: Now
Electronic Health Record Context
Ordered by Time (Earliest to Latest):
1. When: 5 days 18 hours ago, Note Category: Radiology, Note Description: CHEST (PORTABLE AP) | Text: Increased interstitial lung markings
 and perihilar opacities consistent with mild pulmonary edema is noted.  
2. When: 5 days 18 hours ago, Note Category: Radiology, Note Description: CHEST (PORTABLE AP) | Text: There is moderate
 cardiomegaly.
3. When: 5 days 18 hours ago, Note Category: Radiology, Note Description: CHEST (PORTABLE AP) | Text: IMPRESSION:  Pulmonary edema with left pleural effusion.



4. When: 5 days 18 hours ago, Note Category: Radiology, Note Description: CHEST (PORTABLE AP) | Text: There is a small left pleural
 effusion with associated atelectasis.  
5. When: 4 days 18 hours ago, Note Category: Echo, Note Description: Report | Text: Compared with the prior study (images reviewed) of [**2168-5-25**], moderate pulm
hypertension is now detected.



6. When: 4 days 18 hours ago, Note Category: Echo, Note Description: Report | Text: There is
moderate pulmonary artery systolic hypertension. 
7. When: 3 days 18 hours ago, Note Category: Radiology, Note Description: CHEST (PORTABLE AP) | Text: There is improved
 mild pulmonary edema.  
8. When: 3 days 18 hours ago, Note Category: Radiology, Note Description: CHEST (PORTABLE AP) | Text: IMPRESSION:

 Improvement in mild pulmonary edema with unchanged left lower lobe
 atelectasis.



9. When: 1 days 18 hours ago, Note Category: Radiology, Note Description: CHEST (PORTABLE AP) | Text: REASON FOR THIS EXAMINATION:
  Evaluate for worsening pulmonary edema.
10. When: 1 days 18 hours ago, Note Category: Radiology, Note Description: CHEST (PORTABLE AP) | Text: There is mild
 atelectasis at the lung bases.  
"
b505de32-fd7e-b7b7-e524-0f7da5c4130b,So Admissao,"He was treated with lasix, IV antibiotics, and BiPAP, but his condition worsened, and he was intubated due to high PCo2 levels. ",Supported,"The reference states the patient was treated with lasix, IV antibiotics (vanc/cefepime), and BiPAP, but his respiratory status did not improve, resulting in intubation due to high PCo2 levels.","Hospital Admission Start: 4 days 21 hours ago
Hospital Admission End: Now
Electronic Health Record Context
Ordered by Time (Earliest to Latest):
1. When: 4 days 18 hours ago, Note Category: Nursing, Note Description: Nursing Progress Note | Text: Repeat ABG: PCo2 still 93
   Intubated at 0445, Sxn
d for thick secretions. 
2. When: 4 days 18 hours ago, Note Category: Physician, Note Description: Physician Resident Admission Note | Text: Here, he has been treated with lasix, morphine, and nitro gtt.
   
3. When: 4 days 18 hours ago, Note Category: Physician, Note Description: Physician Resident Admission Note | Text: The patient was placed on BiPAP to help
   with his breathing, as he was reportedly DNR/DNI at his nursing home.
   
4. When: 4 days 18 hours ago, Note Category: Physician, Note Description: Physician Resident Admission Note | Text: He was given
   40 mg IV lasix and put out 30-40 cc of urine.  
5. When: 4 days 18 hours ago, Note Category: Physician, Note Description: Physician Resident Admission Note | Text: He was given
   vanc/cefepime for possible PNA on CXR.  
6. When: 4 days 18 hours ago, Note Category: Physician, Note Description: Physician Resident Progress Note | Text: Chief Complaint:
   24 Hour Events:
   - pt's respiratory status did not improve with adjustment of his BiPAP,
   ultimately resulting in intubation/mechanical ventilation
   Allergies:
   Penicillins
   itching;
   Levofloxacin
   Rash;
   Phenazopyridine
   Unknown;
   Last dose of Antibiotics:
   Infusions:
   Dopamine - 6 mcg/Kg/min
   Other ICU medications:
   Furosemide (Lasix) - [**2171-3-7**]
7. When: 2 days 18 hours ago, Note Category: Nursing, Note Description: Nursing Progress Note | Text: Repeat ABG: PCo2 still 93
   3/4Intubated at 0445, Sxn
d for thick secretions. 
"
0aeffdfc-7aa0-e9ef-17dd-4d16806886d1,So Admissao,"The patient was then placed on mechanical ventilation, sedation, and peripheral dopamine for BP support. ",Not Supported,"The reference shows peripheral dopamine was started for BP support and sedation was decreased after intubation, but mechanical ventilation is not explicitly mentioned; the patient was initially on BiPAP and later intubated, but the text does not confirm mechanical ventilation was started.","Hospital Admission Start: 4 days 21 hours ago
Hospital Admission End: Now
Electronic Health Record Context
Ordered by Time (Earliest to Latest):
1. When: 4 days 18 hours ago, Note Category: Nursing, Note Description: Nursing Progress Note | Text: Peripheral Dopamine started for BP
   support, 400cc ivf given in total.
          
2. When: 4 days 18 hours ago, Note Category: Physician, Note Description: Physician Resident Admission Note | Text: The patient was placed on BiPAP to help
   with his breathing, as he was reportedly DNR/DNI at his nursing home.
   
3. When: 4 days 18 hours ago, Note Category: Physician, Note Description: Physician Resident Admission Note | Text: will follow ABG's
   - consider intubation is respiratory status continues to decline
   - vanc/cefepime for empiric therapy for PNA
   - consider adding double coverage to pseudomonas, as pt lives in [**Location 621**] and
   has h/o bronchiectasis (note: allergy to levofloxacin)
   - holding off of tx for COPD at this time (steroids, nebs), as story
   does not fit with COPD
   - continue to cycle cardiac enzymes
   - repeat echo in AM
   .
4. When: 4 days 18 hours ago, Note Category: Physician, Note Description: Physician Resident Progress Note | Text: For this, the patient has received Lasix boluses.
   
5. When: 3 days 18 hours ago, Note Category: Nursing, Note Description: Nursing Progress Note | Text: Respiratory failure, acute (not ARDS/[**Doctor Last Name **])
   Assessment:
   intubated for volume overload with pna, temp 98.6, min secretions with
   suctioning, LS clear, hr 69 afib, bp 113/56
   Action:
   dopamine off, sedation decreased .5 midaz , 25 fentanyl, 80mg lasix,
   antibiotics. 
6. When: 3 days 18 hours ago, Note Category: Nursing, Note Description: Nursing Progress Note | Text: Response:
   bp tolerating decrease in dopa and decrease in sedation, pt will follow
   commands when turning he will help hold onto railing, he will attempt
   to squeeze hand when asked, he didn
t move legs on bed when asked but
   he does on his own when he is being repositioned. 
7. When: 3 days 18 hours ago, Note Category: Nursing, Note Description: Nursing Progress Note | Text: Peripheral Dopamine started for BP
   support, 400cc ivf given in total.
   
8. When: 2 days 18 hours ago, Note Category: Nursing, Note Description: Nursing Progress Note | Text: Peripheral Dopamine started for BP
   support, 400cc ivf given in total.  
"
efc45fc9-4a7e-c9ac-ad08-6611448f19fd,So Admissao,"He was treated for a urinary tract infection with nitrofurantoin and was being monitored for fluid balance, cardiac function, and renal function. ",Not Supported,"The reference mentions treatment with nitrofurantoin but does not indicate treatment for a urinary tract infection or monitoring of fluid balance, cardiac function, and renal function.","Hospital Admission Start: 4 days 21 hours ago
Hospital Admission End: Now
Electronic Health Record Context
Ordered by Time (Earliest to Latest):
1. When: 4 days 18 hours ago, Note Category: Physician, Note Description: Physician Resident Admission Note | Text: Here, he has been treated with lasix, morphine, and nitro gtt.
   
2. When: 4 days 18 hours ago, Note Category: Physician, Note Description: Physician Resident Admission Note | Text: Also, of note, he was tried on
   a nitro gtt, which initially caused some hypotension.
   
3. When: 4 days 18 hours ago, Note Category: Physician, Note Description: Physician Resident Progress Note | Text: He is
   on coumadin for anticoagulation.
   
4. When: 2 days 18 hours ago, Note Category: Physician, Note Description: Physician Resident Progress Note | Text: He is
   on coumadin for anticoagulation.
5. When: 2 days 18 hours ago, Note Category: Physician, Note Description: Physician Resident Progress Note | Text: - starting nitrofurantoin, will d/c on this regimen
   .
   
"
821a8468-cfa8-b9d3-6892-d147ed1d246e,So Admissao,"The patient's disposition was pending, with consideration for discharge or continued care.",Not Addressed,The reference context does not mention the patient's disposition status or any consideration for discharge or continued care.,"Hospital Admission Start: 4 days 21 hours ago
Hospital Admission End: Now
Electronic Health Record Context
Ordered by Time (Earliest to Latest):
1. When: 4 days 18 hours ago, Note Category: Physician, Note Description: Physician Resident Admission Note | Text: The patient was placed on BiPAP to help
   with his breathing, as he was reportedly DNR/DNI at his nursing home.
   
2. When: 4 days 18 hours ago, Note Category: Physician, Note Description: Physician Resident Progress Note | Text: For this, the patient has received Lasix boluses.
   
3. When: 4 days 18 hours ago, Note Category: Physician, Note Description: Physician Resident Progress Note | Text: - attempt to obtain outside records
   - monitor BP, currently borderline hypotensive
   .
   
4. When: 4 days 18 hours ago, Note Category: Radiology, Note Description: NASO-INTESTINAL TUBE PLACEMENT (W/FLUORO) | Text: The patient tolerated the procedure well.
5. When: 3 days 18 hours ago, Note Category: Physician, Note Description: Physician Resident Progress Note | Text: - holding coumadin as above
   - FFP on standby in case pt needs a CVL
   .
   
6. When: 3 days 18 hours ago, Note Category: General, Note Description: ICU Event Note | Text: Clinician:  Resident
   Met with family and discussed possible need for reintubation.  
7. When: 3 days 18 hours ago, Note Category: General, Note Description: ICU Event Note | Text: Nurse present and all in agreement that patient would be DNI
   going forward.
8. When: 3 days 18 hours ago, Note Category: Radiology, Note Description: CHEST (PORTABLE AP) | Text: Patient is rotated.  
9. When: 2 days 18 hours ago, Note Category: Physician, Note Description: Physician Resident Progress Note | Text: Above discussed extensively
   with family member, next of [**Doctor First Name **] or health care proxy.
   
"
3d70847e-d1c1-0159-2610-3982a6824064,So Admissao,He was able to tolerate sips of clear liquids and eventually advanced to a more solid diet. ,Supported,"The reference notes indicate the patient was tolerating sips of clear liquids and was later encouraged to advance to solids, supporting the text statement.","Hospital Admission Start: 14 days 17 hours ago
Hospital Admission End: Now
Electronic Health Record Context
Ordered by Time (Earliest to Latest):
1. When: 14 days 13 hours ago, Note Category: Physician, Note Description: Intensivist Note | Text: He was admitted, hydrated, and started on PO vanco. 
2. When: 14 days 13 hours ago, Note Category: Nursing, Note Description: Nursing Progress Note | Text: He
   was admitted, hydrated, and started on PO vanco. 
3. When: 14 days 13 hours ago, Note Category: Nursing, Note Description: Nursing Progress Note | Text: He
   was admitted, hydrated, and started on PO vancomycin. 
4. When: 10 days 13 hours ago, Note Category: Physician, Note Description: Intensivist Note | Text: ?Clears
   Nutrition: Clear liquids, Tolerating sips.  
5. When: 10 days 13 hours ago, Note Category: Physician, Note Description: Intensivist Note | Text: Nutrition: Clear liquids, Tolerating sips.  
6. When: 10 days 13 hours ago, Note Category: Physician, Note Description: Intensivist Note | Text: Tolerating sips.  
7. When: 9 days 13 hours ago, Note Category: Nursing, Note Description: Nursing Transfer Note | Text: Tolerating clear/full liquids well- advance diet as
   tolerated.
                    
8. When: 9 days 13 hours ago, Note Category: Nursing, Note Description: Nursing Transfer Note | Text: Tolerating POs well, denies nausea,
   encouraged to eat solids. 
9. When: 6 days 13 hours ago, Note Category: Radiology, Note Description: PICC W/O PORT | Text: The patient tolerated the procedure well. 
"
470c70f2-37d9-011a-07e1-75b28fb4223a,So Admissao,"The patient's atrial fibrillation was managed with amiodarone and lopressor, and his heart rate and blood pressure were stabilized. ",Supported,"The reference notes that the patient was treated with amiodarone and lopressor for atrial fibrillation, with amiodarone helping control heart rate and converting to sinus rhythm, and lopressor started and uptitrated as tolerated, indicating stabilization of heart rate and blood pressure.","Hospital Admission Start: 14 days 17 hours ago
Hospital Admission End: Now
Electronic Health Record Context
Ordered by Time (Earliest to Latest):
1. When: 13 days 13 hours ago, Note Category: Nursing, Note Description: Nursing Progress Note | Text: Action:
   Bladder pressure obtained as abd felt firmer this evening than early
   am, fentanyl administered ivp prn for pain control, propofol gtt
   infusing at 20mcg/kg/min for light sedation.
2. When: 11 days 13 hours ago, Note Category: Physician, Note Description: Cardiology Comprehensive Physician Note | Text: Atrial tachycardia: start lopressor 25 QID PO and uptitrate if
   patient
s BP tolerates the beta blocker, continue amiodarone 400 [**Hospital1 **]
   for now, no anticoagulation needed for now since atrial tachycardia not
   Afib, if patient develops Afib consider coumadin since CHADS score 2,
   would check another Echo to assess for structural abnormalities.
3. When: 11 days 13 hours ago, Note Category: Physician, Note Description: Cardiology Comprehensive Physician Note | Text: Amiodarone iv was started
   which helped control the heart rate and eventually converted him to
   sinus.  
4. When: 11 days 13 hours ago, Note Category: Nursing, Note Description: Nursing Progress Note | Text: Action:
   PO amiodarone and lopressor given at 1700 after Dr [**First Name (STitle) **] spoke with
   cardiology.  
5. When: 10 days 13 hours ago, Note Category: Nursing, Note Description: Nursing Progress Note | Text: Plan:
   Con
t to monitor HR closely, pt now getting PO amiodarone and PO
   lopressor as ordered.
6. When: 10 days 13 hours ago, Note Category: Nursing, Note Description: Nursing Progress Note | Text: Atrial fibrillation (Afib)
   Assessment:
   Pt in SR w/ rate in the 80-90
s at the beginning of the shift..  Had
   received first PO dose of amiodarone 400mg at 5pm, IV gtt of amio at
   0.5mg/min turned off at 9:30pm  Pt hypotensive at that time with BP as
   low as 75/45.
7. When: 9 days 13 hours ago, Note Category: Physician, Note Description: Intensivist Note | Text: Neurologic: Pain controlled, Continue Diluadid PCA
   Cardiovascular: Aspirin, Beta-blocker, Statins, Patient currently in
   sinus Rhythm. 
8. When: 9 days 13 hours ago, Note Category: Nursing, Note Description: Nursing Transfer Note | Text: Action:
   Receiving 400mg amiodarone [**Hospital1 **] & 50mg lopressor [**Hospital1 **] for afib.
   
9. When: 9 days 13 hours ago, Note Category: Echo, Note Description: Report | Text: PATIENT/TEST INFORMATION:
Indication: Atrial fibrillation. 
10. When: 6 days 13 hours ago, Note Category: Radiology, Note Description: PICC W/O PORT | Text: The patient tolerated the procedure well. 
"
8ebcf909-ec3c-8eaa-ed34-489a7af2c68a,So Admissao,He received physical therapy and antibiotic coverage for his surgical site. ,Supported,"The reference notes antibiotic treatment with meropenem/flagyl IV and PO vancomycin, and mentions abdominal wound dressing changes, indicating physical therapy and antibiotic coverage for the surgical site.","Hospital Admission Start: 14 days 17 hours ago
Hospital Admission End: Now
Electronic Health Record Context
Ordered by Time (Earliest to Latest):
1. When: 14 days 13 hours ago, Note Category: Physician, Note Description: Intensivist Note | Text: He was transfered to
   the ICU, intubated, had a central line placed, started on
   vasopressors, and was given 3L IVF and meropenem/flagyl IV.
   
2. When: 14 days 13 hours ago, Note Category: Physician, Note Description: Intensivist Note | Text: He was admitted, hydrated, and started on PO vanco. 
3. When: 14 days 13 hours ago, Note Category: Nursing, Note Description: Nursing Progress Note | Text: He
   was admitted, hydrated, and started on PO vanco. 
4. When: 14 days 13 hours ago, Note Category: Nursing, Note Description: Nursing Progress Note | Text: He
   was admitted, hydrated, and started on PO vancomycin. 
5. When: 9 days 13 hours ago, Note Category: Nursing, Note Description: Nursing Progress Note | Text: Action:
   Abdominal wound dressing changed. 
6. When: 6 days 13 hours ago, Note Category: Radiology, Note Description: PICC W/O PORT | Text: The procedure was explained to the patient. 
7. When: 6 days 13 hours ago, Note Category: Radiology, Note Description: PICC W/O PORT | Text: The patient tolerated the procedure well. 
8. When: 6 days 13 hours ago, Note Category: Radiology, Note Description: PICC W/O PORT | Text: The catheter was secured
 to the skin, flushed, and a sterile dressing applied.

 
"
80d33852-8e45-43b1-408c-e9a049b6c682,So Admissao,"The patient was eventually transferred to a rehabilitation program, where he continued to receive treatment for his various complications, including impaired skin integrity due to a leaking ostomy bag and thrush.

",Not Addressed,"The reference notes describe the patient's admission, impaired skin integrity, thrush treatment, and ostomy bag management during hospitalization but do not mention transfer to a rehabilitation program or continuation of treatment there.","Hospital Admission Start: 14 days 17 hours ago
Hospital Admission End: Now
Electronic Health Record Context
Ordered by Time (Earliest to Latest):
1. When: 15 days 13 hours ago, Note Category: Radiology, Note Description: CHEST PORT. LINE PLACEMENT | Text: FINDINGS:  As compared to the previous examination, an endotracheal tube has
 been placed.  
2. When: 14 days 13 hours ago, Note Category: Physician, Note Description: Intensivist Note | Text: He was admitted, hydrated, and started on PO vanco. 
3. When: 14 days 13 hours ago, Note Category: Nursing, Note Description: Nursing Progress Note | Text: Arrangements were then made for transfer here by his family
s request
   PMHx:
   HTN
   Perforated Diverticulitis [**6-/2125**] c/b sepsis, respiratory failure, ARF,
   A Fib, multiple abscess formation after colectomy and hartmann
s pouch
   at OSH. 
4. When: 14 days 13 hours ago, Note Category: Nursing, Note Description: Nursing Progress Note | Text: will
   mature stoma at bedside in next 1-2 days per surgical team
   Impaired Skin Integrity
   Assessment:
   Coccyx/buttocks reddened and blanchable on admission
   Action:
   Pt turned side to side q2hours in swimmers position and barrier cream
   applied
   Response:
   Area remains red and blanchable
   Plan:
   Continue frequent repositioning and swimmers position
5. When: 14 days 13 hours ago, Note Category: Nursing, Note Description: Nursing Progress Note | Text: He
   was admitted, hydrated, and started on PO vancomycin. 
6. When: 10 days 13 hours ago, Note Category: Nursing, Note Description: Nursing Progress Note | Text: Impaired Skin Integrity
   Assessment:
   Complains of tongue
burning
 and lips
chapped
, hx of thrush with
   last intubation. 
7. When: 10 days 13 hours ago, Note Category: Nursing, Note Description: Nursing Progress Note | Text: Action:
   Started on nystatin swish and swallow, Vaseline to lips, ostomy bag
   changed and secured.
   
8. When: 9 days 13 hours ago, Note Category: Nursing, Note Description: Nursing Progress Note | Text: Ostomy bag intact.
   
9. When: 6 days 13 hours ago, Note Category: Radiology, Note Description: PICC W/O PORT | Text: The procedure was explained to the patient. 
10. When: 6 days 13 hours ago, Note Category: Radiology, Note Description: PICC W/O PORT | Text: The patient tolerated the procedure well. 
"
0fdc44f3-34e8-dbf8-82f2-ea42e40665f0,So Admissao,"During his hospital stay, the patient underwent several imaging studies, including chest X-rays, abdominal X-rays, and an echocardiogram. ",Supported,"The reference mentions chest X-rays (CXR), abdominal radiographs, and a bedside echocardiogram performed during the hospital stay, supporting the text's statement about several imaging studies including chest X-rays, abdominal X-rays, and an echocardiogram.","Hospital Admission Start: 14 days 17 hours ago
Hospital Admission End: Now
Electronic Health Record Context
Ordered by Time (Earliest to Latest):
1. When: 15 days 13 hours ago, Note Category: Radiology, Note Description: CHEST PORT. LINE PLACEMENT | Text: FINDINGS:  As compared to the previous examination, an endotracheal tube has
 been placed.  
2. When: 14 days 13 hours ago, Note Category: Physician, Note Description: Intensivist Note | Text: Lines / Tubes / Drains: L TLC, A line, PIV ETT, Foley
   Wounds: None
   Imaging: CT Abdomen,
3. When: 14 days 13 hours ago, Note Category: Physician, Note Description: Intensivist Note | Text: Lines / Tubes / Drains: L TLC, A line, PIV ETT, Foley
   Wounds: None
   Imaging: CT Abdomen, CXR
   Fluids:  NS @ 100
   Consults: Trauma
   Billing Diagnosis: Respiratory failure, acute renal failure,
4. When: 14 days 13 hours ago, Note Category: Nursing, Note Description: Nursing Progress Note | Text: Arrangements were then made for transfer here by his family
s request
   *********PT TO OR TODAY FOR EX LAP WITH COLECTOMY AND ILEOSTOMY****
   Sepsis, Severe (with organ dysfunction)
   Assessment:
   Pt hypotensive and tachycardiac with c diff colitis s/p colectomy with
   ileostomy, elevated renal function and vent dependent, extreme acidosis
   with normal lactate
   Action:
   [**Last Name (un) 5335**] monitoring initiated,
5. When: 13 days 13 hours ago, Note Category: Nursing, Note Description: Nursing Progress Note | Text: Bedside ECHO performed. 
6. When: 8 days 13 hours ago, Note Category: Radiology, Note Description: ABDOMEN (SUPINE & ERECT) | Text: FINDINGS:  Abdominal radiograph, supine and upright views.  
7. When: 6 days 13 hours ago, Note Category: Radiology, Note Description: PICC W/O PORT | Text: The procedure was explained to the patient. 
8. When: 6 days 13 hours ago, Note Category: Radiology, Note Description: PICC W/O PORT | Text: The patient tolerated the procedure well. 
9. When: 6 days 13 hours ago, Note Category: Radiology, Note Description: PICC W/O PORT | Text: Position of the catheter was confirmed by a
 fluoroscopic spot film of the chest.
10. When: 6 days 13 hours ago, Note Category: Radiology, Note Description: PICC W/O PORT | Text: Hard copies of ultrasound images were obtained before and immediately after
 establishing intravenous access.
"
56ceb3e1-ae47-feff-809c-cfc4675e63d8,So Admissao,"The patient was treated with antibiotics, vasopressors, and mechanical ventilation, and his condition was closely monitored in the ICU. ",Supported,"The reference states the patient was transferred to the ICU, intubated (mechanical ventilation), started on vasopressors, and treated with antibiotics (meropenem/flagyl and PO vancomycin), which supports the text.","Hospital Admission Start: 14 days 17 hours ago
Hospital Admission End: Now
Electronic Health Record Context
Ordered by Time (Earliest to Latest):
1. When: 14 days 13 hours ago, Note Category: Physician, Note Description: Intensivist Note | Text: He was transfered to
   the ICU, intubated, had a central line placed, started on
   vasopressors, and was given 3L IVF and meropenem/flagyl IV.
   
2. When: 14 days 13 hours ago, Note Category: Physician, Note Description: Intensivist Note | Text: He was admitted, hydrated, and started on PO vanco. 
3. When: 14 days 13 hours ago, Note Category: Nursing, Note Description: Nursing Progress Note | Text: He was
   transferred to the ICU, intubated, had a central line placed, started
   on
   vasopressors, and was given 3L IVF and meropenem/flagyl IV.
4. When: 14 days 13 hours ago, Note Category: Nursing, Note Description: Nursing Progress Note | Text: He
   was admitted, hydrated, and started on PO vancomycin. 
5. When: 9 days 13 hours ago, Note Category: Physician, Note Description: Intensivist Note | Text: Neurologic: Pain controlled, Continue Diluadid PCA
   Cardiovascular: Aspirin, Beta-blocker, Statins, Patient currently in
   sinus Rhythm. 
6. When: 6 days 13 hours ago, Note Category: Radiology, Note Description: PICC W/O PORT | Text: The procedure was explained to the patient. 
7. When: 6 days 13 hours ago, Note Category: Radiology, Note Description: PICC W/O PORT | Text: The patient tolerated the procedure well. 
"
6440902e-c077-ee3c-c9e7-7d990607e4d6,So Admissao,"He experienced several complications, including atrial fibrillation and supraventricular tachycardia, but was successfully converted to a normal sinus rhythm with treatment. ",Supported,"The reference documents the patient experiencing supraventricular tachycardia and atrial premature beats, with treatment including amiodarone IV that helped convert him to sinus rhythm, supporting the text's statement about complications including atrial fibrillation and supraventricular tachycardia and successful conversion to normal sinus rhythm.","Hospital Admission Start: 14 days 17 hours ago
Hospital Admission End: Now
Electronic Health Record Context
Ordered by Time (Earliest to Latest):
1. When: 15 days 13 hours ago, Note Category: ECG, Note Description: Report | Text: Sinus rhythm with borderline sinus tachycardia and atrial premature beats.

2. When: 14 days 13 hours ago, Note Category: Physician, Note Description: Intensivist Note | Text: Over a short periord this afternoon he quickly decompensated
   becoming hypotensive with respiratory distress.  
3. When: 13 days 13 hours ago, Note Category: Nursing, Note Description: Nursing Progress Note | Text: Supraventricular tachycardia (SVT)
   Assessment:
   Sinus rhythm rate 100-120 with occasional apcs, bp on vasopressin and
   levophed maintained with map 60.
4. When: 11 days 13 hours ago, Note Category: Physician, Note Description: Cardiology Comprehensive Physician Note | Text: Amiodarone iv was started
   which helped control the heart rate and eventually converted him to
   sinus.  
5. When: 11 days 13 hours ago, Note Category: Physician, Note Description: Cardiology Comprehensive Physician Note | Text: We were consulted to help with the management of this supraventricular
   tachycardia.
6. When: 11 days 13 hours ago, Note Category: Physician, Note Description: Cardiology Comprehensive Physician Note | Text: Since
   then he developed acute renal failure and narrow complex tachycardia.
   
7. When: 11 days 13 hours ago, Note Category: Physician, Note Description: Cardiology Comprehensive Physician Note | Text: Sinus tachycardia: continue pain medication and rehydration with
   crystalline solutions
   For his wheezing likely due to history of recent intubation please
   avoid beta2 agonist and use ipatropium inhalers
   Cardiovascular risk profile: consider starting ASA 81 mg and check
   lipids to assess need for statin therapy
8. When: 9 days 13 hours ago, Note Category: Physician, Note Description: Intensivist Note | Text: Neurologic: Pain controlled, Continue Diluadid PCA
   Cardiovascular: Aspirin, Beta-blocker, Statins, Patient currently in
   sinus Rhythm. 
9. When: 9 days 13 hours ago, Note Category: Physician, Note Description: Intensivist Note | Text: Cardiovascular: Aspirin, Beta-blocker
 increase to 50 mg tid, Statins,
   Post op AF
 Patient currently in sinus Rhythm. 
10. When: 6 days 13 hours ago, Note Category: Radiology, Note Description: PICC W/O PORT | Text: The patient tolerated the procedure well. 
"
6d2953ec-9991-971b-a839-a7f35055e62a,So Admissao,"These studies revealed findings consistent with small-bowel obstruction, left pleural effusion, and mildly thickened aortic and mitral valve leaflets. ",Supported,"The reference includes findings of small-bowel obstruction from abdominal imaging, left pleural effusion from chest imaging, and mildly thickened aortic and mitral valve leaflets from echocardiogram and cardiology notes, fully supporting the text.","Hospital Admission Start: 14 days 17 hours ago
Hospital Admission End: Now
Electronic Health Record Context
Ordered by Time (Earliest to Latest):
1. When: 14 days 13 hours ago, Note Category: Radiology, Note Description: CHEST (PORTABLE AP) | Text: There are low lung volumes and elevation
 of the left hemidiaphragm.  
2. When: 13 days 13 hours ago, Note Category: Radiology, Note Description: CHEST (PORTABLE AP) | Text: There has been
 interval increase in mild to moderate right and moderate left pleural effusion
 and adjacent atelectasis. 
3. When: 11 days 13 hours ago, Note Category: Radiology, Note Description: CHEST (PORTABLE AP) | Text: The extent of the left-sided pleural
 effusion, combined with the pre-existing left basal and retrocardiac opacity
 have slightly increased.  
4. When: 11 days 13 hours ago, Note Category: Physician, Note Description: Cardiology Comprehensive Physician Note | Text: The mitral valve leaflets are
   mildly thickened. 
5. When: 9 days 13 hours ago, Note Category: Echo, Note Description: Report | Text: The mitral valve leaflets are mildly thickened.

6. When: 9 days 13 hours ago, Note Category: Echo, Note Description: Report | Text: MITRAL VALVE: Mildly thickened mitral valve leaflets. 
7. When: 9 days 13 hours ago, Note Category: Echo, Note Description: Report | Text: AORTIC VALVE: Mildly thickened aortic valve leaflets (3). 
8. When: 8 days 13 hours ago, Note Category: Radiology, Note Description: ABDOMEN (SUPINE & ERECT) | Text: Assess for evidence of small-bowel
 obstruction.

 
9. When: 8 days 13 hours ago, Note Category: Radiology, Note Description: ABDOMEN (SUPINE & ERECT) | Text: IMPRESSION:

 Dilated loops of small bowels with ""stepladder"" air-fluid levels, consistent
 with early small-bowel obstruction.
10. When: 8 days 13 hours ago, Note Category: Radiology, Note Description: CHEST (PA & LAT) | Text: Some atelectatic changes and probable pleural fluid are seen at
 the left base.  
"
ee7cb69e-eb5e-5fe0-8feb-93096ada1190,So Admissao,"The patient also had a PICC line placed for TPN administration, which was initially misplaced but later corrected. ",Supported,"The reference documents PICC line placement for TPN, notes an initial failed bedside placement with the line curling into the axilla, and subsequent successful placement with the tip positioned in the SVC, supporting the text's claim of initial misplacement followed by correction.","Hospital Admission Start: 14 days 17 hours ago
Hospital Admission End: Now
Electronic Health Record Context
Ordered by Time (Earliest to Latest):
1. When: 14 days 13 hours ago, Note Category: Nursing, Note Description: Nursing Progress Note | Text: New central line placed, art line placed.
   
2. When: 13 days 13 hours ago, Note Category: Nursing, Note Description: Nursing Progress Note | Text: 1 unit PRBCs
   administered. 
3. When: 7 days 13 hours ago, Note Category: Radiology, Note Description: CHEST PORT. LINE PLACEMENT | Text: PICC placement was discussed by Dr. 
4. When: 7 days 13 hours ago, Note Category: Radiology, Note Description: CHEST PORT. LINE PLACEMENT | Text: LINE PLACEMENT                                      Clip # [**Clip Number (Radiology) 96730**]
 Reason: r dl picc 45cm
 Admitting Diagnosis: ACUTE RENAL FAILURE
 ______________________________________________________________________________
 [**Hospital 4**] MEDICAL CONDITION:
  73 year old man with picc
 REASON FOR THIS EXAMINATION:
  r dl picc 45cm
 ______________________________________________________________________________
                                  PFI REPORT
 Right PICC catheter coursing towards the lung and then curving around to and
 is directed again laterally terminating in the right axilla.
5. When: 6 days 13 hours ago, Note Category: Radiology, Note Description: PICC W/O PORT | Text: The procedure was explained to the patient. 
6. When: 6 days 13 hours ago, Note Category: Radiology, Note Description: PICC W/O PORT | Text: REASON FOR THIS EXAMINATION:
  Please place PICC.
 
7. When: 6 days 13 hours ago, Note Category: Radiology, Note Description: PICC W/O PORT | Text: ______________________________________________________________________________
                                 FINAL REPORT
 PICC LINE PLACEMENT

 INDICATION: IV access needed for TPN.

 
8. When: 6 days 13 hours ago, Note Category: Radiology, Note Description: PICC W/O PORT | Text: The patient tolerated the procedure well. 
9. When: 6 days 13 hours ago, Note Category: Radiology, Note Description: PICC W/O PORT | Text: Failed bedside PICC placement, curls into axilla.
10. When: 6 days 13 hours ago, Note Category: Radiology, Note Description: PICC W/O PORT | Text: A peel-away sheath was then placed over a
 guidewire and a double-lumen PICC line measuring 40 cm in length was then
 placed through the peel-away sheath with its tip positioned in the SVC under
 fluoroscopic guidance. 
"
6f6a9ac3-fb6c-48d7-f5e8-5f06a4741863,So Admissao,"The patient's condition continued to improve, and he was eventually discharged from the hospital.",Not Addressed,The reference context does not mention the patient's condition improving to the point of discharge or that the patient was discharged from the hospital.,"Hospital Admission Start: 14 days 17 hours ago
Hospital Admission End: Now
Electronic Health Record Context
Ordered by Time (Earliest to Latest):
1. When: 14 days 13 hours ago, Note Category: Nursing, Note Description: Nursing Progress Note | Text: He
   was admitted, hydrated, and started on PO vancomycin. 
2. When: 12 days 13 hours ago, Note Category: Physician, Note Description: Intensivist Note | Text: Metabolic acidosis resolved.
   
3. When: 12 days 13 hours ago, Note Category: Respiratory, Note Description: Respiratory Care Shift Note | Text: tolerating well at
   this time.  
4. When: 10 days 13 hours ago, Note Category: Nutrition, Note Description: Clinical Nutrition Note | Text: Renal function is improved.
   
5. When: 8 days 13 hours ago, Note Category: Radiology, Note Description: CHEST (PA & LAT) | Text: The right lung is clear.
6. When: 7 days 13 hours ago, Note Category: Radiology, Note Description: CHEST PORT. LINE PLACEMENT | Text: The
 right lung is clear. 
7. When: 7 days 13 hours ago, Note Category: Radiology, Note Description: CHEST PORT. LINE PLACEMENT | Text: The right lung is clear.
 
8. When: 6 days 13 hours ago, Note Category: Radiology, Note Description: PICC W/O PORT | Text: The patient tolerated the procedure well. 
9. When: 6 days 13 hours ago, Note Category: Radiology, Note Description: PICC W/O PORT | Text: The procedure was explained to the patient. 
10. When: 6 days 13 hours ago, Note Category: Radiology, Note Description: PICC W/O PORT | Text: There were no immediate
 complications.

 
"
f3041856-0d94-18c4-63a6-5d4be3322939,So Admissao,"The patient, a 73-year-old man, was admitted to the hospital with weakness, lower abdominal pain, and evidence of colitis due to C. difficile infection. ",Supported,"The reference confirms the patient is a 73-year-old man admitted with weakness, lower abdominal pain, and evidence of colitis due to C. difficile infection.","Hospital Admission Start: 14 days 17 hours ago
Hospital Admission End: Now
Electronic Health Record Context
Ordered by Time (Earliest to Latest):
1. When: 15 days 13 hours ago, Note Category: Radiology, Note Description: CT ABDOMEN W/O CONTRAST | Text: ______________________________________________________________________________
                                 FINAL REPORT
 INDICATION:  73-year-old man with C. diff colitis presenting with abdominal
 distention.
2. When: 14 days 13 hours ago, Note Category: Physician, Note Description: Intensivist Note | Text: By report CT scan showed
   evidence of colitis.  
3. When: 14 days 13 hours ago, Note Category: Nursing, Note Description: Nursing Progress Note | Text: TSICU
   HPI:
   73 male with  weakness and lower abdominal pain presented to outside
   hospital [**2-18**]. 
4. When: 14 days 13 hours ago, Note Category: Nursing, Note Description: Nursing Progress Note | Text: 73 male with  weakness and lower abdominal pain presented to outside
   hospital [**2-18**]. 
5. When: 14 days 13 hours ago, Note Category: Nursing, Note Description: Nursing Progress Note | Text: CT
   scan showed evidence of colitis and stool was positive for C Diff. 
6. When: 13 days 13 hours ago, Note Category: Nursing, Note Description: Nursing Progress Note | Text: 73 y.o.m with C.diff colitis, sepsis, resp failure, ARF, toxic
   megacolon, s/p ex lap, total abd colectomy, end ileostomy [**2-22**].
   
7. When: 11 days 13 hours ago, Note Category: Physician, Note Description: Cardiology Comprehensive Physician Note | Text: TITLE:
   Date of service: [**2131-2-25**]
   Initial consultation: Inpatient
   Presenting complaint: Arrhythmia
   History of present illness: 73 year old male with h/o HTN, CVA and
   C.diff colitis with toxic megacolon, septic shock was transferred to
   [**Hospital1 54**] from OSH where he presented with weakness and lower abdominal
   pain.  
8. When: 8 days 13 hours ago, Note Category: Radiology, Note Description: ABDOMEN (SUPINE & ERECT) | Text: ______________________________________________________________________________
                                 FINAL REPORT
 HISTORY:  73-year-old man with complicated C. diff colitis, now status post
 total colectomy and end ileostomy.  
"
c8d8da41-6cc9-2153-378b-a3b85e0cae87,So Admissao,"He developed sepsis, acute respiratory failure, and acute renal failure, requiring transfer to the ICU, intubation, and vasopressor support. ",Supported,"The reference documents sepsis, acute respiratory failure, and acute renal failure, along with ICU transfer, intubation, and vasopressor support, fully supporting the text.","Hospital Admission Start: 14 days 17 hours ago
Hospital Admission End: Now
Electronic Health Record Context
Ordered by Time (Earliest to Latest):
1. When: 14 days 13 hours ago, Note Category: Physician, Note Description: Intensivist Note | Text: He was transfered to
   the ICU, intubated, had a central line placed, started on
   vasopressors, and was given 3L IVF and meropenem/flagyl IV.
   
2. When: 14 days 13 hours ago, Note Category: Physician, Note Description: Intensivist Note | Text: Lines / Tubes / Drains: L TLC, A line, PIV ETT, Foley
   Wounds: None
   Imaging: CT Abdomen, CXR
   Fluids:  NS @ 100
   Consults: Trauma
   Billing Diagnosis: Respiratory failure, acute renal failure,
3. When: 14 days 13 hours ago, Note Category: Nursing, Note Description: Nursing Progress Note | Text: He was
   transferred to the ICU, intubated, had a central line placed, started
   on
   vasopressors, and was given 3L IVF and meropenem/flagyl IV.
4. When: 14 days 13 hours ago, Note Category: Radiology, Note Description: CHEST (PORTABLE AP) | Text: Admitting Diagnosis: ACUTE RENAL FAILURE
 ______________________________________________________________________________
 [**Hospital 4**] MEDICAL CONDITION:
  73 year old man with sepsis, acute desat, acidosis.
 
5. When: 14 days 13 hours ago, Note Category: Radiology, Note Description: CHEST (PORTABLE AP) | Text: Admitting Diagnosis: ACUTE RENAL FAILURE
 ______________________________________________________________________________
 [**Hospital 4**] MEDICAL CONDITION:
  73 year old man with sepsis, acute desat, acidosis.
6. When: 11 days 13 hours ago, Note Category: Physician, Note Description: Cardiology Comprehensive Physician Note | Text: Since
   then he developed acute renal failure and narrow complex tachycardia.
   
7. When: 10 days 13 hours ago, Note Category: Physician, Note Description: Intensivist Note | Text: Lines / Tubes / Drains: Foley
   Wounds: Dry dressings
   Imaging: CXR today
   Fluids: KVO
   Consults: General surgery, Cardiology
   Billing Diagnosis: (Respiratory distress: Failure), (Shock: Septic),
   Acute renal failure
   ICU Care
   Nutrition:
   Comments: On sips, ?adv to clears.
   
8. When: 10 days 13 hours ago, Note Category: Physician, Note Description: Intensivist Note | Text: Lines / Tubes / Drains: Foley
   Wounds: Dry dressings
   Imaging: CXR today
   Fluids: KVO
   Consults: General surgery, Cardiology
   Billing Diagnosis: (Respiratory distress: Failure), (Shock: Septic),
   Acute renal failure
   ICU Care
   Nutrition:
   Comments: On sips, ?adv to clears.
"
b0708132-b608-102e-7fce-b1a5cc9c0be9,So Admissao,"The patient underwent an exploratory laparotomy, total abdominal colectomy, and end ileostomy due to toxic megacolon. ",Supported,"The reference repeatedly states the patient is s/p exploratory laparotomy (ex lap), total abdominal colectomy, and end ileostomy due to toxic megacolon, fully supporting the text.","Hospital Admission Start: 14 days 17 hours ago
Hospital Admission End: Now
Electronic Health Record Context
Ordered by Time (Earliest to Latest):
1. When: 13 days 13 hours ago, Note Category: Physician, Note Description: Intensivist Note | Text: SICU
   HPI:
   73M with C.diff colitis, sepsis, resp failure, ARF, toxic megacolon,
   s/p ex lap, total abd colectomy, end ileostomy [**2-22**].
2. When: 13 days 13 hours ago, Note Category: Nursing, Note Description: Nursing Progress Note | Text: 73M with C.diff colitis, sepsis, resp failure, ARF, toxic megacolon,
   s/p ex lap, total abd colectomy, end ileostomy [**2-22**].
   
3. When: 13 days 13 hours ago, Note Category: Nursing, Note Description: Nursing Progress Note | Text: 73 y.o.m with C.diff colitis, sepsis, resp failure, ARF, toxic
   megacolon, s/p ex lap, total abd colectomy, end ileostomy [**2-22**].
   
4. When: 12 days 13 hours ago, Note Category: Physician, Note Description: Intensivist Note | Text: TSICU
   HPI:
   73M with C.diff colitis, sepsis, resp failure, ARF, ?toxic megacolon,
   s/p ex lap, total abd colectomy, end ileostomy [**2-22**].
   
5. When: 11 days 13 hours ago, Note Category: Physician, Note Description: Intensivist Note | Text: TSICU
   HPI:
   73M with C.diff colitis, sepsis, resp failure, ARF, ?toxic megacolon,
   s/p ex lap, total abd colectomy, end ileostomy [**2-22**].
6. When: 11 days 13 hours ago, Note Category: Nursing, Note Description: Nursing Progress Note | Text: 73M with C.diff colitis, sepsis, resp failure, ARF, ?toxic megacolon,
   s/p ex lap, total abd colectomy, end ileostomy [**2-22**].
   
7. When: 10 days 13 hours ago, Note Category: Nursing, Note Description: Nursing Progress Note | Text: 73M with C.diff colitis/toxic metacolon, sepsis, resp failure, ARF, s/p
   ex lap, total abd colectomy, end ileostomy [**2-22**].
   
"
d6166e55-acd2-794d-f6b5-8736fdc3d68c,So Admissao,"He required close monitoring and management of his various organ dysfunctions, including acute respiratory distress syndrome, sepsis, and acute renal failure. ",Supported,"The reference documents sepsis with organ dysfunction, acute renal failure, respiratory distress, and hypotension requiring vasopressin, supporting the text's statement about close monitoring and management of multiple organ dysfunctions including acute respiratory distress syndrome, sepsis, and acute renal failure.","Hospital Admission Start: 14 days 17 hours ago
Hospital Admission End: Now
Electronic Health Record Context
Ordered by Time (Earliest to Latest):
1. When: 14 days 13 hours ago, Note Category: Physician, Note Description: Intensivist Note | Text: Then today he developed significant abdominal distension and
   SOB.  
2. When: 14 days 13 hours ago, Note Category: Nursing, Note Description: Nursing Progress Note | Text: He quickly
   decompensated becoming hypotensive with respiratory distress.  
3. When: 14 days 13 hours ago, Note Category: Radiology, Note Description: CHEST (PORTABLE AP) | Text: Admitting Diagnosis: ACUTE RENAL FAILURE
 ______________________________________________________________________________
 [**Hospital 4**] MEDICAL CONDITION:
  73 year old man with sepsis, acute desat, acidosis.
 
4. When: 14 days 13 hours ago, Note Category: Radiology, Note Description: CHEST (PORTABLE AP) | Text: Admitting Diagnosis: ACUTE RENAL FAILURE
 ______________________________________________________________________________
 [**Hospital 4**] MEDICAL CONDITION:
  73 year old man with sepsis, acute desat, acidosis.
5. When: 14 days 13 hours ago, Note Category: Nursing, Note Description: Nursing Progress Note | Text: Arrangements were then made for transfer here by his family
s request
   *********PT TO OR TODAY FOR EX LAP WITH COLECTOMY AND ILEOSTOMY****
   Sepsis, Severe (with organ dysfunction)
   Assessment:
   Pt hypotensive and tachycardiac with c diff colitis s/p colectomy with
   ileostomy, elevated renal function and vent dependent, extreme acidosis
   with normal lactate
   Action:
   [**Last Name (un) 5335**] monitoring initiated,
6. When: 14 days 13 hours ago, Note Category: Nursing, Note Description: Nursing Progress Note | Text: On
   [**2-21**] he developed significant abdominal distension and SOB.  
7. When: 12 days 13 hours ago, Note Category: Nursing, Note Description: Nursing Progress Note | Text: Sepsis, Severe (with organ dysfunction)
   Assessment:
   Low systemic BP requiring vasopressin. 
8. When: 11 days 13 hours ago, Note Category: Physician, Note Description: Cardiology Comprehensive Physician Note | Text: Since
   then he developed acute renal failure and narrow complex tachycardia.
   
"
40d22801-e082-ec79-4f1c-15a01deea985,So Admissao,"The patient's respiratory status improved, and he was weaned off peep according to esophageal balloon pressures. ",Not Supported,"The reference shows that PEEP was increased and then decreased, and there was a plan to wean PEEP according to esophageal balloon pressures, but it does not confirm that the patient's respiratory status improved or that he was successfully weaned off PEEP.","Hospital Admission Start: 14 days 17 hours ago
Hospital Admission End: Now
Electronic Health Record Context
Ordered by Time (Earliest to Latest):
1. When: 14 days 13 hours ago, Note Category: Radiology, Note Description: CHEST (PORTABLE AP) | Text: IMPRESSION:  No pulmonary edema.  
2. When: 14 days 13 hours ago, Note Category: Radiology, Note Description: CHEST (PORTABLE AP) | Text: No pulmonary vascular congestion is noted.  
3. When: 13 days 13 hours ago, Note Category: Physician, Note Description: Intensivist Note | Text: Esophageal balloon for closer monitoring.
   
4. When: 13 days 13 hours ago, Note Category: Nursing, Note Description: Nursing Progress Note | Text: Action:
   ARDS NET protocol, esophageal balloon placed to optimize vent settings,
   peep increased to 15, no other vent settings changes made today. 
5. When: 13 days 13 hours ago, Note Category: Nursing, Note Description: Nursing Progress Note | Text: wean peep tomorrow
   according to esophageal balloon pressures. 
6. When: 12 days 13 hours ago, Note Category: Physician, Note Description: Intensivist Note | Text: Esophageal balloon placed and PEEP increased to 15.
   decr PEEP to 10.
   
7. When: 11 days 13 hours ago, Note Category: Physician, Note Description: Intensivist Note | Text: Esophageal balloon placed and PEEP increased to
   15.  
8. When: 6 days 13 hours ago, Note Category: Radiology, Note Description: PICC W/O PORT | Text: The patient tolerated the procedure well. 
"
cec4b973-165c-6d31-605d-ec76369b6e01,So Admissao,His renal function also improved with hydration and electrolyte repletion. ,Supported,"The reference notes indicate the patient was hydrated and renal function was monitored and improved, supporting the statement that renal function improved with hydration and electrolyte repletion.","Hospital Admission Start: 14 days 17 hours ago
Hospital Admission End: Now
Electronic Health Record Context
Ordered by Time (Earliest to Latest):
1. When: 14 days 13 hours ago, Note Category: Physician, Note Description: Intensivist Note | Text: He was admitted, hydrated, and started on PO vanco. 
2. When: 14 days 13 hours ago, Note Category: Nursing, Note Description: Nursing Progress Note | Text: Plan:
   Follow renal function, fluid balance.
   
3. When: 14 days 13 hours ago, Note Category: Nursing, Note Description: Nursing Progress Note | Text: He
   was admitted, hydrated, and started on PO vanco. 
4. When: 14 days 13 hours ago, Note Category: Nursing, Note Description: Nursing Progress Note | Text: He
   was admitted, hydrated, and started on PO vancomycin. 
5. When: 13 days 13 hours ago, Note Category: Nursing, Note Description: Nursing Progress Note | Text: Metabolic acidosis
   has improved slightly. 
6. When: 13 days 13 hours ago, Note Category: Nursing, Note Description: Nursing Progress Note | Text: Plan:
   Cont hydration with fluid resuscitation, [**Last Name (un) **] fluid status & renal
   function. 
7. When: 12 days 13 hours ago, Note Category: Physician, Note Description: Intensivist Note | Text: Metabolic acidosis resolved.
   
8. When: 12 days 13 hours ago, Note Category: Nursing, Note Description: Nursing Progress Note | Text: Plan:
   Cont hydration and monitor fluid status & renal function.
   
9. When: 10 days 13 hours ago, Note Category: Nutrition, Note Description: Clinical Nutrition Note | Text: Renal function is improved.
   
"
dabd045e-4883-f56d-c62d-d1f61d998a77,So Admissao,"The patient's ileostomy was surgically revised at the bedside, with improved output and appearance.

",Not Addressed,The reference mentions the ileostomy will be matured (opened) at the bedside but does not state that the ileostomy was surgically revised at the bedside or that there was improved output and appearance.,"Hospital Admission Start: 14 days 17 hours ago
Hospital Admission End: Now
Electronic Health Record Context
Ordered by Time (Earliest to Latest):
1. When: 13 days 13 hours ago, Note Category: Nursing, Note Description: Nursing Progress Note | Text: Bedside ECHO performed. 
2. When: 13 days 13 hours ago, Note Category: Nursing, Note Description: Nursing Progress Note | Text: [**Last Name (STitle) 1924**] will mature (open) ileostomy at bedside. 
3. When: 12 days 13 hours ago, Note Category: Physician, Note Description: Intensivist Note | Text: Ileostomy site to be matured. 
4. When: 12 days 13 hours ago, Note Category: Nursing, Note Description: Nursing Progress Note | Text: [**Last Name (STitle) 1924**] will
   mature (open) ileostomy at bedside today. 
5. When: 10 days 13 hours ago, Note Category: Nutrition, Note Description: Clinical Nutrition Note | Text: Renal function is improved.
   
6. When: 9 days 13 hours ago, Note Category: Nursing, Note Description: Nursing Progress Note | Text: Action:
   Abdominal wound dressing changed. 
7. When: 8 days 13 hours ago, Note Category: Radiology, Note Description: ABDOMEN (SUPINE & ERECT) | Text: An ileostomy is seen in the right lower quadrant.
 
8. When: 8 days 13 hours ago, Note Category: Radiology, Note Description: ABDOMEN (SUPINE & ERECT) | Text: There is a line of surgical staples
 projected in the midline of the abdomen.
9. When: 6 days 13 hours ago, Note Category: Radiology, Note Description: PICC W/O PORT | Text: The procedure was explained to the patient. 
10. When: 6 days 13 hours ago, Note Category: Radiology, Note Description: PICC W/O PORT | Text: The patient tolerated the procedure well. 
"
8fa271c1-d792-8460-5bd0-772e53ef860f,So Admissao,"The patient was extubated and transitioned to nasal cannula oxygen, and his pain was managed with Dilaudid PCA. ",Not Supported,"The reference mentions the patient was intubated and later had Dilaudid PCA for pain management, but there is no mention of the patient being extubated or transitioned to nasal cannula oxygen.","Hospital Admission Start: 14 days 17 hours ago
Hospital Admission End: Now
Electronic Health Record Context
Ordered by Time (Earliest to Latest):
1. When: 14 days 13 hours ago, Note Category: Physician, Note Description: Intensivist Note | Text: He was transfered to
   the ICU, intubated, had a central line placed, started on
   vasopressors, and was given 3L IVF and meropenem/flagyl IV.
   
2. When: 14 days 13 hours ago, Note Category: Nursing, Note Description: Nursing Progress Note | Text: He
   was admitted, hydrated, and started on PO vancomycin. 
3. When: 11 days 13 hours ago, Note Category: Physician, Note Description: Intensivist Note | Text: Start dilaudid, wean
   fentanyl.
   
4. When: 10 days 13 hours ago, Note Category: Physician, Note Description: Intensivist Note | Text: Neurologic: Pain controlled, Dilaudid PCA.
   
5. When: 9 days 13 hours ago, Note Category: Physician, Note Description: Intensivist Note | Text: Neurologic: Pain controlled, Continue Diluadid PCA
   Cardiovascular: Aspirin, Beta-blocker, Statins, Patient currently in
   sinus Rhythm. 
6. When: 9 days 13 hours ago, Note Category: Physician, Note Description: Intensivist Note | Text: Neurologic: Pain well controlled, Change Diluadid PCA to percocet PO.
7. When: 9 days 13 hours ago, Note Category: Nursing, Note Description: Nursing Transfer Note | Text: Action:
   Dilaudid PCA discontinued & pt started on PO percocet prn with adequate
   relief of abd discomfort secondary to incision. 
8. When: 6 days 13 hours ago, Note Category: Radiology, Note Description: PICC W/O PORT | Text: The procedure was explained to the patient. 
9. When: 6 days 13 hours ago, Note Category: Radiology, Note Description: PICC W/O PORT | Text: The patient tolerated the procedure well. 
"
