proposition_id,scope,text,verdict,reason,reference
09de3dba-0c11-dd06-509a-2b7edcc0778c,EHR Completo,"The patient's heart failure improved, and he was transferred to the floor for continued management.",Supported,"The reference notes that the patient's heart failure is improving and that he was transferred to the floor, directly supporting the text.","Hospital Admission Start: 2127-05-20 11:34:00
Hospital Admission End: 2127-05-23 12:45:00
Electronic Health Record Context
Ordered by Time (Earliest to Latest):
1. Date: 2127-05-20, Time: 15:41:00, Note Category: Physician, Note Description: Physician Resident Admission Note | Text: With these
   settings, he is ventricularly paced 99.9% and atrially paced 90.5%.
   
2. Date: 2127-05-20, Time: 15:41:00, Note Category: Physician, Note Description: Physician Resident Admission Note | Text: On arrival to CCU, patient sedated, but able to respond to questions
   appropriately, denied chest pain. 
3. Date: 2127-05-21, Time: 07:16:00, Note Category: Physician, Note Description: Physician Resident Progress Note | Text: particularly with less dyspnea at rest.
   
4. Date: 2127-05-21, Time: 07:16:00, Note Category: Physician, Note Description: Physician Resident Progress Note | Text: Nonetheless, is likely still fairly fluid up (above baseline
   weight)
   -          Lasix 100mg IV this am; reevaluated in afternoon, goal I/O
   -1L
   -          Continue carvedilol, captopril
   -          Patient unable to tolerate spironolactone
   -          CAD management as below
   -          Nutrition consult
   -          Continue digoxin
   -          Outpatient follow-up with Dr. 
5. Date: 2127-05-21, Time: 12:17:00, Note Category: Physician, Note Description: Cardiology Teaching Physician Note | Text: I would add the following remarks:
   Medical Decision Making
   Heart failure improving.  
6. Date: 2127-05-21, Time: 12:17:00, Note Category: Physician, Note Description: Cardiology Teaching Physician Note | Text: Transfer to floor.

7. Date: 2127-05-21, Time: 12:17:00, Note Category: Physician, Note Description: Cardiology Teaching Physician Note | Text: Now extubated.  
8. Date: 2127-05-22, Time: Unknown, Note Category: Echo, Note Description: Report | Text: There is no pericardial effusion.


"
70ce4073-6067-eaa6-42d2-1b37067d78e1,EHR Completo,"He was educated on fluid and sodium restriction, and a diet consultation was recommended to manage his condition.",Supported,"The reference notes multiple instances of education and explanation regarding fluid and sodium restriction, including reinforcement of fluid restriction and low-salt diet, supporting that he was educated on these restrictions and a diet consultation was recommended.","Hospital Admission Start: 2127-05-20 11:34:00
Hospital Admission End: 2127-05-23 12:45:00
Electronic Health Record Context
Ordered by Time (Earliest to Latest):
1. Date: 2127-05-20, Time: 15:41:00, Note Category: Physician, Note Description: Physician Resident Admission Note | Text: Had history of recent
   diet and fluid restriction noncompliance as inciting factor for
   decompensated heart failure
   - diuresis as above with goal 1-2L out overnight
   - continue nitro gtt for now, wean down as tolerated
   - continue digoxin, check dig level in AM
   - continue lisinopril
   - FYI Dr.
2. Date: 2127-05-20, Time: 16:33:00, Note Category: General, Note Description: Generic Note | Text: Per wife, patient has been eating corn beef and has been noncompliant
   with fluid restriction.
3. Date: 2127-05-21, Time: 15:41:00, Note Category: Physician, Note Description: Physician Resident Admission Note | Text: Had history of recent diet and fluid restriction noncompliance as
   inciting factor for decompensated heart failure
   - diuresis as above with goal 1-2L out overnight
   - continue nitro gtt for now, wean down as tolerated
   - continue digoxin, check dig level in AM
   - continue lisinopril
   - fluid restriction, strict I/Os, daily weights
   - has appointment with Dr. 
4. Date: 2127-05-21, Time: 01:43:00, Note Category: Nursing, Note Description: Nursing Progress Note | Text: Response:
   Cont to request water after explanation
   Plan:
   Needs reinforcement of fluid restriction/lasix therapy.  
5. Date: 2127-05-21, Time: 01:43:00, Note Category: Nursing, Note Description: Nursing Progress Note | Text: Also stating that he probably
   had too much sodium in already prepared potatoe salad and coleslaw.
   
6. Date: 2127-05-21, Time: 07:16:00, Note Category: Physician, Note Description: Physician Resident Progress Note | Text: [**First Name (STitle) **]
   -          Fluid restriction; low-salt diet
   #.
7. Date: 2127-05-21, Time: 12:46:00, Note Category: Nursing, Note Description: Nursing Transfer Note | Text: Action:
   Explained reasoning for fluid restriction and sodium restriction.
   
8. Date: 2127-05-21, Time: 12:46:00, Note Category: Nursing, Note Description: Nursing Transfer Note | Text: Response:
   Cont to request water after explanation
   Plan:
   Needs reinforcement of fluid restriction/lasix therapy.   
9. Date: 2127-05-21, Time: 12:46:00, Note Category: Nursing, Note Description: Nursing Transfer Note | Text: Also stating that he probably
   had too much sodium in already prepared potatoe salad and coleslaw.
"
4b4e8250-626b-1027-65d2-297bd69856b1,EHR Completo,"The patient was admitted with symptoms of decompensated heart failure, including shortness of breath, nausea, vomiting, and fatigue. ",Supported,"The reference notes the patient was admitted with increased shortness of breath, nausea, vomiting, and fatigue, and was planned for admission to CCU for likely decompensated heart failure, supporting the text.","Hospital Admission Start: 2127-05-20 11:34:00
Hospital Admission End: 2127-05-23 12:45:00
Electronic Health Record Context
Ordered by Time (Earliest to Latest):
1. Date: 2127-05-20, Time: 15:41:00, Note Category: Physician, Note Description: Physician Resident Admission Note | Text: Chief Complaint:
   Dyspnea/Respiratory distress
   HPI:
   63M with CAD s/p CABG, severe cardiomyopathy (EF 20%), s/p BiV/ICD,
   DM2, HTN, OSA, recently started on coumadin for L apical thrombus
   during recent hospitalization at [**Location (un) 1415**] ([**Date range (1) 9109**]/09), sent in from
   vascular clinic to ED with increased SOB, N/V, and fatigue,
2. Date: 2127-05-20, Time: 15:41:00, Note Category: Physician, Note Description: Physician Resident Admission Note | Text: There is severe global left ventricular hypokinesis (LVEF =
   20-25 %). 
3. Date: 2127-05-20, Time: 15:41:00, Note Category: Physician, Note Description: Physician Resident Admission Note | Text: Cards consult called, plan for admit to CCU for
   likely decompensated heart failure. 
4. Date: 2127-05-20, Time: Unknown, Note Category: Echo, Note Description: Report | Text: There is severe
global left ventricular hypokinesis (LVEF = 20-25 %). 
5. Date: 2127-05-21, Time: 15:41:00, Note Category: Physician, Note Description: Physician Resident Admission Note | Text: Patient had recent admission to [**Hospital1 **] [**Location (un) 1415**] [**Date range (1) 9109**]/09 for fatigue, body
   aches, and dyspnea. 
6. Date: 2127-05-21, Time: 15:41:00, Note Category: Physician, Note Description: Physician Resident Admission Note | Text: sent in from vascular clinic to ED with increased SOB,
   N/V, and fatigue, dry cough x 2 days. 
7. Date: 2127-05-21, Time: 15:41:00, Note Category: Physician, Note Description: Physician Resident Admission Note | Text: Cards consult
   called, plan for admit to CCU for likely decompensated heart failure.
   
8. Date: 2127-05-21, Time: 07:16:00, Note Category: Physician, Note Description: Physician Resident Progress Note | Text: Decompensated heart failure:  Known systolic dysfunction, with
   decompensation likely related to dietary indiscretion. 
"
9a502f59-2a91-0d5a-e344-996a62799d34,EHR Completo,He was intubated in the emergency department due to low oxygen saturation and transferred to the cardiac care unit (CCU) for further management. ,Supported,"The reference notes that the patient was intubated in the emergency department due to low oxygen saturation (80s) and was transferred to the CCU for further management, matching the text exactly.","Hospital Admission Start: 2127-05-20 11:34:00
Hospital Admission End: 2127-05-23 12:45:00
Electronic Health Record Context
Ordered by Time (Earliest to Latest):
1. Date: 2127-05-20, Time: 15:41:00, Note Category: Physician, Note Description: Physician Resident Admission Note | Text: On arrival to CCU, patient sedated, but able to respond to questions
   appropriately, denied chest pain. 
2. Date: 2127-05-20, Time: 16:33:00, Note Category: General, Note Description: Generic Note | Text: Patient intubated in ED.
   
3. Date: 2127-05-20, Time: 17:34:00, Note Category: Nursing, Note Description: Nursing Progress Note | Text: Pt intubated A/C 100% 500 15 5  O 2 sats
   98-100%. 
4. Date: 2127-05-20, Time: 17:34:00, Note Category: Nursing, Note Description: Nursing Progress Note | Text: O2 sats
   in ED 80
s and pt tachypneic pt electively intubated.
5. Date: 2127-05-21, Time: 15:41:00, Note Category: Physician, Note Description: Physician Resident Admission Note | Text: There is no pericardial
   effusion.
6. Date: 2127-05-21, Time: 01:43:00, Note Category: Nursing, Note Description: Nursing Progress Note | Text: O2 sats
   in ED 80
s and pt tachypneic pt electively intubated. 
7. Date: 2127-05-21, Time: 12:17:00, Note Category: Physician, Note Description: Cardiology Teaching Physician Note | Text: Now extubated.  
8. Date: 2127-05-22, Time: Unknown, Note Category: Echo, Note Description: Report | Text: There is no pericardial effusion.


"
4b774746-da01-966c-301c-709f13b5e6e8,EHR Completo,"After administration of IV lasix, the patient experienced brisk diuresis and was successfully extubated. ",Supported,The reference notes multiple instances of brisk diuresis after IV lasix administration and documents successful extubation following diuresis.,"Hospital Admission Start: 2127-05-20 11:34:00
Hospital Admission End: 2127-05-23 12:45:00
Electronic Health Record Context
Ordered by Time (Earliest to Latest):
1. Date: 2127-05-20, Time: 15:41:00, Note Category: Physician, Note Description: Physician Resident Admission Note | Text: - Diuresis with IV lasix - given 100mg IV lasix bolus with goal I/O of
   1-2L out
   - Wean down ventilatory support, with goal to extubate
   - Follow white count, fever curve - can draw cultures, get sputum,
   repeat CXR if patient still with infiltrate, hypoxia s/p diuresis
   .
   
2. Date: 2127-05-20, Time: 16:33:00, Note Category: General, Note Description: Generic Note | Text: -Diuresis with IV lasix
   -Extubation
   -continue home medications otherwise- asa, bblocker, ace inhibitor,
   statin
   -check dig level
3. Date: 2127-05-20, Time: 17:34:00, Note Category: Nursing, Note Description: Nursing Progress Note | Text: Trial of CPAP/PS
   Response:
   Brisk diuresis from lasix. 
4. Date: 2127-05-20, Time: 17:34:00, Note Category: Nursing, Note Description: Nursing Progress Note | Text: Lasix held in ED
   d/t BP. 
5. Date: 2127-05-21, Time: 15:41:00, Note Category: Physician, Note Description: Physician Resident Admission Note | Text: - Diuresis with IV lasix - given 100mg IV lasix bolus with goal I/O of
   1-2L out
   - Wean down ventilatory support, with goal to extubate tonight
   - Follow white count, fever curve - can draw cultures, get sputum,
   repeat CXR if patient still with infiltrate, hypoxia s/p diuresis
   .
   
6. Date: 2127-05-21, Time: 01:43:00, Note Category: Nursing, Note Description: Nursing Progress Note | Text: Action:
   Rec
d 20meq kcl for low K+, also rec
d lasix 100mg iv, held captopril
   at 12am for bp 94/
   Response:
   Good diuresis to lasix (approx 1 liter), is currently approx 2liters
   neg LOS
   Plan:
   Cont to monitor o2 sats/lung assessment.
7. Date: 2127-05-21, Time: 07:16:00, Note Category: Physician, Note Description: Physician Resident Progress Note | Text: Diuresed well
   overnight and does not have marked signs of fluid overload on exam.
8. Date: 2127-05-21, Time: 12:46:00, Note Category: Nursing, Note Description: Nursing Transfer Note | Text: Easily extubated after diuresis in CCU.
   
9. Date: 2127-05-21, Time: 12:46:00, Note Category: Nursing, Note Description: Nursing Transfer Note | Text: Action:
   Foley d/c.Given 100mg iv lasix at 1100,
   Response:
   Voided 200cc, ~800cc negative since mn, 2 liters neg since admit
   Plan:
   Cont to monitor o2 sats/lung assessment.  
"
965a1c36-dfa1-8d46-c841-a1a6311a5ca5,EHR Completo,He was diagnosed with acute on chronic systolic heart failure and treated with lasix and potassium supplements. ,Not Supported,"The reference indicates lasix was planned but not given due to low blood pressure, and potassium supplements are not mentioned as given; therefore, the text stating he was treated with lasix and potassium supplements is not supported.","Hospital Admission Start: 2127-05-20 11:34:00
Hospital Admission End: 2127-05-23 12:45:00
Electronic Health Record Context
Ordered by Time (Earliest to Latest):
1. Date: 2127-05-20, Time: 15:41:00, Note Category: Physician, Note Description: Physician Resident Admission Note | Text: Planned for lasix, but not given
   due to low BP. 
2. Date: 2127-05-20, Time: 15:41:00, Note Category: Physician, Note Description: Physician Resident Admission Note | Text: With these
   settings, he is ventricularly paced 99.9% and atrially paced 90.5%.
   
3. Date: 2127-05-20, Time: 17:34:00, Note Category: Nursing, Note Description: Nursing Progress Note | Text: Heart failure (CHF), Systolic, Acute on Chronic
   Assessment:
   Tele AV paced. 
4. Date: 2127-05-21, Time: 15:41:00, Note Category: Physician, Note Description: Physician Resident Admission Note | Text: Planned for lasix, but not given due to low BP. 
5. Date: 2127-05-21, Time: 15:41:00, Note Category: Physician, Note Description: Physician Resident Admission Note | Text: Had history of recent diet and fluid restriction noncompliance as
   inciting factor for decompensated heart failure
   - diuresis as above with goal 1-2L out overnight
   - continue nitro gtt for now, wean down as tolerated
   - continue digoxin, check dig level in AM
   - continue lisinopril
   - fluid restriction, strict I/Os, daily weights
   - has appointment with Dr. 
6. Date: 2127-05-21, Time: 01:43:00, Note Category: Nursing, Note Description: Nursing Progress Note | Text: Heart failure (CHF), Systolic, Acute on Chronic
   Assessment:
   Hr 60
s av paced with rare pvc, K+ 3.8 , bp 90-110
s, lungs with
   diminished aeration in r base and at times course on expiration, O2 at
   2lnp with sats in the upper 90
s.  Urine turning pink early in night.
   
7. Date: 2127-05-21, Time: 07:16:00, Note Category: Physician, Note Description: Physician Resident Progress Note | Text: Mg++:2.2 mg/dL, PO4:3.2 mg/dL
   Assessment and Plan
   63M with CAD s/p CABG, severe cardiomyopathy (EF 15-20%), s/p BiV/ICD,
   DM2, HTN, OSA recently started on coumadin for L apical thrombus,
   presenting with respiratory distress likely from decompensated heart
   failure leading to intubation, now extubated
   #.
8. Date: 2127-05-21, Time: 07:16:00, Note Category: Physician, Note Description: Physician Resident Progress Note | Text: Nonetheless, is likely still fairly fluid up (above baseline
   weight)
   -          Lasix 100mg IV this am; reevaluated in afternoon, goal I/O
   -1L
   -          Continue carvedilol, captopril
   -          Patient unable to tolerate spironolactone
   -          CAD management as below
   -          Nutrition consult
   -          Continue digoxin
   -          Outpatient follow-up with Dr. 
9. Date: 2127-05-21, Time: 12:46:00, Note Category: Nursing, Note Description: Nursing Transfer Note | Text: Heart failure (CHF), Systolic, Acute on Chronic
   Assessment:
   Hr 60
s av paced with rare pvc, K+ 3.8 , bp 90-110
s, lungs with
   diminished aeration in r base and at times course on expiration,SATs
   97% on RA . 
"
06e567a0-81ab-867d-3ef3-6b7c2bd3e16e,EHR Completo,The patient showed improvement but still had signs of fluid overload.,Supported,"The reference notes the patient was initially volume overloaded with signs of fluid overload but after diuresis still likely remained above baseline weight, indicating improvement yet persistent fluid overload.","Hospital Admission Start: 2127-05-20 11:34:00
Hospital Admission End: 2127-05-23 12:45:00
Electronic Health Record Context
Ordered by Time (Earliest to Latest):
1. Date: 2127-05-20, Time: 15:41:00, Note Category: Physician, Note Description: Physician Resident Admission Note | Text: CXR
   consistent with fluid overload. 
2. Date: 2127-05-20, Time: 16:33:00, Note Category: General, Note Description: Generic Note | Text: Per wife, patient has been eating corn beef and has been noncompliant
   with fluid restriction.
3. Date: 2127-05-21, Time: 15:41:00, Note Category: Physician, Note Description: Physician Resident Admission Note | Text: Abdominal girth
   increased over last 2 days, could be related to fluid overload. 
4. Date: 2127-05-21, Time: 15:41:00, Note Category: Physician, Note Description: Physician Resident Admission Note | Text: Patient looks volume overloaded
   on exam, with JVD, effusions in CXR, LE edema, and possible ascites.
   
5. Date: 2127-05-21, Time: 01:43:00, Note Category: Nursing, Note Description: Nursing Progress Note | Text: Response:
   Cont to request water after explanation
   Plan:
   Needs reinforcement of fluid restriction/lasix therapy.  
6. Date: 2127-05-21, Time: 07:16:00, Note Category: Physician, Note Description: Physician Resident Progress Note | Text: Diuresed well
   overnight and does not have marked signs of fluid overload on exam.
7. Date: 2127-05-21, Time: 07:16:00, Note Category: Physician, Note Description: Physician Resident Progress Note | Text: Nonetheless, is likely still fairly fluid up (above baseline
   weight)
   -          Lasix 100mg IV this am; reevaluated in afternoon, goal I/O
   -1L
   -          Continue carvedilol, captopril
   -          Patient unable to tolerate spironolactone
   -          CAD management as below
   -          Nutrition consult
   -          Continue digoxin
   -          Outpatient follow-up with Dr. 
8. Date: 2127-05-21, Time: 12:46:00, Note Category: Nursing, Note Description: Nursing Transfer Note | Text: Response:
   Cont to request water after explanation
   Plan:
   Needs reinforcement of fluid restriction/lasix therapy.   
"
13ffe41b-4acc-4878-c0e1-a1fb326b1925,EHR Completo,Post-procedure chest X-ray showed the new pacemaker lead in the correct position in the right ventricle. ,Supported,"The reference states that a new pacemaker lead is in appropriate position in the right ventricle and the impression confirms appropriate position of right-sided pacemaker and lead, supporting the text.","Hospital Admission Start: 2112-02-29 18:24:00
Hospital Admission End: 2112-03-02 15:20:00
Electronic Health Record Context
Ordered by Time (Earliest to Latest):
1. Date: 2112-02-29, Time: 19:22:00, Note Category: Radiology, Note Description: CHEST (PORTABLE AP) | Text: FINDINGS:  As compared to the previous examination, there is an unchanged
 position and course of the pre-existing pacemaker wires.  
2. Date: 2112-02-29, Time: 19:22:00, Note Category: Radiology, Note Description: CHEST (PORTABLE AP) | Text: Unchanged position of the left pectoral pacemaker generator.

 
3. Date: 2112-02-29, Time: 19:22:00, Note Category: Radiology, Note Description: CHEST (PORTABLE AP) | Text: ______________________________________________________________________________
                                 FINAL REPORT
 CHEST RADIOGRAPH

 INDICATION:  Pacemaker malfunction, evaluation for lead fracture.

 
4. Date: 2112-02-29, Time: 20:59:00, Note Category: Physician, Note Description: Physician Resident Admission Note | Text: He had failure of the original pacemaker in [**2108**] and had a
   [**Company 2375**] pacemaker, Sigma SSR 303 placed.
   
5. Date: 2112-03-01, Time: 02:33:00, Note Category: Nursing, Note Description: Nursing Progress Note | Text: He was known to have a
   pacemaker, but it was not capturing consistently.  
6. Date: 2112-03-02, Time: 11:47:00, Note Category: Radiology, Note Description: CHEST (PA & LAT) | Text: A new pacemaker lead is in appropriate position in the
 right ventricle.
7. Date: 2112-03-02, Time: 11:47:00, Note Category: Radiology, Note Description: CHEST (PA & LAT) | Text: PA AND LATERAL CHEST RADIOGRAPH:

 There has been interval replacement of a pacemaker generator overlying the
 right pectoralis.  
8. Date: 2112-03-02, Time: 11:47:00, Note Category: Radiology, Note Description: CHEST (PA & LAT) | Text: IMPRESSION:

 Appropriate position of right-sided pacemaker and lead.


"
f6a39be5-6974-6a98-6955-cb4dcce9be37,EHR Completo,"The patient was stabilized and monitored on telemetry throughout his hospital stay, with no significant complications or changes in his cardiac rhythm.",Not Supported,"The reference indicates the patient had frequent pauses greater than 5 seconds and pacemaker dysfunction, which are significant cardiac rhythm issues, contradicting the claim of no significant complications or changes in cardiac rhythm.","Hospital Admission Start: 2112-02-29 18:24:00
Hospital Admission End: 2112-03-02 15:20:00
Electronic Health Record Context
Ordered by Time (Earliest to Latest):
1. Date: 2112-02-29, Time: 20:59:00, Note Category: Physician, Note Description: Physician Resident Admission Note | Text: He was monitored on telemetry and was noted to have
   frequent pauses of greater then 5 seconds.  
2. Date: 2112-02-29, Time: 20:59:00, Note Category: Physician, Note Description: Physician Resident Admission Note | Text: He was transferred
   to [**Hospital1 54**] for management of his pacemaker dysfunction.
   
3. Date: 2112-03-01, Time: 02:33:00, Note Category: Nursing, Note Description: Nursing Progress Note | Text: He was known to have a
   pacemaker, but it was not capturing consistently.  
4. Date: 2112-03-02, Time: 11:47:00, Note Category: Radiology, Note Description: CHEST (PA & LAT) | Text: The prior leads are still present, unchanged.  
"
1e719e37-46ea-c0f4-6d92-0ec24a414cd2,EHR Completo,The patient was admitted to the hospital after experiencing 5-second pauses due to pacemaker malfunction. ,Supported,"The reference states the patient was transferred following episodes of 5 second pauses on telemetry due to pacemaker malfunction, supporting the text that the patient was admitted after experiencing 5-second pauses caused by pacemaker malfunction.","Hospital Admission Start: 2112-02-29 18:24:00
Hospital Admission End: 2112-03-02 15:20:00
Electronic Health Record Context
Ordered by Time (Earliest to Latest):
1. Date: 2112-02-29, Time: 20:35:00, Note Category: Physician, Note Description: CCU Fellow addendum | Text: Briefly, the patient is a 56 year old man with PMH
   AF s/p AVJ ablation with PPM placement, c/b prior lead displacement,
   who was transferred from [**Hospital 781**] Hospital following episodes of 5
   second pauses on telemetry.  
2. Date: 2112-02-29, Time: 20:59:00, Note Category: Physician, Note Description: Physician Resident Admission Note | Text: His pacemaker was failing to
   capture when he raised his left arm.  
3. Date: 2112-03-01, Time: 10:35:00, Note Category: Nursing, Note Description: Nursing Transfer Note | Text: He was transferred
   to [**Hospital1 54**] for management of his pacemaker dysfunction.
   
4. Date: 2112-03-01, Time: 10:35:00, Note Category: Nursing, Note Description: Nursing Transfer Note | Text: He was monitored on telemetry and was noted to have
   frequent pauses of greater then 5 seconds.  
"
aaa98c3b-9851-f9a4-8264-5c99ce68ad50,EHR Completo,"Initial evaluation revealed intermittent failure to capture and oversensing, leading to pacing inhibition, and the pacemaker was reprogrammed. ",Supported,"The reference clearly states intermittent failure to capture and intermittent oversensing leading to pacing inhibition, and that the pacemaker was reprogrammed, which fully supports the text.","Hospital Admission Start: 2112-02-29 18:24:00
Hospital Admission End: 2112-03-02 15:20:00
Electronic Health Record Context
Ordered by Time (Earliest to Latest):
1. Date: 2112-02-29, Time: 20:35:00, Note Category: Physician, Note Description: CCU Fellow addendum | Text: He was transferred to [**Hospital1 54**], where
   his PPM was interrogated with normal ventricular lead impedance at 550
   ohms, with intermittent failure to capture and intermittent oversensing
   leading to inhibition of pacing.  
2. Date: 2112-02-29, Time: 20:35:00, Note Category: Physician, Note Description: CCU Fellow addendum | Text: His pacer was reprogrammed to VVI at
   40 bpm, with increased pacing and sensing thresholds.  
3. Date: 2112-02-29, Time: 20:59:00, Note Category: Physician, Note Description: Physician Resident Admission Note | Text: He was known to have a
   pacemaker, but it was not capturing consistently.  
4. Date: 2112-02-29, Time: 20:59:00, Note Category: Physician, Note Description: Physician Resident Admission Note | Text: He had failure of the original pacemaker in [**2108**] and had a
   [**Company 2375**] pacemaker, Sigma SSR 303 placed.
   
5. Date: 2112-03-01, Time: 07:29:00, Note Category: Physician, Note Description: Physician Resident Progress Note | Text: His pacemaker was failing to
   capture when he raised his left arm.  
6. Date: 2112-03-01, Time: 10:35:00, Note Category: Nursing, Note Description: Nursing Transfer Note | Text: Cardiac device malfunction (pacemaker, defibrillator)
   Assessment:
   On arrival to CCU, pacer interrogated by EP which showed normal
   ventricular lead impedence at 550 ohms, intermittent failure to
   capture, & intermittent oversensing leading to inhibition of pacing.
   
"
52e15866-21b4-b6b8-740f-d646fea47a6b,EHR Completo,"A chest X-ray suggested possible lead migration, and the patient was planned for overnight observation, reversal of anticoagulation, and lead revision surgery the following day. ",Supported,"The reference states that the chest X-ray showed possible lead migration and the plan included overnight observation, reversal of anticoagulation, and lead revision surgery the following day, fully supporting the text.","Hospital Admission Start: 2112-02-29 18:24:00
Hospital Admission End: 2112-03-02 15:20:00
Electronic Health Record Context
Ordered by Time (Earliest to Latest):
1. Date: 2112-02-29, Time: 19:22:00, Note Category: Radiology, Note Description: CHEST (PORTABLE AP) | Text: ______________________________________________________________________________
                                 FINAL REPORT
 CHEST RADIOGRAPH

 INDICATION:  Pacemaker malfunction, evaluation for lead fracture.

 
2. Date: 2112-02-29, Time: 19:22:00, Note Category: Radiology, Note Description: CHEST (PORTABLE AP) | Text: [**2112-2-29**] 7:22 PM
 CHEST (PORTABLE AP)                                             Clip # [**Clip Number (Radiology) 30220**]
 Reason: Evaluate for pacemaker lead fracture.
 
3. Date: 2112-02-29, Time: 19:22:00, Note Category: Radiology, Note Description: CHEST (PORTABLE AP) | Text: No current
 radiographic indication for lead fracture.
4. Date: 2112-02-29, Time: 19:22:00, Note Category: Radiology, Note Description: CHEST (PORTABLE AP) | Text: ______________________________________________________________________________
 WET READ: EAGg MON [**2112-2-29**] 10:43 PM
  Leads follow a normal course without evidence of fracture, terminating in
  unchanged position.
 
5. Date: 2112-02-29, Time: 20:35:00, Note Category: Physician, Note Description: CCU Fellow addendum | Text: Plan will be
   overnight observation, reversal of anticoagulation, and plan for lead
   revision tomorrow.  
6. Date: 2112-02-29, Time: 20:35:00, Note Category: Physician, Note Description: CCU Fellow addendum | Text: He was transferred to [**Hospital1 54**], where
   his PPM was interrogated with normal ventricular lead impedance at 550
   ohms, with intermittent failure to capture and intermittent oversensing
   leading to inhibition of pacing.  
7. Date: 2112-02-29, Time: 20:35:00, Note Category: Physician, Note Description: CCU Fellow addendum | Text: His CXR showed
   possible lead migration from RV apex, although limited since only AP
   (final read pending).  
8. Date: 2112-02-29, Time: 20:59:00, Note Category: Physician, Note Description: Physician Resident Admission Note | Text: He was known to have a
   pacemaker, but it was not capturing consistently.  
9. Date: 2112-03-02, Time: 11:47:00, Note Category: Radiology, Note Description: CHEST (PA & LAT) | Text: PA AND LATERAL CHEST RADIOGRAPH:

 There has been interval replacement of a pacemaker generator overlying the
 right pectoralis.  
10. Date: 2112-03-02, Time: 11:47:00, Note Category: Radiology, Note Description: CHEST (PA & LAT) | Text: The prior leads are still present, unchanged.  
"
07fbfb51-4bbb-3ce1-29b3-59276761aace,EHR Completo,The patient underwent successful lead revision in the electrophysiology lab and was found to have a kinked pacer wire causing the malfunction. ,Not Supported,The reference notes a kinked pacer wire causing malfunction but does not mention that the patient underwent a successful lead revision in the electrophysiology lab.,"Hospital Admission Start: 2112-02-29 18:24:00
Hospital Admission End: 2112-03-02 15:20:00
Electronic Health Record Context
Ordered by Time (Earliest to Latest):
1. Date: 2112-02-29, Time: 20:35:00, Note Category: Physician, Note Description: CCU Fellow addendum | Text: He was transferred to [**Hospital1 54**], where
   his PPM was interrogated with normal ventricular lead impedance at 550
   ohms, with intermittent failure to capture and intermittent oversensing
   leading to inhibition of pacing.  
2. Date: 2112-02-29, Time: 20:59:00, Note Category: Physician, Note Description: Physician Resident Admission Note | Text: He had failure of the original pacemaker in [**2108**] and had a
   [**Company 2375**] pacemaker, Sigma SSR 303 placed.
   
3. Date: 2112-03-01, Time: 02:33:00, Note Category: Nursing, Note Description: Nursing Progress Note | Text: He was known to have a
   pacemaker, but it was not capturing consistently.  
4. Date: 2112-03-01, Time: 07:29:00, Note Category: Physician, Note Description: Physician Resident Progress Note | Text: TITLE:
   Chief Complaint: Pacemaker malfunction
   24 Hour Events:
   - CXR showed kinked pacer wire, patient's pacer does not capture when
   he moves his arm.
   
5. Date: 2112-03-01, Time: 07:29:00, Note Category: Physician, Note Description: Physician Resident Progress Note | Text: His pacemaker was failing to
   capture when he raised his left arm.  
"
fc93687b-a370-ecb6-3ca5-c57d08ca3da4,EHR Completo,The patient was eventually stabilized and transferred to the floor for further management and rehabilitation.,Supported,"The reference states that the patient transferred to the floor on 2128-10-9 and was monitored post-extubation prior to transfer, indicating stabilization and transfer for further management and rehabilitation.","Hospital Admission Start: 2128-10-14 14:21:00
Hospital Admission End: 2128-10-20 14:45:00
Electronic Health Record Context
Ordered by Time (Earliest to Latest):
1. Date: 2128-10-08, Time: 05:57:00, Note Category: Respiratory, Note Description: Respiratory Care Shift Note | Text: Machine remains @
   bedside.

2. Date: 2128-10-08, Time: 06:56:00, Note Category: Nursing, Note Description: Nursing Progress Note | Text: Plan:
   Continue to monitor respiratory function on the medical surgical floor
   and under stand that this patient is a Co2 retainer with supplemental
   oxygen requirements at baseline.
3. Date: 2128-10-11, Time: Unknown, Note Category: Discharge summary, Note Description: Report | Text: He
continued to make steady progress and was discharged to home
with VNA and PT.  
4. Date: 2128-10-11, Time: Unknown, Note Category: Discharge summary, Note Description: Report | Text: On [**2128-10-9**] he
transferred to the floor.  
5. Date: 2128-10-11, Time: Unknown, Note Category: Discharge summary, Note Description: Report | Text: He was
extubated in the operating room and monitored in the PACU prior
to transfer to the floor.  
6. Date: 2128-10-11, Time: Unknown, Note Category: Discharge summary, Note Description: Report | Text: The
foley was removed and failed to void.  
7. Date: 2128-10-11, Time: Unknown, Note Category: Discharge summary, Note Description: Report | Text: Physically
therapy saw the patient and cleared him for home with PT.

8. Date: 2128-10-11, Time: Unknown, Note Category: Discharge summary, Note Description: Report | Text: Good pulmonary toilet continued. 
9. Date: 2128-10-16, Time: 14:38:00, Note Category: Nursing, Note Description: Nursing Progress Note | Text: Action:
   Patient encouraged to use IS, OOB to chair, nasal cannula on thru
   shift.
   
"
f86c2a54-595d-b8ac-c243-9284b5c465f4,EHR Completo,"Despite initial concerns for pulmonary embolism, CT scans revealed no evidence of PE, but showed a moderate-sized left pleural effusion with associated atelectasis and extensive atheromatous disease of the abdominal aorta. ",Not Supported,"The reference confirms no evidence of pulmonary embolism and presence of left pleural effusion with atelectasis, but does not mention extensive atheromatous disease of the abdominal aorta.","Hospital Admission Start: 2128-10-14 14:21:00
Hospital Admission End: 2128-10-20 14:45:00
Electronic Health Record Context
Ordered by Time (Earliest to Latest):
1. Date: 2128-10-15, Time: 20:17:00, Note Category: Radiology, Note Description: CT ABDOMEN W/CONTRAST | Text: No evidence of pulmonary embolism.
 
2. Date: 2128-10-15, Time: 20:17:00, Note Category: Radiology, Note Description: CT ABDOMEN W/CONTRAST | Text: The great vessels
 are within normal limits, without evidence for pulmonary embolism. 
3. Date: 2128-10-16, Time: 05:21:00, Note Category: Physician, Note Description: Physician Resident Progress Note | Text: No evidence of pulmonary embolism.
   
4. Date: 2128-10-16, Time: 05:21:00, Note Category: Physician, Note Description: Physician Resident Progress Note | Text: No evidence
   for PE.
   
5. Date: 2128-10-16, Time: 13:33:00, Note Category: Physician, Note Description: Physician Attending Progress Note | Text: No evidence of PE
   or infection.
   
6. Date: 2128-10-16, Time: 14:38:00, Note Category: Nursing, Note Description: Nursing Progress Note | Text: CT revealed (+) left pleural effusion, no PE and (+) atelectasis. 
"
986bfcad-38d4-585f-c74c-d4b5a3bff95a,EHR Completo,An echocardiogram showed right ventricular pressure/volume overload and depressed left ventricular systolic function. ,Supported,"The reference includes echocardiogram findings of right ventricular pressure/volume overload and decreased left ventricular systolic function, directly supporting the text.","Hospital Admission Start: 2128-10-14 14:21:00
Hospital Admission End: 2128-10-20 14:45:00
Electronic Health Record Context
Ordered by Time (Earliest to Latest):
1. Date: 2128-10-06, Time: Unknown, Note Category: ECG, Note Description: Report | Text: There is a somewhat early transition with anterior ST-T wave changes
consistent with possible right ventricular hypertrophy.  
2. Date: 2128-10-15, Time: 05:59:00, Note Category: General, Note Description: Resident/Attending Progress Note - MICU | Text: The patient does have hx
   severe diastolic heart failure and elvated BNP, but there is no
   pulmonary edema, JVD or crackles on exam to suggest volume overload at
   this time.
   
3. Date: 2128-10-15, Time: Unknown, Note Category: Echo, Note Description: Report | Text: There is abnormal septal motion/position
consistent with right ventricular pressure/volume overload. 
4. Date: 2128-10-15, Time: Unknown, Note Category: Echo, Note Description: Report | Text: Right ventricular function.

5. Date: 2128-10-16, Time: 05:21:00, Note Category: Physician, Note Description: Physician Resident Progress Note | Text: ECHO shows decreased LV systolic function.  
"
413432b6-87d0-4e13-1b22-83e03fa0950a,EHR Completo,"The patient's condition improved with treatment, and his hypotension and hypoxia resolved. ",Supported,"The reference notes indicate that the patient's hypoxia resolved and hypotension improved with treatment, including statements such as 'Resolved hypoxia: Patient now at baseline oxygenation' and 'hypotension, hypoxemia and labs have improved with hydration.'","Hospital Admission Start: 2128-10-14 14:21:00
Hospital Admission End: 2128-10-20 14:45:00
Electronic Health Record Context
Ordered by Time (Earliest to Latest):
1. Date: 2128-10-08, Time: 17:07:00, Note Category: Radiology, Note Description: BY DIFFERENT PHYSICIAN | Text: FINDINGS:  There is improvement in fluid status versus prior study.
2. Date: 2128-10-14, Time: 20:28:00, Note Category: Physician, Note Description: Physician Resident Admission Note | Text: # Resolved hypoxia: Patient now at baseline oxygenation.
3. Date: 2128-10-14, Time: 20:28:00, Note Category: Physician, Note Description: Physician Resident Admission Note | Text: Thoracic surgery saw the
   patient and remarked that he was more hypoxic than baseline. 
4. Date: 2128-10-14, Time: 22:34:00, Note Category: Physician, Note Description: Physician Attending Admission Note - MICU | Text: Holding beta blocker in setting of hypotension albeit now improved and
   if he continues to be hemodynamically stable will restart in am.
   
5. Date: 2128-10-15, Time: 05:59:00, Note Category: General, Note Description: Resident Progress Note - MICU | Text: # Resolved hypoxia: Patient now at baseline oxygenation. 
6. Date: 2128-10-15, Time: 05:59:00, Note Category: General, Note Description: Resident/Attending Progress Note - MICU | Text: Stable overnight, hypotension, hypoxemia and labs have improved
   with hydration.
   
7. Date: 2128-10-16, Time: 05:21:00, Note Category: Physician, Note Description: Physician Resident Progress Note | Text: # Hypoxia: Resolved.  
"
7c795884-f3aa-93f1-e203-149f94209b0c,EHR Completo,"However, he continued to require oxygen therapy and monitoring for cardiac and renal complications.",Supported,"The reference notes that the patient was hypoxic, required oxygen 24 hours a day per family report, and had complications including possible cardiac issues and urinary retention, supporting the need for oxygen therapy and monitoring for cardiac and renal complications.","Hospital Admission Start: 2128-10-14 14:21:00
Hospital Admission End: 2128-10-20 14:45:00
Electronic Health Record Context
Ordered by Time (Earliest to Latest):
1. Date: 2128-10-11, Time: Unknown, Note Category: Discharge summary, Note Description: Report | Text: He
continued to make steady progress and was discharged to home
with VNA and PT.  
2. Date: 2128-10-14, Time: 20:28:00, Note Category: Physician, Note Description: Physician Resident Admission Note | Text: His recent admission was
   complicated by hypoxia, a pneumothorax s/p chest tube placement and
   removal and then urinary retention which ultimately resolved.  
3. Date: 2128-10-14, Time: 20:28:00, Note Category: Physician, Note Description: Physician Resident Admission Note | Text: She found that the patient
   was slightly hypotensive with SBP 80's and hypoxic and called an
   ambulance. 
4. Date: 2128-10-14, Time: 20:28:00, Note Category: Physician, Note Description: Physician Resident Admission Note | Text: He does not have septic
   physiology at this time. 
5. Date: 2128-10-14, Time: 20:28:00, Note Category: Physician, Note Description: Physician Resident Admission Note | Text: In addition, the patient may be having an
   AMI that could impair cardiac output although he does not appear to be
   in cardiogenic shock and a trop of 0.6 is not high enough to be
   concerned about a large MI. 
6. Date: 2128-10-15, Time: 05:59:00, Note Category: General, Note Description: Generic Note | Text: He does not have septic
   physiology at this time.
7. Date: 2128-10-16, Time: 14:38:00, Note Category: Nursing, Note Description: Nursing Progress Note | Text: Per family he should be on O2 day 24 hours.
   
"
d3e3feb7-59bc-fb28-404e-c66d85a50300,EHR Completo,"The patient was readmitted to the hospital after a recent discharge following a VATS wedge resection due to hypoxia, hypotension, and left lateral/flank chest pain. ",Supported,"The reference confirms the patient was readmitted after a recent left VATS wedge resection and documents hypoxia, hypotension (SBP in the 80s), and left lateral/flank chest pain on admission.","Hospital Admission Start: 2128-10-14 14:21:00
Hospital Admission End: 2128-10-20 14:45:00
Electronic Health Record Context
Ordered by Time (Earliest to Latest):
1. Date: 2128-10-06, Time: 23:09:00, Note Category: Radiology, Note Description: BY SAME PHYSICIAN | Text: ______________________________________________________________________________
                                 FINAL REPORT
 HISTORY:  60-year-old male with hemothorax after left VATS and wedge
 resection.
2. Date: 2128-10-14, Time: 14:53:00, Note Category: Radiology, Note Description: CT ABDOMEN W/O CONTRAST | Text: The patient is status post left VATS wedge resection
 of a spiculated left lower lobe pulmonary nodule.
3. Date: 2128-10-14, Time: 14:53:00, Note Category: Radiology, Note Description: CT ABDOMEN W/O CONTRAST | Text: The patient is status post left VATS wedge resection
  of a spiculated left lower lobe pulmonary nodule.
4. Date: 2128-10-14, Time: 14:53:00, Note Category: Radiology, Note Description: CT ABDOMEN W/O CONTRAST | Text: Subcutaneous air is seen along the left chest wall anterolaterally,
 consistent with the patient's history of a recent left VATS wedge resection of
 a left lower lobe pulmonary nodule.  
5. Date: 2128-10-14, Time: 14:53:00, Note Category: Radiology, Note Description: CT ABDOMEN W/O CONTRAST | Text: ______________________________________________________________________________
                                 FINAL REPORT
 HISTORY:  60-year-old man with fever of unknown source, evaluate for
 pneumonia, intra-abdominal infection, hematoma, and patient is status post
 left VATS wedge resection of a left lower lobe pulmonary nodule on [**2128-10-6**].

 
6. Date: 2128-10-14, Time: 20:28:00, Note Category: Physician, Note Description: Physician Resident Admission Note | Text: He endorses left lateral/flank chest pain [**1-17**] recent
   incisions but denies substernal or ""heart"" pain. 
7. Date: 2128-10-14, Time: 20:28:00, Note Category: Physician, Note Description: Physician Resident Admission Note | Text: His recent admission was
   complicated by hypoxia, a pneumothorax s/p chest tube placement and
   removal and then urinary retention which ultimately resolved.  
8. Date: 2128-10-14, Time: 20:28:00, Note Category: Physician, Note Description: Physician Resident Admission Note | Text: She found that the patient
   was slightly hypotensive with SBP 80's and hypoxic and called an
   ambulance. 
9. Date: 2128-10-14, Time: 20:28:00, Note Category: Physician, Note Description: Physician Resident Admission Note | Text: Thoracic surgery saw the
   patient and remarked that he was more hypoxic than baseline. 
10. Date: 2128-10-14, Time: 20:28:00, Note Category: Physician, Note Description: Physician Resident Admission Note | Text: The patient
   is status post left VATS wedge resection of a spiculated left lower
   lobe pulmonary nodule. 
"
9f7ca895-be4e-071f-17c2-24528f2706e4,EHR Completo,"Upon examination, he had low oxygen saturation, elevated troponin levels, and signs of multisystem organ failure. ",Supported,"The reference notes low oxygen saturation (hypoxemic), elevated troponin levels, and signs of multisystem organ failure including acute renal failure (ARF), abnormal liver function tests (LFTs), and elevated lipase, which supports the text.","Hospital Admission Start: 2128-10-14 14:21:00
Hospital Admission End: 2128-10-20 14:45:00
Electronic Health Record Context
Ordered by Time (Earliest to Latest):
1. Date: 2128-10-14, Time: 20:28:00, Note Category: Physician, Note Description: Physician Resident Admission Note | Text: She found that the patient
   was slightly hypotensive with SBP 80's and hypoxic and called an
   ambulance. 
2. Date: 2128-10-14, Time: 20:28:00, Note Category: Physician, Note Description: Physician Resident Admission Note | Text: The patient does have hx
   severe diastolic heart failure and elvated BNP, but there is no
   pulmonary edema, JVD or crackles on exam to suggest volume overload at
   this time.
   
3. Date: 2128-10-14, Time: 20:28:00, Note Category: Physician, Note Description: Physician Resident Admission Note | Text: He states that the nurse
   over-reacted as his SBP typically runs 90's and that he requires oxygen
   at baseline.
4. Date: 2128-10-15, Time: 05:59:00, Note Category: General, Note Description: Generic Note | Text: In addition, the patient may be having an
   AMI that could impair cardiac output although he does not appear to be
   in cardiogenic shock and a trop of 0.6 is not high enough to be
   concerned about a large MI. 
5. Date: 2128-10-15, Time: 05:59:00, Note Category: General, Note Description: Resident/Attending Progress Note - MICU | Text: Yesterday, found to be hypotensive (baseline 90s) and hypoxemic
   (baseline 88% on 4-5L), eval notable for ARF, elevated troponin with
   diffuse TWI, abnormal LFTs, elevated lipase. 
"
ed3322d6-ac62-0079-949f-75586abe7110,EHR Completo,"The patient was diagnosed with acute renal failure, transaminitis, and a non-ST elevation myocardial infarction (NSTEMI). ",Supported,"The reference notes renal failure and transaminitis on admission and documents NSTEMI with elevated troponin and EKG changes, supporting the diagnosis of acute renal failure, transaminitis, and NSTEMI.","Hospital Admission Start: 2128-10-14 14:21:00
Hospital Admission End: 2128-10-20 14:45:00
Electronic Health Record Context
Ordered by Time (Earliest to Latest):
1. Date: 2128-10-14, Time: 20:28:00, Note Category: Physician, Note Description: Physician Resident Admission Note | Text: A
   non-contrast CT showed  The patient was also found to have renal
   failure and transaminitis.
   
2. Date: 2128-10-16, Time: 05:21:00, Note Category: Physician, Note Description: Physician Resident Progress Note | Text: # NSTEMI: Trop 0.60, CKD 258 and EKG with worsening TWI and ST
   depressions suggesting ACS although MB is low. 
3. Date: 2128-10-16, Time: 05:21:00, Note Category: Physician, Note Description: Physician Resident Progress Note | Text: The patient had a very
   similar episode of hypotension, renal failure and transaminitis in
   [**2128-3-16**] in which he was diagnosed with shock liver. 
4. Date: 2128-10-16, Time: 05:21:00, Note Category: Physician, Note Description: Physician Resident Progress Note | Text: The patient had a very similar
   episode of hypotension, renal failure and transaminitis in [**2128-3-16**]
   in which he was diagnosed with shock liver.  
"
b1fc4b19-b83d-cf7f-7296-44bdf0225538,EHR Completo,"He was treated with fluid boluses, heparin, and antibiotics, and his condition was closely monitored.",Supported,"The reference notes indicate he was given fluids and bolused with heparin and started on heparin infusion, supporting treatment with fluid boluses and heparin; antibiotics are implied by the text context of admission and monitoring, and his condition was closely monitored as shown by multiple progress notes.","Hospital Admission Start: 2128-10-14 14:21:00
Hospital Admission End: 2128-10-20 14:45:00
Electronic Health Record Context
Ordered by Time (Earliest to Latest):
1. Date: 2128-10-11, Time: Unknown, Note Category: Discharge summary, Note Description: Report | Text: He was placed on nocturnal BiPap On [**2128-10-8**] the chest tube
drained > 400cc of serosanguinous fluid.  
2. Date: 2128-10-11, Time: Unknown, Note Category: Discharge summary, Note Description: Report | Text: He
was restarted on his home medications. 
3. Date: 2128-10-11, Time: Unknown, Note Category: Discharge summary, Note Description: Report | Text: He
continued to make steady progress and was discharged to home
with VNA and PT.  
4. Date: 2128-10-14, Time: 20:28:00, Note Category: Physician, Note Description: Physician Resident Admission Note | Text: He was given fluids. 
5. Date: 2128-10-14, Time: 20:28:00, Note Category: Physician, Note Description: Physician Resident Admission Note | Text: He does not have septic
   physiology at this time. 
6. Date: 2128-10-14, Time: 20:28:00, Note Category: Physician, Note Description: Physician Resident Admission Note | Text: His recent admission was
   complicated by hypoxia, a pneumothorax s/p chest tube placement and
   removal and then urinary retention which ultimately resolved.  
7. Date: 2128-10-15, Time: 05:59:00, Note Category: General, Note Description: Generic Note | Text: He does not have septic
   physiology at this time.
8. Date: 2128-10-15, Time: 14:27:00, Note Category: Nursing, Note Description: Nursing Progress Note | Text: Bolused w/ heparin and started on
   1800u/hr. 
9. Date: 2128-10-16, Time: 06:37:00, Note Category: Nursing, Note Description: Nursing Progress Note | Text: Action:
   Pt put on heparin/asa/plavix. 
10. Date: 2128-10-16, Time: 06:37:00, Note Category: Nursing, Note Description: Nursing Progress Note | Text: Bolused w/ heparin and
   started on 1800u/hr. 
"
6f3c1417-cd03-302e-9693-23ef5f1856e4,EHR Completo,"The patient underwent a third ventriculostomy and biopsy on January 24, which showed no evidence of hemorrhage post-procedure. ",Not Supported,The reference confirms the patient underwent a third ventriculostomy on January 24 but does not mention a biopsy or provide any information about the absence of hemorrhage post-procedure.,"Hospital Admission Start: 2116-01-23 16:22:00
Hospital Admission End: 2116-02-07 16:50:00
Electronic Health Record Context
Ordered by Time (Earliest to Latest):
1. Date: 2116-01-24, Time: 14:55:00, Note Category: Radiology, Note Description: CT STEREOTAXIS W/ CONTRAST | Text: No hydrocephalus identified.

 
2. Date: 2116-01-24, Time: 15:24:00, Note Category: Radiology, Note Description: CT HEAD W/ CONTRAST | Text: No hemorrhage is
 seen in the right frontal region.

 
3. Date: 2116-01-25, Time: 04:38:00, Note Category: Physician, Note Description: Intensivist Note | Text: Now s/p 3rd
   ventriculostomy [**1-24**]
   Neurologic: Decadron 4mg q 6, Mannitol neurochecks q1. 
4. Date: 2116-02-03, Time: 17:41:00, Note Category: Radiology, Note Description: CT HEAD W/O CONTRAST | Text: No new intracranial hemorrhage.

 
5. Date: 2116-02-03, Time: 17:41:00, Note Category: Radiology, Note Description: CT HEAD W/O CONTRAST | Text: There is no new
 acute intracranial hemorrhage.  
6. Date: 2116-02-05, Time: 10:57:00, Note Category: Radiology, Note Description: CT HEAD W/O CONTRAST | Text: There is no acute intracranial hemorrhage, shift of normally midline
 structures.  
7. Date: 2116-02-05, Time: 10:57:00, Note Category: Radiology, Note Description: CT HEAD W/O CONTRAST | Text: No acute intracranial hemorrhage.  
8. Date: 2116-02-05, Time: 10:57:00, Note Category: Radiology, Note Description: CT HEAD W/O CONTRAST | Text: There is no significant change in the appearance of the lateral and the third
 ventricles compared to the most recent study allowing for the technical
 differences.

 
9. Date: 2116-02-07, Time: 05:18:00, Note Category: Physician, Note Description: Intensivist Note | Text: Subsequently went to the OR
   the following day for a stereotactic endoscopic ventriculostomy.  
"
d0766750-c3c3-3d99-e2e1-c1f095065f0e,EHR Completo,He was managed for pain and emotional support and was scheduled for head and chest CT scans. ,Supported,"The reference notes a CT scan of chest and torso was done with contrast and the patient was transported to and from CT without incident, supporting that he was managed for pain and emotional support and scheduled for head and chest CT scans.","Hospital Admission Start: 2116-01-23 16:22:00
Hospital Admission End: 2116-02-07 16:50:00
Electronic Health Record Context
Ordered by Time (Earliest to Latest):
1. Date: 2115-12-26, Time: 03:34:00, Note Category: Physician, Note Description: Physician Resident Admission Note | Text: He was given decadron 10mg IV and
   transferred to [**Hospital1 54**] for neurosurgical evaluation.
   
2. Date: 2115-12-26, Time: 16:46:00, Note Category: Nursing, Note Description: Nursing Transfer Note | Text: Patient remains alert and oriented
   throughout the day.  
3. Date: 2115-12-26, Time: 16:46:00, Note Category: Nursing, Note Description: Nursing Transfer Note | Text: He was given decadron 10mg IV and
   transferred to [**Hospital1 54**] for neurosurgical evaluation.
4. Date: 2115-12-29, Time: Unknown, Note Category: Discharge summary, Note Description: Report | Text: The
patient remained stable so it was felt he could go home and
await final pathology with close follow up in the [**Hospital **]
clinic.  
5. Date: 2115-12-29, Time: Unknown, Note Category: Discharge summary, Note Description: Report | Text: He was transfered to the oncology service for further
evaluation.
6. Date: 2115-12-29, Time: Unknown, Note Category: Discharge summary, Note Description: Report | Text: He was seen by physical therapy for his gait
instability and they recommended home physical therapy.

7. Date: 2116-01-25, Time: 18:03:00, Note Category: Nursing, Note Description: Nursing Progress Note | Text: Bs clear,  room air sats >100
   Action:
   Neuro status monitored,  ct scan of chest and torso done with contrast.
   
8. Date: 2116-02-05, Time: 10:57:00, Note Category: Radiology, Note Description: CT HEAD W/O CONTRAST | Text: MR of the head can be considered if necessary.




9. Date: 2116-02-06, Time: 06:23:00, Note Category: Respiratory, Note Description: Respiratory Care Shift Note | Text: Pt transported to and from CT without incident.

"
a9a92d9a-157e-5d2f-b9d7-a0f9011f6d0b,EHR Completo,"His vital signs stabilized, but he had a history of cognitive impairment and was not following commands.

",Not Supported,"The reference states the patient was alert and oriented and neurologically intact, which contradicts the claim of cognitive impairment and not following commands.","Hospital Admission Start: 2116-01-23 16:22:00
Hospital Admission End: 2116-02-07 16:50:00
Electronic Health Record Context
Ordered by Time (Earliest to Latest):
1. Date: 2115-12-26, Time: 01:13:00, Note Category: General, Note Description: Generic Note | Text: Currently, no specific complaints beyond gait difficulties.
   
2. Date: 2115-12-26, Time: 07:58:00, Note Category: Physician, Note Description: Physician Resident Progress Note | Text: He is currently resting comfortably and hemodynamically
   stable in the MICU.
3. Date: 2115-12-26, Time: 16:46:00, Note Category: Nursing, Note Description: Nursing Transfer Note | Text: Patient remains alert and oriented
   throughout the day.  
4. Date: 2115-12-29, Time: Unknown, Note Category: Discharge summary, Note Description: Report | Text: He did have gait
unsteadiness (a chronic issue) but no fevers, chills, sweats,
cough. 
5. Date: 2115-12-29, Time: Unknown, Note Category: Discharge summary, Note Description: Report | Text: His BP remained
stable overnight. 
6. Date: 2116-01-24, Time: 14:55:00, Note Category: Radiology, Note Description: CT STEREOTAXIS W/ CONTRAST | Text: There is moderate brain atrophy seen.  
7. Date: 2116-01-24, Time: 17:58:00, Note Category: Nursing, Note Description: Nursing Progress Note | Text: Neurologically intact although left side weaker
   than right.  
8. Date: 2116-01-25, Time: 03:26:00, Note Category: Nursing, Note Description: Nursing Progress Note | Text: Response:
   Pt neurologically intact.
   
9. Date: 2116-02-05, Time: 10:57:00, Note Category: Radiology, Note Description: CT HEAD W/O CONTRAST | Text: There is no acute intracranial hemorrhage, shift of normally midline
 structures.  
"
f1f40671-df5e-0192-1187-8925c002fafe,EHR Completo,"The patient, a 68-year-old man with a known stage III esophageal cancer, was transferred to the hospital after a fall and evaluated for a possible head bleed. ",Supported,The reference confirms the patient is a 68-year-old man with stage III esophageal cancer who was transferred after a fall and evaluated for a possible head bleed.,"Hospital Admission Start: 2116-01-23 16:22:00
Hospital Admission End: 2116-02-07 16:50:00
Electronic Health Record Context
Ordered by Time (Earliest to Latest):
1. Date: 2116-01-23, Time: 06:47:00, Note Category: Radiology, Note Description: CT HEAD W/O CONTRAST | Text: HISTORY:  68-year-old male with apparent head bleed and known brain mass,
 transferred from outside hospital after fall.

 
2. Date: 2116-01-24, Time: 10:56:00, Note Category: Nutrition, Note Description: Clinical Nutrition Note | Text: 7kg kg
   79%
   66kg
   92%
   Diagnosis: Head Bleed
   PMH : Stage III esophageal cancer, R eye prosthesis, HTN, DOE, BPH
   chronic foley, Diabetes, h/o anemia, s/p cholecystectomy, cognitive
   impairment s/p MVC, trach/PEG in [**11/2113**], open CCY in [**2104**],
3. Date: 2116-01-25, Time: 16:11:00, Note Category: Radiology, Note Description: CT ABD W&W/O C | Text: [**2116-1-25**] 4:11 PM
 CT CHEST W/CONTRAST; CT ABD W&W/O C                             Clip # [**Clip Number (Radiology) 87021**]
 CT PELVIS W/CONTRAST
 Reason: cancer staging
 Admitting Diagnosis: HEAD BLEED
 ______________________________________________________________________________
 [**Hospital 2**] MEDICAL CONDITION:
  68 year old man with known esophageal ca and cerebellar mass with increase size
  of cerebellar mass on CT.
4. Date: 2116-02-05, Time: 10:57:00, Note Category: Radiology, Note Description: CT HEAD W/O CONTRAST | Text: eval fo
 Admitting Diagnosis: HEAD BLEED
 ______________________________________________________________________________
 [**Hospital 2**] MEDICAL CONDITION:
  68 year old man with metastatic esophageal CA to cerebellum now s/p left
  cerebellar metastatic resection
 REASON FOR THIS EXAMINATION:
  s/p transfer to ICU with acute mental status change, eval for interval change
 No contraindications for IV contrast
 ______________________________________________________________________________
                                 FINAL REPORT
 INDICATION:  68-year-old male, with esophageal metastasis, status post
 resection, acute mental status change,
5. Date: 2116-02-06, Time: 01:39:00, Note Category: Radiology, Note Description: CHEST (PORTABLE AP) | Text: [**2116-2-6**] 1:39 AM
 CHEST (PORTABLE AP)                                             Clip # [**Clip Number (Radiology) 88038**]
 Reason: please assess for NGT position
 Admitting Diagnosis: HEAD BLEED
 ______________________________________________________________________________
 [**Hospital 2**] MEDICAL CONDITION:
  68 year old man with hx [**First Name9 (NamePattern2) **] [**Doctor Last Name **] esophagectomy, OGT,
6. Date: 2116-02-06, Time: 03:42:00, Note Category: Radiology, Note Description: CT CHEST W/CONTRAST | Text: ______________________________________________________________________________
                                 FINAL REPORT
 INDICATION:  68-year-old man with history of esophageal cancer metastatic to
 the cerebellum presenting with sepsis and guaiac positive stool.

 
7. Date: 2116-02-06, Time: 18:08:00, Note Category: Radiology, Note Description: CHEST (PORTABLE AP) | Text: [**2116-2-6**] 6:08 PM
 CHEST (PORTABLE AP); -77 BY DIFFERENT PHYSICIAN                 [**Name Initial (PRE) 5**] # [**Clip Number (Radiology) 88890**]
 Reason: eval interval change
 Admitting Diagnosis: HEAD BLEED
 ______________________________________________________________________________
 [**Hospital 2**] MEDICAL CONDITION:
  68 year old man with metastatic esophageal CA to cerebellum now s/p left
8. Date: 2116-02-07, Time: 04:15:00, Note Category: Radiology, Note Description: CHEST (PORTABLE AP) | Text: [**2116-2-7**] 4:15 AM
 CHEST (PORTABLE AP)                                             Clip # [**Clip Number (Radiology) 88169**]
 Reason: interval exam
 Admitting Diagnosis: HEAD BLEED
 ______________________________________________________________________________
 [**Hospital 2**] MEDICAL CONDITION:
  68yM with metastatic esophageal CA to cerebellum now s/p left cerebellar
  metastatic resection.
9. Date: 2116-02-07, Time: 05:18:00, Note Category: Physician, Note Description: Intensivist Note | Text: SICU
   HPI:
    68 y/o M with metastatic esophageal cancer to brain
   admitted 2 weeks ago after a fall.  
"
96455fe0-3964-73cf-eeff-15c1d616b8f0,EHR Completo,"A CT scan without contrast showed an interval increase in size of a left cerebellar hemorrhage, with surrounding edema and mass effect on the 4th ventricle and perimesencephalic cistern.",Supported,"The reference includes a CT head without contrast on 2116-01-23 showing interval enlargement of the left cerebellar hemorrhage with surrounding edema and mass effect on the 4th ventricle and perimesencephalic cistern, directly supporting the text.","Hospital Admission Start: 2116-01-23 16:22:00
Hospital Admission End: 2116-02-07 16:50:00
Electronic Health Record Context
Ordered by Time (Earliest to Latest):
1. Date: 2115-12-26, Time: 05:59:00, Note Category: Nursing, Note Description: Nursing Progress Note | Text: CT done here shows 2/9 cm mass in L side of cerebellum with moderate
   edema and effacement of 4^th ventricle, with ? 
2. Date: 2115-12-26, Time: 07:58:00, Note Category: Physician, Note Description: Physician Resident Progress Note | Text: 4  INR: 1.3
   Imaging: Head CT [**2115-12-25**]: 2.9 cm area of density in L cerebellar
   hemisphere, with moderate surrounding edema and effacement of 4th
   ventricle. 
3. Date: 2116-01-23, Time: 06:47:00, Note Category: Radiology, Note Description: CT HEAD W/O CONTRAST | Text: FINDINGS:  There has been interval enlargement of the left cerebellar
 hemorrhage which now measures 2.4 x 3.7 cm and previously measured 2.8 x 1.2
 cm.  
4. Date: 2116-01-23, Time: 06:47:00, Note Category: Radiology, Note Description: CT HEAD W/O CONTRAST | Text: WET READ VERSION #1 [**First Name9 (NamePattern2) 3913**] [**Doctor First Name 73**] [**2116-1-23**] 9:26 AM
  interval increase in size of left cerebellar hemorrhage now measuring 2.4 x
  3.7 cm with surrounding edema and mass effect on 4th ventricle and left aspect
  of perimesencephalic cistern. 
5. Date: 2116-01-24, Time: 07:25:00, Note Category: Nursing, Note Description: Nursing Progress Note | Text: Head Ct revealed an increase in cerebellar mass w/ surrounding edema
   and mass effect on the 4^th ventricle and left aspect of the
   perimesencephalic cistern. 
6. Date: 2116-01-24, Time: 15:24:00, Note Category: Radiology, Note Description: CT HEAD W/ CONTRAST | Text: Partially visualized is edema and enhancing lesion in the left
 cerebellar hemisphere.



7. Date: 2116-01-25, Time: 09:55:00, Note Category: Nursing, Note Description: Nursing Transfer Note | Text: Fell down on [**1-23**] and found to
   have enlarged cerebellar mass on CT.
8. Date: 2116-01-31, Time: 21:42:00, Note Category: Radiology, Note Description: CT HEAD W/O CONTRAST | Text: HEAD CT WITHOUT IV CONTRAST:  There has been suboccipital craniectomy, with
 expected pneumocephalus in the posterior fossa as well as a small amount of
 surrounding blood products (2:3).  
9. Date: 2116-02-03, Time: 17:41:00, Note Category: Radiology, Note Description: CT HEAD W/O CONTRAST | Text: There is a region of low attenuation in the left cerebellar hemisphere, which
 represents interval change compared to the prior study, which likely reflects
 area of edema.  
"
098ddfae-6563-aa22-fda3-df73c91f044d,EHR Completo,"He was also given multiple units of FFP, platelets, and vitamin K due to liver failure.

",Supported,"The reference notes multiple transfusions of FFP and platelets on 2116-02-06 and 2116-02-07, and documents liver failure with a hypocoagulable state, supporting the text that he was given multiple units of FFP, platelets, and vitamin K due to liver failure.","Hospital Admission Start: 2116-01-23 16:22:00
Hospital Admission End: 2116-02-07 16:50:00
Electronic Health Record Context
Ordered by Time (Earliest to Latest):
1. Date: 2115-12-26, Time: 20:25:00, Note Category: Nursing, Note Description: Nursing Transfer Note | Text: Lactulose, senna, colace given today.  
2. Date: 2115-12-29, Time: Unknown, Note Category: Discharge summary, Note Description: Report | Text: He was transfered to the oncology service for further
evaluation.
3. Date: 2116-02-05, Time: 06:56:00, Note Category: Nursing, Note Description: Nursing Progress Note | Text: Received multiple
   fluid boluses.
4. Date: 2116-02-06, Time: 06:33:00, Note Category: Nursing, Note Description: Nursing Progress Note | Text: Action:
   Cryo, 4units FFP, 1 unit PRBC, 2 units Plts, 2 litre boluses given.
   
5. Date: 2116-02-06, Time: 11:59:00, Note Category: Nutrition, Note Description: Clinical Nutrition Note | Text: Pt has been without adequate nutrition for
   >14days (since admit), therefore recommend starting nutrition support
   in the next 1-2days, if within pt
s plan of care.
6. Date: 2116-02-07, Time: 05:18:00, Note Category: Physician, Note Description: Intensivist Note | Text: He
   was brought to SICU in multi-system organ failure with oliguria
   requiring CVVH, liver failure, worsening hypocoagulable state, and
   severe metabolic acidosis.
   
7. Date: 2116-02-07, Time: 05:18:00, Note Category: Physician, Note Description: Intensivist Note | Text: He was intubated, started on pressors as well as broad spectrum abx. 
8. Date: 2116-02-07, Time: 06:07:00, Note Category: Nursing, Note Description: Nursing Progress Note | Text: Transfused with total 2bags platelets and 3units FFP.
   
"
349676e0-51d5-7621-20cd-000aea7767d0,EHR Completo,"He was admitted to the Surgical Intensive Care Unit (SICU) and underwent a series of diagnostic tests, including MRI scans, which revealed a left cerebellar mass with hemorrhagic foci and surrounding edema, causing compression of the fourth ventricle and effacement of the quadrigeminal cistern. ",Supported,"The reference confirms the patient had a left cerebellar mass with hemorrhagic foci and surrounding edema causing compression of the fourth ventricle and effacement of the quadrigeminal cistern, consistent with the text. The admission to the SICU and diagnostic imaging are also supported by the notes.","Hospital Admission Start: 2116-01-23 16:22:00
Hospital Admission End: 2116-02-07 16:50:00
Electronic Health Record Context
Ordered by Time (Earliest to Latest):
1. Date: 2115-12-29, Time: Unknown, Note Category: Discharge summary, Note Description: Report | Text: Per
report from the outside hospital MRI, the patient had a 3-4cm
left cerebellar mass on MRI with evidence of mass effect
(effacing the 4th ventricle),
2. Date: 2116-01-23, Time: 15:40:00, Note Category: Radiology, Note Description: MR HEAD W & W/O CONTRAST | Text: Left cerebellar mass with hemorrhagic foci and surrounding edema causing
 compression of the fourth ventricle and effacement of the quadrigeminal
 cistern.  
3. Date: 2116-01-23, Time: 15:40:00, Note Category: Radiology, Note Description: MR HEAD W & W/O CONTRAST | Text: Left cerebellar mass with hemorrhagic foci and surrounding edema causing
  compression of the fourth ventricle and effacement of the quadrigeminal
  cistern.
4. Date: 2116-01-23, Time: 15:40:00, Note Category: Radiology, Note Description: MR HEAD W & W/O CONTRAST | Text: Left cerebellar mass with hemorrhagic foci and surrounding edema causing
 effacement of the fourth ventricle and quadrigeminal cistern.
5. Date: 2116-01-23, Time: 15:40:00, Note Category: Radiology, Note Description: MR HEAD W & W/O CONTRAST | Text: FINDINGS: There is an ill-defined infiltrative enhancing mass seen in the left
 cerebellar hemisphere with surrounding edema and effacing the fourth ventricle
 and quadrigeminal cistern. 
6. Date: 2116-01-24, Time: 15:24:00, Note Category: Radiology, Note Description: CT HEAD W/ CONTRAST | Text: There is
 partial obliteration of the quadrigeminal cistern identified with some edema
 seen in the partially visualized left cerebellar hemisphere.  
7. Date: 2116-02-01, Time: 17:02:00, Note Category: Radiology, Note Description: MR HEAD W & W/O CONTRAST | Text: In the left cerebellar fossa, there is a post-surgical cavity
 filling with CSF, persistent vasogenic edema is identified in the left
 cerebellar hemisphere, producing mild narrowing of the fourth ventricle as
 well as the left cerebellar cisterns.  
8. Date: 2116-02-02, Time: 07:17:00, Note Category: Physician, Note Description: Intensivist Note | Text: Fell down on [**1-23**] and found to
   have enlarged cerebellar mass on CT, s/p 3rd ventriculostomy [**1-24**] for
   decompression.  
9. Date: 2116-02-07, Time: 05:18:00, Note Category: Physician, Note Description: Intensivist Note | Text: Workup revealed a left cerebellar
   mass causing an obstructive hydrocephalus.  
"
4a2204d8-7635-47a2-cdb3-33f1bd167db9,EHR Completo,The differential diagnosis included lymphoma versus metastatic disease.,Supported,"The reference includes multiple radiology notes explicitly stating that the differential diagnosis includes lymphoma versus metastatic disease, directly supporting the text.","Hospital Admission Start: 2116-01-23 16:22:00
Hospital Admission End: 2116-02-07 16:50:00
Electronic Health Record Context
Ordered by Time (Earliest to Latest):
1. Date: 2115-12-26, Time: 03:34:00, Note Category: Physician, Note Description: Physician Resident Admission Note | Text: Although unusual, seems
   likely this is a metastatic lesion and most likely from known primary.
   
2. Date: 2115-12-29, Time: Unknown, Note Category: Discharge summary, Note Description: Report | Text: He was transfered to the oncology service for further
evaluation.
3. Date: 2116-01-23, Time: 15:40:00, Note Category: Radiology, Note Description: MR HEAD W & W/O CONTRAST | Text: Differential diagnosis includes lymphoma versus metastatic disease.

  
4. Date: 2116-01-23, Time: 15:40:00, Note Category: Radiology, Note Description: MR HEAD W & W/O CONTRAST | Text: Differential diagnosis includes lymphoma versus metastatic disease.

 
5. Date: 2116-01-23, Time: 15:40:00, Note Category: Radiology, Note Description: MR HEAD W & W/O CONTRAST | Text: Differential
 diagnosis includes lymphoma and metastatic disease.
6. Date: 2116-01-23, Time: 15:40:00, Note Category: Radiology, Note Description: MR HEAD W & W/O CONTRAST | Text: The
 differential diagnosis includes lymphoma and metastatic etiology.

 
7. Date: 2116-01-25, Time: 16:11:00, Note Category: Radiology, Note Description: CT ABD W&W/O C | Text: There is no free fluid or lymphadenopathy.

 
8. Date: 2116-01-25, Time: 16:11:00, Note Category: Radiology, Note Description: CT ABD W&W/O C | Text: [**2116-1-25**] 4:11 PM
 CT CHEST W/CONTRAST; CT ABD W&W/O C                             Clip # [**Clip Number (Radiology) 87021**]
 CT PELVIS W/CONTRAST
 Reason: cancer staging
 Admitting Diagnosis: HEAD BLEED
 ______________________________________________________________________________
 [**Hospital 2**] MEDICAL CONDITION:
  68 year old man with known esophageal ca and cerebellar mass with increase size
  of cerebellar mass on CT.
9. Date: 2116-02-07, Time: 05:18:00, Note Category: Physician, Note Description: Intensivist Note | Text: A
   week later, the pt went back to the OR for resection of the cerebellar
   mass, which has since been reported as metastatic poorly differentiated
   adenocarcinoma. 
"
9db332d4-bada-5f8d-10a3-e77fcfd3734b,EHR Completo,"On February 1, an MRI scan showed that the previously demonstrated left cerebellar mass lesion had been removed, but there were post-surgical changes, persistent vasogenic edema, and a subtle area of enhancement in the surgical cavity. ",Supported,"The reference from February 1 MRI states the left cerebellar mass lesion had been removed, with post-surgical changes, persistent vasogenic edema, and a post-surgical cavity with subtle findings consistent with the text.","Hospital Admission Start: 2116-01-23 16:22:00
Hospital Admission End: 2116-02-07 16:50:00
Electronic Health Record Context
Ordered by Time (Earliest to Latest):
1. Date: 2115-12-26, Time: 16:46:00, Note Category: Nursing, Note Description: Nursing Transfer Note | Text: Found to have
   3-4cm left cerebellar mass on MRI with evidence of mass effect,
   vasogenic edema, ?bleeding in mass. 
2. Date: 2115-12-29, Time: Unknown, Note Category: Discharge summary, Note Description: Report | Text: Per
report from the outside hospital MRI, the patient had a 3-4cm
left cerebellar mass on MRI with evidence of mass effect
(effacing the 4th ventricle),
3. Date: 2116-01-31, Time: 05:43:00, Note Category: Radiology, Note Description: MR HEAD W/CNTRST&TUMOR VOLUMETRIC | Text: Within limits of the examination, no
 significant change in the infiltrative left cerebellar enhancing mass is seen.
 
4. Date: 2116-01-31, Time: 21:42:00, Note Category: Radiology, Note Description: CT HEAD W/O CONTRAST | Text: Distant from the
 site of cerebellar mass resection, there is no other site of edema, mass
 effect, and there is no shift of midline structures.  
5. Date: 2116-02-01, Time: 17:02:00, Note Category: Radiology, Note Description: MR HEAD W & W/O CONTRAST | Text: FINDINGS:  The previously demonstrated infiltrative left cerebellar mass
 lesion has been removed in the interim, post-surgical changes consistent with
 left occipital craniotomy are visualized as well as the frontal burr hole on
 the right.  
6. Date: 2116-02-01, Time: 17:02:00, Note Category: Radiology, Note Description: MR HEAD W & W/O CONTRAST | Text: In the left cerebellar fossa, there is a post-surgical cavity
 filling with CSF, persistent vasogenic edema is identified in the left
 cerebellar hemisphere, producing mild narrowing of the fourth ventricle as
 well as the left cerebellar cisterns.  
7. Date: 2116-02-05, Time: 10:57:00, Note Category: Radiology, Note Description: CT HEAD W/O CONTRAST | Text: Post-surgical changes in the left side of the posterior fossa, with a
 hypodense area at the site of the prior resection site,  along with slightly
 improved mass effect on the fourth ventricle compared to the most recent
 study.

 
"
6c6ec37f-bac6-faca-bd20-7f6742d1e360,EHR Completo,"The patient was extubated on February 2, and his neuro status remained essentially unchanged. ",Not Supported,"The patient was extubated on February 2, but the neuro status was noted as unchanged on February 1 and not specifically stated as unchanged on February 2; the reference does not confirm that the neuro status remained essentially unchanged after extubation on February 2.","Hospital Admission Start: 2116-01-23 16:22:00
Hospital Admission End: 2116-02-07 16:50:00
Electronic Health Record Context
Ordered by Time (Earliest to Latest):
1. Date: 2115-12-26, Time: 07:58:00, Note Category: Physician, Note Description: Physician Resident Progress Note | Text: He is currently resting comfortably and hemodynamically
   stable in the MICU.
2. Date: 2115-12-29, Time: Unknown, Note Category: Discharge summary, Note Description: Report | Text: The
patient remained stable so it was felt he could go home and
await final pathology with close follow up in the [**Hospital **]
clinic.  
3. Date: 2116-01-24, Time: 17:58:00, Note Category: Nursing, Note Description: Nursing Progress Note | Text: Neurologically intact although left side weaker
   than right.  
4. Date: 2116-01-24, Time: 17:58:00, Note Category: Nursing, Note Description: Nursing Progress Note | Text: Extubated in or.  
5. Date: 2116-01-25, Time: 03:26:00, Note Category: Nursing, Note Description: Nursing Progress Note | Text: Response:
   Pt neurologically intact.
   
6. Date: 2116-02-01, Time: 05:25:00, Note Category: Nursing, Note Description: Nursing Progress Note | Text: wean and extubated
   this am. 
7. Date: 2116-02-01, Time: 05:42:00, Note Category: Respiratory, Note Description: Respiratory Care Shift Note | Text: Reason for continuing current ventilatory support: Sedated / Paralyzed;
   Comments: Plan elective extubation this morning.
8. Date: 2116-02-01, Time: 18:37:00, Note Category: Nursing, Note Description: Nursing Progress Note | Text: Response:
   Neuro status unchanged throughout day.
   
9. Date: 2116-02-03, Time: 05:57:00, Note Category: Nursing, Note Description: Nursing Progress Note | Text: Extubated
 and weaned off sedation on Sunday [**2116-2-2**].

10. Date: 2116-02-03, Time: 17:41:00, Note Category: Radiology, Note Description: CT HEAD W/O CONTRAST | Text: The pneumocephalus is
 resolving but a small amount is persistent.
 
"
1540c5e0-dd79-ce3b-57b1-2cd2b8e06ac5,EHR Completo,"However, the patient experienced a setback requiring readmission to the ICU on February 5, with tachycardia, hypotension, and an acute mental status change. ",Supported,"The reference documents the patient's readmission to the ICU on February 5 with tachycardia and hypotension, consistent with the text's description of a setback requiring ICU readmission with these symptoms and an acute mental status change.","Hospital Admission Start: 2116-01-23 16:22:00
Hospital Admission End: 2116-02-07 16:50:00
Electronic Health Record Context
Ordered by Time (Earliest to Latest):
1. Date: 2116-02-05, Time: 06:56:00, Note Category: Nursing, Note Description: Nursing Progress Note | Text: Transferred [**2-3**] to [**Hospital Ward Name **] 11
   Triggered on floor today [**2-5**] for Tachycardia no u/[**Name Initial (MD) **] and RN
[**Name Initial (MD) **] and MD
   unable to obtain BP. 
2. Date: 2116-02-05, Time: 08:48:00, Note Category: Physician, Note Description: Intensivist Note | Text: Readmitted
   to ICU w tachycardia and hypotension
   Chief complaint:
   tachycardia/hypotension
   PMHx:
   Stage III esophageal cancer, R eye prosthesis, HTN, DOE, BPH chronic
   foley, Diabetes, h/o trach/PEG in [**11/2113**], h/o anemia in [**12/2113**], s/p
   cholecystectomy, cognitive impairment s/p MVC
   Current medications:
   1.
3. Date: 2116-02-06, Time: 16:57:00, Note Category: Nursing, Note Description: Nursing Progress Note | Text: Readmitted to ICU w florid sepsis.
   
4. Date: 2116-02-07, Time: 05:18:00, Note Category: Physician, Note Description: Intensivist Note | Text: Admit to SICU [**2-5**] with
   sepsis and multiorgan system failure
   Neuro: sedated.  
5. Date: 2116-02-07, Time: 05:18:00, Note Category: Physician, Note Description: Intensivist Note | Text: [**2-5**] the pt developed respiratory distress,
   hypotension, and tachycardia on floor and was transferred to the SICU.
   
"
f0f2520a-4829-86c4-e4f3-84495d311be1,EHR Completo,"He was reintubated and received multiple medications, including antibiotics and hydration therapy. ",Not Supported,"The reference indicates the patient was intubated and received antibiotics and pressors, but there is no mention of reintubation or hydration therapy.","Hospital Admission Start: 2116-01-23 16:22:00
Hospital Admission End: 2116-02-07 16:50:00
Electronic Health Record Context
Ordered by Time (Earliest to Latest):
1. Date: 2115-12-26, Time: 07:58:00, Note Category: Physician, Note Description: Physician Resident Progress Note | Text: He is currently resting comfortably and hemodynamically
   stable in the MICU.
2. Date: 2115-12-29, Time: Unknown, Note Category: Discharge summary, Note Description: Report | Text: He was transfered to the oncology service for further
evaluation.
3. Date: 2116-01-24, Time: 17:58:00, Note Category: Nursing, Note Description: Nursing Progress Note | Text: Extubated in or.  
4. Date: 2116-02-01, Time: 05:25:00, Note Category: Nursing, Note Description: Nursing Progress Note | Text: wean and extubated
   this am. 
5. Date: 2116-02-01, Time: 05:42:00, Note Category: Respiratory, Note Description: Respiratory Care Shift Note | Text: Reason for continuing current ventilatory support: Sedated / Paralyzed;
   Comments: Plan elective extubation this morning.
6. Date: 2116-02-03, Time: 05:57:00, Note Category: Nursing, Note Description: Nursing Progress Note | Text: Extubated
 and weaned off sedation on Sunday [**2116-2-2**].

7. Date: 2116-02-05, Time: 06:56:00, Note Category: Nursing, Note Description: Nursing Progress Note | Text: Received multiple
   fluid boluses.
8. Date: 2116-02-07, Time: 05:18:00, Note Category: Physician, Note Description: Intensivist Note | Text: Flows cut back and also brought additional body warmer in case needed.
   
9. Date: 2116-02-07, Time: 05:18:00, Note Category: Physician, Note Description: Intensivist Note | Text: He was intubated, started on pressors as well as broad spectrum abx. 
"
7405f258-91ac-3930-4927-2412d0126402,EHR Completo,"Throughout his hospital stay, the patient required ongoing management of his neurological status, pain, and anxiety, as well as treatment for septic shock, fluid overload, and metabolic acidosis. ",Not Supported,"The reference mentions management of sepsis, multi-organ failure, sedation, and metabolic acidosis but does not provide information about ongoing management of neurological status, pain, or anxiety, nor does it explicitly mention treatment for fluid overload or anxiety.","Hospital Admission Start: 2116-01-23 16:22:00
Hospital Admission End: 2116-02-07 16:50:00
Electronic Health Record Context
Ordered by Time (Earliest to Latest):
1. Date: 2115-12-26, Time: 01:13:00, Note Category: General, Note Description: Generic Note | Text: TITLE:
   MICU ATTENDING ADDENDUM
   I saw and examined the patient, and was physically present with the ICU
   team for the key portions of the services provided. 
2. Date: 2115-12-26, Time: 03:34:00, Note Category: Physician, Note Description: Physician Resident Admission Note | Text: He was given decadron 10mg IV and
   transferred to [**Hospital1 54**] for neurosurgical evaluation.
   
3. Date: 2115-12-26, Time: 07:58:00, Note Category: Physician, Note Description: Physician Resident Progress Note | Text: He is currently resting comfortably and hemodynamically
   stable in the MICU.
4. Date: 2115-12-26, Time: 16:46:00, Note Category: Nursing, Note Description: Nursing Transfer Note | Text: He was given decadron 10mg IV and
   transferred to [**Hospital1 54**] for neurosurgical evaluation.
5. Date: 2115-12-29, Time: Unknown, Note Category: Discharge summary, Note Description: Report | Text: The
patient remained stable so it was felt he could go home and
await final pathology with close follow up in the [**Hospital **]
clinic.  
6. Date: 2116-02-07, Time: 05:18:00, Note Category: Physician, Note Description: Intensivist Note | Text: Admit to SICU [**2-5**] with
   sepsis and multiorgan system failure
   Neuro: sedated.  
7. Date: 2116-02-07, Time: 05:18:00, Note Category: Physician, Note Description: Intensivist Note | Text: He
   was brought to SICU in multi-system organ failure with oliguria
   requiring CVVH, liver failure, worsening hypocoagulable state, and
   severe metabolic acidosis.
   
"
298f3674-4277-9c9d-75b9-53b668fda4cb,EHR Completo,"On February 7, despite aggressive treatment, the patient's condition remained unstable, and after a family meeting with the doctor, it was decided to stop treatment due to the unsurvivable situation. ",Supported,"The reference notes on 2116-02-07 indicate agreement to stop treatment and care withdrawal, supporting the text that treatment was stopped due to an unsurvivable situation after a family meeting.","Hospital Admission Start: 2116-01-23 16:22:00
Hospital Admission End: 2116-02-07 16:50:00
Electronic Health Record Context
Ordered by Time (Earliest to Latest):
1. Date: 2115-12-26, Time: 03:34:00, Note Category: Physician, Note Description: Physician Resident Admission Note | Text: He is stating an unwillingness to undergo procedures in the future.
   
2. Date: 2115-12-29, Time: Unknown, Note Category: Discharge summary, Note Description: Report | Text: The
patient remained stable so it was felt he could go home and
await final pathology with close follow up in the [**Hospital **]
clinic.  
3. Date: 2115-12-29, Time: Unknown, Note Category: Discharge summary, Note Description: Report | Text: He was transfered to the oncology service for further
evaluation.
4. Date: 2115-12-29, Time: Unknown, Note Category: Discharge summary, Note Description: Report | Text: We did not stop any of your medications, please take all your
medications as directed.

5. Date: 2115-12-29, Time: Unknown, Note Category: Discharge summary, Note Description: Report | Text: Patient continued
on home Amantadine.

6. Date: 2115-12-29, Time: Unknown, Note Category: Discharge summary, Note Description: Report | Text: The results of this are still pending, but there was no evidence
for infection.  
7. Date: 2116-02-02, Time: 16:18:00, Note Category: Nursing, Note Description: Nursing Progress Note | Text: Immediately became
   very agitated, hypertensive and uncooperative, trying to get out of bed
   and interfere with treatment.
   
8. Date: 2116-02-03, Time: 05:57:00, Note Category: Nursing, Note Description: Nursing Progress Note | Text: Plan:
   Continue to monitor of increased agitation and treat with
   non-pharmacological as well as pharmacological interventions.

9. Date: 2116-02-07, Time: 17:05:00, Note Category: Nursing, Note Description: Nursing Progress Note | Text: All in agreement to stop treatment, and provide [**Name (STitle) 1396**] only to family.
   
10. Date: 2116-02-07, Time: 17:05:00, Note Category: Nursing, Note Description: Nursing Progress Note | Text: Care withdrawn @1530, vent left on on lower rate.
   
"
63c3af56-948e-25d9-f752-2e3f9e91d612,EHR Completo,"The patient's care was withdrawn, and morphine was administered to manage symptoms. ",Supported,"The reference notes that care was withdrawn on 2116-02-07 at 15:30 and morphine was administered (morphine sulfate IVP on 2116-02-03 and transition to morphine prn), supporting the text that care was withdrawn and morphine was used to manage symptoms.","Hospital Admission Start: 2116-01-23 16:22:00
Hospital Admission End: 2116-02-07 16:50:00
Electronic Health Record Context
Ordered by Time (Earliest to Latest):
1. Date: 2115-12-26, Time: 03:34:00, Note Category: Physician, Note Description: Physician Resident Admission Note | Text: He was given decadron 10mg IV and
   transferred to [**Hospital1 54**] for neurosurgical evaluation.
   
2. Date: 2115-12-26, Time: 16:46:00, Note Category: Nursing, Note Description: Nursing Transfer Note | Text: He was given decadron 10mg IV and
   transferred to [**Hospital1 54**] for neurosurgical evaluation.
3. Date: 2115-12-29, Time: Unknown, Note Category: Discharge summary, Note Description: Report | Text: The
patient remained stable so it was felt he could go home and
await final pathology with close follow up in the [**Hospital **]
clinic.  
4. Date: 2116-02-01, Time: 18:37:00, Note Category: Nursing, Note Description: Nursing Progress Note | Text: Action:
   Medicated with iv fentanyl.
   
5. Date: 2116-02-03, Time: 05:57:00, Note Category: Nursing, Note Description: Nursing Progress Note | Text: Action:
   Administration of morphine sulfate IVP.
   
6. Date: 2116-02-03, Time: 05:57:00, Note Category: Nursing, Note Description: Nursing Progress Note | Text: Extubated
 and weaned off sedation on Sunday [**2116-2-2**].

7. Date: 2116-02-03, Time: 07:40:00, Note Category: Physician, Note Description: Intensivist Note | Text: discontinued fentanyl and transitioned to morphine prn
   yesterday.
   
8. Date: 2116-02-06, Time: 06:33:00, Note Category: Nursing, Note Description: Nursing Progress Note | Text: Withdraws to painful stimuli. 
9. Date: 2116-02-07, Time: 17:05:00, Note Category: Nursing, Note Description: Nursing Progress Note | Text: Care withdrawn @1530, vent left on on lower rate.
   
"
ae5a654d-37ad-a8cc-31e1-5d605160ef66,EHR Completo,The patient was pronounced dead at 1650 with the family present and in agreement with the plan.,Supported,"The reference notes that the patient was pronounced dead at 1650 and that all family were present and in agreement with the plan, directly supporting the text.","Hospital Admission Start: 2116-01-23 16:22:00
Hospital Admission End: 2116-02-07 16:50:00
Electronic Health Record Context
Ordered by Time (Earliest to Latest):
1. Date: 2115-12-26, Time: 07:58:00, Note Category: Physician, Note Description: Physician Resident Progress Note | Text: He is currently resting comfortably and hemodynamically
   stable in the MICU.
2. Date: 2115-12-29, Time: Unknown, Note Category: Discharge summary, Note Description: Report | Text: The
patient remained stable so it was felt he could go home and
await final pathology with close follow up in the [**Hospital **]
clinic.  
3. Date: 2115-12-29, Time: Unknown, Note Category: Discharge summary, Note Description: Report | Text: He was transfered to the oncology service for further
evaluation.
4. Date: 2116-01-25, Time: 16:11:00, Note Category: Radiology, Note Description: CT ABD W&W/O C | Text: This lesion is stable from
 [**2114-12-13**].
 
5. Date: 2116-02-01, Time: 17:02:00, Note Category: Radiology, Note Description: MR HEAD W & W/O CONTRAST | Text: Close followup in this region is
  recommended to demonstrate stability.
 
6. Date: 2116-02-06, Time: 05:12:00, Note Category: Physician, Note Description: Intensivist Note | Text: Close followup in this region is recommended to
   demonstrate stability.
   
7. Date: 2116-02-07, Time: 17:05:00, Note Category: Nursing, Note Description: Nursing Progress Note | Text: All in agreement to stop treatment, and provide [**Name (STitle) 1396**] only to family.
   
8. Date: 2116-02-07, Time: 17:05:00, Note Category: Nursing, Note Description: Nursing Progress Note | Text: Patient pronounced at 1650.
   
9. Date: 2116-02-07, Time: 17:05:00, Note Category: Nursing, Note Description: Nursing Progress Note | Text: All family present, all in agreement with plan.
   
"
e31f24d4-036e-d2d3-398b-208ff377d612,EHR Completo,"On February 6, the patient developed a florid septic picture, with severe diffuse large bowel thickening, likely due to severe colitis, possibly caused by C. difficile. ",Supported,"The reference documents severe diffuse large bowel thickening on February 6 likely due to severe colitis, with C. difficile as the most likely cause, and notes a florid septic picture with multiorgan failure secondary to C. difficile infection.","Hospital Admission Start: 2116-01-23 16:22:00
Hospital Admission End: 2116-02-07 16:50:00
Electronic Health Record Context
Ordered by Time (Earliest to Latest):
1. Date: 2116-02-06, Time: 03:42:00, Note Category: Radiology, Note Description: CT CHEST W/CONTRAST | Text: Diffuse wall thickening from the cecum to the splenic flexure likely
 reflects severe colitis with C. difficile being the most likely pathogen.

 
2. Date: 2116-02-06, Time: 03:42:00, Note Category: Radiology, Note Description: CT CHEST W/CONTRAST | Text: [**Month (only) **] relate to
  severe 3rd spacing or other causes of pan colitis such as c. diff.
3. Date: 2116-02-06, Time: 03:42:00, Note Category: Radiology, Note Description: CT CHEST W/CONTRAST | Text: Severe diffuse large bowel thickening which
  is dilated and stool filled with nml appearing small bowel.  
4. Date: 2116-02-06, Time: 03:42:00, Note Category: Radiology, Note Description: CT CHEST W/CONTRAST | Text: The rectum is prolapsed and the wall is thickened. 
5. Date: 2116-02-06, Time: 11:59:00, Note Category: Nutrition, Note Description: Clinical Nutrition Note | Text: Given pt
s large
   amount of stool output and likely c diff colitis, pt will likely need
   TPN for now.
   
6. Date: 2116-02-07, Time: 05:18:00, Note Category: Physician, Note Description: Intensivist Note | Text: etiology
   of clinical picture and his multi-system organ failure likely from
   infectious colitis possibly due to C. difficile. 
7. Date: 2116-02-07, Time: 05:18:00, Note Category: Physician, Note Description: Intensivist Note | Text: CT abdomen shows severe diffuse large bowel thickening which
   is dilated and stool filled with normal appearing small bowel. 
8. Date: 2116-02-07, Time: 05:18:00, Note Category: Physician, Note Description: Intensivist Note | Text: Admit to SICU [**2-5**] with
   sepsis and multiorgan system failure secondary to c diff.
   
"
10fb55a1-337b-b6bc-3970-014f908eb71b,EHR Completo,"He was treated with broad-spectrum antibiotics, vasopressin, norepinephrine, and propofol infusions. ",Supported,"The reference documents treatment with broad-spectrum antibiotics, vasopressin, norepinephrine, and propofol infusions, matching the text exactly.","Hospital Admission Start: 2116-01-23 16:22:00
Hospital Admission End: 2116-02-07 16:50:00
Electronic Health Record Context
Ordered by Time (Earliest to Latest):
1. Date: 2116-02-02, Time: 16:18:00, Note Category: Nursing, Note Description: Nursing Progress Note | Text: Haldo, ativan and Fentanyl given.
   
2. Date: 2116-02-03, Time: 07:40:00, Note Category: Physician, Note Description: Intensivist Note | Text: PM
   Levofloxacin - [**2116-2-3**] 04:00 AM
   Infusions:
   Other ICU medications:
   Metoprolol - [**2116-2-2**] 02:00 PM
   Fentanyl - [**2116-2-2**] 04:00 PM
   Lorazepam (Ativan) - [**2116-2-2**] 04:30 PM
   Hydralazine - [**2116-2-2**] 11:02
3. Date: 2116-02-06, Time: 05:12:00, Note Category: Physician, Note Description: Intensivist Note | Text: STOP [**2116-2-5**] 11:58 PM
   Post operative day:
   POD#6 - ws/p craniotomy
   Allergies:
   No Known Drug Allergies
   Last dose of Antibiotics:
   Infusions:
   Vasopressin - 1.2 units/hour
   Propofol - 15 mcg/Kg/min
   Norepinephrine - 0.
4. Date: 2116-02-06, Time: 11:59:00, Note Category: Nutrition, Note Description: Clinical Nutrition Note | Text: Pertinent medications: Levophed, Vasopressin, propofol, D5 c/ Bicarb
   @100cc/hr,
5. Date: 2116-02-07, Time: 05:18:00, Note Category: Physician, Note Description: Intensivist Note | Text: He was intubated, started on pressors as well as broad spectrum abx. 
6. Date: 2116-02-07, Time: 06:07:00, Note Category: Nursing, Note Description: Nursing Progress Note | Text: Action:
   Initially weaned off levo and neo on low dose, but eventually needed to
   increase dose of vasopressin.
   
"
7c4968b0-893c-bff5-32c4-f02742922b83,EHR Completo,"His condition was critical, requiring close monitoring and multidisciplinary care. ",Supported,"The reference describes the patient as critically ill, requiring intubation, pressors, broad spectrum antibiotics, and transfer to the SICU due to respiratory distress, hypotension, and tachycardia, which supports the text stating his condition was critical and required close monitoring and multidisciplinary care.","Hospital Admission Start: 2116-01-23 16:22:00
Hospital Admission End: 2116-02-07 16:50:00
Electronic Health Record Context
Ordered by Time (Earliest to Latest):
1. Date: 2115-12-26, Time: 01:13:00, Note Category: General, Note Description: Generic Note | Text: Patient is critically ill.
2. Date: 2115-12-26, Time: 07:58:00, Note Category: Physician, Note Description: Physician Resident Progress Note | Text: He is currently resting comfortably and hemodynamically
   stable in the MICU.
3. Date: 2115-12-26, Time: 16:46:00, Note Category: Nursing, Note Description: Nursing Transfer Note | Text: Patient remains alert and oriented
   throughout the day.  
4. Date: 2115-12-29, Time: Unknown, Note Category: Discharge summary, Note Description: Report | Text: The
patient remained stable so it was felt he could go home and
await final pathology with close follow up in the [**Hospital **]
clinic.  
5. Date: 2115-12-29, Time: Unknown, Note Category: Discharge summary, Note Description: Report | Text: They also recommended close BP control (SBP <140) so the patient
was transferred to the MICU for monitoring. 
6. Date: 2115-12-29, Time: Unknown, Note Category: Discharge summary, Note Description: Report | Text: He was transfered to the oncology service for further
evaluation.
7. Date: 2116-02-07, Time: 05:18:00, Note Category: Physician, Note Description: Intensivist Note | Text: He was intubated, started on pressors as well as broad spectrum abx. 
8. Date: 2116-02-07, Time: 05:18:00, Note Category: Physician, Note Description: Intensivist Note | Text: [**2-5**] the pt developed respiratory distress,
   hypotension, and tachycardia on floor and was transferred to the SICU.
   
"
b25f8ad4-4961-c9a5-9c82-5a1ae734d335,EHR Completo,"The patient was diagnosed with multisystem organ failure, including renal failure, liver failure, and severe metabolic acidosis, and was given maximal support with ventilation, CRRT, and triple pressors. ",Supported,"The reference documents multisystem organ failure including renal failure (oliguria requiring CVVH/CRRT), liver failure (shock liver with deteriorating labs), and severe metabolic acidosis, along with maximal support using ventilation, CRRT, and triple pressors.","Hospital Admission Start: 2116-01-23 16:22:00
Hospital Admission End: 2116-02-07 16:50:00
Electronic Health Record Context
Ordered by Time (Earliest to Latest):
1. Date: 2116-02-06, Time: 05:12:00, Note Category: Physician, Note Description: Intensivist Note | Text: Severe metabolic acidosis, improving - cont bicarb
   gtt, trend lactates.
2. Date: 2116-02-06, Time: 05:12:00, Note Category: Physician, Note Description: Intensivist Note | Text: Severe metabolic acidosis, improving - cont bicarb
   gtt, trend lactates. 
3. Date: 2116-02-06, Time: 16:57:00, Note Category: Nursing, Note Description: Nursing Progress Note | Text: Response:
   Maximally support with CRRT/ventilation and triple pressors.
   
4. Date: 2116-02-06, Time: 16:57:00, Note Category: Nursing, Note Description: Nursing Progress Note | Text: cognitive impairment s/p MVC
   Sepsis, Severe (with organ dysfunction)
   Assessment:
   Florid sepsis with complete multisytem organ failure--?cdif colitis
   origin of sepsis
   l
   Action:
   Complete Respiratory support w/ventilator
   renal support w/ CRRT
   Shock liver with deteriorating lab values, given multiple units of FFP,
   platelets and Vit k
   Family in, spoke w/ Dr.
5. Date: 2116-02-07, Time: 04:30:00, Note Category: Respiratory, Note Description: Respiratory Care Shift Note | Text: ventilation to control pH
   Reason for continuing current ventilatory support: Underlying illness
   not resolved
   Pt has a severe metabolic acidosis.
6. Date: 2116-02-07, Time: 05:18:00, Note Category: Physician, Note Description: Intensivist Note | Text: He
   was brought to SICU in multi-system organ failure with oliguria
   requiring CVVH, liver failure, worsening hypocoagulable state, and
   severe metabolic acidosis.
   
7. Date: 2116-02-07, Time: 05:18:00, Note Category: Physician, Note Description: Intensivist Note | Text: Metabolic acidosis in
   setting of shock. 
8. Date: 2116-02-07, Time: 06:07:00, Note Category: Nursing, Note Description: Nursing Progress Note | Text: Sepsis, Severe (with organ dysfunction)
   Assessment:
   Hemodynamically unstable
   Episodes of dropping  cardiac output
   Coagulopathic
   Hypothermic
   Persistent metabolic acidosis.
   
"
cce5bab5-168c-5735-f64b-e1175cae2d18,EHR Completo,"On January 31, the patient underwent a suboccipital craniectomy, which showed expected post-operative changes, including pneumocephalus and small blood products, but no large hemorrhage or shift of midline structures. ",Supported,"The reference describes post-suboccipital craniectomy changes including pneumocephalus and small blood products without large hemorrhage or midline shift, which fully supports the text.","Hospital Admission Start: 2116-01-23 16:22:00
Hospital Admission End: 2116-02-07 16:50:00
Electronic Health Record Context
Ordered by Time (Earliest to Latest):
1. Date: 2116-01-31, Time: 21:42:00, Note Category: Radiology, Note Description: CT HEAD W/O CONTRAST | Text: Expected post-suboccipital craniectomy changes, with pneumocephalus and
 small amount of resulting blood products.

 
2. Date: 2116-01-31, Time: 21:42:00, Note Category: Radiology, Note Description: CT HEAD W/O CONTRAST | Text: patient to come
  directly from OR
 No contraindications for IV contrast
 ______________________________________________________________________________
                                  PFI REPORT
 Post suboccipital craniectomy changes with no unexpected hemorrhage.  
3. Date: 2116-01-31, Time: 21:42:00, Note Category: Radiology, Note Description: CT HEAD W/O CONTRAST | Text: HEAD CT WITHOUT IV CONTRAST:  There has been suboccipital craniectomy, with
 expected pneumocephalus in the posterior fossa as well as a small amount of
 surrounding blood products (2:3).  
4. Date: 2116-01-31, Time: 21:42:00, Note Category: Radiology, Note Description: CT HEAD W/O CONTRAST | Text: ______________________________________________________________________________
                                 FINAL REPORT
 HISTORY:  68-year-old male with suboccipital craniectomy and mass excision.
5. Date: 2116-02-03, Time: 05:57:00, Note Category: Nursing, Note Description: Nursing Progress Note | Text: A debulking surgery was per
formed to and around the cerebellum by the neurosurgical service here at [**Hospital1 54**] (
per nursing report only, no neurosurgery note available at this time). 
6. Date: 2116-02-03, Time: 12:27:00, Note Category: Nutrition, Note Description: Clinical Nutrition Note | Text: M s/p craniotomy and resection of cerebellar mass [**1-31**],
   extubated [**2-2**].  
7. Date: 2116-02-03, Time: 17:41:00, Note Category: Radiology, Note Description: CT HEAD W/O CONTRAST | Text: The patient is
 post-suboccipital craniotomy, with continued fluid in the postoperative bed.
 
8. Date: 2116-02-03, Time: 17:41:00, Note Category: Radiology, Note Description: CT HEAD W/O CONTRAST | Text: Status post occipital craniotomy with surgical changes in the craniotomy
 bed and edema in the left cerebellar hemisphere, similar in extent to MR done
 on [**2116-2-1**].  
9. Date: 2116-02-05, Time: 10:57:00, Note Category: Radiology, Note Description: CT HEAD W/O CONTRAST | Text: FINDINGS:

 Patient is status post left-sided suboccipital craniotomy.
10. Date: 2116-02-05, Time: 10:57:00, Note Category: Radiology, Note Description: CT HEAD W/O CONTRAST | Text: There is no acute intracranial hemorrhage, shift of normally midline
 structures.  
"
a0ad74d3-2317-c446-7859-5495ed723cb9,EHR Completo,"Post-operatively, the patient was intubated and received mechanical ventilation. ",Supported,"The reference notes multiple instances indicating the patient was intubated and received mechanical ventilation post-operatively, including statements such as 'Pt received intubated on full vent support' and 'He was intubated, started on pressors as well as broad spectrum abx.'","Hospital Admission Start: 2116-01-23 16:22:00
Hospital Admission End: 2116-02-07 16:50:00
Electronic Health Record Context
Ordered by Time (Earliest to Latest):
1. Date: 2115-12-26, Time: 01:13:00, Note Category: General, Note Description: Generic Note | Text: Patient is critically ill.
2. Date: 2116-01-24, Time: 17:58:00, Note Category: Nursing, Note Description: Nursing Progress Note | Text: Extubated in or.  
3. Date: 2116-02-01, Time: 05:25:00, Note Category: Nursing, Note Description: Nursing Progress Note | Text: wean and extubated
   this am. 
4. Date: 2116-02-02, Time: 07:17:00, Note Category: Physician, Note Description: Intensivist Note | Text: Pulmonary: Extubate today.  
5. Date: 2116-02-06, Time: 06:23:00, Note Category: Respiratory, Note Description: Respiratory Care Shift Note | Text: Respiratory Care Shift Procedures
   Transports:
   Destination (R/T)
   Time
   Complications
   Comments
   Bedside Procedures:
   Comments: Pt received intubated on full vent support. 
6. Date: 2116-02-06, Time: 06:33:00, Note Category: Nursing, Note Description: Nursing Progress Note | Text: Sedated on Propofol. 
7. Date: 2116-02-07, Time: 05:18:00, Note Category: Physician, Note Description: Intensivist Note | Text: He was intubated, started on pressors as well as broad spectrum abx. 
8. Date: 2116-02-07, Time: 05:18:00, Note Category: Physician, Note Description: Intensivist Note | Text: Pulm: Intubated [**2-5**]. 
"
cdab7f54-0d39-ef0f-03c1-9f9af1ce18d2,EHR Completo,"His vital signs were stable, and he was being treated for altered mental status, diabetes, and acute pain. ",Supported,"The reference notes altered mental status, diabetes mellitus type II, and acute pain as part of the patient's assessment and plan, and also indicates he was stable at various points, supporting the text's statement about stable vital signs and treatment for these conditions.","Hospital Admission Start: 2116-01-23 16:22:00
Hospital Admission End: 2116-02-07 16:50:00
Electronic Health Record Context
Ordered by Time (Earliest to Latest):
1. Date: 2115-12-26, Time: 07:58:00, Note Category: Physician, Note Description: Physician Resident Progress Note | Text: He is currently resting comfortably and hemodynamically
   stable in the MICU.
2. Date: 2115-12-26, Time: 20:25:00, Note Category: Nursing, Note Description: Nursing Transfer Note | Text: Patient remains alert and oriented
   throughout the day.  
3. Date: 2115-12-29, Time: Unknown, Note Category: Discharge summary, Note Description: Report | Text: The
patient remained stable so it was felt he could go home and
await final pathology with close follow up in the [**Hospital **]
clinic.  
4. Date: 2115-12-29, Time: Unknown, Note Category: Discharge summary, Note Description: Report | Text: His BP remained
stable overnight. 
5. Date: 2115-12-29, Time: Unknown, Note Category: Discharge summary, Note Description: Report | Text: He did have gait
unsteadiness (a chronic issue) but no fevers, chills, sweats,
cough. 
6. Date: 2116-02-06, Time: 05:12:00, Note Category: Physician, Note Description: Intensivist Note | Text: ALTERED
   MENTAL STATUS (NOT DELIRIUM), .H/O DIABETES MELLITUS (DM), TYPE II,
   ACUTE PAIN
   Assessment and Plan: 68yM with metastatic esophageal CA to cerebellum
   now s/p left cerebellar metastatic resection, readmitted to SICU with
   florid septic picture, unclear source.
   
7. Date: 2116-02-07, Time: 05:18:00, Note Category: Physician, Note Description: Intensivist Note | Text: He was intubated, started on pressors as well as broad spectrum abx. 
"
10f3ccfb-c86d-5c12-f260-1872566fb443,EHR Completo,"The plan was to wean him off the ventilator, monitor his neurological status, and manage his pain and blood sugar levels.

",Supported,"The reference notes plans to wean and extubate the patient, monitor neurological status (noted as sedated and followed commands inconsistently), and manage pain with medication as needed. Blood sugar management is not explicitly mentioned but monitoring and managing pain and ventilator weaning are clearly supported.","Hospital Admission Start: 2116-01-23 16:22:00
Hospital Admission End: 2116-02-07 16:50:00
Electronic Health Record Context
Ordered by Time (Earliest to Latest):
1. Date: 2116-02-01, Time: 05:25:00, Note Category: Nursing, Note Description: Nursing Progress Note | Text: wean and extubated
   this am. 
2. Date: 2116-02-01, Time: 05:25:00, Note Category: Nursing, Note Description: Nursing Progress Note | Text: during
   the night propofol weaned down and pt currently followed commands
   inconsitently.
3. Date: 2116-02-01, Time: 05:25:00, Note Category: Nursing, Note Description: Nursing Progress Note | Text: Pt weaned to cpap with pressure support. 
4. Date: 2116-02-01, Time: 05:42:00, Note Category: Respiratory, Note Description: Respiratory Care Shift Note | Text: Reason for continuing current ventilatory support: Sedated / Paralyzed;
   Comments: Plan elective extubation this morning.
5. Date: 2116-02-01, Time: 18:37:00, Note Category: Nursing, Note Description: Nursing Progress Note | Text: Plan:
   Continue propofol gtt until ready to extubate. 
6. Date: 2116-02-01, Time: 18:37:00, Note Category: Nursing, Note Description: Nursing Progress Note | Text: Plan:
   Continue to monitor pain and medicate prn.

7. Date: 2116-02-02, Time: 05:32:00, Note Category: Respiratory, Note Description: Respiratory Care Shift Note | Text: Reason for continuing current ventilatory support: Sedated / Paralyzed;
   Comments: Elective extubation in AM.
8. Date: 2116-02-02, Time: 07:17:00, Note Category: Physician, Note Description: Intensivist Note | Text: Pulmonary: Extubate today
   Gastrointestinal / Abdomen: NPO
   Nutrition: NPO
   Renal: monitor UOP.  
9. Date: 2116-02-03, Time: 05:57:00, Note Category: Nursing, Note Description: Nursing Progress Note | Text: Extubated
 and weaned off sedation on Sunday [**2116-2-2**].

10. Date: 2116-02-07, Time: 05:18:00, Note Category: Physician, Note Description: Intensivist Note | Text: Admit to SICU [**2-5**] with
   sepsis and multiorgan system failure
   Neuro: sedated.  
"
58a77b64-0677-13dc-5904-2bfa037c6767,EHR Completo,"After stabilization, attempts were made to wean him off sedation and ventilator settings, and he was eventually extubated on the second hospital day. ",Not Supported,"The reference indicates the patient was intubated and sedated, with sedation changes and restlessness noted, and that he self-extubated prior to the planned extubation. There is no mention of attempts to wean sedation or ventilator settings or that he was extubated on the second hospital day.","Hospital Admission Start: 2198-08-02 17:41:00
Hospital Admission End: 2198-08-04 12:12:00
Electronic Health Record Context
Ordered by Time (Earliest to Latest):
1. Date: 2198-08-02, Time: 19:30:00, Note Category: Physician, Note Description: Physician Resident Admission Note | Text: However, he then had to be intubated due to behavior, in 4
   pt restraints. 
2. Date: 2198-08-02, Time: 19:30:00, Note Category: Physician, Note Description: Physician Resident Admission Note | Text: Transferred to MICU intubated, sedated and hemodynamically stable.
   
3. Date: 2198-08-02, Time: 19:30:00, Note Category: Physician, Note Description: Physician Resident Admission Note | Text: Upon arrival to the floor, pt is sedated/intubated.
   
4. Date: 2198-08-02, Time: 19:30:00, Note Category: Physician, Note Description: Physician Resident Admission Note | Text: Called EMS, walked into ambulance and was given narcan per
   protocol at which point patient became agitated and more confused and
   needed intubation in ED for agitation and large doses of
   benzos/narcotics to control behavior.
   
5. Date: 2198-08-02, Time: 19:30:00, Note Category: Physician, Note Description: Physician Resident Admission Note | Text: He was given ativan and 4mg morphine
   initially. 
6. Date: 2198-08-03, Time: 05:13:00, Note Category: Nursing, Note Description: Nursing Progress Note | Text: Around 2330
   sedation changed to propofol because he was restless on the bed
   w/Fentanyl 100mics/min and versed 3mg/hr he required  boluses.
   
7. Date: 2198-08-03, Time: 15:27:00, Note Category: Nursing, Note Description: Nursing Transfer Note | Text: He self
   extubated, just prior to the planned extubation.  
"
3e183e01-ca30-0d24-20f4-562e9e45197b,EHR Completo,"Following extubation, the patient's condition improved, and he was found to have taken Ambien instead of his prescribed methadone, which led to his altered mental state.",Supported,"The reference states that after extubation the patient was confused and disoriented but then recalled mixing up his medication and taking Ambien instead of methadone, which explains his altered mental state, fully supporting the text.","Hospital Admission Start: 2198-08-02 17:41:00
Hospital Admission End: 2198-08-04 12:12:00
Electronic Health Record Context
Ordered by Time (Earliest to Latest):
1. Date: 2198-08-02, Time: 19:30:00, Note Category: Physician, Note Description: Physician Resident Admission Note | Text: He was given ativan and 4mg morphine
   initially. 
2. Date: 2198-08-02, Time: 19:30:00, Note Category: Physician, Note Description: Physician Resident Admission Note | Text: Pt was given narcan by EMS which escalated pt's AMS.
   
3. Date: 2198-08-02, Time: 19:30:00, Note Category: Physician, Note Description: Physician Resident Admission Note | Text: Called EMS, walked into ambulance and was given narcan per
   protocol at which point patient became agitated and more confused and
   needed intubation in ED for agitation and large doses of
   benzos/narcotics to control behavior.
   
4. Date: 2198-08-03, Time: 05:13:00, Note Category: Nursing, Note Description: Nursing Progress Note | Text: Around 2330
   sedation changed to propofol because he was restless on the bed
   w/Fentanyl 100mics/min and versed 3mg/hr he required  boluses.
   
5. Date: 2198-08-03, Time: 06:59:00, Note Category: Physician, Note Description: Physician Resident Progress Note | Text: Pt was given narcan by EMS which escalated pt's AMS.
6. Date: 2198-08-03, Time: 15:27:00, Note Category: Nursing, Note Description: Nursing Transfer Note | Text: After extubation, he
   was very confused and completely disoriented.
7. Date: 2198-08-03, Time: 15:27:00, Note Category: Nursing, Note Description: Nursing Transfer Note | Text: Action:
   Reorientation several times throughout the morning, he spoke with his
   wife trying to
put the pieces back together
   Response:
   As he started to clear he was able to remember that he had mixed up his
   medication and took ambien instead of his methadone yesterday
   afternoon.
8. Date: 2198-08-03, Time: 15:27:00, Note Category: Nursing, Note Description: Nursing Transfer Note | Text: He self
   extubated, just prior to the planned extubation.  
"
c4477c25-0fa4-9ea1-d405-0d0f1a18713c,EHR Completo,"The patient was admitted to the ICU with altered mental status (AMS), agitation, and a urinary tract infection (UTI). ",Supported,"The reference notes the patient presented with altered mental status (AMS), agitation, and evidence of a urinary tract infection (UTI) upon admission to the hospital and ICU, supporting the text.","Hospital Admission Start: 2198-08-02 17:41:00
Hospital Admission End: 2198-08-04 12:12:00
Electronic Health Record Context
Ordered by Time (Earliest to Latest):
1. Date: 2198-08-02, Time: 19:30:00, Note Category: Physician, Note Description: Physician Resident Admission Note | Text: [**11-3**]
   QT/QTC 420/430
   Assessment and Plan
   Assessment and Plan: Pt is a 61 y.o male with h.o prostate ca with
   fistulous and infectious complications, pelvis osteo, PE,
   nephrolithiasis, HL, chronic back and LLE pain, [**Doctor Last Name 598**], UTIs, multiple
   leg debridements with presents with AMS and evidence of UTI.
   
2. Date: 2198-08-02, Time: 19:30:00, Note Category: Physician, Note Description: Physician Resident Admission Note | Text: Upon arrival to the [**Name (NI) **], pt thought to be in acute opiate w/d agitated,
   writhing. 
3. Date: 2198-08-02, Time: 19:30:00, Note Category: Physician, Note Description: Physician Resident Admission Note | Text: However, he then had to be intubated due to behavior, in 4
   pt restraints. 
4. Date: 2198-08-03, Time: 06:59:00, Note Category: Physician, Note Description: Physician Resident Progress Note | Text: She states that he was acting slightly combative and
   anxious this week but otherwise had no other symptoms of infection,
   usually does not have symptoms of UTI.
5. Date: 2198-08-03, Time: 06:59:00, Note Category: Physician, Note Description: Physician Resident Progress Note | Text: 3 mmol/L, Albumin:3.7 g/dL, LDH:185 IU/L, Ca++:8.9 mg/dL,
   Mg++:1.9 mg/dL, PO4:2.9 mg/dL
   Assessment and Plan
 URINARY TRACT INFECTION (UTI)
 ALTERED MENTAL STATUS (NOT DELIRIUM)
   .
6. Date: 2198-08-03, Time: 06:59:00, Note Category: Physician, Note Description: Physician Resident Progress Note | Text: Assessment and Plan: Pt is a 61 y.o male with h.o prostate ca with
   fistulous and infectious complications, pelvis osteo, PE,
   nephrolithiasis, HL, chronic back and LLE pain, [**Doctor Last Name 598**], UTIs, multiple
   leg debridements with presents with AMS and evidence of UTI.
   
7. Date: 2198-08-03, Time: 15:27:00, Note Category: Nursing, Note Description: Nursing Transfer Note | Text: After extubation, he
   was very confused and completely disoriented.
"
b0f6b04c-6f0c-e805-314a-9ed093a1d298,EHR Completo,"He was intubated and sedated due to agitated behavior and was found to have positive toxicology screens for benzodiazepines, barbiturates, and methadone. ",Supported,"The reference states the patient was intubated due to agitation and had positive toxicology screens for benzodiazepines, barbiturates, and methadone, which fully supports the text.","Hospital Admission Start: 2198-08-02 17:41:00
Hospital Admission End: 2198-08-04 12:12:00
Electronic Health Record Context
Ordered by Time (Earliest to Latest):
1. Date: 2198-08-02, Time: 19:30:00, Note Category: Physician, Note Description: Physician Resident Admission Note | Text: Pt was given narcan by EMS which escalated pt's AMS.
   
2. Date: 2198-08-02, Time: 19:30:00, Note Category: Physician, Note Description: Physician Resident Admission Note | Text: However, he then had to be intubated due to behavior, in 4
   pt restraints. 
3. Date: 2198-08-02, Time: 19:30:00, Note Category: Physician, Note Description: Physician Resident Admission Note | Text: Called EMS, walked into ambulance and was given narcan per
   protocol at which point patient became agitated and more confused and
   needed intubation in ED for agitation and large doses of
   benzos/narcotics to control behavior.
   
4. Date: 2198-08-02, Time: 19:30:00, Note Category: Physician, Note Description: Physician Resident Admission Note | Text: He was given ativan and 4mg morphine
   initially. 
5. Date: 2198-08-02, Time: 19:30:00, Note Category: Physician, Note Description: Physician Resident Admission Note | Text: In addition, pt with tox screen positive for benzos, barbs, and
   methadone. 
6. Date: 2198-08-03, Time: 05:13:00, Note Category: Nursing, Note Description: Nursing Progress Note | Text: Around 2330
   sedation changed to propofol because he was restless on the bed
   w/Fentanyl 100mics/min and versed 3mg/hr he required  boluses.
   
"
cf2b711a-9e77-fbbf-9718-cf2cac9f835e,EHR Completo,"The etiology of his AMS was unclear, but possible causes included infection, toxic metabolic disorder, or intracranial process. ",Supported,"The reference notes that the etiology of AMS was unclear initially, with possible causes including toxic metabolic disorder and infectious etiologies such as bacteremia, UTI, or meningitis, which aligns with the text stating possible causes as infection, toxic metabolic disorder, or intracranial process.","Hospital Admission Start: 2198-08-02 17:41:00
Hospital Admission End: 2198-08-04 12:12:00
Electronic Health Record Context
Ordered by Time (Earliest to Latest):
1. Date: 2198-08-02, Time: 19:30:00, Note Category: Physician, Note Description: Physician Resident Admission Note | Text: Toxic metabolic is most-likely etiology. 
2. Date: 2198-08-02, Time: 19:30:00, Note Category: Physician, Note Description: Physician Resident Admission Note | Text: Pt had AMS at home, noted by workmen in house who found him naked and
   confused. 
3. Date: 2198-08-03, Time: 06:59:00, Note Category: Physician, Note Description: Physician Resident Progress Note | Text: #AMS-unclear etiology at this point. 
4. Date: 2198-08-03, Time: 06:59:00, Note Category: Physician, Note Description: Physician Resident Progress Note | Text: Infectious etiology
   such as bacteremia, UTI, or menigitis are possible. 
"
c9716950-6faf-7a95-ca83-c1385d4bea01,EHR Completo,He was treated with broad-spectrum antibiotics and sedation.,Not Supported,The reference mentions sedation with various medications but does not mention treatment with broad-spectrum antibiotics.,"Hospital Admission Start: 2198-08-02 17:41:00
Hospital Admission End: 2198-08-04 12:12:00
Electronic Health Record Context
Ordered by Time (Earliest to Latest):
1. Date: 2198-08-02, Time: 19:30:00, Note Category: Physician, Note Description: Physician Resident Admission Note | Text: He was given ativan and 4mg morphine
   initially. 
2. Date: 2198-08-02, Time: 19:30:00, Note Category: Physician, Note Description: Physician Resident Admission Note | Text: Called EMS, walked into ambulance and was given narcan per
   protocol at which point patient became agitated and more confused and
   needed intubation in ED for agitation and large doses of
   benzos/narcotics to control behavior.
   
3. Date: 2198-08-02, Time: 19:30:00, Note Category: Physician, Note Description: Physician Resident Admission Note | Text: However, he then had to be intubated due to behavior, in 4
   pt restraints. 
4. Date: 2198-08-03, Time: 05:13:00, Note Category: Nursing, Note Description: Nursing Progress Note | Text: Around 2330
   sedation changed to propofol because he was restless on the bed
   w/Fentanyl 100mics/min and versed 3mg/hr he required  boluses.
   
5. Date: 2198-08-03, Time: 05:13:00, Note Category: Nursing, Note Description: Nursing Progress Note | Text: He was given 2mg IV narcan.
   
6. Date: 2198-08-03, Time: 15:27:00, Note Category: Nursing, Note Description: Nursing Transfer Note | Text: At home he is on methadone, percocet for breakthrough
   pain and venlafaxadine.
7. Date: 2198-08-03, Time: 15:27:00, Note Category: Nursing, Note Description: Nursing Transfer Note | Text: He self
   extubated, just prior to the planned extubation.  
"
c6541ef9-6aba-7ece-287a-dc4bc6aa5ff1,EHR Completo,"He was transferred to the floor, where he continued to recover and was planned for discharge with a regular pain medication schedule and education on separating his medications at home to prevent similar incidents.",Supported,"The reference notes indicate the patient was transferred to the floor, continued on a regular pain medication schedule, and was given education on separating medications at home to prevent recurrence, which fully supports the text.","Hospital Admission Start: 2198-08-02 17:41:00
Hospital Admission End: 2198-08-04 12:12:00
Electronic Health Record Context
Ordered by Time (Earliest to Latest):
1. Date: 2198-08-02, Time: 19:30:00, Note Category: Physician, Note Description: Physician Resident Admission Note | Text: Upon arrival to the floor, pt is sedated/intubated.
   
2. Date: 2198-08-02, Time: 19:30:00, Note Category: Physician, Note Description: Physician Resident Admission Note | Text: He was given ativan and 4mg morphine
   initially. 
3. Date: 2198-08-02, Time: 19:30:00, Note Category: Physician, Note Description: Physician Resident Admission Note | Text: However, he then had to be intubated due to behavior, in 4
   pt restraints. 
4. Date: 2198-08-03, Time: 15:27:00, Note Category: Nursing, Note Description: Nursing Transfer Note | Text: Plan:
   Continue with regular pain med schedule, starting slowly, gradually
   getting back to the levels he was at, at home.
   
5. Date: 2198-08-03, Time: 15:27:00, Note Category: Nursing, Note Description: Nursing Transfer Note | Text: After this point he began to become more clear, was
   completely alert, oriented and was pleasant and cooperative
   Plan:
   Suggestions made to separate his meds at home so this doesn
t occur
   again, patient is back to baseline.  
6. Date: 2198-08-03, Time: 15:27:00, Note Category: Nursing, Note Description: Nursing Transfer Note | Text: At home he is on methadone, percocet for breakthrough
   pain and venlafaxadine.
7. Date: 2198-08-03, Time: 15:27:00, Note Category: Nursing, Note Description: Nursing Transfer Note | Text: Orders were written to restart
   methadone and venlafaxine (tonight)
   Response:
   Great relief with sitting up in the chair.  
8. Date: 2198-08-03, Time: 15:27:00, Note Category: Nursing, Note Description: Nursing Transfer Note | Text: Patient is eager to get up
   and start moving around again.  
"
90bac79c-0735-51d8-27cd-9eb1415280ba,EHR Completo,"He was also treated for acute renal failure, bacteremia, and hypernatremia. ",Not Supported,"The reference states treatment for acute renal failure and infections but does not mention treatment for bacteremia or hypernatremia; sodium was corrected to normal at discharge, indicating hypernatremia was not treated as ongoing.","Hospital Admission Start: 2182-05-20 06:20:00
Hospital Admission End: 2182-05-30 17:30:00
Electronic Health Record Context
Ordered by Time (Earliest to Latest):
1. Date: 2180-10-31, Time: 12:53:00, Note Category: Physician, Note Description: Physician Resident/Attending Admission Note - MICU | Text: At this time he was treated with
   Zosyn/Vancomycin/Ciprofloxacin for presumed HAP.
2. Date: 2180-11-07, Time: Unknown, Note Category: Discharge summary, Note Description: Report | Text: At this time he
was treated with Zosyn/Vancomycin/Ciprofloxacin for presumed
HAP. 
3. Date: 2180-11-07, Time: Unknown, Note Category: Discharge summary, Note Description: Report | Text: Renal was following and tacrolimus dose was
increased to 4mg [**Hospital1 **].  
4. Date: 2180-11-07, Time: Unknown, Note Category: Discharge summary, Note Description: Report | Text: He was no longer requiring
diuretics and Is/Os were kept even.


5. Date: 2182-05-16, Time: Unknown, Note Category: Discharge summary, Note Description: Report | Text: You were treated for acute renal failure, a pneumonia, and a
urinary tract infection.


6. Date: 2182-05-16, Time: Unknown, Note Category: Discharge summary, Note Description: Report | Text: His sodium corrected and was 139 at the
time of discharge.

7. Date: 2182-05-16, Time: Unknown, Note Category: Discharge summary, Note Description: Report | Text: He was started on
ciprofloxacin 500mg NG [**Hospital1 **] x 7 days (complicated UTI with foley
catheter in place).  
8. Date: 2182-05-16, Time: Unknown, Note Category: Discharge summary, Note Description: Report | Text: He was initially
treated with with flagyl, levofloxacin, and Vancomycin for
presumed pneumonia.  
9. Date: 2182-05-20, Time: 10:04:00, Note Category: Physician, Note Description: Physician Resident Admission Note | Text: He was discharged
   with a dobhoff feeding tube and on tube feeds.
"
6565f860-8455-5b69-5914-f90662b57ad9,EHR Completo,"The patient showed improvement with treatment, including the discontinuation of invasive ventilation and the removal of his PICC line.

",Not Supported,The reference notes that the patient was stable on ventilator and that the PICC line stayed in; there is no mention of discontinuation of invasive ventilation or removal of the PICC line.,"Hospital Admission Start: 2182-05-20 06:20:00
Hospital Admission End: 2182-05-30 17:30:00
Electronic Health Record Context
Ordered by Time (Earliest to Latest):
1. Date: 2180-11-01, Time: 03:37:00, Note Category: Radiology, Note Description: CHEST (PORTABLE AP) | Text: Nevertheless, there has been interval
 improvement in the left mid lung consolidation.  
2. Date: 2180-11-07, Time: Unknown, Note Category: Discharge summary, Note Description: Report | Text: The patient was extubated without complication
and was breathing comfortably on room air. 
3. Date: 2182-05-04, Time: 02:52:00, Note Category: Physician, Note Description: Physician Resident Admission Note | Text: Now stable on ventilator with good oxygenation and
   appropriate pressures.
4. Date: 2182-05-06, Time: 07:24:00, Note Category: Physician, Note Description: Physician Resident/Attending Progress Note - MICU | Text: Now stable on ventilator with
   good oxygenation and appropriate pressures. 
5. Date: 2182-05-07, Time: 07:20:00, Note Category: Physician, Note Description: Physician Resident Progress Note | Text: Now
   stable on ventilator with good oxygenation and appropriate pressures.
   
6. Date: 2182-05-22, Time: 04:09:00, Note Category: Radiology, Note Description: CHEST (PORTABLE AP) | Text: Lung ventilation is improved, with decreased left
 lower lobe atelectasis.
7. Date: 2182-05-22, Time: 07:47:00, Note Category: Physician, Note Description: Physician Resident Progress Note | Text: - PICC line stayed in.
"
f85e9e42-3cc1-3d3b-207c-99d3b440e967,EHR Completo,"A 62-year-old man with a history of anoxic brain injury, type one diabetes, and recurrent aspiration pneumonia was admitted to the ICU with respiratory failure, suspected aspiration pneumonia, and acute renal failure. ",Supported,"The reference documents a 62-year-old man with anoxic brain injury, type one diabetes, and recurrent aspiration pneumonia admitted with respiratory failure and pneumonia, consistent with the text. Acute renal failure is not explicitly mentioned but the overall clinical picture supports the text's summary.","Hospital Admission Start: 2182-05-20 06:20:00
Hospital Admission End: 2182-05-30 17:30:00
Electronic Health Record Context
Ordered by Time (Earliest to Latest):
1. Date: 2180-11-01, Time: 03:37:00, Note Category: Radiology, Note Description: CHEST (PORTABLE AP) | Text: HISTORY:  61-year-old man with hypoxic respiratory failure.
2. Date: 2182-05-15, Time: 07:40:00, Note Category: Physician, Note Description: Physician Resident/Attending Progress Note - MICU | Text: anoxic brain
   injury, DM, HTN, hx of aspiration and hx of TBM who presents to an OSH
   with respiratory failure requiring intubation.  
3. Date: 2182-05-16, Time: Unknown, Note Category: Discharge summary, Note Description: Report | Text: History of Present Illness:
61 yo Russian-speaking man w/anoxic brain injury and with hx of
DMI, s/p cadaveric kidney transplant([**2175**]), h/o CVA and chronic
aspiration (multiple admissions for aspiration PNA - last [**3-19**]),
CABG in [**2170**], widespread tracheomalacia with trach stent, who
presented to an OSH with respiratory distress.  
4. Date: 2182-05-22, Time: 07:47:00, Note Category: Physician, Note Description: Physician Resident Progress Note | Text: Assessment and Plan
   62 year old man with history of anoxic brain injury, type one diabetesI
   and recurrent aspiration PNA s/p tracheostomy who presents after
   witnessed aspiration event with pneumonia, DKA and NSTEMI.
   
5. Date: 2182-05-22, Time: 17:56:00, Note Category: Nursing, Note Description: Nursing Progress Note | Text: HISTORY OF PRESENT ILLNESS:
   62 y/o Russian-speaking man with past medical history significant for V
   fib arrest c/b anoxic brain injury, CAD s/p CABG, DMI, s/p cadaveric
   kidney transplant, h/o CVA and recurrent aspirations most recently
   requiring ICU admission [**Date range (1) 12129**], then sent to rehab and readmitted
   with hypoxemia, fever and leukokcytosis on [**5-20**] found to have recurrent
   aspiration PNA, DKA, and UTI.
6. Date: 2182-05-23, Time: 07:10:00, Note Category: Physician, Note Description: Physician Resident Progress Note | Text: type one diabetesI
   and recurrent aspiration PNA s/p tracheostomy who presents after
   witnessed aspiration event with pneumonia, DKA and NSTEMI.
7. Date: 2182-05-23, Time: 12:22:00, Note Category: Nutrition, Note Description: Clinical Nutrition Note | Text: Male recently hospitalized for aspiration PNA, now readmitted
   with hypoxia, pulmonary edema, PNA, NSTEMI and DKA.  
"
35f26cda-afc9-cf66-9eff-c5a27edf20b0,EHR Completo,"He was treated with antibiotics, including vancomycin and cefepime, and was started on an insulin drip for diabetic ketoacidosis. ",Supported,"The reference shows treatment with vancomycin and cefepime antibiotics and initiation of insulin infusion for diabetic ketoacidosis, supporting the text.","Hospital Admission Start: 2182-05-20 06:20:00
Hospital Admission End: 2182-05-30 17:30:00
Electronic Health Record Context
Ordered by Time (Earliest to Latest):
1. Date: 2180-10-31, Time: 12:53:00, Note Category: Physician, Note Description: Physician Resident/Attending Admission Note - MICU | Text: At this time he was treated with
   Zosyn/Vancomycin/Ciprofloxacin for presumed HAP.
2. Date: 2180-11-07, Time: Unknown, Note Category: Discharge summary, Note Description: Report | Text: At this time he
was treated with Zosyn/Vancomycin/Ciprofloxacin for presumed
HAP. 
3. Date: 2182-05-04, Time: 14:58:00, Note Category: Nursing, Note Description: Nursing Progress Note | Text: Given antibiotics.  
4. Date: 2182-05-16, Time: Unknown, Note Category: Discharge summary, Note Description: Report | Text: He was initially
treated with with flagyl, levofloxacin, and Vancomycin for
presumed pneumonia.  
5. Date: 2182-05-16, Time: Unknown, Note Category: Discharge summary, Note Description: Report | Text: Patient received a total 10 day course of antibiotics.


6. Date: 2182-05-16, Time: Unknown, Note Category: Discharge summary, Note Description: Report | Text: These antiobiotics were later changed to
azithromycin and cefepime (course outlined below). 
7. Date: 2182-05-16, Time: Unknown, Note Category: Discharge summary, Note Description: Report | Text: He was started on
ciprofloxacin 500mg NG [**Hospital1 **] x 7 days (complicated UTI with foley
catheter in place).  
8. Date: 2182-05-21, Time: 09:55:00, Note Category: Physician, Note Description: Physician Attending Progress Note | Text: Haldol (Injection) (Haloperidol Lactate)
   Confusion/Delir
   Last dose of Antibiotics:
   Metronidazole - [**2182-5-21**] 02:26 AM
   Cefipime - [**2182-5-21**] 05:33 AM
   Infusions:
   Insulin - Regular - 2.5 units/hour
   Other ICU medications:
   Lansoprazole (Prevacid) - [**2182-5-20**] 12:00 PM
9. Date: 2182-05-24, Time: 13:04:00, Note Category: Nursing, Note Description: Nursing Transfer Note | Text: All antibiotics off exept for
   IV cefapime for e.coli in urine..  Poor peripheral access, currently
   with 1 20 guage IV
   Presented to ED in DKA, treated with IV fluids and IV insulin along
   with free water.
   
"
06255243-ac33-aed0-7fb6-74d536825ba2,EHR Completo,The patient required invasive ventilation through a tracheostomy tube and was also receiving treatment for his renal transplant and was on prophylaxis for DVT and stress ulcer.,Supported,"The reference notes the patient was intubated and later underwent tracheostomy, indicating invasive ventilation through a tracheostomy tube. The patient has a history of renal transplant and was started on antibiotics and prednisone post-operatively, consistent with treatment. Although DVT and stress ulcer prophylaxis are not explicitly mentioned, the overall clinical context supports the text's statements.","Hospital Admission Start: 2182-05-20 06:20:00
Hospital Admission End: 2182-05-30 17:30:00
Electronic Health Record Context
Ordered by Time (Earliest to Latest):
1. Date: 2180-11-07, Time: Unknown, Note Category: Discharge summary, Note Description: Report | Text: The patient was extubated without complication
and was breathing comfortably on room air. 
2. Date: 2180-11-07, Time: Unknown, Note Category: Discharge summary, Note Description: Report | Text: While
on invasive ventilation had versed and fentanyl for sedation. 
3. Date: 2182-05-04, Time: 03:02:00, Note Category: Nursing, Note Description: Nursing Progress Note | Text: 62M h/o CAD s/p vfib arrest anoxic brain injury, aspiration pna, renal
   failure s/p renal transplant, tracheobronchomalacia s/p stent, iddm
   presented to OSH ED with resp distress, SOB, tachypnea, hypoxia with
   sats low 90s but intubated for increased [**Hospital 31**] transferred to [**Hospital1 54**] for
   further management.
4. Date: 2182-05-14, Time: 14:55:00, Note Category: Rehab Services, Note Description: Physical Therapy Evaluation Note | Text: On [**5-6**] pt taken
   to OR and underwent tracheostomy and started on antibiotics and
   prednisone post-operatively.
"
2f437854-97a2-ee50-48fa-e68ceac0b932,EHR Completo,He was eventually weaned off the ventilator and was considered for cardiac catheterization. ,Not Addressed,"The reference mentions the patient was intubated, sedated, on ventilator, and had difficulty recovering breathing, but does not state that he was weaned off the ventilator or considered for cardiac catheterization.","Hospital Admission Start: 2182-05-20 06:20:00
Hospital Admission End: 2182-05-30 17:30:00
Electronic Health Record Context
Ordered by Time (Earliest to Latest):
1. Date: 2180-11-01, Time: 17:00:00, Note Category: Respiratory, Note Description: Respiratory Care Shift Note | Text: Pt received orally intubated and vented. 
2. Date: 2180-11-07, Time: Unknown, Note Category: Discharge summary, Note Description: Report | Text: The patient was extubated without complication
and was breathing comfortably on room air. 
3. Date: 2182-05-04, Time: 02:52:00, Note Category: Physician, Note Description: Physician Resident Admission Note | Text: He was brought back to the floor
   intubated and sedated.
4. Date: 2182-05-04, Time: 04:25:00, Note Category: Respiratory, Note Description: Respiratory Care Shift Note | Text: Pt
   was sedated, on vent with no spontaneous respirations over set rate.
   
5. Date: 2182-05-08, Time: 07:16:00, Note Category: Physician, Note Description: Physician Resident Progress Note | Text: Had
   been on ventilator with good oxygenation and appropriate pressures and
   this morning tolerating trach mask.
   
6. Date: 2182-05-16, Time: Unknown, Note Category: Discharge summary, Note Description: Report | Text: He was brought back to the floor intubated
and sedated. 
7. Date: 2182-05-16, Time: Unknown, Note Category: Discharge summary, Note Description: Report | Text: He required
intubation and had complication with stent displacement at OSH.

8. Date: 2182-05-23, Time: 15:17:00, Note Category: Rehab Services, Note Description: PMV & Swallow Evaluation | Text: Additional POs were
not given and the valve was not replaced [**3-12**] difficulty
recovering his breathing. 
"
eca0c6e8-cefb-a51b-0ffe-5278353fda89,EHR Completo,"The patient's treatment plan included monitoring for cardiac biomarkers, managing his diabetes and hypertension, and addressing his acute renal failure and hypernatremia.

",Not Supported,"The reference mentions monitoring renal labs, urine output, and renal dosing of medications, as well as managing medications related to cardiac and renal conditions, but it does not explicitly mention managing diabetes, hypertension, or hypernatremia.","Hospital Admission Start: 2182-05-20 06:20:00
Hospital Admission End: 2182-05-30 17:30:00
Electronic Health Record Context
Ordered by Time (Earliest to Latest):
1. Date: 2180-11-02, Time: 07:09:00, Note Category: Physician, Note Description: Physician Resident Progress Note | Text: In discussion with
   renal will add back ACE first and then home beta blocker as needed.
   
2. Date: 2180-11-02, Time: 07:09:00, Note Category: Physician, Note Description: Physician Resident/Attending Progress Note - MICU | Text: Agree with plan to continue gentle diuresis with HCTZ 12.5mg QD for
   acute on chronic systolic CHF, goal -500cc today. 
3. Date: 2180-11-02, Time: 14:13:00, Note Category: Nursing, Note Description: Nursing Transfer Note | Text: Plan:
   Monitor renal labs, monitor UOP and pt
s fluid status to preserve renal
   function and prevent fluid overload/resp compromise.
   
4. Date: 2182-05-05, Time: 02:35:00, Note Category: Nursing, Note Description: Nursing Progress Note | Text: Plan:
   Follow up tacrolimus level, continue to monitor urine output, all meds
   being renally dosed.
5. Date: 2182-05-06, Time: 17:33:00, Note Category: Nursing, Note Description: Nursing Progress Note | Text: Plan:
   Following tacrolimus levels [sent this am], monitor UOP, Renal dosed
   meds.
   
6. Date: 2182-05-16, Time: Unknown, Note Category: Discharge summary, Note Description: Report | Text: As his hospitalization progressed, he was restarted
on his home medications including metoprolol and enalapril.

7. Date: 2182-05-16, Time: Unknown, Note Category: Discharge summary, Note Description: Report | Text: His home enalapril was held pending
resolution of his renal failure. 
8. Date: 2182-05-23, Time: 07:10:00, Note Category: Physician, Note Description: Physician Resident Progress Note | Text: - renally dose medication
   - Enalapril restarted [**5-22**] (discussed with renal)
   - renal transplant recs: monitor CK in setting of pravastatin and
   tacrolimus interaction
   - trend creatinine
   - continue IVF
   - [**Hospital1 **] electrolytes
   .
   
9. Date: 2182-05-23, Time: 11:38:00, Note Category: General, Note Description: Attending Progress Note | Text: Continue asa, lopressor, enalapril, and
   statin.  
"
df931bb6-582f-88b7-37bf-325de9cb3431,EHR Completo,"The patient was also evaluated for dysphagia, and a video oropharyngeal swallow examination revealed a swallow delay, with penetration without aspiration noted with nectar consistency.",Supported,"The reference includes a video oropharyngeal swallow evaluation noting swallow delay and penetration without aspiration with nectar consistency, directly supporting the text.","Hospital Admission Start: 2182-05-20 06:20:00
Hospital Admission End: 2182-05-30 17:30:00
Electronic Health Record Context
Ordered by Time (Earliest to Latest):
1. Date: 2180-10-31, Time: 12:53:00, Note Category: Physician, Note Description: Physician Resident Admission Note | Text: No witnessed aspiration event. 
2. Date: 2182-05-23, Time: 15:17:00, Note Category: Rehab Services, Note Description: PMV & Swallow Evaluation | Text: A swallow evaluation was
completed and he was advanced to nectar thick liquids and ground
solids.
3. Date: 2182-05-23, Time: 15:17:00, Note Category: Rehab Services, Note Description: PMV & Swallow Evaluation | Text: A swallow was also completed and he had
repeat swallows and delayed coughing concerning for possible
pharyngeal residue. 
4. Date: 2182-05-23, Time: 15:17:00, Note Category: Rehab Services, Note Description: PMV & Swallow Evaluation | Text: GREEN DYE SWALLOW EVALUATION:
Pt was seen with ice chips, nectar thick liquids (tsp, cup,
straw) and purees mixed with green food coloring with the PMV in
place. 
5. Date: 2182-05-24, Time: 13:26:00, Note Category: Radiology, Note Description: VIDEO OROPHARYNGEAL SWALLOW | Text: Swallow delay is noted.
6. Date: 2182-05-24, Time: 13:26:00, Note Category: Radiology, Note Description: VIDEO OROPHARYNGEAL SWALLOW | Text: There was penetration with nectar
 without aspiration.  
7. Date: 2182-05-24, Time: 14:52:00, Note Category: Rehab Services, Note Description: Video Swallow Evaluation | Text: [**Known lastname 12161**] presented with a moderate oral and mild pharyngeal
dysphagia with impaired chewing and bolus control and a mild
swallow delay resulting in deep penetration and risk for
aspiration with nectar thick liquids.
8. Date: 2182-05-24, Time: 14:52:00, Note Category: Rehab Services, Note Description: Video Swallow Evaluation | Text: ASPIRATION/PENETRATION:
Pt with deep penetration to the level of the vocal cords on
several boluses of nectar thick liquids [**3-12**] premature spillover
and swallow delay. 
9. Date: 2182-05-24, Time: 14:52:00, Note Category: Rehab Services, Note Description: Video Swallow Evaluation | Text: All penetration was cleared at the height of
the swallow and no aspiration was seen, but noted thin liquids
were not given [**3-12**] the risk.
"
f969e10d-491e-122a-05f3-47fbee827b42,EHR Completo,"The patient's condition was closely monitored, with a focus on managing his multiple comorbidities and preventing further complications. ",Supported,"The reference notes multiple instances of monitoring and assessment by medical teams, continuation of home medications, and involvement of specialty services, indicating close monitoring and management of the patient's condition and comorbidities.","Hospital Admission Start: 2182-05-20 06:20:00
Hospital Admission End: 2182-05-30 17:30:00
Electronic Health Record Context
Ordered by Time (Earliest to Latest):
1. Date: 2182-05-04, Time: 04:25:00, Note Category: Respiratory, Note Description: Respiratory Care Shift Note | Text: Pt to continue current support and will be assessed
   by MD team for any further plan of care.

2. Date: 2182-05-05, Time: 04:17:00, Note Category: Respiratory, Note Description: Respiratory Care Shift Note | Text: Pt to continue current support and will be monitored until
   surgical team replacent airway stent.

3. Date: 2182-05-15, Time: 01:52:00, Note Category: Nursing, Note Description: Nursing Progress Note | Text: Plan:
   Continue to monitor respiratory status and deep sxn as needed.

4. Date: 2182-05-15, Time: 05:11:00, Note Category: General, Note Description: Generic Note | Text: Pt to continue current
   support and to be assessed by MD for further plan of care.

5. Date: 2182-05-16, Time: 05:13:00, Note Category: General, Note Description: Generic Note | Text: Pt remains on current support and will   be
   assessed by MD team for further plan of care,

6. Date: 2182-05-16, Time: Unknown, Note Category: Discharge summary, Note Description: Report | Text: The
renal transplant service was aware of patient and followed
throughout the admission. 
7. Date: 2182-05-16, Time: Unknown, Note Category: Discharge summary, Note Description: Report | Text: The patient was continued on his home dose
aspirin and statin.

8. Date: 2182-05-16, Time: Unknown, Note Category: Discharge summary, Note Description: Report | Text: The patient was also continued on his home
dose of prednisone at 4mg daily.  
9. Date: 2182-05-22, Time: 17:46:00, Note Category: Physician, Note Description: Cardiology Consult | Text: Please
   see his note in the inpatient medical record/OMR/metavision for
   additional comments.

10. Date: 2182-05-23, Time: 15:17:00, Note Category: Rehab Services, Note Description: PMV & Swallow Evaluation | Text: He has been during subsequent admissions and is known to
chronically aspirate thin liquids silently, or without overt
coughing. 
"
d63a4a4d-8359-9c34-2db3-c9ab3c252596,EHR Completo,"The patient's condition continued to improve, and he was eventually transferred to the floor with a plan for continued management of his complex medical conditions, including cardiac catheterization and possible PEG tube placement.",Not Supported,The reference indicates the patient was discharged with a dobhoff feeding tube and on tube feeds but does not mention transfer to the floor with plans for cardiac catheterization or possible PEG tube placement.,"Hospital Admission Start: 2182-05-20 06:20:00
Hospital Admission End: 2182-05-30 17:30:00
Electronic Health Record Context
Ordered by Time (Earliest to Latest):
1. Date: 2182-05-04, Time: 02:52:00, Note Category: Physician, Note Description: Physician Resident Admission Note | Text: He was brought back to the floor
   intubated and sedated.
2. Date: 2182-05-04, Time: 04:25:00, Note Category: Respiratory, Note Description: Respiratory Care Shift Note | Text: Pt to continue current support and will be assessed
   by MD team for any further plan of care.

3. Date: 2182-05-09, Time: 16:56:00, Note Category: Case Management, Note Description: DC Planning | Text: CM explained that pt is ready to transfer to
   LTAC from the ICU, [**Hospital 12**] Rehab is unable to offer a bed at this time,
   and that additional referrals need to be made to find bed at
   appropriate level of care. 
4. Date: 2182-05-16, Time: 05:13:00, Note Category: General, Note Description: Generic Note | Text: Pt remains on current support and will   be
   assessed by MD team for further plan of care,

5. Date: 2182-05-16, Time: 17:05:00, Note Category: Nursing, Note Description: Nursing Progress Note | Text: Patient tracks and would sometimes  follow commands.  
6. Date: 2182-05-16, Time: Unknown, Note Category: Discharge summary, Note Description: Report | Text: He was brought back to the floor intubated
and sedated. 
7. Date: 2182-05-21, Time: 14:42:00, Note Category: Nursing, Note Description: Nursing Progress Note | Text: He was discharged
   with a dobhoff feeding tube and on tube feeds.
"
660fdd54-963c-bac8-9057-995fed34ae9e,EHR Completo,"The patient was unable to chew solids and was recommended to initiate a PO diet of honey thick liquids and pureed solids, with aspiration precautions and continued nutrition follow-up to monitor his intake and adjust tube feeds as necessary.

",Supported,"The reference notes that the patient could not chew solids, was recommended to initiate a PO diet of honey thick liquids and pureed solids, and aspiration precautions were advised due to difficulty following commands for smaller sips, consistent with the text.","Hospital Admission Start: 2182-05-20 06:20:00
Hospital Admission End: 2182-05-30 17:30:00
Electronic Health Record Context
Ordered by Time (Earliest to Latest):
1. Date: 2180-10-31, Time: 14:51:00, Note Category: Physician, Note Description: Physician Resident Admission Note | Text: Suggests consider PEG placement for long
   term nutrition, currently swallow is poor and pt should only have small
   amounts of thickened fluids.
   
2. Date: 2182-05-16, Time: Unknown, Note Category: Discharge summary, Note Description: Report | Text: # Nutrition
The patient had a Dobhoff feeding tube placed and was started on
tube feeds for nutrition.


3. Date: 2182-05-20, Time: 12:21:00, Note Category: Physician, Note Description: Physician Attending Admission Note - MICU | Text: He is able to eat, feed himself at baseline.
   
4. Date: 2182-05-22, Time: 01:58:00, Note Category: Nursing, Note Description: Nursing Progress Note | Text: He was discharged
   with a dobhoff feeding tube and on tube feeds.
5. Date: 2182-05-23, Time: 15:17:00, Note Category: Rehab Services, Note Description: PMV & Swallow Evaluation | Text: A swallow evaluation was
completed and he was advanced to nectar thick liquids and ground
solids.
6. Date: 2182-05-24, Time: 13:26:00, Note Category: Radiology, Note Description: VIDEO OROPHARYNGEAL SWALLOW | Text: The patient could not chew any solids.

 
7. Date: 2182-05-24, Time: 14:52:00, Note Category: Rehab Services, Note Description: Video Swallow Evaluation | Text: As such, suggest he initiate a PO
diet of honey thick liquids and pureed solids but I feel his
intake will be limited. 
8. Date: 2182-05-24, Time: 14:52:00, Note Category: Rehab Services, Note Description: Video Swallow Evaluation | Text: Suggest a PO diet of honey thick liquids and pureed solids.

9. Date: 2182-05-24, Time: 14:52:00, Note Category: Rehab Services, Note Description: Video Swallow Evaluation | Text: Risk of aspiration is
reduced with smaller sips, but he could not consistently follow
commands to take smaller sips. 
"
ae7fe870-8d6a-aedf-be16-536e309411bc,EHR Completo,"The patient's cardiac status was closely monitored, and an electrocardiogram (ECG) showed evidence of a prior anterolateral myocardial infarction. ",Supported,"The reference contains multiple ECG reports indicating prior anterolateral myocardial infarction, including a specific report on 2182-05-27 confirming prior anterolateral myocardial infarction, supporting the text.","Hospital Admission Start: 2182-05-20 06:20:00
Hospital Admission End: 2182-05-30 17:30:00
Electronic Health Record Context
Ordered by Time (Earliest to Latest):
1. Date: 2180-10-31, Time: Unknown, Note Category: ECG, Note Description: Report | Text: Probable prior anteroseptal and lateral
myocardial infarction.  
2. Date: 2182-04-28, Time: Unknown, Note Category: ECG, Note Description: Report | Text: Q waves in the lateral and anterolateral leads
consistent with prior myocardial infarction. 
3. Date: 2182-05-03, Time: Unknown, Note Category: ECG, Note Description: Report | Text: Consider prior anteroseptal
myocardial infarction. 
4. Date: 2182-05-16, Time: Unknown, Note Category: Discharge summary, Note Description: Report | Text: Consider prior anteroseptal myocardial
infarction. 
5. Date: 2182-05-20, Time: Unknown, Note Category: ECG, Note Description: Report | Text: Consider anterolateral myocardial
infarction. 
6. Date: 2182-05-20, Time: Unknown, Note Category: ECG, Note Description: Report | Text: There is
a late transition with tiny R waves in the anterior leads consistent with
possible prior anterior myocardial infarction.  
7. Date: 2182-05-20, Time: Unknown, Note Category: ECG, Note Description: Report | Text: There are tiny R waves in the
inferior leads consistent with possible prior inferior myocardial infarction.

8. Date: 2182-05-22, Time: Unknown, Note Category: ECG, Note Description: Report | Text: Consider prior myocardial infarction and possible left anterior fascicular
block although are non-diagnostic. 
9. Date: 2182-05-27, Time: Unknown, Note Category: ECG, Note Description: Report | Text: Prior anterolateral myocardial infarction. 
"
4a14bf37-5bbf-80f0-0416-b7a44f9091b6,EHR Completo,"A chest port line placement examination showed the PICC terminated just distal to the cavoatrial junction, with improved aeration in the left lower lobe.",Not Supported,The reference describes a right PICC line extending to the lower portion of the SVC but does not mention the PICC terminating just distal to the cavoatrial junction or improved aeration in the left lower lobe.,"Hospital Admission Start: 2182-05-20 06:20:00
Hospital Admission End: 2182-05-30 17:30:00
Electronic Health Record Context
Ordered by Time (Earliest to Latest):
1. Date: 2182-05-04, Time: 14:58:00, Note Category: Nursing, Note Description: Nursing Progress Note | Text: PICC
   line placement.

2. Date: 2182-05-07, Time: 09:23:00, Note Category: Radiology, Note Description: PICC W/O PORT | Text: Position of the catheter was confirmed
 by a fluoroscopic spot film of the chest.
3. Date: 2182-05-09, Time: 05:31:00, Note Category: Radiology, Note Description: CHEST (PORTABLE AP) | Text: FINDINGS:  As compared to the previous examination, the right-sided PICC line
 has been pulled back.  
4. Date: 2182-05-09, Time: 14:49:00, Note Category: Radiology, Note Description: CHEST (PORTABLE AP) | Text: A
 right PICC terminates in the mid-right subclavian vein.  
5. Date: 2182-05-10, Time: 03:00:00, Note Category: Radiology, Note Description: CHEST (PORTABLE AP) | Text: The right PICC line tip is in
 the mid portion of the right subclavian vein.
6. Date: 2182-05-16, Time: Unknown, Note Category: Discharge summary, Note Description: Report | Text: # Access
The patient had a PICC placed in interventional radiology.

7. Date: 2182-05-20, Time: 10:23:00, Note Category: Radiology, Note Description: CHEST (PORTABLE AP) | Text: A retracted
 right PICC line ends outside the chest wall.  
8. Date: 2182-05-20, Time: 10:23:00, Note Category: Radiology, Note Description: CHEST (PORTABLE AP) | Text: Right PICC
 outside chest wall.  
9. Date: 2182-05-22, Time: 04:09:00, Note Category: Radiology, Note Description: CHEST (PORTABLE AP) | Text: Discarded right PICC again terminates outside the chest wall.
 
10. Date: 2182-05-28, Time: 18:31:00, Note Category: Radiology, Note Description: CHEST PORT. LINE PLACEMENT | Text: FINDINGS:  In comparison with the study of [**5-24**], there has been placement of a
 right PICC line that extends to the lower portion of the SVC.  
"
16ec8278-2d0a-c68a-0157-cf8bce802cc4,EHR Completo,"During his hospital course, the patient developed a non-ST elevation myocardial infarction (NSTEMI) and underwent various procedures, including bronchoscopy, PICC line placement, and a Passy-Muir Valve evaluation.",Not Supported,"The reference confirms the patient developed an NSTEMI but does not mention bronchoscopy, PICC line placement, or Passy-Muir Valve evaluation.","Hospital Admission Start: 2182-05-20 06:20:00
Hospital Admission End: 2182-05-30 17:30:00
Electronic Health Record Context
Ordered by Time (Earliest to Latest):
1. Date: 2182-05-16, Time: Unknown, Note Category: Discharge summary, Note Description: Report | Text: He required
intubation and had complication with stent displacement at OSH.

2. Date: 2182-05-22, Time: 07:47:00, Note Category: Physician, Note Description: Physician Resident Progress Note | Text: NSTEMI: Patient with new T wave inversions anteriorly and elevated
   cardiac biomarkers.
3. Date: 2182-05-22, Time: 11:10:00, Note Category: Physician, Note Description: Physician Attending Progress Note | Text: Assessment and Plan
 MYOCARDIAL INFARCTION, ACUTE (AMI, STEMI, NSTEMI)
 PNEUMONIA, ASPIRATION
 HYPERGLYCEMIA
 [**Last Name 121**] PROBLEM - ENTER DESCRIPTION IN COMMENTS
   PNA:  Sputum cx. 
4. Date: 2182-05-22, Time: Unknown, Note Category: ECG, Note Description: Report | Text: Consider prior myocardial infarction and possible left anterior fascicular
block although are non-diagnostic. 
5. Date: 2182-05-24, Time: 07:33:00, Note Category: Physician, Note Description: Physician Resident Progress Note | Text: Hypoxia: Hypoxia felt most likely due to acute aspiration event (but
   without development of aspiration pneumonia) and/or from volume
   overload in setting of CHF flare (c/w CXR findings, though pt not
   volume overloaded on exam) in setting of NSTEMI.
   
6. Date: 2182-05-24, Time: 07:33:00, Note Category: Physician, Note Description: Physician Resident Progress Note | Text: Hypoxia: Hypoxia felt most likely due to acute aspiration event (but
   without development of aspiration pneumonia) and/or from volume
   overload in setting of CHF flare (c/w CXR findings, though pt not
   volume overloaded on exam) in setting of NSTEMI.
7. Date: 2182-05-24, Time: 07:33:00, Note Category: Physician, Note Description: Physician Resident Progress Note | Text: NSTEMI: Patient with new T wave inversions anteriorly and elevated
   cardiac biomarkers.  
8. Date: 2182-05-27, Time: Unknown, Note Category: ECG, Note Description: Report | Text: Consider prior
inferior myocardial infarction and possible left anterior fascicular block
although are non-diagnostic. 
"
ae93731f-6c74-58eb-7f2c-426d2fe471e3,EHR Completo,"A chest radiograph on admission was normal, and a subsequent portable chest X-ray on 2146-11-01 showed no interval change or evidence of acute abnormality.",Supported,"The reference shows a normal chest radiograph on admission (2146-10-31) and a subsequent portable chest X-ray on 2146-11-01 with no evidence of acute abnormality or interval change, fully supporting the text.","Hospital Admission Start: 2146-10-31 13:00:00
Hospital Admission End: 2146-11-03 12:20:00
Electronic Health Record Context
Ordered by Time (Earliest to Latest):
1. Date: 2146-10-31, Time: 10:13:00, Note Category: Radiology, Note Description: CHEST (PA & LAT) | Text: IMPRESSION:  Normal appearing chest radiograph without evidence for pneumonia.



2. Date: 2146-10-31, Time: 10:13:00, Note Category: Radiology, Note Description: CHEST (PA & LAT) | Text: COMPARISON:  Chest radiograph from [**2146-1-6**].

 
3. Date: 2146-10-31, Time: 10:13:00, Note Category: Radiology, Note Description: CHEST (PA & LAT) | Text: The lungs are clear without
 evidence for pneumonia or pleural effusion.  
4. Date: 2146-10-31, Time: 10:13:00, Note Category: Radiology, Note Description: CHEST (PA & LAT) | Text: [**2146-10-31**] 10:13 AM
 CHEST (PA & LAT)                                                Clip # [**Clip Number (Radiology) 20392**]
 Reason: evaluate for pneumonia
 ______________________________________________________________________________
 [**Hospital 4**] MEDICAL CONDITION:
  25 year old woman with asthma, coughing/wheezing, increasing SOB
 REASON FOR THIS EXAMINATION:
  evaluate for pneumonia
 ______________________________________________________________________________
                                 FINAL REPORT
 PA AND LATERAL CHEST RADIOGRAPH.
5. Date: 2146-10-31, Time: 10:13:00, Note Category: Radiology, Note Description: CHEST (PA & LAT) | Text: There are no fractures identified.

 
6. Date: 2146-11-01, Time: 00:58:00, Note Category: Physician, Note Description: Physician Resident Admission Note | Text: Was also intubated for respiratory distress after
   initial presentation in [**2145-4-25**].  
7. Date: 2146-11-01, Time: 00:58:00, Note Category: Physician, Note Description: Physician Resident Admission Note | Text: Upon arrival to the ED, her vitals 98.0, 133/81 72 19 100%RA, Her
   initial NIF was -50cm, VC 1.8L. 
8. Date: 2146-11-01, Time: 03:14:00, Note Category: Radiology, Note Description: CHEST (PORTABLE AP) | Text: No evidence of acute pneumonia, vascular congestion, or pleural effusion.  
9. Date: 2146-11-01, Time: 03:14:00, Note Category: Radiology, Note Description: CHEST (PORTABLE AP) | Text: No
 evidence of mediastinal mass.
"
7da8f6c3-1575-f5ec-a2a4-d39e07b89c07,EHR Completo,"The patient, a 25-year-old woman with a history of myasthenia gravis and asthma, was admitted to the ICU on 2146-10-31 with worsening dyspnea and diplopia, despite increased use of her albuterol nebulizers and increased doses of Mestinon and prednisone. ",Supported,"The reference confirms the patient is a 25-year-old woman with a history of myasthenia gravis and asthma admitted on 2146-10-31 with worsening dyspnea and diplopia, and increased use of albuterol nebulizers. The text's mention of increased doses of Mestinon and prednisone is consistent with treatment for myasthenia gravis and asthma exacerbation, supported by the clinical context.","Hospital Admission Start: 2146-10-31 13:00:00
Hospital Admission End: 2146-11-03 12:20:00
Electronic Health Record Context
Ordered by Time (Earliest to Latest):
1. Date: 2146-10-31, Time: 10:13:00, Note Category: Radiology, Note Description: CHEST (PA & LAT) | Text: HISTORY:  25-year-old woman with asthma, coughing and wheezing, and increasing
 shortness of breath.  
2. Date: 2146-10-31, Time: 16:57:00, Note Category: Nursing, Note Description: Nursing Progress Note | Text: Over the week, she has had worsening dyspnea,
   requiring increased use of her albuterol nebulizers up to four times a
   day. 
3. Date: 2146-10-31, Time: 16:57:00, Note Category: Nursing, Note Description: Nursing Progress Note | Text: [**Known lastname 5845**],[**Known firstname **]: [**Hospital1 54**] Notes Detail - CCC Record #[**Numeric Identifier 5846**]
   This is a 25 year-old woman with a history of myasthenia [**Last Name (un) 3383**]
   (diagnosed in [**2145-4-25**] and intubated twice) and asthma she came to
   the EW with worsening dyspnea and diplopia over the past week.
4. Date: 2146-10-31, Time: 19:33:00, Note Category: Physician, Note Description: Physician Attending Admission Note - MICU | Text: jpg]
   Assessment and Plan
   25 yr old woman with myesthenia and asthma presents with URIO and
   asthma exacrebation leading to resp distress which may be evolving
   myesthenic crisis in setting of significantly work of breathing.
   
5. Date: 2146-11-01, Time: 00:58:00, Note Category: Physician, Note Description: Physician Resident Admission Note | Text: Chief Complaint:  Dysnpea, Wheezing, Malaise
   HPI:
   25yoF with hx of Myasthenia [**Last Name (un) **] (dx [**5-2**], with two associated
   intubations) and asthma presents with dyspnea, malaise and diplopia. 
6. Date: 2146-11-01, Time: 00:58:00, Note Category: Physician, Note Description: Physician Resident Admission Note | Text: Intubated for respiratory distress during
   exacerbation [**1-1**] when she also presentewd with dipolpia and
   dyspnea.  
7. Date: 2146-11-01, Time: 10:08:00, Note Category: Physician, Note Description: Physician Attending Progress Note | Text: Myesthenia: Severe course in the past year requiring intubation x 2,
   admitted to ICU with asthma exacerbation and concern that it was
   leadint o resp muscle fatigue so admitted to MICU for q2 nif and VC.
8. Date: 2146-11-01, Time: 10:08:00, Note Category: Physician, Note Description: Physician Attending Progress Note | Text: 3 mg/dL
   Assessment and Plan
   25 yr old woman with myesthenia and asthma presents with URIO and
   asthma exacrebation leading to resp distress which may be evolving
   myesthenic crisis in setting of significantly work of breathing.
   
9. Date: 2146-11-01, Time: 10:08:00, Note Category: Physician, Note Description: Physician Attending Progress Note | Text: Chief Complaint: asthma, myesthenia
   I saw and examined the patient, and was physically present with the ICU
   Resident for key portions of the services provided.  
10. Date: 2146-11-01, Time: 10:22:00, Note Category: Nursing, Note Description: Nursing Transfer Note | Text: 25yoF with hx of Myasthenia [**Last Name (un) **] (dx [**5-2**], with two associated
   intubations),VAP, GERD, s/p C-section .Right Lung Nodule and asthma
   presents with dyspnea, malaise and diplopia. 
"
28a16889-53d4-8407-7c97-e6ce9280afeb,EHR Completo,"Initial evaluation revealed a potential myasthenic crisis, with significantly increased work of breathing. ",Supported,"The reference notes the patient with myasthenia and asthma presenting with respiratory distress and a possible evolving myasthenic crisis in the setting of significantly increased work of breathing, directly supporting the text.","Hospital Admission Start: 2146-10-31 13:00:00
Hospital Admission End: 2146-11-03 12:20:00
Electronic Health Record Context
Ordered by Time (Earliest to Latest):
1. Date: 2146-10-31, Time: 16:57:00, Note Category: Nursing, Note Description: Nursing Progress Note | Text: Over the week, she has had worsening dyspnea,
   requiring increased use of her albuterol nebulizers up to four times a
   day. 
2. Date: 2146-10-31, Time: 19:33:00, Note Category: Physician, Note Description: Physician Attending Admission Note - MICU | Text: jpg]
   Assessment and Plan
   25 yr old woman with myesthenia and asthma presents with URIO and
   asthma exacrebation leading to resp distress which may be evolving
   myesthenic crisis in setting of significantly work of breathing.
   
3. Date: 2146-10-31, Time: 19:33:00, Note Category: Physician, Note Description: Physician Attending Admission Note - MICU | Text: Myesthenia: Severe course in the past yeasr requiring intubation x
   2, now with vital capacity of 1 liter and NIF -50. 
4. Date: 2146-11-01, Time: 00:58:00, Note Category: Physician, Note Description: Physician Resident Admission Note | Text: Was also intubated for respiratory distress after
   initial presentation in [**2145-4-25**].  
5. Date: 2146-11-01, Time: 00:58:00, Note Category: Physician, Note Description: Physician Resident Admission Note | Text: Intubated for respiratory distress during
   exacerbation [**1-1**] when she also presentewd with dipolpia and
   dyspnea.  
6. Date: 2146-11-01, Time: 00:58:00, Note Category: Physician, Note Description: Physician Resident Admission Note | Text: # Respiratory Distress: Etiology likely excerbation of Myesthenia in
   the setting of asthma excerbation [**2-26**] to recent URI. 
7. Date: 2146-11-01, Time: 03:14:00, Note Category: Radiology, Note Description: CHEST (PORTABLE AP) | Text: REASON FOR THIS EXAMINATION:
  r/o infiltrate, interval change
 ______________________________________________________________________________
                                 FINAL REPORT
 HISTORY:  Myasthenia [**Last Name (un) 9787**] with shortness of breath.

 
8. Date: 2146-11-01, Time: 10:08:00, Note Category: Physician, Note Description: Physician Attending Progress Note | Text: 3 mg/dL
   Assessment and Plan
   25 yr old woman with myesthenia and asthma presents with URIO and
   asthma exacrebation leading to resp distress which may be evolving
   myesthenic crisis in setting of significantly work of breathing.
   
9. Date: 2146-11-01, Time: 10:08:00, Note Category: Physician, Note Description: Physician Attending Progress Note | Text: Myesthenia: Severe course in the past year requiring intubation x 2,
   admitted to ICU with asthma exacerbation and concern that it was
   leadint o resp muscle fatigue so admitted to MICU for q2 nif and VC.
10. Date: 2146-11-01, Time: 10:22:00, Note Category: Nursing, Note Description: Nursing Transfer Note | Text: 25yoF with hx of Myasthenia [**Last Name (un) **] (dx [**5-2**], with two associated
   intubations),VAP, GERD, s/p C-section .Right Lung Nodule and asthma
   presents with dyspnea, malaise and diplopia. 
"
68ace126-dfeb-ade7-eb87-a62b3bfdb005,EHR Completo,"The patient was treated with steroids, increased Mestinon, and close monitoring of her respiratory status.",Supported,"The reference notes multiple instances of treatment with steroids (prednisone and methylprednisolone), increased Mestinon dosing, and close monitoring of respiratory status (NIF, VC, ABG, nebulizers), fully supporting the text.","Hospital Admission Start: 2146-10-31 13:00:00
Hospital Admission End: 2146-11-03 12:20:00
Electronic Health Record Context
Ordered by Time (Earliest to Latest):
1. Date: 2146-10-31, Time: 16:57:00, Note Category: Nursing, Note Description: Nursing Progress Note | Text: In the EW she was given prednisone 60 mg and a
   combivent nebulizer. 
2. Date: 2146-10-31, Time: 16:57:00, Note Category: Nursing, Note Description: Nursing Progress Note | Text: Over the week, she has had worsening dyspnea,
   requiring increased use of her albuterol nebulizers up to four times a
   day. 
3. Date: 2146-10-31, Time: 16:57:00, Note Category: Nursing, Note Description: Nursing Progress Note | Text: She called her neurologist and her mestinon and prednisone
   were both increased.  
4. Date: 2146-10-31, Time: 16:57:00, Note Category: Nursing, Note Description: Nursing Progress Note | Text: Her NIF has been ~ -50 to -44, her vital capacity (VC)has
   been dropping; she started at 1.8 and is now 1
   Action:
   Conts on mestinon and cellcept as well as prednisone
   Response:
   Worsening vital capacity
   Plan:
   Cont to follow her NIF and VC, check an ABG if needed, cont her
   mestinon, prednisone, cellcept

5. Date: 2146-10-31, Time: 19:33:00, Note Category: Physician, Note Description: Physician Attending Admission Note - MICU | Text: We are treating with steroids and
   increased mestinon. 
6. Date: 2146-11-01, Time: 00:58:00, Note Category: Physician, Note Description: Physician Resident Admission Note | Text: The pt was given Combivent Nebs x3 and
   Prednisone 60mg x1.
   
7. Date: 2146-11-01, Time: 00:58:00, Note Category: Physician, Note Description: Physician Resident Admission Note | Text: [**Last Name (STitle) 5856**] that recommended increasing her Prednisone back up to
   10mg Daily from 5mg, and her Mestinon 60mg from [**Hospital1 **] to TID. 
8. Date: 2146-11-01, Time: 05:06:00, Note Category: Nursing, Note Description: Nursing Progress Note | Text: Her blood
   sugars were 204 and 184
   Action:
   Given neb tx, solumedrol 125mg IV q 8hr
   Response:
   Symptoms improving
   blood sugars elevated with steroid
   Plan:
   Cont nebs q 2, methylprednisolone 125mg 1v q 8, NIF and VC q 2hr,
   holding mestinon continue on mycophenolate Mofetil 1500mg po bid.
   
9. Date: 2146-11-01, Time: 10:22:00, Note Category: Nursing, Note Description: Nursing Transfer Note | Text: The pt was given Combivent Nebs x3 and
   Prednisone 60mg x1.
    
10. Date: 2146-11-01, Time: 11:23:00, Note Category: Physician, Note Description: Physician Resident Progress Note | Text: -          F/U Neuro Recs
   -          Holding Mestinon
   # Asthma: Started on IV Steroids and continued on q4 Duonebs. 
"
83ec3ba1-1016-25c7-af4b-56a65f5d7fc7,EHR Completo,"The patient's symptoms improved with treatment, including continuous nebulizers, methylprednisolone, and monitoring of peak flows and blood sugars. ",Supported,"The reference notes the patient was treated with continuous nebulizers and methylprednisolone, with monitoring of peak flows and blood sugars, and that symptoms improved following this treatment.","Hospital Admission Start: 2146-10-31 13:00:00
Hospital Admission End: 2146-11-03 12:20:00
Electronic Health Record Context
Ordered by Time (Earliest to Latest):
1. Date: 2146-10-31, Time: 16:57:00, Note Category: Nursing, Note Description: Nursing Progress Note | Text: In the EW she was given prednisone 60 mg and a
   combivent nebulizer. 
2. Date: 2146-10-31, Time: 16:57:00, Note Category: Nursing, Note Description: Nursing Progress Note | Text: Over the week, she has had worsening dyspnea,
   requiring increased use of her albuterol nebulizers up to four times a
   day. 
3. Date: 2146-10-31, Time: 16:57:00, Note Category: Nursing, Note Description: Nursing Progress Note | Text: Her NIF has been ~ -50 to -44, her vital capacity (VC)has
   been dropping; she started at 1.8 and is now 1
   Action:
   Conts on mestinon and cellcept as well as prednisone
   Response:
   Worsening vital capacity
   Plan:
   Cont to follow her NIF and VC, check an ABG if needed, cont her
   mestinon, prednisone, cellcept

4. Date: 2146-11-01, Time: 00:58:00, Note Category: Physician, Note Description: Physician Resident Admission Note | Text: Pt reports
   that he albuterol inhaler ran out on friday night and since then has
   used her albuterol nebulizer on mulitiple occassions with some
   alleviation of symptoms.
5. Date: 2146-11-01, Time: 00:58:00, Note Category: Physician, Note Description: Physician Resident Admission Note | Text: The pt was given Combivent Nebs x3 and
   Prednisone 60mg x1.
   
6. Date: 2146-11-01, Time: 00:58:00, Note Category: Physician, Note Description: Physician Resident Admission Note | Text: - F/U Neuro Recs
   - Cont DuoNebs Q4hrs following 2hrs of continuous Nebs
   - Will start Methylprednisolone 125 mg IV Q8H
   - NIF and VC q2 hrs
   - Will get baseline ABG and trend
   - Would consider early intubation for worsening clinical status
   - Holding Mestinon per Neuro recs given potential worsening cholinergic
   effects that may affect wheezing.
   
7. Date: 2146-11-01, Time: 05:06:00, Note Category: Nursing, Note Description: Nursing Progress Note | Text: .H/O asthma
   Assessment:
   Pt on continuous nebs beginning of shift, tachypneic, continued on room
   air with o2 sats in the high 90
s.  She was started on
   methylprednisolonel 125mg IV q8 seemed to improve shortly after. 
8. Date: 2146-11-01, Time: 05:06:00, Note Category: Nursing, Note Description: Nursing Progress Note | Text: Her blood
   sugars were 204 and 184
   Action:
   Given neb tx, solumedrol 125mg IV q 8hr
   Response:
   Symptoms improving
   blood sugars elevated with steroid
   Plan:
   Cont nebs q 2, methylprednisolone 125mg 1v q 8, NIF and VC q 2hr,
   holding mestinon continue on mycophenolate Mofetil 1500mg po bid.
   
9. Date: 2146-11-01, Time: 10:22:00, Note Category: Nursing, Note Description: Nursing Transfer Note | Text: The pt was given Combivent Nebs x3 and
   Prednisone 60mg x1.
    
10. Date: 2146-11-01, Time: 11:23:00, Note Category: Physician, Note Description: Physician Resident Progress Note | Text: Breathing
   symptoms improved with improved NIFs to -80 and Peak Flows 300-350
   (Baselines 450s).
"
550f1775-fdd1-8064-0734-ff0582474f5b,EHR Completo,"Her respiratory status stabilized, with negative inspiratory forces (NIFs) in the 80s and peak flows of 300-350. ",Supported,"The reference notes indicate that her NIFs improved to the 80s and peak flows were 300-350, consistent with the text stating her respiratory status stabilized with those values.","Hospital Admission Start: 2146-10-31 13:00:00
Hospital Admission End: 2146-11-03 12:20:00
Electronic Health Record Context
Ordered by Time (Earliest to Latest):
1. Date: 2146-10-31, Time: 10:13:00, Note Category: Radiology, Note Description: CHEST (PA & LAT) | Text: The lungs are clear without
 evidence for pneumonia or pleural effusion.  
2. Date: 2146-10-31, Time: 16:57:00, Note Category: Nursing, Note Description: Nursing Progress Note | Text: NIF was -50 and VC was 1.8 L; the latter
   measurement was limited by wheezing and [**Last Name (LF) **], [**First Name3 (LF) **] respiratory.
3. Date: 2146-10-31, Time: 16:57:00, Note Category: Nursing, Note Description: Nursing Progress Note | Text: Over the week, she has had worsening dyspnea,
   requiring increased use of her albuterol nebulizers up to four times a
   day. 
4. Date: 2146-10-31, Time: 16:57:00, Note Category: Nursing, Note Description: Nursing Progress Note | Text: Her NIF has been ~ -50 to -44, her vital capacity (VC)has
   been dropping; she started at 1.8 and is now 1
   Action:
   Conts on mestinon and cellcept as well as prednisone
   Response:
   Worsening vital capacity
   Plan:
   Cont to follow her NIF and VC, check an ABG if needed, cont her
   mestinon, prednisone, cellcept

5. Date: 2146-11-01, Time: 00:58:00, Note Category: Physician, Note Description: Physician Resident Admission Note | Text: Upon arrival to the ED, her vitals 98.0, 133/81 72 19 100%RA, Her
   initial NIF was -50cm, VC 1.8L. 
6. Date: 2146-11-01, Time: 03:14:00, Note Category: Radiology, Note Description: CHEST (PORTABLE AP) | Text: No evidence of acute pneumonia, vascular congestion, or pleural effusion.  
7. Date: 2146-11-01, Time: 04:55:00, Note Category: Respiratory, Note Description: Respiratory Care Shift Note | Text: NIFs in the 80s, while vital
   capacity hard to obtain due to restrictive disease flare up. 
8. Date: 2146-11-01, Time: 11:23:00, Note Category: Physician, Note Description: Physician Resident Progress Note | Text: Breathing
   symptoms improved with improved NIFs to -80 and Peak Flows 300-350
   (Baselines 450s).
9. Date: 2146-11-01, Time: 17:03:00, Note Category: Respiratory, Note Description: Respiratory Care Shift Note | Text: Wheezes and peak flow 320-350. 
"
c6a4e4f8-c5a2-4e5e-a2b6-ad322e3b85dc,EHR Completo,"The patient was transferred to the floor on 2146-11-01, where her treatment plan included continuing nebulizers, methylprednisolone, and monitoring of her conditions.",Supported,"The reference notes a nursing transfer on 2146-11-01 with a plan including continuing nebulizers (nebs q4H), methylprednisolone 125mg IV q8, and monitoring (NIF and VC q2hr), which supports the text's statement about the treatment plan after transfer to the floor.","Hospital Admission Start: 2146-10-31 13:00:00
Hospital Admission End: 2146-11-03 12:20:00
Electronic Health Record Context
Ordered by Time (Earliest to Latest):
1. Date: 2146-10-31, Time: 16:57:00, Note Category: Nursing, Note Description: Nursing Progress Note | Text: In the EW she was given prednisone 60 mg and a
   combivent nebulizer. 
2. Date: 2146-10-31, Time: 16:57:00, Note Category: Nursing, Note Description: Nursing Progress Note | Text: Over the week, she has had worsening dyspnea,
   requiring increased use of her albuterol nebulizers up to four times a
   day. 
3. Date: 2146-11-01, Time: 00:58:00, Note Category: Physician, Note Description: Physician Resident Admission Note | Text: The pt was given Combivent Nebs x3 and
   Prednisone 60mg x1.
   
4. Date: 2146-11-01, Time: 00:58:00, Note Category: Physician, Note Description: Physician Resident Admission Note | Text: Pt reports
   that he albuterol inhaler ran out on friday night and since then has
   used her albuterol nebulizer on mulitiple occassions with some
   alleviation of symptoms.
5. Date: 2146-11-01, Time: 00:58:00, Note Category: Physician, Note Description: Physician Resident Admission Note | Text: She also notes worsening of her wheezing.
6. Date: 2146-11-01, Time: 00:58:00, Note Category: Physician, Note Description: Physician Resident Admission Note | Text: In addition the pt reports that she has been cleaning and dusting her
   house. 
7. Date: 2146-11-01, Time: 05:06:00, Note Category: Nursing, Note Description: Nursing Progress Note | Text: .H/O asthma
   Assessment:
   Pt on continuous nebs beginning of shift, tachypneic, continued on room
   air with o2 sats in the high 90
s.  She was started on
   methylprednisolonel 125mg IV q8 seemed to improve shortly after. 
8. Date: 2146-11-01, Time: 10:22:00, Note Category: Nursing, Note Description: Nursing Transfer Note | Text: The pt was given Combivent Nebs x3 and
   Prednisone 60mg x1.
    
9. Date: 2146-11-01, Time: 10:22:00, Note Category: Nursing, Note Description: Nursing Transfer Note | Text: She also notes worsening
   of her wheezing.
10. Date: 2146-11-01, Time: 10:22:00, Note Category: Nursing, Note Description: Nursing Transfer Note | Text: Plan:
   Cont nebs q4H, methylprednisolone 125mg 1v q 8, NIF and VC q 2hr,
   continue on mycophenolate Mofetil 1500mg po bid. 
"
b8cb2059-915d-9aa9-0422-ea1b132ccb5e,EHR Completo,"The patient, a 64-year-old woman with a history of multiple myeloma, systemic amyloidosis, and end-stage renal disease (ESRD), was admitted to the ICU with symptoms of dyspnea, pain, and hypotension. ",Supported,"The reference confirms the patient is a 64-year-old woman with multiple myeloma, systemic amyloidosis, and ESRD admitted with dyspnea, pain, and hypotension, matching the text exactly.","Hospital Admission Start: 2153-01-16 08:43:00
Hospital Admission End: 2153-01-19 04:55:00
Electronic Health Record Context
Ordered by Time (Earliest to Latest):
1. Date: 2152-03-09, Time: 15:46:00, Note Category: Radiology, Note Description: CT CHEST W/O CONTRAST | Text: HISTORY:  63-year-old woman with amyloidisis and multiple myeloma, low O2
 saturation, history of pneumothorax.  
2. Date: 2152-03-11, Time: 08:26:00, Note Category: Physician, Note Description: Physician Resident Progress Note | Text: Assessment and Plan
   63yo woman with multiple myeloma and amyloidosis as well as h/o DVT
   admitted with worsening respiratory status following talc pleuodesis
   for hydropneumothorax.
 
3. Date: 2152-03-17, Time: Unknown, Note Category: Discharge summary, Note Description: Report | Text: female with h/o Multiple myeloma and Amyloidosis s/p
auto and allo SCT with complicated medical history including
multiple DVTs, and sponatenous pneumothoraces s/p chest tube
placement now admitted for hypoxia when she was seen in clinic
with an O2 saturation of 86% on RA.  
4. Date: 2152-03-17, Time: Unknown, Note Category: Discharge summary, Note Description: Report | Text: female with h/o Multiple myeloma and Amyloidosis s/p
auto and allo SCT with complicated medical history including
multiple DVTs, and sponatenous pneumothoraces s/p chest tube
placement now admitted for hypoxia when she was seen in clinic
with an O2 saturation of 86% on RA.


5. Date: 2153-01-16, Time: 12:14:00, Note Category: Physician, Note Description: Physician Resident Admission Note | Text: Assessment and Plan: This is a 64yo woman with multiple myeloma, s/p
   allogeneic transplant [**2143**] with recurrent disease and with systemic
   amyloidosis(cardiac), ESRD on hemodialysis s/p recent hospitalization
   for hypercalcemia and supratherapeutic INR who represents for the same
   issues as well as hypotension.
   
6. Date: 2153-01-16, Time: 12:14:00, Note Category: Physician, Note Description: Physician Resident Admission Note | Text: [**Known lastname 3887**] is a 64yo woman with multiple
   myeloma, s/p allogeneic transplant [**2143**] with recurrent disease and with
   systemic amyloidosis(cardiac), on hemodialysis for ESRD who represents
   for malaise, weakness, and generalized body aching x 2 days.
7. Date: 2153-01-17, Time: 09:05:00, Note Category: Radiology, Note Description: CHEST (PORTABLE AP) | Text: Admitting Diagnosis: DYSPNEA;HYPOXIA
 ______________________________________________________________________________
 [**Hospital 2**] MEDICAL CONDITION:
  64 year old woman with  ESRD, MM, amyloidosis s/p PICC placement yesterday now
  new wide complex tachycardia, probable VT.
 
8. Date: 2153-01-17, Time: 09:05:00, Note Category: Radiology, Note Description: CHEST (PORTABLE AP) | Text: Admitting Diagnosis: DYSPNEA;HYPOXIA
 ______________________________________________________________________________
 [**Hospital 3**] MEDICAL CONDITION:
  64 year old woman with  ESRD, MM, amyloidosis s/p PICC placement yesterday now
  new wide complex tachycardia, probable VT.
9. Date: 2153-01-18, Time: 07:36:00, Note Category: Physician, Note Description: Physician Fellow / Attending Progress Note - MICU | Text: HPI:
   64yo woman with a h/o MM (x 10 years) c/b [**Doctor Last Name **] amyloid with known
   cardiac, pulmonary involvement, ESRD on HD, refractory hypercalcemia
   and hypoxia on [**2-28**] L O2 at home who presented on [**1-16**] with sub-acute
   progressive dyspnea and bony pain. 
"
b9350f4a-1d5f-5450-e082-e3df5fa98ffd,EHR Completo,"Her hospital course was complicated by hypovolemic shock, cardiogenic shock, and possible adrenal insufficiency, requiring treatment with gentle hydration, low-dose pressors, and decadron.",Supported,"The reference notes the patient had shock of unclear etiology including hypovolemic, cardiogenic, and possible adrenal insufficiency, and required gentle IV fluids and low-dose pressors (Levophed), as well as decadron treatment, supporting the text.","Hospital Admission Start: 2153-01-16 08:43:00
Hospital Admission End: 2153-01-19 04:55:00
Electronic Health Record Context
Ordered by Time (Earliest to Latest):
1. Date: 2152-03-11, Time: 08:26:00, Note Category: Physician, Note Description: Physician Resident Progress Note | Text: Patient is asymptomatic with her
   hypotension; mentates clearly.  
2. Date: 2152-03-17, Time: Unknown, Note Category: Discharge summary, Note Description: Report | Text: She also became acutely hypertensive and tachycardic.  
3. Date: 2152-03-17, Time: Unknown, Note Category: Discharge summary, Note Description: Report | Text: She was in the ICU for a few days, and was then transferred back
to the BMT service.  
4. Date: 2152-03-17, Time: Unknown, Note Category: Discharge summary, Note Description: Report | Text: She was given gentle IV fluids to support her
pressures without worsening her pulmonary edema and hypoxia. 
5. Date: 2152-03-17, Time: Unknown, Note Category: Discharge summary, Note Description: Report | Text: Of note, while in the ICU, the patient was
hypotensive with pressures down to 58/42.
6. Date: 2153-01-16, Time: 12:14:00, Note Category: Physician, Note Description: Physician Resident Admission Note | Text: Hospital course was
   complicated by an episode of hypotension following dialysis on
   [**2153-1-12**]. 
7. Date: 2153-01-16, Time: 14:32:00, Note Category: Physician, Note Description: Physician Attending Admission Note - MICU | Text: The patient has shock of unclear
   etiology: hypovolemic, cardiogenic, with likely possibility of adrenal
   insufficiency or crisis. 
8. Date: 2153-01-16, Time: 14:32:00, Note Category: Physician, Note Description: Physician Attending Admission Note - MICU | Text: She now has hepatitis and apparently NSTEMI
   in the context of hypotension of unclear etiology. 
9. Date: 2153-01-16, Time: 14:32:00, Note Category: Physician, Note Description: Physician Attending Admission Note - MICU | Text: She was admitted [**Date range (1) 7152**]/08 with hypercalcemia and treated
   with pamidronate 30mg, calcitonin, and dialysis (complicated by an
   episode of hypotension following HD).
10. Date: 2153-01-16, Time: 18:06:00, Note Category: Nursing, Note Description: Nursing Progress Note | Text: She has increased LFT
s and tropin of
   .8, she is on a R/O MI,EKG is unremarkable  She needed to have better
   IV access, so she was sent to IR for a PICC
   Action:
   Pt  received IVF bolus and Levophed was titrated up to keep BP 80-90.
"
7fb70c2a-19b6-1f5b-59f0-2d9b5e558ec7,EHR Completo,"Despite aggressive management, including dialysis and oxygen therapy, the patient's condition continued to deteriorate, and she remained critically ill throughout her hospital stay. ",Not Supported,"The reference indicates the patient was critically ill with high oxygen requirement and borderline hypotension, but does not mention dialysis or ongoing deterioration throughout the hospital stay; in fact, earlier notes show improvement and discharge home with oxygen.","Hospital Admission Start: 2153-01-16 08:43:00
Hospital Admission End: 2153-01-19 04:55:00
Electronic Health Record Context
Ordered by Time (Earliest to Latest):
1. Date: 2152-03-10, Time: 20:08:00, Note Category: Physician, Note Description: Physician Attending Admission Note | Text: Plan:  Supportive
   therapy, O2 to keep sats>92%, continue IV heparin and monitor PTT to
   ensure therapeutic, continue to hold coumadin, minimize fluid intake,
   document intake/output (minimal urine output at baseline), placement of
   arterial line for monitoring, hold on abx for now as does not appear
   toxic, check WBC, HD with further UF in morning.  
2. Date: 2152-03-17, Time: Unknown, Note Category: Discharge summary, Note Description: Report | Text: She was in the ICU for a few days, and was then transferred back
to the BMT service.  
3. Date: 2152-03-17, Time: Unknown, Note Category: Discharge summary, Note Description: Report | Text: She was weaned off of the
oxygen and was able to maintain her O2 sats 91-96% on RA and
occasionally requiring O2.  
4. Date: 2152-03-17, Time: Unknown, Note Category: Discharge summary, Note Description: Report | Text: She was given gentle IV fluids to support her
pressures without worsening her pulmonary edema and hypoxia. 
5. Date: 2152-03-17, Time: Unknown, Note Category: Discharge summary, Note Description: Report | Text: At the time of discharge, the patient was doing well, and was
discharged home with home O2 as needed.  
6. Date: 2152-03-17, Time: Unknown, Note Category: Discharge summary, Note Description: Report | Text: She continued to do
well, never requiring intubation.  
7. Date: 2153-01-16, Time: 14:32:00, Note Category: Physician, Note Description: Physician Attending Admission Note - MICU | Text: At home, she has been increasing her O2 to 5
   liters to treat dyspnea. 
8. Date: 2153-01-18, Time: 07:36:00, Note Category: Physician, Note Description: Physician Fellow / Attending Progress Note - MICU | Text: Her overall appearance has been
   consistent with mild septisc physiology.
 
9. Date: 2153-01-18, Time: 07:36:00, Note Category: Physician, Note Description: Physician Fellow / Attending Progress Note - MICU | Text: Her overall appearance has been
   consistent with mild septic physiology.
10. Date: 2153-01-18, Time: 07:36:00, Note Category: Physician, Note Description: Physician Fellow / Attending Progress Note - MICU | Text: Total time spent: 60, including in depth discussion with pt
s husband
   Critically ill with high oxygen requirement and borderline hypotension.

"
df9ce7f1-29c9-9bad-165e-24ed64193074,EHR Completo,"The patient's code status was DNR/DNI, and she ultimately passed away on [2153-01-19] at 4:55 am due to complications from her underlying conditions.",Supported,"The reference clearly documents the patient's code status as DNR/DNI on multiple occasions and the hospital admission end time matches the stated time of death, supporting the text's claim.","Hospital Admission Start: 2153-01-16 08:43:00
Hospital Admission End: 2153-01-19 04:55:00
Electronic Health Record Context
Ordered by Time (Earliest to Latest):
1. Date: 2152-03-09, Time: 15:46:00, Note Category: Radiology, Note Description: CT CHEST W/O CONTRAST | Text: The informationn was telephoned to nurse [**Doctor First Name 623**] at 5 pm

 7.  
2. Date: 2152-03-17, Time: Unknown, Note Category: Discharge summary, Note Description: Report | Text: She was in the ICU for a few days, and was then transferred back
to the BMT service.  
3. Date: 2152-03-17, Time: Unknown, Note Category: Discharge summary, Note Description: Report | Text: The information was telephoned
to nurse [**Doctor First Name **] at 5 pm
7. 
4. Date: 2152-03-17, Time: Unknown, Note Category: Discharge summary, Note Description: Report | Text: She was bridged for
approximately 48 hours after she had a therapeutic INR.  
5. Date: 2153-01-17, Time: 03:02:00, Note Category: Nursing, Note Description: Nursing Progress Note | Text: Plan:
   Pt is now a DNR/DNI- will fully treat however, no shocks or intubation-
   if status declines- then will advance to CMO.
   
6. Date: 2153-01-17, Time: 07:52:00, Note Category: Physician, Note Description: Physician Resident Progress Note | Text: Code status: DNR / DNI

7. Date: 2153-01-18, Time: 07:36:00, Note Category: Physician, Note Description: Physician Fellow / Attending Progress Note - MICU | Text: Total time spent: 60, including in depth discussion with pt
s husband
   Critically ill with high oxygen requirement and borderline hypotension.

8. Date: 2153-01-18, Time: 07:40:00, Note Category: Physician, Note Description: Physician Resident Progress Note | Text: # Code: DNR/DNl
   .
   
9. Date: 2153-01-19, Time: 05:11:00, Note Category: Nursing, Note Description: Nursing Progress Note | Text: Nursing progess note:
   Pt DNR/DNI.  
"
a0df21a3-c835-0426-1795-0f524948c793,EHR Completo,"She underwent a series of diagnostic tests, including chest radiographs, CT scans, echocardiograms, and ECGs, which revealed findings consistent with fluid overload, atelectasis, and cardiac amyloidosis. ",Supported,"The reference documents chest radiographs showing cardiomegaly, pleural effusions, and atelectasis; CT findings of hilar consolidation; and clinical notes indicating cardiac amyloidosis, supporting the text's statement about diagnostic tests revealing fluid overload, atelectasis, and cardiac amyloidosis.","Hospital Admission Start: 2153-01-16 08:43:00
Hospital Admission End: 2153-01-19 04:55:00
Electronic Health Record Context
Ordered by Time (Earliest to Latest):
1. Date: 2152-03-11, Time: 08:26:00, Note Category: Physician, Note Description: Physician Resident Progress Note | Text: Fluid overload is probably also a contributing factor.
   
2. Date: 2152-03-13, Time: 12:25:00, Note Category: Radiology, Note Description: CHEST (PORTABLE AP) | Text: REASON FOR EXAM:  The patient with amyloidosis and the spontaneous
 pneumothorax.  
3. Date: 2152-03-17, Time: Unknown, Note Category: Discharge summary, Note Description: Report | Text: female with h/o Multiple myeloma and Amyloidosis s/p
auto and allo SCT with complicated medical history including
multiple DVTs, and sponatenous pneumothoraces s/p chest tube
placement now admitted for hypoxia when she was seen in clinic
with an O2 saturation of 86% on RA.  
4. Date: 2152-03-17, Time: Unknown, Note Category: Discharge summary, Note Description: Report | Text: female with h/o Multiple myeloma and Amyloidosis s/p
auto and allo SCT with complicated medical history including
multiple DVTs, and sponatenous pneumothoraces s/p chest tube
placement now admitted for hypoxia when she was seen in clinic
with an O2 saturation of 86% on RA.


5. Date: 2152-03-17, Time: Unknown, Note Category: Discharge summary, Note Description: Report | Text: She also became acutely hypertensive and tachycardic.  
6. Date: 2153-01-16, Time: 07:22:00, Note Category: Radiology, Note Description: CHEST (PORTABLE AP) | Text: There is unchanged cardiomegaly with bilateral pleural effusions
 and bilateral perihilar and basilar consolidation which is compatible with
 atelectasis and scarring. 
7. Date: 2153-01-16, Time: 12:14:00, Note Category: Physician, Note Description: Physician Resident Admission Note | Text: # Respiratory: has chronic oxygen requirement due to amyloidosis
   involvement of the lungs.
8. Date: 2153-01-18, Time: 07:36:00, Note Category: Physician, Note Description: Physician Fellow / Attending Progress Note - MICU | Text: VENTRICULAR TACHYCARDIA / ELEVATED CARDIAC ENZYMES
   Likely due to her underlying cardiac amyloidosis; will d/c Amiodarone
   given the increase in her LFTs over the past two days since having
   initiated it.
9. Date: 2153-01-18, Time: 07:36:00, Note Category: Physician, Note Description: Physician Fellow / Attending Progress Note - MICU | Text: mediastinal LAD
   Assessment and Plan
   64yo woman with a h/o MM (x 10 years) c/b [**Doctor Last Name **] amyloid with known
   cardiac, pulmonary involvement, ESRD on HD, refractory hypercalcemia
   and hypoxia on [**2-28**] L O2 at home who presented with sub-acute
   progressive dyspnea and bony pain, found to have a hilar consolidation
   on CT concerning for a pneumonia. 
10. Date: 2153-01-18, Time: 07:36:00, Note Category: Physician, Note Description: Physician Fellow / Attending Progress Note - MICU | Text: VENTRICULAR TACHYCARDIA / ELEVATED CARDIAC ENZYMES
   Likely due to her underlying cardiac amyloidosis; will d/c Amiodarone
   given the increase in her LFTs over the past two days since having
   initiated it. 
"
e0382396-e02a-9b4e-c491-402466b705d2,EHR Completo,"The patient developed a new pneumonia and experienced episodes of wide-complex tachycardia and ventricular arrhythmia, requiring treatment with antibiotics and amiodarone.",Supported,"The reference documents new wide-complex tachycardia and probable ventricular tachycardia treated with amiodarone, and mentions a likely hilar pneumonia requiring treatment, supporting the text's statement about pneumonia and ventricular arrhythmia treated with antibiotics and amiodarone.","Hospital Admission Start: 2153-01-16 08:43:00
Hospital Admission End: 2153-01-19 04:55:00
Electronic Health Record Context
Ordered by Time (Earliest to Latest):
1. Date: 2152-03-17, Time: Unknown, Note Category: Discharge summary, Note Description: Report | Text: She also became acutely hypertensive and tachycardic.  
2. Date: 2153-01-17, Time: 09:05:00, Note Category: Radiology, Note Description: CHEST (PORTABLE AP) | Text: ______________________________________________________________________________
                                 FINAL REPORT
 INDICATION:  64-year-old woman with end-stage renal disease, multiple myeloma,
 amyloidosis, status post PICC placement yesterday, now with new wide-complex
 tachycardia and probable ventricular tachycardia.  
3. Date: 2153-01-18, Time: 07:36:00, Note Category: Physician, Note Description: Physician Fellow / Attending Progress Note - MICU | Text: She has also had some episodes of asymptomatic V tach, the last being
   yesterday morning, she was started on Amiodarone.
   
4. Date: 2153-01-18, Time: 07:36:00, Note Category: Physician, Note Description: Physician Fellow / Attending Progress Note - MICU | Text: VENTRICULAR TACHYCARDIA / ELEVATED CARDIAC ENZYMES
   Likely due to her underlying cardiac amyloidosis; will d/c Amiodarone
   given the increase in her LFTs over the past two days since having
   initiated it.
5. Date: 2153-01-18, Time: 07:36:00, Note Category: Physician, Note Description: Physician Fellow / Attending Progress Note - MICU | Text: RESPIRATORY FAILURE, ACUTE (NOT ARDS/[**Doctor Last Name **])
   She likely has a hilar pneumonia that precipitated SIRS with relative
   hypotension. 
6. Date: 2153-01-18, Time: 07:36:00, Note Category: Physician, Note Description: Physician Fellow / Attending Progress Note - MICU | Text: VENTRICULAR TACHYCARDIA / ELEVATED CARDIAC ENZYMES
   Likely due to her underlying cardiac amyloidosis; will d/c Amiodarone
   given the increase in her LFTs over the past two days since having
   initiated it. 
7. Date: 2153-01-18, Time: 07:40:00, Note Category: Physician, Note Description: Physician Resident Progress Note | Text: Other possible cause include underlying pneumonia (good
   specimen sputum is showing GPCs); she is without other clear source of
   infection currently.  
"
51b08b28-d1a1-efb5-4d80-8d58e7869f1f,EHR Completo,"A transesophageal echocardiogram showed mild symmetric left ventricular hypertrophy, a small left ventricle, and hyperdynamic function. ",Supported,"The reference consistently reports mild symmetric left ventricular hypertrophy, a small left ventricle, and hyperdynamic systolic function, which fully supports the text.","Hospital Admission Start: 2171-03-06 20:59:00
Hospital Admission End: 2171-03-11 18:30:00
Electronic Health Record Context
Ordered by Time (Earliest to Latest):
1. Date: 2171-03-07, Time: 04:56:00, Note Category: Physician, Note Description: Physician Resident Admission Note | Text: However, echo in [**2168**] did
   not reveal notable systolic or diastolic dysfunction.  
2. Date: 2171-03-07, Time: Unknown, Note Category: Echo, Note Description: Report | Text: There is mild symmetric left ventricular hypertrophy. 
3. Date: 2171-03-07, Time: Unknown, Note Category: Echo, Note Description: Report | Text: LEFT VENTRICLE: Mild symmetric LVH. 
4. Date: 2171-03-07, Time: Unknown, Note Category: Echo, Note Description: Report | Text: Left ventricular systolic function is hyperdynamic (EF>75%).

5. Date: 2171-03-07, Time: Unknown, Note Category: Echo, Note Description: Report | Text: The tricuspid valve leaflets are mildly
thickened. 
6. Date: 2171-03-07, Time: Unknown, Note Category: Echo, Note Description: Report | Text: The
left ventricular cavity is unusually small. 
7. Date: 2171-03-08, Time: 07:26:00, Note Category: Physician, Note Description: Physician Resident Progress Note | Text: # PUMP: Echo yesterday showed mild symmetric LVH, small LV,
   hyperdynamic (EF>75%).
8. Date: 2171-03-09, Time: 06:54:00, Note Category: Physician, Note Description: Physician Resident Progress Note | Text: # PUMP: Echo showed mild symmetric LVH, small LV, hyperdynamic
   (EF>75%). 
"
c63432ff-3d40-5443-8557-78fff4b8b30c,EHR Completo,The patient was weaned off pressors and eventually extubated after showing signs of improvement. ,Supported,"The reference notes indicate the patient was weaned and extubated, with specific mentions of weaning off support and successful extubation, supporting the text's statement about improvement and extubation after being weaned off pressors.","Hospital Admission Start: 2171-03-06 20:59:00
Hospital Admission End: 2171-03-11 18:30:00
Electronic Health Record Context
Ordered by Time (Earliest to Latest):
1. Date: 2169-06-05, Time: 18:53:00, Note Category: Physician, Note Description: Physician Resident Admission Note | Text: His oxygen was increased at rehab with some improvement and was
   transferred to the ED.  
2. Date: 2169-06-07, Time: Unknown, Note Category: Discharge summary, Note Description: Report | Text: His oxygen was increased at rehab with some improvement
and was transferred to the ED.  
3. Date: 2169-06-07, Time: Unknown, Note Category: Discharge summary, Note Description: Report | Text: His oxygen was increased at
rehab with some improvement and was transferred to the ED. 
4. Date: 2169-06-07, Time: Unknown, Note Category: Discharge summary, Note Description: Report | Text: The patient was continued on
lasix with subsequent improvement in respiratory status. 
5. Date: 2169-06-07, Time: Unknown, Note Category: Discharge summary, Note Description: Report | Text: His O2 was weaned to 6L NC with
good toleration. 
6. Date: 2171-03-07, Time: 04:56:00, Note Category: Physician, Note Description: Physician Resident Admission Note | Text: The patient was placed on BiPAP to help
   with his breathing, as he was reportedly DNR/DNI at his nursing home.
   
7. Date: 2171-03-08, Time: 11:36:00, Note Category: Radiology, Note Description: CHEST (PORTABLE AP) | Text: There is improved
 mild pulmonary edema.  
8. Date: 2171-03-08, Time: 13:39:00, Note Category: Respiratory, Note Description: Respiratory Care Shift Note | Text: Demographics
   Pt weaned and extubated, placed on 100% CA tol ok at this time.

9. Date: 2171-03-08, Time: 14:25:00, Note Category: Nursing, Note Description: Nursing Progress Note | Text: WEANED TO [**5-8**] AND EXTUBATED .NITRO DRIP TRANSIENTLY FOR
   HYPERTENSION ,5 MG LOPRESSER  FOR TACYCARDIA .LASIX 80 MG 8AM AND 4PM
   NEBS Q6HRS
   REQUIRES 100% SHOVEL MASK TO MAINTAIN SAT 90.
10. Date: 2171-03-09, Time: 02:38:00, Note Category: Nursing, Note Description: Nursing Progress Note | Text: Successfully extubated ~1315.
"
88aee8e7-76ed-ae3d-f087-33caf759503a,EHR Completo,"However, his respiratory status remained tenuous, and he required a high level of oxygen to maintain saturation levels. ",Supported,"The reference notes that the patient was requiring a lot of oxygen to maintain saturation levels of 88-90%, indicating a tenuous respiratory status and high oxygen requirement.","Hospital Admission Start: 2171-03-06 20:59:00
Hospital Admission End: 2171-03-11 18:30:00
Electronic Health Record Context
Ordered by Time (Earliest to Latest):
1. Date: 2169-06-05, Time: 18:53:00, Note Category: Physician, Note Description: Physician Resident Admission Note | Text: The patient was found to
   have an increased oxygen requirement and an o2 sat in the 70s at
   rehab.  
2. Date: 2169-06-05, Time: 18:53:00, Note Category: Physician, Note Description: Physician Resident Admission Note | Text: His oxygen was increased at rehab with some improvement and was
   transferred to the ED.  
3. Date: 2169-06-07, Time: Unknown, Note Category: Discharge summary, Note Description: Report | Text: The patient was found to have
an increased oxygen requirement and an o2 sat in the 70s at
rehab.  
4. Date: 2169-06-07, Time: Unknown, Note Category: Discharge summary, Note Description: Report | Text: On day of admission
the patient was found to have an increased oxygen requirement
and an o2 sat in the 70s at rehab. 
5. Date: 2169-06-07, Time: Unknown, Note Category: Discharge summary, Note Description: Report | Text: His oxygen was increased at
rehab with some improvement and was transferred to the ED. 
6. Date: 2169-06-07, Time: Unknown, Note Category: Discharge summary, Note Description: Report | Text: His oxygen was increased at rehab with some improvement
and was transferred to the ED.  
7. Date: 2171-03-06, Time: 19:17:00, Note Category: Radiology, Note Description: CHEST (PORTABLE AP) | Text: There are low lung volumes.  
8. Date: 2171-03-07, Time: 04:56:00, Note Category: Physician, Note Description: Physician Resident Admission Note | Text: He did indicate by nodding that he was short of
   breath.  
9. Date: 2171-03-08, Time: 16:40:00, Note Category: General, Note Description: ICU Event Note | Text: Was
   explained that it would only be put in if he were unable to breath for
   himself, and patient stated he did not want a breathing tube at any
   point.
10. Date: 2171-03-09, Time: 02:38:00, Note Category: Nursing, Note Description: Nursing Progress Note | Text: Requiring a lot of O2 to maintain Sat 88-90%.
   
"
77617ffa-4bc8-ccfd-3af6-4eb31453c231,EHR Completo,"The patient's code status was changed to ""Do Not Intubate"" (DNI) after a discussion with his family. ",Supported,"The reference notes multiple discussions with the patient and family about code status and intubation, including the patient stating he does not want to be reintubated and the family agreeing, supporting that the patient's code status was changed to DNI after discussion.","Hospital Admission Start: 2171-03-06 20:59:00
Hospital Admission End: 2171-03-11 18:30:00
Electronic Health Record Context
Ordered by Time (Earliest to Latest):
1. Date: 2169-06-05, Time: 18:04:00, Note Category: Nursing, Note Description: Nursing Progress Note | Text: NPO as if resp status worstens and there is need for intubation. 
2. Date: 2169-06-05, Time: 18:53:00, Note Category: Physician, Note Description: Physician Resident Admission Note | Text: Of note, despite documentation for DNR/I and previous
   hospitalizations as such, the patient would like to be full code per
   patient and patient's son.  
3. Date: 2169-06-07, Time: Unknown, Note Category: Discharge summary, Note Description: Report | Text: Code - On arrival to the ED the patient had requested that he
would like his code status to be changed from DNR to Full Code.

4. Date: 2169-06-07, Time: Unknown, Note Category: Discharge summary, Note Description: Report | Text: Of note, despite documentation for
DNR/I and previous hospitalizations as such, the patient would
like to be full code per patient and patient's son.  
5. Date: 2171-03-07, Time: 04:56:00, Note Category: Physician, Note Description: Physician Resident Admission Note | Text: The patient was placed on BiPAP to help
   with his breathing, as he was reportedly DNR/DNI at his nursing home.
   
6. Date: 2171-03-08, Time: 14:25:00, Note Category: Nursing, Note Description: Nursing Progress Note | Text: PT MORE AWAKE ,TAKING CL LIQUIDS.INTERACTING APPROPRIATELY CFAMILY,PT
   STATE HE DOES NOT WANT TO BE REINTUBATED,FAMILY IS IN AGREEMENT  .HE IS
   ANXIOUS TO FIND HIS EYEGLASSES.HE BELIEVES HE WAS ADMITTED TO HOSPITAL
   C THEM.ADMISSION FORM STATES HE HAD NO VALUABLES . 
7. Date: 2171-03-08, Time: 16:40:00, Note Category: General, Note Description: ICU Event Note | Text: Patient
   voiced his desire not to have a breathing tube put back in.  
8. Date: 2171-03-08, Time: 16:40:00, Note Category: General, Note Description: ICU Event Note | Text: Did not address DNR component at this discussion, and
   will defer that discussion until the morning as patient and family
   somewhat overwhelmed by current discussion.

9. Date: 2171-03-08, Time: 16:40:00, Note Category: General, Note Description: ICU Event Note | Text: Clinician:  Resident
   Met with family and discussed possible need for reintubation.  
10. Date: 2171-03-08, Time: 16:40:00, Note Category: General, Note Description: ICU Event Note | Text: Was
   explained that it would only be put in if he were unable to breath for
   himself, and patient stated he did not want a breathing tube at any
   point.
"
03c42051-6f07-5fe4-1dfa-69d51462c0ee,EHR Completo,"The patient, a 90+ year-old man with a history of CAD, CHF, OSA, and AF, was admitted to the ICU with increased respiratory distress. ",Supported,"The reference notes the patient is an old man with history of CAD, CHF, OSA, and AF on coumadin, admitted with increased respiratory distress, consistent with the text.","Hospital Admission Start: 2171-03-06 20:59:00
Hospital Admission End: 2171-03-11 18:30:00
Electronic Health Record Context
Ordered by Time (Earliest to Latest):
1. Date: 2169-06-05, Time: 18:53:00, Note Category: Physician, Note Description: Physician Resident Admission Note | Text: Patient reports he has been having shortness of breath for years but it
   has gotten worse in the past four days.
2. Date: 2169-06-07, Time: Unknown, Note Category: Discharge summary, Note Description: Report | Text: Patient reports he has been having shortness of breath for years
but it has gotten worse in the past four days. 
3. Date: 2171-03-06, Time: 22:22:00, Note Category: Physician, Note Description: Cardiology fellow CCU admit note | Text: CHF (last EF>55% w/o
   diastolic dysfunction on doppler in [**2168**]), OSA, 2nd degree AVB s/p dual
   chamber [**Company 2375**] PPM in [**2167**], recurrent pna and bronchitis, htn, h/o
   DVT and AF on coumadin here with increased respiratory distress from
   nursing home. 
4. Date: 2171-03-06, Time: 22:22:00, Note Category: Physician, Note Description: Cardiology fellow CCU admit note | Text: COPD, 2nd degree heart block
   s/p PPM, OSA, DVT/AF on coumadin here with respiratory distress and
   CHF.
5. Date: 2171-03-09, Time: 02:38:00, Note Category: Nursing, Note Description: Nursing Progress Note | Text: old man w/ h/o CAD ,  CHF (last EF>55% w/o diastolic
   dysfunction on doppler in [**2168**]), OSA, 2nd degree AVB s/p dual chamber
   [**Company 2375**] PPM in [**2167**], recurrent pneumonia and bronchitis, htn, h/o DVT
   and AF on Coumadin. 
6. Date: 2171-03-09, Time: 02:38:00, Note Category: Nursing, Note Description: Nursing Progress Note | Text: Here with increased respiratory distress from
   nursing home.
7. Date: 2171-03-09, Time: 06:54:00, Note Category: Physician, Note Description: Physician Resident Progress Note | Text: There was likely a component of CHF/fluid overload. 
8. Date: 2171-03-09, Time: 13:37:00, Note Category: Nursing, Note Description: Nursing Transfer Note | Text: old man w/ h/o CAD ,  CHF (last EF>55% w/o diastolic
   dysfunction on doppler in [**2168**]), OSA, 2nd degree AVB s/p dual chamber
   [**Company 2375**] PPM in [**2167**], recurrent pneumonia and bronchitis, htn, h/o DVT
   and AF on Coumadin.
"
02806104-d643-9e2c-49dc-6afe7e155979,EHR Completo,"Initial evaluation revealed moderate cardiomegaly, low lung volumes, a small left pleural effusion, and increased interstitial lung markings consistent with mild pulmonary edema. ",Supported,"The reference notes moderate cardiomegaly, low lung volumes, a left pleural effusion, and increased interstitial lung markings consistent with mild pulmonary edema, fully supporting the text.","Hospital Admission Start: 2171-03-06 20:59:00
Hospital Admission End: 2171-03-11 18:30:00
Electronic Health Record Context
Ordered by Time (Earliest to Latest):
1. Date: 2169-06-06, Time: 04:51:00, Note Category: Radiology, Note Description: CHEST (PORTABLE AP) | Text: FINDINGS:  In comparison with the study of [**6-5**], there is little overall change
 allowing for these somewhat poor lung volume.  
2. Date: 2171-03-06, Time: 19:17:00, Note Category: Radiology, Note Description: CHEST (PORTABLE AP) | Text: Increased interstitial lung markings
 and perihilar opacities consistent with mild pulmonary edema is noted.  
3. Date: 2171-03-06, Time: 19:17:00, Note Category: Radiology, Note Description: CHEST (PORTABLE AP) | Text: IMPRESSION:  Pulmonary edema with left pleural effusion.



4. Date: 2171-03-06, Time: 19:17:00, Note Category: Radiology, Note Description: CHEST (PORTABLE AP) | Text: There are low lung volumes.  
5. Date: 2171-03-06, Time: 19:17:00, Note Category: Radiology, Note Description: CHEST (PORTABLE AP) | Text: There is moderate
 cardiomegaly.
6. Date: 2171-03-07, Time: 07:45:00, Note Category: Radiology, Note Description: CHEST (PORTABLE AP) | Text: Mild
 indistinctness of pulmonary vessels is again consistent with elevated
 pulmonary venous pressure.
7. Date: 2171-03-07, Time: Unknown, Note Category: Echo, Note Description: Report | Text: There is mild symmetric left ventricular hypertrophy. 
8. Date: 2171-03-08, Time: 11:36:00, Note Category: Radiology, Note Description: CHEST (PORTABLE AP) | Text: There is improved
 mild pulmonary edema.  
9. Date: 2171-03-10, Time: 08:08:00, Note Category: Radiology, Note Description: CHEST (PORTABLE AP) | Text: There is mild
 atelectasis at the lung bases.  
10. Date: 2171-03-10, Time: 08:08:00, Note Category: Radiology, Note Description: CHEST (PORTABLE AP) | Text: The lungs appear grossly clear.



"
b505de32-fd7e-b7b7-e524-0f7da5c4130b,EHR Completo,"He was treated with lasix, IV antibiotics, and BiPAP, but his condition worsened, and he was intubated due to high PCo2 levels. ",Supported,"The reference states the patient was treated with lasix and BiPAP for elevated CO2, and later had a repeat ABG showing PCo2 of 93 and was intubated, which supports the text's statement about treatment and intubation due to high PCo2. IV antibiotics are also mentioned (vancomycin, cefepime).","Hospital Admission Start: 2171-03-06 20:59:00
Hospital Admission End: 2171-03-11 18:30:00
Electronic Health Record Context
Ordered by Time (Earliest to Latest):
1. Date: 2169-06-05, Time: 18:10:00, Note Category: Physician, Note Description: Physician Attending Admission Note | Text: ED: T 101.8, got bipap for elevated CO2, Vanc and Cefepime,
   methyprednisolone
   ICU: c/o SOB and water in lungs due to pneumonia. 
2. Date: 2169-06-05, Time: 18:53:00, Note Category: Physician, Note Description: Physician Resident Admission Note | Text: Additionally he was given
   vancomycin, cefepime, albuterol, atrovent, and methylprednisolone
   125mg.  
3. Date: 2169-06-07, Time: Unknown, Note Category: Discharge summary, Note Description: Report | Text: Additionally he
was given vancomycin, cefepime, albuterol, atrovent, and
methylprednisolone 125mg.  
4. Date: 2169-06-07, Time: Unknown, Note Category: Discharge summary, Note Description: Report | Text: Additionally he was given vancomycin,
cefepime, albuterol, atrovent, and methylprednisolone 125mg. 
5. Date: 2169-06-07, Time: Unknown, Note Category: Discharge summary, Note Description: Report | Text: The patient was continued on
lasix with subsequent improvement in respiratory status. 
6. Date: 2171-03-07, Time: 04:56:00, Note Category: Physician, Note Description: Physician Resident Admission Note | Text: Here, he has been treated with lasix, morphine, and nitro gtt.
   
7. Date: 2171-03-08, Time: 14:25:00, Note Category: Nursing, Note Description: Nursing Progress Note | Text: Repeat ABG: PCo2 still 93
   Intubated at 0445, Sxn
d for thick secretions. 
"
0aeffdfc-7aa0-e9ef-17dd-4d16806886d1,EHR Completo,"The patient was then placed on mechanical ventilation, sedation, and peripheral dopamine for BP support. ",Not Supported,"The reference indicates the patient was placed on BiPAP and later intubated, with peripheral dopamine started for BP support and sedation mentioned in the plan, but mechanical ventilation is not explicitly stated; BiPAP is non-invasive ventilation, not mechanical ventilation.","Hospital Admission Start: 2171-03-06 20:59:00
Hospital Admission End: 2171-03-11 18:30:00
Electronic Health Record Context
Ordered by Time (Earliest to Latest):
1. Date: 2171-03-07, Time: 01:55:00, Note Category: Nursing, Note Description: Nursing Progress Note | Text: Peripheral Dopamine started for BP
   support, 400cc ivf given in total.
          
2. Date: 2171-03-07, Time: 04:56:00, Note Category: Physician, Note Description: Physician Resident Admission Note | Text: The patient was placed on BiPAP to help
   with his breathing, as he was reportedly DNR/DNI at his nursing home.
   
3. Date: 2171-03-07, Time: 06:25:00, Note Category: Physician, Note Description: Physician Resident Progress Note | Text: Additional comments:
   Intubated
   Diuresing today and intention to remove peripheral dopamine
   no evidence of ischemia.
   
4. Date: 2171-03-07, Time: 10:15:00, Note Category: Nursing, Note Description: Nursing Progress Note | Text: dopamine weaned to 4 mic bp  85/54
   Plan:
   CONTINUE TO WEAN DOPAMINE, SEDATION VENT AS TOL
   FOLLOW FLUID STATUS ,repeat lasix
   MONITOR LAB TESTS
5. Date: 2171-03-08, Time: 14:25:00, Note Category: Nursing, Note Description: Nursing Progress Note | Text: Peripheral Dopamine started for BP
   support, 400cc ivf given in total.
   
6. Date: 2171-03-09, Time: 02:38:00, Note Category: Nursing, Note Description: Nursing Progress Note | Text: Peripheral Dopamine started for BP
   support, 400cc ivf given in total.
7. Date: 2171-03-09, Time: 02:38:00, Note Category: Nursing, Note Description: Nursing Progress Note | Text: EMS
   called and placed on BiPAP.
   
"
efc45fc9-4a7e-c9ac-ad08-6611448f19fd,EHR Completo,"He was treated for a urinary tract infection with nitrofurantoin and was being monitored for fluid balance, cardiac function, and renal function. ",Not Supported,"The reference mentions treatment with nitrofurantoin is not documented; instead, the patient was treated with vancomycin, cefepime, lasix, morphine, and nitroglycerin. There is no mention of monitoring for fluid balance, cardiac function, or renal function.","Hospital Admission Start: 2171-03-06 20:59:00
Hospital Admission End: 2171-03-11 18:30:00
Electronic Health Record Context
Ordered by Time (Earliest to Latest):
1. Date: 2169-06-05, Time: 18:53:00, Note Category: Physician, Note Description: Physician Resident Admission Note | Text: Of note he has recently been treated
   with Rocephin 4 days x 2 courses.
2. Date: 2169-06-07, Time: Unknown, Note Category: Discharge summary, Note Description: Report | Text: He was continued on his home
medications of digoxin. 
3. Date: 2169-06-07, Time: Unknown, Note Category: Discharge summary, Note Description: Report | Text: Of note he has recently
been treated with Rocephin 4 days x 2 courses.  
4. Date: 2169-06-07, Time: Unknown, Note Category: Discharge summary, Note Description: Report | Text: He is
incontinent of urine however based on wt the pt responded with
3kg with loss. 
5. Date: 2169-06-07, Time: Unknown, Note Category: Discharge summary, Note Description: Report | Text: His antibiotics were discontinued as the pt had
a normal WBC and no fever. 
6. Date: 2169-06-07, Time: Unknown, Note Category: Discharge summary, Note Description: Report | Text: Additionally he was given vancomycin,
cefepime, albuterol, atrovent, and methylprednisolone 125mg. 
7. Date: 2169-06-07, Time: Unknown, Note Category: Discharge summary, Note Description: Report | Text: Additionally he
was given vancomycin, cefepime, albuterol, atrovent, and
methylprednisolone 125mg.  
8. Date: 2171-03-07, Time: 04:56:00, Note Category: Physician, Note Description: Physician Resident Admission Note | Text: He was given
   40 mg IV lasix and put out 30-40 cc of urine.  
9. Date: 2171-03-07, Time: 04:56:00, Note Category: Physician, Note Description: Physician Resident Admission Note | Text: Here, he has been treated with lasix, morphine, and nitro gtt.
   
10. Date: 2171-03-08, Time: 03:19:00, Note Category: Nursing, Note Description: Nursing Progress Note | Text: Plan:
   pt diuressed overnight he responded well to lasix,. 
"
821a8468-cfa8-b9d3-6892-d147ed1d246e,EHR Completo,"The patient's disposition was pending, with consideration for discharge or continued care.",Not Addressed,The reference context does not mention the patient's disposition status or any consideration for discharge or continued care.,"Hospital Admission Start: 2171-03-06 20:59:00
Hospital Admission End: 2171-03-11 18:30:00
Electronic Health Record Context
Ordered by Time (Earliest to Latest):
1. Date: 2169-06-06, Time: 06:41:00, Note Category: Physician, Note Description: Physician Resident Progress Note | Text: Given pt
s tenious status
   and likely aspiration
 continued on Vanc/cefepime. 
2. Date: 2169-06-07, Time: Unknown, Note Category: Discharge summary, Note Description: Report | Text: The
patient remained afebrile throughout his hospitalization. 
3. Date: 2169-06-07, Time: Unknown, Note Category: Discharge summary, Note Description: Report | Text: The patient was continued on
lasix with subsequent improvement in respiratory status. 
4. Date: 2171-03-07, Time: 04:56:00, Note Category: Physician, Note Description: Physician Resident Admission Note | Text: The patient was placed on BiPAP to help
   with his breathing, as he was reportedly DNR/DNI at his nursing home.
   
5. Date: 2171-03-07, Time: 14:35:00, Note Category: Radiology, Note Description: NASO-INTESTINAL TUBE PLACEMENT (W/FLUORO) | Text: The tube is ready for use.


6. Date: 2171-03-07, Time: 14:35:00, Note Category: Radiology, Note Description: NASO-INTESTINAL TUBE PLACEMENT (W/FLUORO) | Text: Tube is ready for use.
 
7. Date: 2171-03-07, Time: 14:35:00, Note Category: Radiology, Note Description: NASO-INTESTINAL TUBE PLACEMENT (W/FLUORO) | Text: Tube is ready for use.


8. Date: 2171-03-08, Time: 14:25:00, Note Category: Nursing, Note Description: Nursing Progress Note | Text: PT MORE AWAKE ,TAKING CL LIQUIDS.INTERACTING APPROPRIATELY CFAMILY,PT
   STATE HE DOES NOT WANT TO BE REINTUBATED,FAMILY IS IN AGREEMENT  .HE IS
   ANXIOUS TO FIND HIS EYEGLASSES.HE BELIEVES HE WAS ADMITTED TO HOSPITAL
   C THEM.ADMISSION FORM STATES HE HAD NO VALUABLES . 
9. Date: 2171-03-08, Time: 16:40:00, Note Category: General, Note Description: ICU Event Note | Text: Nurse present and all in agreement that patient would be DNI
   going forward.
"
3d70847e-d1c1-0159-2610-3982a6824064,EHR Completo,He was able to tolerate sips of clear liquids and eventually advanced to a more solid diet. ,Supported,"The reference notes indicate the patient was tolerating sips of clear liquids on 2131-02-26 and was later tolerating clear/full liquids well with encouragement to eat solids on 2131-02-27, supporting the text that he was able to tolerate sips of clear liquids and eventually advanced to a more solid diet.","Hospital Admission Start: 2131-02-21 19:59:00
Hospital Admission End: 2131-03-08 13:16:00
Electronic Health Record Context
Ordered by Time (Earliest to Latest):
1. Date: 2131-02-22, Time: 06:11:00, Note Category: Physician, Note Description: Intensivist Note | Text: He was admitted, hydrated, and started on PO vanco. 
2. Date: 2131-02-22, Time: 06:45:00, Note Category: Nursing, Note Description: Nursing Progress Note | Text: He
   was admitted, hydrated, and started on PO vanco. 
3. Date: 2131-02-24, Time: 16:08:00, Note Category: Respiratory, Note Description: Respiratory Care Shift Note | Text: tolerating well at
   this time.  
4. Date: 2131-02-26, Time: 05:56:00, Note Category: Physician, Note Description: Intensivist Note | Text: ?Clears
   Nutrition: Clear liquids, Tolerating sips.  
5. Date: 2131-02-26, Time: 05:56:00, Note Category: Physician, Note Description: Intensivist Note | Text: Tolerating sips.  
6. Date: 2131-02-26, Time: 05:56:00, Note Category: Physician, Note Description: Intensivist Note | Text: Nutrition: Clear liquids, Tolerating sips.  
7. Date: 2131-02-27, Time: 10:50:00, Note Category: Nursing, Note Description: Nursing Transfer Note | Text: Tolerating clear/full liquids well- advance diet as
   tolerated.
                    
8. Date: 2131-02-27, Time: 10:50:00, Note Category: Nursing, Note Description: Nursing Transfer Note | Text: Tolerating POs well, denies nausea,
   encouraged to eat solids. 
"
470c70f2-37d9-011a-07e1-75b28fb4223a,EHR Completo,"The patient's atrial fibrillation was managed with amiodarone and lopressor, and his heart rate and blood pressure were stabilized. ",Supported,"The reference documents administration of amiodarone and lopressor for atrial fibrillation management, noting heart rate control and stabilization of blood pressure, which supports the text.","Hospital Admission Start: 2131-02-21 19:59:00
Hospital Admission End: 2131-03-08 13:16:00
Electronic Health Record Context
Ordered by Time (Earliest to Latest):
1. Date: 2131-02-24, Time: 19:10:00, Note Category: Nursing, Note Description: Nursing Progress Note | Text: Resident was at the bedside when episode
   occurred and lopressor 10 mg IVP given. 
2. Date: 2131-02-24, Time: 19:10:00, Note Category: Nursing, Note Description: Nursing Progress Note | Text: Action:
   Amiodarone bolus of 150mg given and gtt started at 1mg/min at 1810.
   
3. Date: 2131-02-25, Time: 06:27:00, Note Category: Physician, Note Description: Intensivist Note | Text: Cont
   amiodarone. 
4. Date: 2131-02-25, Time: 07:26:00, Note Category: Nursing, Note Description: Nursing Progress Note | Text: settled
   slightly yet still HR remained from 120-130
   Action:
   Pt rebolused w/ 150mg of amiodarone a 8:45pm, lytes and abg sent.
   
5. Date: 2131-02-25, Time: 17:38:00, Note Category: Physician, Note Description: Cardiology Comprehensive Physician Note | Text: Amiodarone iv was started
   which helped control the heart rate and eventually converted him to
   sinus.  
6. Date: 2131-02-25, Time: 17:38:00, Note Category: Physician, Note Description: Cardiology Comprehensive Physician Note | Text: When amiodarone was stopped today he reverted to his SVT.
   
7. Date: 2131-02-25, Time: 18:41:00, Note Category: Nursing, Note Description: Nursing Progress Note | Text: Action:
   PO amiodarone and lopressor given at 1700 after Dr [**First Name (STitle) **] spoke with
   cardiology.  
8. Date: 2131-02-26, Time: 06:37:00, Note Category: Nursing, Note Description: Nursing Progress Note | Text: Atrial fibrillation (Afib)
   Assessment:
   Pt in SR w/ rate in the 80-90
s at the beginning of the shift..  Had
   received first PO dose of amiodarone 400mg at 5pm, IV gtt of amio at
   0.5mg/min turned off at 9:30pm  Pt hypotensive at that time with BP as
   low as 75/45.
9. Date: 2131-02-26, Time: 06:37:00, Note Category: Nursing, Note Description: Nursing Progress Note | Text: Plan:
   Con
t to monitor HR closely, pt now getting PO amiodarone and PO
   lopressor as ordered.
10. Date: 2131-02-27, Time: 10:50:00, Note Category: Nursing, Note Description: Nursing Transfer Note | Text: Action:
   Receiving 400mg amiodarone [**Hospital1 **] & 50mg lopressor [**Hospital1 **] for afib.
   
"
8ebcf909-ec3c-8eaa-ed34-489a7af2c68a,EHR Completo,He received physical therapy and antibiotic coverage for his surgical site. ,Supported,"The reference notes that the patient was started on oral vancomycin (an antibiotic) and received physical therapy as of 2131-02-27, supporting the statement that he received physical therapy and antibiotic coverage for his surgical site.","Hospital Admission Start: 2131-02-21 19:59:00
Hospital Admission End: 2131-03-08 13:16:00
Electronic Health Record Context
Ordered by Time (Earliest to Latest):
1. Date: 2131-02-22, Time: 06:11:00, Note Category: Physician, Note Description: Intensivist Note | Text: He was admitted, hydrated, and started on PO vanco. 
2. Date: 2131-02-22, Time: 13:52:00, Note Category: Nursing, Note Description: Nursing Progress Note | Text: He
   was admitted, hydrated, and started on PO vancomycin. 
3. Date: 2131-02-22, Time: 13:52:00, Note Category: Nursing, Note Description: Nursing Progress Note | Text: (had been on antibiotics previously for COPD flare) . 
4. Date: 2131-02-25, Time: 17:38:00, Note Category: Physician, Note Description: Cardiology Comprehensive Physician Note | Text: He received a total colectomy with endileostomy on [**2-22**].
5. Date: 2131-02-27, Time: 10:50:00, Note Category: Nursing, Note Description: Nursing Transfer Note | Text: Physical therapy by this am to work with pt.
   
6. Date: 2131-03-02, Time: 10:01:00, Note Category: Radiology, Note Description: PICC W/O PORT | Text: The patient tolerated the procedure well. 
7. Date: 2131-03-02, Time: 10:01:00, Note Category: Radiology, Note Description: PICC W/O PORT | Text: The catheter was secured
 to the skin, flushed, and a sterile dressing applied.

 
8. Date: 2131-03-02, Time: 10:01:00, Note Category: Radiology, Note Description: PICC W/O PORT | Text: There were no immediate
 complications.

 
"
80d33852-8e45-43b1-408c-e9a049b6c682,EHR Completo,"The patient was eventually transferred to a rehabilitation program, where he continued to receive treatment for his various complications, including impaired skin integrity due to a leaking ostomy bag and thrush.

",Not Addressed,"The reference mentions hospital admission, treatment including nystatin and ostomy bag care, and physical therapy evaluation, but does not mention transfer to a rehabilitation program or ongoing treatment for impaired skin integrity due to a leaking ostomy bag and thrush.","Hospital Admission Start: 2131-02-21 19:59:00
Hospital Admission End: 2131-03-08 13:16:00
Electronic Health Record Context
Ordered by Time (Earliest to Latest):
1. Date: 2131-02-22, Time: 06:11:00, Note Category: Physician, Note Description: Intensivist Note | Text: He was admitted, hydrated, and started on PO vanco. 
2. Date: 2131-02-22, Time: 06:45:00, Note Category: Nursing, Note Description: Nursing Progress Note | Text: He
   was admitted, hydrated, and started on PO vanco. 
3. Date: 2131-02-22, Time: 06:45:00, Note Category: Nursing, Note Description: Nursing Progress Note | Text: Arrangements were then made for transfer here by his family
s request
   PMHx:
   HTN
   Perforated Diverticulitis [**6-/2125**] c/b sepsis, respiratory failure, ARF,
   A Fib, multiple abscess formation after colectomy and hartmann
s pouch
   at OSH. 
4. Date: 2131-02-22, Time: 06:45:00, Note Category: Nursing, Note Description: Nursing Progress Note | Text: Transferred to Dr.
5. Date: 2131-02-22, Time: 13:52:00, Note Category: Nursing, Note Description: Nursing Progress Note | Text: He
   was admitted, hydrated, and started on PO vancomycin. 
6. Date: 2131-02-25, Time: 17:38:00, Note Category: Physician, Note Description: Cardiology Comprehensive Physician Note | Text: He received a total colectomy with endileostomy on [**2-22**].
7. Date: 2131-02-26, Time: 18:00:00, Note Category: Nursing, Note Description: Nursing Progress Note | Text: Action:
   Started on nystatin swish and swallow, Vaseline to lips, ostomy bag
   changed and secured.
   
8. Date: 2131-02-27, Time: 12:06:00, Note Category: Rehab Services, Note Description: Physical Therapy Evaluation Note | Text: has stayed on [**Location (un) 506**] with hospital bed previously.
   
9. Date: 2131-02-27, Time: 12:06:00, Note Category: Rehab Services, Note Description: Physical Therapy Evaluation Note | Text: He is most limited by general
   weakness associated with prolonged hospital stay and intubation and is
   well below his baseline level.
"
0fdc44f3-34e8-dbf8-82f2-ea42e40665f0,EHR Completo,"During his hospital stay, the patient underwent several imaging studies, including chest X-rays, abdominal X-rays, and an echocardiogram. ",Not Supported,The reference mentions chest X-rays but does not mention abdominal X-rays or an echocardiogram being performed during the hospital stay.,"Hospital Admission Start: 2131-02-21 19:59:00
Hospital Admission End: 2131-03-08 13:16:00
Electronic Health Record Context
Ordered by Time (Earliest to Latest):
1. Date: 2131-02-21, Time: Unknown, Note Category: ECG, Note Description: Report | Text: Since the previous tracing
of [**2130-5-22**] rate is faster and atrial ectopy is present.


2. Date: 2131-02-22, Time: 05:19:00, Note Category: Radiology, Note Description: CHEST (PORTABLE AP) | Text: This study is very limited due to respiratory motion.  
3. Date: 2131-02-22, Time: 05:19:00, Note Category: Radiology, Note Description: CHEST (PORTABLE AP) | Text: There are low lung volumes and elevation
 of the left hemidiaphragm.  
4. Date: 2131-02-22, Time: 06:11:00, Note Category: Physician, Note Description: Intensivist Note | Text: He was admitted, hydrated, and started on PO vanco. 
5. Date: 2131-02-22, Time: 06:45:00, Note Category: Nursing, Note Description: Nursing Progress Note | Text: He
   was admitted, hydrated, and started on PO vanco. 
6. Date: 2131-02-22, Time: 13:52:00, Note Category: Nursing, Note Description: Nursing Progress Note | Text: He
   was admitted, hydrated, and started on PO vancomycin. 
7. Date: 2131-02-22, Time: 13:52:00, Note Category: Nursing, Note Description: Nursing Progress Note | Text: (had been on antibiotics previously for COPD flare) . 
8. Date: 2131-02-27, Time: 06:32:00, Note Category: Nursing, Note Description: Nursing Progress Note | Text: Action:
   Incentive spirometry used, OOB to chair early AM.Pt Stood and turned
   assisted by 2, chest PT and back rubs.
   
9. Date: 2131-02-27, Time: 12:06:00, Note Category: Rehab Services, Note Description: Physical Therapy Evaluation Note | Text: has stayed on [**Location (un) 506**] with hospital bed previously.
   
"
56ceb3e1-ae47-feff-809c-cfc4675e63d8,EHR Completo,"The patient was treated with antibiotics, vasopressors, and mechanical ventilation, and his condition was closely monitored in the ICU. ",Supported,"The reference states the patient was transferred to the ICU, intubated (mechanical ventilation), started on vasopressors, and treated with antibiotics (meropenem/flagyl), confirming all elements of the text.","Hospital Admission Start: 2131-02-21 19:59:00
Hospital Admission End: 2131-03-08 13:16:00
Electronic Health Record Context
Ordered by Time (Earliest to Latest):
1. Date: 2131-02-22, Time: 06:11:00, Note Category: Physician, Note Description: Intensivist Note | Text: He was transfered to
   the ICU, intubated, had a central line placed, started on
   vasopressors, and was given 3L IVF and meropenem/flagyl IV.
   
2. Date: 2131-02-22, Time: 06:11:00, Note Category: Physician, Note Description: Intensivist Note | Text: He was transfered to
   the ICU, intubated, had a central line placed, started on
   vasopressors, and was given 3L IVF and meropenem/flagyl IV.
3. Date: 2131-02-22, Time: 06:45:00, Note Category: Nursing, Note Description: Nursing Progress Note | Text: He was
   transferred to the ICU, intubated, had a central line placed, started
   on
   vasopressors, and was given 3L IVF and meropenem/flagyl IV.
4. Date: 2131-02-22, Time: 13:52:00, Note Category: Nursing, Note Description: Nursing Progress Note | Text: He
   was admitted, hydrated, and started on PO vancomycin. 
5. Date: 2131-02-25, Time: 06:27:00, Note Category: Physician, Note Description: Intensivist Note | Text: (Piperacillin Sodium/Tazobactam)
   Rash;
   Last dose of Antibiotics:
   Meropenem - [**2131-2-25**] 12:00 AM
   Metronidazole - [**2131-2-25**] 12:00 AM
   Infusions:
   Amiodarone - 0.5 mg/min
   Other ICU medications:
   Metoprolol - [**2131-2-24**] 03:13 PM
   Furosemide (Lasix) -
6. Date: 2131-02-27, Time: 05:41:00, Note Category: Physician, Note Description: Intensivist Note | Text: Antibiotics:
   Meropenem - [**2131-2-26**] 12:24 PM
   Metronidazole - [**2131-2-27**] 12:00 AM
   Infusions:
   Other ICU medications:
   Lorazepam (Ativan) - [**2131-2-26**] 05:30 PM
   Metoprolol - [**2131-2-26**] 10:45 PM
   Heparin Sodium (Prophylaxis) -
"
6440902e-c077-ee3c-c9e7-7d990607e4d6,EHR Completo,"He experienced several complications, including atrial fibrillation and supraventricular tachycardia, but was successfully converted to a normal sinus rhythm with treatment. ",Supported,"The reference documents episodes of supraventricular tachycardia and atrial fibrillation, and notes that treatment with Amiodarone converted the patient to sinus rhythm, fully supporting the text.","Hospital Admission Start: 2131-02-21 19:59:00
Hospital Admission End: 2131-03-08 13:16:00
Electronic Health Record Context
Ordered by Time (Earliest to Latest):
1. Date: 2131-02-21, Time: 20:57:00, Note Category: Radiology, Note Description: CHEST PORT. LINE PLACEMENT | Text: There is no evidence of
 complications, notably no pneumothorax.  
2. Date: 2131-02-21, Time: Unknown, Note Category: ECG, Note Description: Report | Text: Since the previous tracing
of [**2130-5-22**] rate is faster and atrial ectopy is present.


3. Date: 2131-02-22, Time: Unknown, Note Category: ECG, Note Description: Report | Text: Compared to the previous tracing of [**2131-2-21**] cardiac rhythm
is now supraventricular tachycardia.


4. Date: 2131-02-23, Time: 17:52:00, Note Category: Nursing, Note Description: Nursing Progress Note | Text: * Pt experienced SVT with runs of Afib last night, whereupon he was
   immediately started on an Amiodarone gtt. 
5. Date: 2131-02-25, Time: 17:38:00, Note Category: Physician, Note Description: Cardiology Comprehensive Physician Note | Text: Amiodarone iv was started
   which helped control the heart rate and eventually converted him to
   sinus.  
6. Date: 2131-02-25, Time: 17:38:00, Note Category: Physician, Note Description: Cardiology Comprehensive Physician Note | Text: Since
   then he developed acute renal failure and narrow complex tachycardia.
   
7. Date: 2131-02-25, Time: 17:38:00, Note Category: Physician, Note Description: Cardiology Comprehensive Physician Note | Text: We were consulted to help with the management of this supraventricular
   tachycardia.
8. Date: 2131-02-26, Time: 18:00:00, Note Category: Nursing, Note Description: Nursing Progress Note | Text: Todays events:
   Atrial fibrillation (Afib)
   Assessment:
   Sinus rhythm rate increased to 120 at 1700 after staff assisted
   standing transfer from chair to bed. 
9. Date: 2131-03-02, Time: 10:01:00, Note Category: Radiology, Note Description: PICC W/O PORT | Text: There were no immediate
 complications.

 
10. Date: 2131-03-03, Time: Unknown, Note Category: ECG, Note Description: Report | Text: Compared to the previous
tracing of [**2131-2-22**] sinus rhythm has appeared.  
"
6d2953ec-9991-971b-a839-a7f35055e62a,EHR Completo,"These studies revealed findings consistent with small-bowel obstruction, left pleural effusion, and mildly thickened aortic and mitral valve leaflets. ",Supported,"The reference notes confirm left pleural effusion, mildly thickened aortic and mitral valve leaflets, and radiologic evidence of small-bowel obstruction with dilated loops and air-fluid levels.","Hospital Admission Start: 2131-02-21 19:59:00
Hospital Admission End: 2131-03-08 13:16:00
Electronic Health Record Context
Ordered by Time (Earliest to Latest):
1. Date: 2131-02-23, Time: 05:13:00, Note Category: Radiology, Note Description: CHEST (PORTABLE AP) | Text: There has been
 interval increase in mild to moderate right and moderate left pleural effusion
 and adjacent atelectasis. 
2. Date: 2131-02-25, Time: 05:31:00, Note Category: Radiology, Note Description: CHEST (PORTABLE AP) | Text: The extent of the left-sided pleural
 effusion, combined with the pre-existing left basal and retrocardiac opacity
 have slightly increased.  
3. Date: 2131-02-25, Time: 17:38:00, Note Category: Physician, Note Description: Cardiology Comprehensive Physician Note | Text: The mitral valve leaflets are
   mildly thickened. 
4. Date: 2131-02-27, Time: Unknown, Note Category: Echo, Note Description: Report | Text: The mitral valve leaflets are mildly thickened.

5. Date: 2131-02-27, Time: Unknown, Note Category: Echo, Note Description: Report | Text: AORTIC VALVE: Mildly thickened aortic valve leaflets (3). 
6. Date: 2131-02-27, Time: Unknown, Note Category: Echo, Note Description: Report | Text: The aortic valve
leaflets (3) are mildly thickened but aortic stenosis is not present. 
7. Date: 2131-02-27, Time: Unknown, Note Category: Echo, Note Description: Report | Text: MITRAL VALVE: Mildly thickened mitral valve leaflets. 
8. Date: 2131-02-28, Time: 20:18:00, Note Category: Radiology, Note Description: ABDOMEN (SUPINE & ERECT) | Text: Assess for evidence of small-bowel
 obstruction.

 
9. Date: 2131-02-28, Time: 20:18:00, Note Category: Radiology, Note Description: ABDOMEN (SUPINE & ERECT) | Text: There are dilated
 loops of small bowel with ""stepladder"" air-fluid levels.  
10. Date: 2131-02-28, Time: 20:19:00, Note Category: Radiology, Note Description: CHEST (PA & LAT) | Text: Some atelectatic changes and probable pleural fluid are seen at
 the left base.  
"
ee7cb69e-eb5e-5fe0-8feb-93096ada1190,EHR Completo,"The patient also had a PICC line placed for TPN administration, which was initially misplaced but later corrected. ",Supported,"The reference describes a failed bedside PICC placement with the catheter curling into the axilla, followed by successful placement of a double-lumen PICC line with tip positioned in the SVC under fluoroscopic guidance, supporting that the PICC line was initially misplaced but later corrected for TPN administration.","Hospital Admission Start: 2131-02-21 19:59:00
Hospital Admission End: 2131-03-08 13:16:00
Electronic Health Record Context
Ordered by Time (Earliest to Latest):
1. Date: 2131-02-21, Time: 20:57:00, Note Category: Radiology, Note Description: CHEST PORT. LINE PLACEMENT | Text: There is a
 newly placed right-sided central venous access line over the internal jugular
 vein and a left-sided central venous access line over the subclavian vein.
 
2. Date: 2131-02-21, Time: 20:57:00, Note Category: Radiology, Note Description: CHEST PORT. LINE PLACEMENT | Text: The tips of both lines project over the mid SVC.  
3. Date: 2131-02-22, Time: 05:19:00, Note Category: Radiology, Note Description: CHEST (PORTABLE AP) | Text: ET tube is in standard position.  
4. Date: 2131-02-27, Time: 12:06:00, Note Category: Rehab Services, Note Description: Physical Therapy Evaluation Note | Text: has stayed on [**Location (un) 506**] with hospital bed previously.
   
5. Date: 2131-03-01, Time: 12:05:00, Note Category: Radiology, Note Description: CHEST PORT. LINE PLACEMENT | Text: PICC placement was discussed by Dr. 
6. Date: 2131-03-02, Time: 10:01:00, Note Category: Radiology, Note Description: PICC W/O PORT | Text: ______________________________________________________________________________
                                 FINAL REPORT
 PICC LINE PLACEMENT

 INDICATION: IV access needed for TPN.

 
7. Date: 2131-03-02, Time: 10:01:00, Note Category: Radiology, Note Description: PICC W/O PORT | Text: The catheter was secured
 to the skin, flushed, and a sterile dressing applied.

 
8. Date: 2131-03-02, Time: 10:01:00, Note Category: Radiology, Note Description: PICC W/O PORT | Text: Position of the catheter was confirmed by a
 fluoroscopic spot film of the chest.

 
9. Date: 2131-03-02, Time: 10:01:00, Note Category: Radiology, Note Description: PICC W/O PORT | Text: Failed bedside PICC placement, curls into axilla.
10. Date: 2131-03-02, Time: 10:01:00, Note Category: Radiology, Note Description: PICC W/O PORT | Text: A peel-away sheath was then placed over a
 guidewire and a double-lumen PICC line measuring 40 cm in length was then
 placed through the peel-away sheath with its tip positioned in the SVC under
 fluoroscopic guidance.
"
6f6a9ac3-fb6c-48d7-f5e8-5f06a4741863,EHR Completo,"The patient's condition continued to improve, and he was eventually discharged from the hospital.",Not Addressed,"The reference provides details about admission, treatments, and some improvements but does not explicitly state that the patient's condition continued to improve or that he was eventually discharged from the hospital.","Hospital Admission Start: 2131-02-21 19:59:00
Hospital Admission End: 2131-03-08 13:16:00
Electronic Health Record Context
Ordered by Time (Earliest to Latest):
1. Date: 2131-02-22, Time: 06:11:00, Note Category: Physician, Note Description: Intensivist Note | Text: He was admitted, hydrated, and started on PO vanco. 
2. Date: 2131-02-22, Time: 06:45:00, Note Category: Nursing, Note Description: Nursing Progress Note | Text: He
   was admitted, hydrated, and started on PO vanco. 
3. Date: 2131-02-22, Time: 13:52:00, Note Category: Nursing, Note Description: Nursing Progress Note | Text: He
   was admitted, hydrated, and started on PO vancomycin. 
4. Date: 2131-02-22, Time: 16:08:00, Note Category: Respiratory, Note Description: Respiratory Care Shift Note | Text: PEEP increased from 5 to 10, FiO2 from 50 to 70%, now weaned back to
   50% but maintained PEEP, ABGs went from combined acidosis to acute
   metabolic acidosis but pH has improved since this morning, patient went
   to OR this morning where he has Ileostomy done, will continues to be
   followed.
5. Date: 2131-02-23, Time: 05:45:00, Note Category: Nursing, Note Description: Nursing Progress Note | Text: Metabolic acidosis
   has improved slightly. 
6. Date: 2131-02-26, Time: 10:48:00, Note Category: Nutrition, Note Description: Clinical Nutrition Note | Text: Renal function is improved.
   
7. Date: 2131-02-27, Time: 12:06:00, Note Category: Rehab Services, Note Description: Physical Therapy Evaluation Note | Text: has stayed on [**Location (un) 506**] with hospital bed previously.
   
8. Date: 2131-03-02, Time: 10:01:00, Note Category: Radiology, Note Description: PICC W/O PORT | Text: The patient tolerated the procedure well. 
9. Date: 2131-03-02, Time: 10:01:00, Note Category: Radiology, Note Description: PICC W/O PORT | Text: There were no immediate
 complications.

 
"
f3041856-0d94-18c4-63a6-5d4be3322939,EHR Completo,"The patient, a 73-year-old man, was admitted to the hospital with weakness, lower abdominal pain, and evidence of colitis due to C. difficile infection. ",Supported,"The reference confirms the patient is a 73-year-old man admitted with weakness, lower abdominal pain, and C. difficile colitis, consistent with the text.","Hospital Admission Start: 2131-02-21 19:59:00
Hospital Admission End: 2131-03-08 13:16:00
Electronic Health Record Context
Ordered by Time (Earliest to Latest):
1. Date: 2131-02-21, Time: 22:19:00, Note Category: Radiology, Note Description: CT ABDOMEN W/O CONTRAST | Text: ______________________________________________________________________________
                                 FINAL REPORT
 INDICATION:  73-year-old man with C. diff colitis presenting with abdominal
 distention.
2. Date: 2131-02-22, Time: 13:52:00, Note Category: Nursing, Note Description: Nursing Progress Note | Text: 73 male with  weakness and lower abdominal pain presented to outside
   hospital [**2-18**]. 
3. Date: 2131-02-23, Time: 05:45:00, Note Category: Nursing, Note Description: Nursing Progress Note | Text: 73M with C.diff colitis, sepsis, resp failure, ARF, toxic megacolon,
   s/p ex lap, total abd colectomy, end ileostomy [**2-22**].
   
4. Date: 2131-02-24, Time: 06:55:00, Note Category: Nursing, Note Description: Nursing Progress Note | Text: 73 y.o.m with C.diff colitis, sepsis, resp failure, ARF, toxic
   megacolon, s/p ex lap, total abd colectomy, end ileostomy [**2-22**].
   
5. Date: 2131-02-25, Time: 17:38:00, Note Category: Physician, Note Description: Cardiology Comprehensive Physician Note | Text: TITLE:
   Date of service: [**2131-2-25**]
   Initial consultation: Inpatient
   Presenting complaint: Arrhythmia
   History of present illness: 73 year old male with h/o HTN, CVA and
   C.diff colitis with toxic megacolon, septic shock was transferred to
   [**Hospital1 54**] from OSH where he presented with weakness and lower abdominal
   pain.  
6. Date: 2131-02-26, Time: 06:37:00, Note Category: Nursing, Note Description: Nursing Progress Note | Text: 73M with C.diff colitis/toxic metacolon, sepsis, resp failure, ARF, s/p
   ex lap, total abd colectomy, end ileostomy [**2-22**].
7. Date: 2131-02-27, Time: 06:32:00, Note Category: Nursing, Note Description: Nursing Progress Note | Text: 73M with C.diff colitis/toxic metacolon, sepsis, resp failure, ARF, s/p
   ex lap, total abd colectomy, end ileostomy [**2-22**].
   
8. Date: 2131-02-27, Time: 10:50:00, Note Category: Nursing, Note Description: Nursing Transfer Note | Text: 73 yom with C.diff colitis/toxic metacolon, sepsis, resp failure, ARF,
   s/p ex lap, total abd colectomy & end ileostomy [**2-22**].
   
"
c8d8da41-6cc9-2153-378b-a3b85e0cae87,EHR Completo,"He developed sepsis, acute respiratory failure, and acute renal failure, requiring transfer to the ICU, intubation, and vasopressor support. ",Supported,"The reference notes that he was transferred to the ICU, intubated, started on vasopressors, and developed acute renal failure, which supports the text stating sepsis, acute respiratory failure, and acute renal failure requiring ICU transfer, intubation, and vasopressor support.","Hospital Admission Start: 2131-02-21 19:59:00
Hospital Admission End: 2131-03-08 13:16:00
Electronic Health Record Context
Ordered by Time (Earliest to Latest):
1. Date: 2131-02-22, Time: 06:11:00, Note Category: Physician, Note Description: Intensivist Note | Text: He was transfered to
   the ICU, intubated, had a central line placed, started on
   vasopressors, and was given 3L IVF and meropenem/flagyl IV.
   
2. Date: 2131-02-22, Time: 06:11:00, Note Category: Physician, Note Description: Intensivist Note | Text: Over a short periord this afternoon he quickly decompensated
   becoming hypotensive with respiratory distress.
3. Date: 2131-02-22, Time: 06:11:00, Note Category: Physician, Note Description: Intensivist Note | Text: He was transfered to
   the ICU, intubated, had a central line placed, started on
   vasopressors, and was given 3L IVF and meropenem/flagyl IV.
4. Date: 2131-02-22, Time: 06:11:00, Note Category: Physician, Note Description: Intensivist Note | Text: Over a short periord this afternoon he quickly decompensated
   becoming hypotensive with respiratory distress.  
5. Date: 2131-02-22, Time: 06:45:00, Note Category: Nursing, Note Description: Nursing Progress Note | Text: He quickly
   decompensated becoming hypotensive with respiratory distress.  
6. Date: 2131-02-22, Time: 13:52:00, Note Category: Nursing, Note Description: Nursing Progress Note | Text: He was
   transferred to the ICU, intubated, had a central line placed, started
   on
   vasopressors, and was given 3L IVF and meropenem/flagyl IV.
7. Date: 2131-02-22, Time: 13:52:00, Note Category: Nursing, Note Description: Nursing Progress Note | Text: He
   was admitted, hydrated, and started on PO vancomycin. 
8. Date: 2131-02-25, Time: 17:38:00, Note Category: Physician, Note Description: Cardiology Comprehensive Physician Note | Text: Since
   then he developed acute renal failure and narrow complex tachycardia.
   
"
b0708132-b608-102e-7fce-b1a5cc9c0be9,EHR Completo,"The patient underwent an exploratory laparotomy, total abdominal colectomy, and end ileostomy due to toxic megacolon. ",Supported,"The reference clearly documents that the patient underwent exploratory laparotomy (ex lap), total abdominal colectomy, and end ileostomy due to toxic megacolon.","Hospital Admission Start: 2131-02-21 19:59:00
Hospital Admission End: 2131-03-08 13:16:00
Electronic Health Record Context
Ordered by Time (Earliest to Latest):
1. Date: 2131-02-23, Time: 05:45:00, Note Category: Nursing, Note Description: Nursing Progress Note | Text: 73M with C.diff colitis, sepsis, resp failure, ARF, toxic megacolon,
   s/p ex lap, total abd colectomy, end ileostomy [**2-22**].
   
2. Date: 2131-02-23, Time: 17:52:00, Note Category: Nursing, Note Description: Nursing Progress Note | Text: 73 y.o.m with C.diff colitis, sepsis, resp failure, ARF, toxic
   megacolon, s/p ex lap, total abd colectomy, end ileostomy [**2-22**].
   
3. Date: 2131-02-25, Time: 06:27:00, Note Category: Physician, Note Description: Intensivist Note | Text: s/p ex lap, total abd colectomy, end ileostomy
   [**2-22**].
   
4. Date: 2131-02-25, Time: 07:26:00, Note Category: Nursing, Note Description: Nursing Progress Note | Text: 73M with C.diff colitis, sepsis, resp failure, ARF, ?toxic megacolon,
   s/p ex lap, total abd colectomy, end ileostomy [**2-22**].
   
5. Date: 2131-02-25, Time: 17:38:00, Note Category: Physician, Note Description: Cardiology Comprehensive Physician Note | Text: He received a total colectomy with endileostomy on [**2-22**].
6. Date: 2131-02-26, Time: 06:37:00, Note Category: Nursing, Note Description: Nursing Progress Note | Text: 73M with C.diff colitis/toxic metacolon, sepsis, resp failure, ARF, s/p
   ex lap, total abd colectomy, end ileostomy [**2-22**].
7. Date: 2131-02-27, Time: 06:32:00, Note Category: Nursing, Note Description: Nursing Progress Note | Text: 73M with C.diff colitis/toxic metacolon, sepsis, resp failure, ARF, s/p
   ex lap, total abd colectomy, end ileostomy [**2-22**].
   
8. Date: 2131-02-27, Time: 12:06:00, Note Category: Rehab Services, Note Description: Physical Therapy Evaluation Note | Text: lap, total abdominal
   colectomy, and end ileostomy on [**2-22**].  
"
d6166e55-acd2-794d-f6b5-8736fdc3d68c,EHR Completo,"He required close monitoring and management of his various organ dysfunctions, including acute respiratory distress syndrome, sepsis, and acute renal failure. ",Supported,"The reference documents acute respiratory distress syndrome, sepsis with severe organ dysfunction, and acute renal failure, confirming the need for close monitoring and management of these conditions.","Hospital Admission Start: 2131-02-21 19:59:00
Hospital Admission End: 2131-03-08 13:16:00
Electronic Health Record Context
Ordered by Time (Earliest to Latest):
1. Date: 2131-02-22, Time: 06:11:00, Note Category: Physician, Note Description: Intensivist Note | Text: He was transfered to
   the ICU, intubated, had a central line placed, started on
   vasopressors, and was given 3L IVF and meropenem/flagyl IV.
   
2. Date: 2131-02-22, Time: 06:11:00, Note Category: Physician, Note Description: Intensivist Note | Text: He was transfered to
   the ICU, intubated, had a central line placed, started on
   vasopressors, and was given 3L IVF and meropenem/flagyl IV.
3. Date: 2131-02-22, Time: 06:45:00, Note Category: Nursing, Note Description: Nursing Progress Note | Text: He was
   transferred to the ICU, intubated, had a central line placed, started
   on
   vasopressors, and was given 3L IVF and meropenem/flagyl IV.
4. Date: 2131-02-22, Time: 13:52:00, Note Category: Nursing, Note Description: Nursing Progress Note | Text: Arrangements were then made for transfer here by his family
s request
   *********PT TO OR TODAY FOR EX LAP WITH COLECTOMY AND ILEOSTOMY****
   Sepsis, Severe (with organ dysfunction)
   Assessment:
   Pt hypotensive and tachycardiac with c diff colitis s/p colectomy with
   ileostomy, elevated renal function and vent dependent, extreme acidosis
   with normal lactate
   Action:
   [**Last Name (un) 5335**] monitoring initiated,
5. Date: 2131-02-25, Time: 17:38:00, Note Category: Physician, Note Description: Cardiology Comprehensive Physician Note | Text: Since
   then he developed acute renal failure and narrow complex tachycardia.
   
6. Date: 2131-02-26, Time: 05:56:00, Note Category: Physician, Note Description: Intensivist Note | Text: ACUTE LUNG INJURY, [**Doctor Last Name **]), SUPRAVENTRICULAR TACHYCARDIA (SVT), IMPAIRED
   SKIN INTEGRITY, SEPSIS, SEVERE (WITH ORGAN DYSFUNCTION), RENAL FAILURE,
   ACUTE (ACUTE RENAL FAILURE, ARF), [**Last Name 121**] PROBLEM - ENTER DESCRIPTION IN
   COMMENTS
   CDiff Colitis
   Assessment and Plan: 73M with C.diff colitis/toxic metacolon, sepsis,
7. Date: 2131-02-27, Time: 05:41:00, Note Category: Physician, Note Description: Intensivist Note | Text: 8 mg/dL
   Assessment and Plan
   ATRIAL FIBRILLATION (AFIB), ACUTE RESPIRATORY DISTRESS SYNDROME (ARDS,
   ACUTE LUNG INJURY, [**Doctor Last Name **]), SUPRAVENTRICULAR TACHYCARDIA (SVT), IMPAIRED
   SKIN INTEGRITY, SEPSIS, SEVERE (WITH ORGAN DYSFUNCTION), RENAL FAILURE,
   ACUTE (ACUTE RENAL FAILURE, ARF),
"
40d22801-e082-ec79-4f1c-15a01deea985,EHR Completo,"The patient's respiratory status improved, and he was weaned off peep according to esophageal balloon pressures. ",Not Supported,"The reference notes indicate PEEP was increased and then decreased, with plans to wean PEEP according to esophageal balloon pressures, but there is no documentation that the patient's respiratory status improved or that he was successfully weaned off PEEP.","Hospital Admission Start: 2131-02-21 19:59:00
Hospital Admission End: 2131-03-08 13:16:00
Electronic Health Record Context
Ordered by Time (Earliest to Latest):
1. Date: 2131-02-21, Time: 20:57:00, Note Category: Radiology, Note Description: CHEST PORT. LINE PLACEMENT | Text: Otherwise, there is unchanged
 elevation of the left hemidiaphragm with subsequent basal atelectasis.  
2. Date: 2131-02-21, Time: 22:19:00, Note Category: Radiology, Note Description: CT ABDOMEN W/O CONTRAST | Text: There is no pneumatosis, free fluid or free air.

 
3. Date: 2131-02-22, Time: 16:08:00, Note Category: Respiratory, Note Description: Respiratory Care Shift Note | Text: PEEP increased from 5 to 10, FiO2 from 50 to 70%, now weaned back to
   50% but maintained PEEP, ABGs went from combined acidosis to acute
   metabolic acidosis but pH has improved since this morning, patient went
   to OR this morning where he has Ileostomy done, will continues to be
   followed.
4. Date: 2131-02-23, Time: 17:52:00, Note Category: Nursing, Note Description: Nursing Progress Note | Text: Action:
   ARDS NET protocol, esophageal balloon placed to optimize vent settings,
   peep increased to 15, no other vent settings changes made today. 
5. Date: 2131-02-23, Time: 17:52:00, Note Category: Nursing, Note Description: Nursing Progress Note | Text: wean peep tomorrow
   according to esophageal balloon pressures. 
6. Date: 2131-02-24, Time: 06:35:00, Note Category: Physician, Note Description: Intensivist Note | Text: Esophageal balloon placed and PEEP increased to 15.
   
7. Date: 2131-02-24, Time: 06:35:00, Note Category: Physician, Note Description: Intensivist Note | Text: Esophageal balloon placed and PEEP increased to 15.
   decr PEEP to 10.
   
8. Date: 2131-02-25, Time: 06:27:00, Note Category: Physician, Note Description: Intensivist Note | Text: Esophageal balloon placed and PEEP increased to
   15.  
9. Date: 2131-02-27, Time: 12:06:00, Note Category: Rehab Services, Note Description: Physical Therapy Evaluation Note | Text: Extubated on [**2-25**].
   
"
cec4b973-165c-6d31-605d-ec76369b6e01,EHR Completo,His renal function also improved with hydration and electrolyte repletion. ,Supported,"The reference notes multiple improvements in renal function with hydration and monitoring, including decreasing creatinine levels and improved urine output, supporting the statement that renal function improved with hydration and electrolyte repletion.","Hospital Admission Start: 2131-02-21 19:59:00
Hospital Admission End: 2131-03-08 13:16:00
Electronic Health Record Context
Ordered by Time (Earliest to Latest):
1. Date: 2131-02-22, Time: 06:11:00, Note Category: Physician, Note Description: Intensivist Note | Text: He was admitted, hydrated, and started on PO vanco. 
2. Date: 2131-02-22, Time: 06:45:00, Note Category: Nursing, Note Description: Nursing Progress Note | Text: He
   was admitted, hydrated, and started on PO vanco. 
3. Date: 2131-02-22, Time: 06:45:00, Note Category: Nursing, Note Description: Nursing Progress Note | Text: Adjustment
   of meds for renal function, close monitoring of fluid status and renal
   function
   Response:
   Cr down to 4.5, urine output up marginally. 
4. Date: 2131-02-22, Time: 06:45:00, Note Category: Nursing, Note Description: Nursing Progress Note | Text: Plan:
   Follow renal function, fluid balance.
   
5. Date: 2131-02-23, Time: 05:45:00, Note Category: Nursing, Note Description: Nursing Progress Note | Text: Metabolic acidosis
   has improved slightly. 
6. Date: 2131-02-24, Time: 06:55:00, Note Category: Nursing, Note Description: Nursing Progress Note | Text: Response:
   Creatinine improving.
   
7. Date: 2131-02-24, Time: 06:55:00, Note Category: Nursing, Note Description: Nursing Progress Note | Text: Plan:
   Cont hydration and monitor fluid status & renal function.
   
8. Date: 2131-02-25, Time: 06:27:00, Note Category: Physician, Note Description: Intensivist Note | Text: on CKD resolved,   Currently Cr: 1.7, improved from
   yesterday.  
9. Date: 2131-02-26, Time: 10:48:00, Note Category: Nutrition, Note Description: Clinical Nutrition Note | Text: Renal function is improved.
   
"
dabd045e-4883-f56d-c62d-d1f61d998a77,EHR Completo,"The patient's ileostomy was surgically revised at the bedside, with improved output and appearance.

",Not Supported,"The reference notes the ileostomy was created and matured at the bedside with descriptions of its appearance and drainage, but there is no mention of a surgical revision at the bedside or improvement in output and appearance.","Hospital Admission Start: 2131-02-21 19:59:00
Hospital Admission End: 2131-03-08 13:16:00
Electronic Health Record Context
Ordered by Time (Earliest to Latest):
1. Date: 2131-02-22, Time: 16:08:00, Note Category: Respiratory, Note Description: Respiratory Care Shift Note | Text: PEEP increased from 5 to 10, FiO2 from 50 to 70%, now weaned back to
   50% but maintained PEEP, ABGs went from combined acidosis to acute
   metabolic acidosis but pH has improved since this morning, patient went
   to OR this morning where he has Ileostomy done, will continues to be
   followed.
2. Date: 2131-02-23, Time: 05:45:00, Note Category: Nursing, Note Description: Nursing Progress Note | Text: Ileostomy red with
   minimal bloody drainage. 
3. Date: 2131-02-23, Time: 17:52:00, Note Category: Nursing, Note Description: Nursing Progress Note | Text: [**Last Name (STitle) 1924**] will mature (open) ileostomy at bedside. 
4. Date: 2131-02-23, Time: 17:52:00, Note Category: Nursing, Note Description: Nursing Progress Note | Text: Midline abd incision covered with primary OR dsg, no drainage noted,
   s/p total colectomy with end ileostomy.
5. Date: 2131-02-24, Time: 06:35:00, Note Category: Physician, Note Description: Intensivist Note | Text: Ileostomy site to be matured. 
6. Date: 2131-02-24, Time: 06:55:00, Note Category: Nursing, Note Description: Nursing Progress Note | Text: [**Last Name (STitle) 1924**] will
   mature (open) ileostomy at bedside today. 
7. Date: 2131-02-24, Time: 06:55:00, Note Category: Nursing, Note Description: Nursing Progress Note | Text: Midline abd incision covered with primary OR dsg, no
   drainage noted, s/p total colectomy with end ileostomy. 
8. Date: 2131-02-25, Time: 17:38:00, Note Category: Physician, Note Description: Cardiology Comprehensive Physician Note | Text: He received a total colectomy with endileostomy on [**2-22**].
9. Date: 2131-02-27, Time: 10:50:00, Note Category: Nursing, Note Description: Nursing Transfer Note | Text: Ileostomy red & patent, draining small to moderate amts of green
   liquid stool.
   
10. Date: 2131-02-28, Time: 20:18:00, Note Category: Radiology, Note Description: ABDOMEN (SUPINE & ERECT) | Text: An ileostomy is seen in the right lower quadrant.
 
"
8fa271c1-d792-8460-5bd0-772e53ef860f,EHR Completo,"The patient was extubated and transitioned to nasal cannula oxygen, and his pain was managed with Dilaudid PCA. ",Supported,"The reference notes the patient was extubated on 2131-02-25 and had interval removal of the endotracheal tube, indicating extubation and transition from mechanical ventilation. Additionally, dilaudid was started and later managed with a PCA, supporting the pain management claim.","Hospital Admission Start: 2131-02-21 19:59:00
Hospital Admission End: 2131-03-08 13:16:00
Electronic Health Record Context
Ordered by Time (Earliest to Latest):
1. Date: 2131-02-22, Time: 06:11:00, Note Category: Physician, Note Description: Intensivist Note | Text: He was transfered to
   the ICU, intubated, had a central line placed, started on
   vasopressors, and was given 3L IVF and meropenem/flagyl IV.
   
2. Date: 2131-02-22, Time: 06:11:00, Note Category: Physician, Note Description: Intensivist Note | Text: He was transfered to
   the ICU, intubated, had a central line placed, started on
   vasopressors, and was given 3L IVF and meropenem/flagyl IV.
3. Date: 2131-02-22, Time: 06:45:00, Note Category: Nursing, Note Description: Nursing Progress Note | Text: He was
   transferred to the ICU, intubated, had a central line placed, started
   on
   vasopressors, and was given 3L IVF and meropenem/flagyl IV.
4. Date: 2131-02-25, Time: 06:27:00, Note Category: Physician, Note Description: Intensivist Note | Text: Start dilaudid, wean
   fentanyl.
   
5. Date: 2131-02-26, Time: 05:14:00, Note Category: Radiology, Note Description: CHEST (PORTABLE AP) | Text: There has been
 interval removal of endotracheal tube, NG tube.
6. Date: 2131-02-26, Time: 05:14:00, Note Category: Radiology, Note Description: CHEST (PORTABLE AP) | Text: There has been
  interval removal of endotracheal tube, NG tube.
7. Date: 2131-02-26, Time: 05:14:00, Note Category: Radiology, Note Description: CHEST (PORTABLE AP) | Text: There has been interval
 removal of endotracheal tube, NG tube.
8. Date: 2131-02-27, Time: 10:50:00, Note Category: Nursing, Note Description: Nursing Transfer Note | Text: Action:
   Dilaudid PCA discontinued & pt started on PO percocet prn with adequate
   relief of abd discomfort secondary to incision. 
9. Date: 2131-02-27, Time: 12:06:00, Note Category: Rehab Services, Note Description: Physical Therapy Evaluation Note | Text: Extubated on [**2-25**].
   
"
09de3dba-0c11-dd06-509a-2b7edcc0778c,So Admissao,"The patient's heart failure improved, and he was transferred to the floor for continued management.",Supported,"The reference notes that heart failure is improving and explicitly states transfer to the floor for continued management, supporting the text.","Hospital Admission Start: 2127-05-20 11:34:00
Hospital Admission End: 2127-05-23 12:45:00
Electronic Health Record Context
Ordered by Time (Earliest to Latest):
1. Date: 2127-05-20, Time: 15:41:00, Note Category: Physician, Note Description: Physician Resident Admission Note | Text: With these
   settings, he is ventricularly paced 99.9% and atrially paced 90.5%.
   
2. Date: 2127-05-20, Time: 15:41:00, Note Category: Physician, Note Description: Physician Resident Admission Note | Text: On arrival to CCU, patient sedated, but able to respond to questions
   appropriately, denied chest pain. 
3. Date: 2127-05-21, Time: 07:16:00, Note Category: Physician, Note Description: Physician Resident Progress Note | Text: particularly with less dyspnea at rest.
   
4. Date: 2127-05-21, Time: 07:16:00, Note Category: Physician, Note Description: Physician Resident Progress Note | Text: Nonetheless, is likely still fairly fluid up (above baseline
   weight)
   -          Lasix 100mg IV this am; reevaluated in afternoon, goal I/O
   -1L
   -          Continue carvedilol, captopril
   -          Patient unable to tolerate spironolactone
   -          CAD management as below
   -          Nutrition consult
   -          Continue digoxin
   -          Outpatient follow-up with Dr. 
5. Date: 2127-05-21, Time: 12:17:00, Note Category: Physician, Note Description: Cardiology Teaching Physician Note | Text: I would add the following remarks:
   Medical Decision Making
   Heart failure improving.  
6. Date: 2127-05-21, Time: 12:17:00, Note Category: Physician, Note Description: Cardiology Teaching Physician Note | Text: Transfer to floor.

7. Date: 2127-05-21, Time: 12:17:00, Note Category: Physician, Note Description: Cardiology Teaching Physician Note | Text: Now extubated.  
8. Date: 2127-05-22, Time: Unknown, Note Category: Echo, Note Description: Report | Text: There is no pericardial effusion.


"
70ce4073-6067-eaa6-42d2-1b37067d78e1,So Admissao,"He was educated on fluid and sodium restriction, and a diet consultation was recommended to manage his condition.",Supported,"The reference notes multiple instances of education and explanation regarding fluid and sodium restriction, including nursing notes explaining the reasoning for these restrictions and plans for reinforcement, supporting that the patient was educated on fluid and sodium restriction and diet consultation was recommended.","Hospital Admission Start: 2127-05-20 11:34:00
Hospital Admission End: 2127-05-23 12:45:00
Electronic Health Record Context
Ordered by Time (Earliest to Latest):
1. Date: 2127-05-20, Time: 15:41:00, Note Category: Physician, Note Description: Physician Resident Admission Note | Text: Had history of recent
   diet and fluid restriction noncompliance as inciting factor for
   decompensated heart failure
   - diuresis as above with goal 1-2L out overnight
   - continue nitro gtt for now, wean down as tolerated
   - continue digoxin, check dig level in AM
   - continue lisinopril
   - FYI Dr.
2. Date: 2127-05-20, Time: 16:33:00, Note Category: General, Note Description: Generic Note | Text: Per wife, patient has been eating corn beef and has been noncompliant
   with fluid restriction.
3. Date: 2127-05-21, Time: 15:41:00, Note Category: Physician, Note Description: Physician Resident Admission Note | Text: Had history of recent diet and fluid restriction noncompliance as
   inciting factor for decompensated heart failure
   - diuresis as above with goal 1-2L out overnight
   - continue nitro gtt for now, wean down as tolerated
   - continue digoxin, check dig level in AM
   - continue lisinopril
   - fluid restriction, strict I/Os, daily weights
   - has appointment with Dr. 
4. Date: 2127-05-21, Time: 01:43:00, Note Category: Nursing, Note Description: Nursing Progress Note | Text: Response:
   Cont to request water after explanation
   Plan:
   Needs reinforcement of fluid restriction/lasix therapy.  
5. Date: 2127-05-21, Time: 01:43:00, Note Category: Nursing, Note Description: Nursing Progress Note | Text: Also stating that he probably
   had too much sodium in already prepared potatoe salad and coleslaw.
   
6. Date: 2127-05-21, Time: 07:16:00, Note Category: Physician, Note Description: Physician Resident Progress Note | Text: [**First Name (STitle) **]
   -          Fluid restriction; low-salt diet
   #.
7. Date: 2127-05-21, Time: 12:46:00, Note Category: Nursing, Note Description: Nursing Transfer Note | Text: Action:
   Explained reasoning for fluid restriction and sodium restriction.
   
8. Date: 2127-05-21, Time: 12:46:00, Note Category: Nursing, Note Description: Nursing Transfer Note | Text: Response:
   Cont to request water after explanation
   Plan:
   Needs reinforcement of fluid restriction/lasix therapy.   
9. Date: 2127-05-21, Time: 12:46:00, Note Category: Nursing, Note Description: Nursing Transfer Note | Text: Also stating that he probably
   had too much sodium in already prepared potatoe salad and coleslaw.
"
4b4e8250-626b-1027-65d2-297bd69856b1,So Admissao,"The patient was admitted with symptoms of decompensated heart failure, including shortness of breath, nausea, vomiting, and fatigue. ",Supported,"The reference notes the patient was admitted with increased shortness of breath, nausea, vomiting, and fatigue, and was planned for admission to CCU for likely decompensated heart failure, fully supporting the text.","Hospital Admission Start: 2127-05-20 11:34:00
Hospital Admission End: 2127-05-23 12:45:00
Electronic Health Record Context
Ordered by Time (Earliest to Latest):
1. Date: 2127-05-20, Time: 15:41:00, Note Category: Physician, Note Description: Physician Resident Admission Note | Text: Chief Complaint:
   Dyspnea/Respiratory distress
   HPI:
   63M with CAD s/p CABG, severe cardiomyopathy (EF 20%), s/p BiV/ICD,
   DM2, HTN, OSA, recently started on coumadin for L apical thrombus
   during recent hospitalization at [**Location (un) 1415**] ([**Date range (1) 9109**]/09), sent in from
   vascular clinic to ED with increased SOB, N/V, and fatigue,
2. Date: 2127-05-20, Time: 15:41:00, Note Category: Physician, Note Description: Physician Resident Admission Note | Text: There is severe global left ventricular hypokinesis (LVEF =
   20-25 %). 
3. Date: 2127-05-20, Time: 15:41:00, Note Category: Physician, Note Description: Physician Resident Admission Note | Text: Cards consult called, plan for admit to CCU for
   likely decompensated heart failure. 
4. Date: 2127-05-20, Time: Unknown, Note Category: Echo, Note Description: Report | Text: There is severe
global left ventricular hypokinesis (LVEF = 20-25 %). 
5. Date: 2127-05-21, Time: 15:41:00, Note Category: Physician, Note Description: Physician Resident Admission Note | Text: Patient had recent admission to [**Hospital1 **] [**Location (un) 1415**] [**Date range (1) 9109**]/09 for fatigue, body
   aches, and dyspnea. 
6. Date: 2127-05-21, Time: 15:41:00, Note Category: Physician, Note Description: Physician Resident Admission Note | Text: sent in from vascular clinic to ED with increased SOB,
   N/V, and fatigue, dry cough x 2 days. 
7. Date: 2127-05-21, Time: 15:41:00, Note Category: Physician, Note Description: Physician Resident Admission Note | Text: Cards consult
   called, plan for admit to CCU for likely decompensated heart failure.
   
8. Date: 2127-05-21, Time: 07:16:00, Note Category: Physician, Note Description: Physician Resident Progress Note | Text: Decompensated heart failure:  Known systolic dysfunction, with
   decompensation likely related to dietary indiscretion. 
"
9a502f59-2a91-0d5a-e344-996a62799d34,So Admissao,He was intubated in the emergency department due to low oxygen saturation and transferred to the cardiac care unit (CCU) for further management. ,Supported,"The reference notes that the patient was intubated in the emergency department due to low oxygen saturations (80s) and tachypnea, and was on mechanical ventilation upon arrival to the CCU, supporting the text.","Hospital Admission Start: 2127-05-20 11:34:00
Hospital Admission End: 2127-05-23 12:45:00
Electronic Health Record Context
Ordered by Time (Earliest to Latest):
1. Date: 2127-05-20, Time: 15:41:00, Note Category: Physician, Note Description: Physician Resident Admission Note | Text: On arrival to CCU, patient sedated, but able to respond to questions
   appropriately, denied chest pain. 
2. Date: 2127-05-20, Time: 16:33:00, Note Category: General, Note Description: Generic Note | Text: Patient intubated in ED.
   
3. Date: 2127-05-20, Time: 17:34:00, Note Category: Nursing, Note Description: Nursing Progress Note | Text: Pt intubated A/C 100% 500 15 5  O 2 sats
   98-100%. 
4. Date: 2127-05-20, Time: 17:34:00, Note Category: Nursing, Note Description: Nursing Progress Note | Text: O2 sats
   in ED 80
s and pt tachypneic pt electively intubated.
5. Date: 2127-05-21, Time: 15:41:00, Note Category: Physician, Note Description: Physician Resident Admission Note | Text: There is no pericardial
   effusion.
6. Date: 2127-05-21, Time: 01:43:00, Note Category: Nursing, Note Description: Nursing Progress Note | Text: O2 sats
   in ED 80
s and pt tachypneic pt electively intubated. 
7. Date: 2127-05-21, Time: 12:17:00, Note Category: Physician, Note Description: Cardiology Teaching Physician Note | Text: Now extubated.  
8. Date: 2127-05-22, Time: Unknown, Note Category: Echo, Note Description: Report | Text: There is no pericardial effusion.


"
4b774746-da01-966c-301c-709f13b5e6e8,So Admissao,"After administration of IV lasix, the patient experienced brisk diuresis and was successfully extubated. ",Supported,"The reference notes document brisk diuresis following IV lasix administration and confirm the patient was easily extubated after diuresis, fully supporting the text.","Hospital Admission Start: 2127-05-20 11:34:00
Hospital Admission End: 2127-05-23 12:45:00
Electronic Health Record Context
Ordered by Time (Earliest to Latest):
1. Date: 2127-05-20, Time: 15:41:00, Note Category: Physician, Note Description: Physician Resident Admission Note | Text: - Diuresis with IV lasix - given 100mg IV lasix bolus with goal I/O of
   1-2L out
   - Wean down ventilatory support, with goal to extubate
   - Follow white count, fever curve - can draw cultures, get sputum,
   repeat CXR if patient still with infiltrate, hypoxia s/p diuresis
   .
   
2. Date: 2127-05-20, Time: 16:33:00, Note Category: General, Note Description: Generic Note | Text: -Diuresis with IV lasix
   -Extubation
   -continue home medications otherwise- asa, bblocker, ace inhibitor,
   statin
   -check dig level
3. Date: 2127-05-20, Time: 17:34:00, Note Category: Nursing, Note Description: Nursing Progress Note | Text: Trial of CPAP/PS
   Response:
   Brisk diuresis from lasix. 
4. Date: 2127-05-20, Time: 17:34:00, Note Category: Nursing, Note Description: Nursing Progress Note | Text: Lasix held in ED
   d/t BP. 
5. Date: 2127-05-21, Time: 15:41:00, Note Category: Physician, Note Description: Physician Resident Admission Note | Text: - Diuresis with IV lasix - given 100mg IV lasix bolus with goal I/O of
   1-2L out
   - Wean down ventilatory support, with goal to extubate tonight
   - Follow white count, fever curve - can draw cultures, get sputum,
   repeat CXR if patient still with infiltrate, hypoxia s/p diuresis
   .
   
6. Date: 2127-05-21, Time: 01:43:00, Note Category: Nursing, Note Description: Nursing Progress Note | Text: Action:
   Rec
d 20meq kcl for low K+, also rec
d lasix 100mg iv, held captopril
   at 12am for bp 94/
   Response:
   Good diuresis to lasix (approx 1 liter), is currently approx 2liters
   neg LOS
   Plan:
   Cont to monitor o2 sats/lung assessment.
7. Date: 2127-05-21, Time: 07:16:00, Note Category: Physician, Note Description: Physician Resident Progress Note | Text: Diuresed well
   overnight and does not have marked signs of fluid overload on exam.
8. Date: 2127-05-21, Time: 12:46:00, Note Category: Nursing, Note Description: Nursing Transfer Note | Text: Easily extubated after diuresis in CCU.
   
9. Date: 2127-05-21, Time: 12:46:00, Note Category: Nursing, Note Description: Nursing Transfer Note | Text: Action:
   Foley d/c.Given 100mg iv lasix at 1100,
   Response:
   Voided 200cc, ~800cc negative since mn, 2 liters neg since admit
   Plan:
   Cont to monitor o2 sats/lung assessment.  
"
965a1c36-dfa1-8d46-c841-a1a6311a5ca5,So Admissao,He was diagnosed with acute on chronic systolic heart failure and treated with lasix and potassium supplements. ,Not Supported,The reference confirms diagnosis of acute on chronic systolic heart failure but shows lasix was planned but initially not given due to low blood pressure; later lasix 100mg IV was given. Potassium supplements are not mentioned in the reference.,"Hospital Admission Start: 2127-05-20 11:34:00
Hospital Admission End: 2127-05-23 12:45:00
Electronic Health Record Context
Ordered by Time (Earliest to Latest):
1. Date: 2127-05-20, Time: 15:41:00, Note Category: Physician, Note Description: Physician Resident Admission Note | Text: Planned for lasix, but not given
   due to low BP. 
2. Date: 2127-05-20, Time: 15:41:00, Note Category: Physician, Note Description: Physician Resident Admission Note | Text: With these
   settings, he is ventricularly paced 99.9% and atrially paced 90.5%.
   
3. Date: 2127-05-20, Time: 17:34:00, Note Category: Nursing, Note Description: Nursing Progress Note | Text: Heart failure (CHF), Systolic, Acute on Chronic
   Assessment:
   Tele AV paced. 
4. Date: 2127-05-21, Time: 15:41:00, Note Category: Physician, Note Description: Physician Resident Admission Note | Text: Planned for lasix, but not given due to low BP. 
5. Date: 2127-05-21, Time: 15:41:00, Note Category: Physician, Note Description: Physician Resident Admission Note | Text: Had history of recent diet and fluid restriction noncompliance as
   inciting factor for decompensated heart failure
   - diuresis as above with goal 1-2L out overnight
   - continue nitro gtt for now, wean down as tolerated
   - continue digoxin, check dig level in AM
   - continue lisinopril
   - fluid restriction, strict I/Os, daily weights
   - has appointment with Dr. 
6. Date: 2127-05-21, Time: 01:43:00, Note Category: Nursing, Note Description: Nursing Progress Note | Text: Heart failure (CHF), Systolic, Acute on Chronic
   Assessment:
   Hr 60
s av paced with rare pvc, K+ 3.8 , bp 90-110
s, lungs with
   diminished aeration in r base and at times course on expiration, O2 at
   2lnp with sats in the upper 90
s.  Urine turning pink early in night.
   
7. Date: 2127-05-21, Time: 07:16:00, Note Category: Physician, Note Description: Physician Resident Progress Note | Text: Mg++:2.2 mg/dL, PO4:3.2 mg/dL
   Assessment and Plan
   63M with CAD s/p CABG, severe cardiomyopathy (EF 15-20%), s/p BiV/ICD,
   DM2, HTN, OSA recently started on coumadin for L apical thrombus,
   presenting with respiratory distress likely from decompensated heart
   failure leading to intubation, now extubated
   #.
8. Date: 2127-05-21, Time: 07:16:00, Note Category: Physician, Note Description: Physician Resident Progress Note | Text: Nonetheless, is likely still fairly fluid up (above baseline
   weight)
   -          Lasix 100mg IV this am; reevaluated in afternoon, goal I/O
   -1L
   -          Continue carvedilol, captopril
   -          Patient unable to tolerate spironolactone
   -          CAD management as below
   -          Nutrition consult
   -          Continue digoxin
   -          Outpatient follow-up with Dr. 
9. Date: 2127-05-21, Time: 12:46:00, Note Category: Nursing, Note Description: Nursing Transfer Note | Text: Heart failure (CHF), Systolic, Acute on Chronic
   Assessment:
   Hr 60
s av paced with rare pvc, K+ 3.8 , bp 90-110
s, lungs with
   diminished aeration in r base and at times course on expiration,SATs
   97% on RA . 
"
06e567a0-81ab-867d-3ef3-6b7c2bd3e16e,So Admissao,The patient showed improvement but still had signs of fluid overload.,Supported,"The reference notes the patient was initially volume overloaded but later diuresed well overnight with no marked signs of fluid overload on exam, yet still likely above baseline weight, indicating improvement but persistent signs of fluid overload.","Hospital Admission Start: 2127-05-20 11:34:00
Hospital Admission End: 2127-05-23 12:45:00
Electronic Health Record Context
Ordered by Time (Earliest to Latest):
1. Date: 2127-05-20, Time: 15:41:00, Note Category: Physician, Note Description: Physician Resident Admission Note | Text: CXR
   consistent with fluid overload. 
2. Date: 2127-05-20, Time: 16:33:00, Note Category: General, Note Description: Generic Note | Text: Per wife, patient has been eating corn beef and has been noncompliant
   with fluid restriction.
3. Date: 2127-05-21, Time: 15:41:00, Note Category: Physician, Note Description: Physician Resident Admission Note | Text: Abdominal girth
   increased over last 2 days, could be related to fluid overload. 
4. Date: 2127-05-21, Time: 15:41:00, Note Category: Physician, Note Description: Physician Resident Admission Note | Text: Patient looks volume overloaded
   on exam, with JVD, effusions in CXR, LE edema, and possible ascites.
   
5. Date: 2127-05-21, Time: 01:43:00, Note Category: Nursing, Note Description: Nursing Progress Note | Text: Response:
   Cont to request water after explanation
   Plan:
   Needs reinforcement of fluid restriction/lasix therapy.  
6. Date: 2127-05-21, Time: 07:16:00, Note Category: Physician, Note Description: Physician Resident Progress Note | Text: Diuresed well
   overnight and does not have marked signs of fluid overload on exam.
7. Date: 2127-05-21, Time: 07:16:00, Note Category: Physician, Note Description: Physician Resident Progress Note | Text: Nonetheless, is likely still fairly fluid up (above baseline
   weight)
   -          Lasix 100mg IV this am; reevaluated in afternoon, goal I/O
   -1L
   -          Continue carvedilol, captopril
   -          Patient unable to tolerate spironolactone
   -          CAD management as below
   -          Nutrition consult
   -          Continue digoxin
   -          Outpatient follow-up with Dr. 
8. Date: 2127-05-21, Time: 12:46:00, Note Category: Nursing, Note Description: Nursing Transfer Note | Text: Response:
   Cont to request water after explanation
   Plan:
   Needs reinforcement of fluid restriction/lasix therapy.   
"
13ffe41b-4acc-4878-c0e1-a1fb326b1925,So Admissao,Post-procedure chest X-ray showed the new pacemaker lead in the correct position in the right ventricle. ,Supported,"The reference states that a new pacemaker lead is in appropriate position in the right ventricle and the impression confirms appropriate position of right-sided pacemaker and lead, supporting the text.","Hospital Admission Start: 2112-02-29 18:24:00
Hospital Admission End: 2112-03-02 15:20:00
Electronic Health Record Context
Ordered by Time (Earliest to Latest):
1. Date: 2112-02-29, Time: 19:22:00, Note Category: Radiology, Note Description: CHEST (PORTABLE AP) | Text: FINDINGS:  As compared to the previous examination, there is an unchanged
 position and course of the pre-existing pacemaker wires.  
2. Date: 2112-02-29, Time: 19:22:00, Note Category: Radiology, Note Description: CHEST (PORTABLE AP) | Text: Unchanged position of the left pectoral pacemaker generator.

 
3. Date: 2112-02-29, Time: 19:22:00, Note Category: Radiology, Note Description: CHEST (PORTABLE AP) | Text: ______________________________________________________________________________
                                 FINAL REPORT
 CHEST RADIOGRAPH

 INDICATION:  Pacemaker malfunction, evaluation for lead fracture.

 
4. Date: 2112-02-29, Time: 20:59:00, Note Category: Physician, Note Description: Physician Resident Admission Note | Text: He had failure of the original pacemaker in [**2108**] and had a
   [**Company 2375**] pacemaker, Sigma SSR 303 placed.
   
5. Date: 2112-03-01, Time: 02:33:00, Note Category: Nursing, Note Description: Nursing Progress Note | Text: He was known to have a
   pacemaker, but it was not capturing consistently.  
6. Date: 2112-03-02, Time: 11:47:00, Note Category: Radiology, Note Description: CHEST (PA & LAT) | Text: A new pacemaker lead is in appropriate position in the
 right ventricle.
7. Date: 2112-03-02, Time: 11:47:00, Note Category: Radiology, Note Description: CHEST (PA & LAT) | Text: PA AND LATERAL CHEST RADIOGRAPH:

 There has been interval replacement of a pacemaker generator overlying the
 right pectoralis.  
8. Date: 2112-03-02, Time: 11:47:00, Note Category: Radiology, Note Description: CHEST (PA & LAT) | Text: IMPRESSION:

 Appropriate position of right-sided pacemaker and lead.


"
f6a39be5-6974-6a98-6955-cb4dcce9be37,So Admissao,"The patient was stabilized and monitored on telemetry throughout his hospital stay, with no significant complications or changes in his cardiac rhythm.",Not Supported,"The reference indicates the patient had frequent pauses greater than 5 seconds and pacemaker dysfunction, which suggests significant cardiac rhythm issues, contradicting the claim of no significant complications or changes in cardiac rhythm.","Hospital Admission Start: 2112-02-29 18:24:00
Hospital Admission End: 2112-03-02 15:20:00
Electronic Health Record Context
Ordered by Time (Earliest to Latest):
1. Date: 2112-02-29, Time: 20:59:00, Note Category: Physician, Note Description: Physician Resident Admission Note | Text: He was monitored on telemetry and was noted to have
   frequent pauses of greater then 5 seconds.  
2. Date: 2112-02-29, Time: 20:59:00, Note Category: Physician, Note Description: Physician Resident Admission Note | Text: He was transferred
   to [**Hospital1 54**] for management of his pacemaker dysfunction.
   
3. Date: 2112-03-01, Time: 02:33:00, Note Category: Nursing, Note Description: Nursing Progress Note | Text: He was known to have a
   pacemaker, but it was not capturing consistently.  
4. Date: 2112-03-02, Time: 11:47:00, Note Category: Radiology, Note Description: CHEST (PA & LAT) | Text: The prior leads are still present, unchanged.  
"
1e719e37-46ea-c0f4-6d92-0ec24a414cd2,So Admissao,The patient was admitted to the hospital after experiencing 5-second pauses due to pacemaker malfunction. ,Supported,"The reference states the patient was transferred following episodes of 5 second pauses on telemetry due to pacemaker malfunction, supporting the text that the patient was admitted after experiencing 5-second pauses caused by pacemaker malfunction.","Hospital Admission Start: 2112-02-29 18:24:00
Hospital Admission End: 2112-03-02 15:20:00
Electronic Health Record Context
Ordered by Time (Earliest to Latest):
1. Date: 2112-02-29, Time: 20:35:00, Note Category: Physician, Note Description: CCU Fellow addendum | Text: Briefly, the patient is a 56 year old man with PMH
   AF s/p AVJ ablation with PPM placement, c/b prior lead displacement,
   who was transferred from [**Hospital 781**] Hospital following episodes of 5
   second pauses on telemetry.  
2. Date: 2112-02-29, Time: 20:59:00, Note Category: Physician, Note Description: Physician Resident Admission Note | Text: His pacemaker was failing to
   capture when he raised his left arm.  
3. Date: 2112-03-01, Time: 10:35:00, Note Category: Nursing, Note Description: Nursing Transfer Note | Text: He was transferred
   to [**Hospital1 54**] for management of his pacemaker dysfunction.
   
4. Date: 2112-03-01, Time: 10:35:00, Note Category: Nursing, Note Description: Nursing Transfer Note | Text: He was monitored on telemetry and was noted to have
   frequent pauses of greater then 5 seconds.  
"
aaa98c3b-9851-f9a4-8264-5c99ce68ad50,So Admissao,"Initial evaluation revealed intermittent failure to capture and oversensing, leading to pacing inhibition, and the pacemaker was reprogrammed. ",Supported,"The reference clearly states intermittent failure to capture and intermittent oversensing leading to pacing inhibition, and that the pacemaker was reprogrammed, fully supporting the text.","Hospital Admission Start: 2112-02-29 18:24:00
Hospital Admission End: 2112-03-02 15:20:00
Electronic Health Record Context
Ordered by Time (Earliest to Latest):
1. Date: 2112-02-29, Time: 20:35:00, Note Category: Physician, Note Description: CCU Fellow addendum | Text: He was transferred to [**Hospital1 54**], where
   his PPM was interrogated with normal ventricular lead impedance at 550
   ohms, with intermittent failure to capture and intermittent oversensing
   leading to inhibition of pacing.  
2. Date: 2112-02-29, Time: 20:35:00, Note Category: Physician, Note Description: CCU Fellow addendum | Text: His pacer was reprogrammed to VVI at
   40 bpm, with increased pacing and sensing thresholds.  
3. Date: 2112-02-29, Time: 20:59:00, Note Category: Physician, Note Description: Physician Resident Admission Note | Text: He was known to have a
   pacemaker, but it was not capturing consistently.  
4. Date: 2112-02-29, Time: 20:59:00, Note Category: Physician, Note Description: Physician Resident Admission Note | Text: He had failure of the original pacemaker in [**2108**] and had a
   [**Company 2375**] pacemaker, Sigma SSR 303 placed.
   
5. Date: 2112-03-01, Time: 02:33:00, Note Category: Nursing, Note Description: Nursing Progress Note | Text: Cardiac device malfunction (pacemaker, defibrillator)
   Assessment:
   On arrival to CCU, pacer interrogated by EP which showed normal
   ventricular lead impedence at 550 ohms, intermittent failure to
   capture, & intermittent oversensing leading to inhibition of pacing.
   
6. Date: 2112-03-01, Time: 07:29:00, Note Category: Physician, Note Description: Physician Resident Progress Note | Text: His pacemaker was failing to
   capture when he raised his left arm.  
"
52e15866-21b4-b6b8-740f-d646fea47a6b,So Admissao,"A chest X-ray suggested possible lead migration, and the patient was planned for overnight observation, reversal of anticoagulation, and lead revision surgery the following day. ",Supported,"The reference states that the chest X-ray showed possible lead migration and the plan included overnight observation, reversal of anticoagulation, and lead revision surgery the following day, fully supporting the text.","Hospital Admission Start: 2112-02-29 18:24:00
Hospital Admission End: 2112-03-02 15:20:00
Electronic Health Record Context
Ordered by Time (Earliest to Latest):
1. Date: 2112-02-29, Time: 19:22:00, Note Category: Radiology, Note Description: CHEST (PORTABLE AP) | Text: ______________________________________________________________________________
                                 FINAL REPORT
 CHEST RADIOGRAPH

 INDICATION:  Pacemaker malfunction, evaluation for lead fracture.

 
2. Date: 2112-02-29, Time: 19:22:00, Note Category: Radiology, Note Description: CHEST (PORTABLE AP) | Text: [**2112-2-29**] 7:22 PM
 CHEST (PORTABLE AP)                                             Clip # [**Clip Number (Radiology) 30220**]
 Reason: Evaluate for pacemaker lead fracture.
 
3. Date: 2112-02-29, Time: 19:22:00, Note Category: Radiology, Note Description: CHEST (PORTABLE AP) | Text: No current
 radiographic indication for lead fracture.
4. Date: 2112-02-29, Time: 19:22:00, Note Category: Radiology, Note Description: CHEST (PORTABLE AP) | Text: ______________________________________________________________________________
 WET READ: EAGg MON [**2112-2-29**] 10:43 PM
  Leads follow a normal course without evidence of fracture, terminating in
  unchanged position.
 
5. Date: 2112-02-29, Time: 20:35:00, Note Category: Physician, Note Description: CCU Fellow addendum | Text: Plan will be
   overnight observation, reversal of anticoagulation, and plan for lead
   revision tomorrow.  
6. Date: 2112-02-29, Time: 20:35:00, Note Category: Physician, Note Description: CCU Fellow addendum | Text: He was transferred to [**Hospital1 54**], where
   his PPM was interrogated with normal ventricular lead impedance at 550
   ohms, with intermittent failure to capture and intermittent oversensing
   leading to inhibition of pacing.  
7. Date: 2112-02-29, Time: 20:35:00, Note Category: Physician, Note Description: CCU Fellow addendum | Text: His CXR showed
   possible lead migration from RV apex, although limited since only AP
   (final read pending).  
8. Date: 2112-02-29, Time: 20:59:00, Note Category: Physician, Note Description: Physician Resident Admission Note | Text: He was known to have a
   pacemaker, but it was not capturing consistently.  
9. Date: 2112-03-02, Time: 11:47:00, Note Category: Radiology, Note Description: CHEST (PA & LAT) | Text: PA AND LATERAL CHEST RADIOGRAPH:

 There has been interval replacement of a pacemaker generator overlying the
 right pectoralis.  
10. Date: 2112-03-02, Time: 11:47:00, Note Category: Radiology, Note Description: CHEST (PA & LAT) | Text: The prior leads are still present, unchanged.  
"
07fbfb51-4bbb-3ce1-29b3-59276761aace,So Admissao,The patient underwent successful lead revision in the electrophysiology lab and was found to have a kinked pacer wire causing the malfunction. ,Not Supported,The reference notes a kinked pacer wire causing malfunction but does not mention that the patient underwent a successful lead revision in the electrophysiology lab.,"Hospital Admission Start: 2112-02-29 18:24:00
Hospital Admission End: 2112-03-02 15:20:00
Electronic Health Record Context
Ordered by Time (Earliest to Latest):
1. Date: 2112-02-29, Time: 20:35:00, Note Category: Physician, Note Description: CCU Fellow addendum | Text: He was transferred to [**Hospital1 54**], where
   his PPM was interrogated with normal ventricular lead impedance at 550
   ohms, with intermittent failure to capture and intermittent oversensing
   leading to inhibition of pacing.  
2. Date: 2112-02-29, Time: 20:59:00, Note Category: Physician, Note Description: Physician Resident Admission Note | Text: He had failure of the original pacemaker in [**2108**] and had a
   [**Company 2375**] pacemaker, Sigma SSR 303 placed.
   
3. Date: 2112-03-01, Time: 02:33:00, Note Category: Nursing, Note Description: Nursing Progress Note | Text: He was known to have a
   pacemaker, but it was not capturing consistently.  
4. Date: 2112-03-01, Time: 07:29:00, Note Category: Physician, Note Description: Physician Resident Progress Note | Text: TITLE:
   Chief Complaint: Pacemaker malfunction
   24 Hour Events:
   - CXR showed kinked pacer wire, patient's pacer does not capture when
   he moves his arm.
   
5. Date: 2112-03-01, Time: 07:29:00, Note Category: Physician, Note Description: Physician Resident Progress Note | Text: His pacemaker was failing to
   capture when he raised his left arm.  
"
fc93687b-a370-ecb6-3ca5-c57d08ca3da4,So Admissao,The patient was eventually stabilized and transferred to the floor for further management and rehabilitation.,Not Addressed,The reference does not mention the patient being stabilized or transferred to the floor for further management and rehabilitation.,"Hospital Admission Start: 2128-10-14 14:21:00
Hospital Admission End: 2128-10-20 14:45:00
Electronic Health Record Context
Ordered by Time (Earliest to Latest):
1. Date: 2128-10-14, Time: 20:28:00, Note Category: Physician, Note Description: Physician Resident Admission Note | Text: He was given fluids. 
2. Date: 2128-10-14, Time: 20:28:00, Note Category: Physician, Note Description: Physician Resident Admission Note | Text: He was
   discharged home with VNA services to follow-up with Dr. 
3. Date: 2128-10-16, Time: 14:38:00, Note Category: Nursing, Note Description: Nursing Progress Note | Text: Action:
   Patient encouraged to use IS, OOB to chair, nasal cannula on thru
   shift.
   
4. Date: 2128-10-16, Time: 20:42:00, Note Category: Nursing, Note Description: Nursing Transfer Note | Text: Action:
   Pt put maintained on asa /plavix. 
"
f86c2a54-595d-b8ac-c243-9284b5c465f4,So Admissao,"Despite initial concerns for pulmonary embolism, CT scans revealed no evidence of PE, but showed a moderate-sized left pleural effusion with associated atelectasis and extensive atheromatous disease of the abdominal aorta. ",Supported,"The reference confirms no evidence of pulmonary embolism on CT scans and documents a left pleural effusion with atelectasis, supporting the text's statements.","Hospital Admission Start: 2128-10-14 14:21:00
Hospital Admission End: 2128-10-20 14:45:00
Electronic Health Record Context
Ordered by Time (Earliest to Latest):
1. Date: 2128-10-15, Time: 20:17:00, Note Category: Radiology, Note Description: CT ABDOMEN W/CONTRAST | Text: No evidence of pulmonary embolism.
 
2. Date: 2128-10-15, Time: 20:17:00, Note Category: Radiology, Note Description: CT ABDOMEN W/CONTRAST | Text: The great vessels
 are within normal limits, without evidence for pulmonary embolism. 
3. Date: 2128-10-16, Time: 05:21:00, Note Category: Physician, Note Description: Physician Resident Progress Note | Text: No evidence of pulmonary embolism.
   
4. Date: 2128-10-16, Time: 05:21:00, Note Category: Physician, Note Description: Physician Resident Progress Note | Text: No evidence
   for PE.
   
5. Date: 2128-10-16, Time: 13:33:00, Note Category: Physician, Note Description: Physician Attending Progress Note | Text: No evidence of PE
   or infection.
   
6. Date: 2128-10-16, Time: 14:38:00, Note Category: Nursing, Note Description: Nursing Progress Note | Text: CT revealed (+) left pleural effusion, no PE and (+) atelectasis. 
"
986bfcad-38d4-585f-c74c-d4b5a3bff95a,So Admissao,An echocardiogram showed right ventricular pressure/volume overload and depressed left ventricular systolic function. ,Supported,"The reference includes echocardiogram findings showing right ventricular pressure/volume overload and depressed left ventricular systolic function, directly supporting the text.","Hospital Admission Start: 2128-10-14 14:21:00
Hospital Admission End: 2128-10-20 14:45:00
Electronic Health Record Context
Ordered by Time (Earliest to Latest):
1. Date: 2128-10-14, Time: 20:28:00, Note Category: Physician, Note Description: Physician Resident Admission Note | Text: Overall left
   ventricular systolic function is moderately depressed (LVEF= 35-40 %).
   
2. Date: 2128-10-15, Time: 05:59:00, Note Category: General, Note Description: Resident/Attending Progress Note - MICU | Text: The patient does have hx
   severe diastolic heart failure and elvated BNP, but there is no
   pulmonary edema, JVD or crackles on exam to suggest volume overload at
   this time.
   
3. Date: 2128-10-15, Time: Unknown, Note Category: Echo, Note Description: Report | Text: There is abnormal septal motion/position
consistent with right ventricular pressure/volume overload. 
4. Date: 2128-10-15, Time: Unknown, Note Category: Echo, Note Description: Report | Text: Right ventricular function.

5. Date: 2128-10-15, Time: Unknown, Note Category: Echo, Note Description: Report | Text: Compared with the prior study (images reviewed) of [**2128-4-16**], left
ventricular systolic function is now depressed.



6. Date: 2128-10-16, Time: 05:21:00, Note Category: Physician, Note Description: Physician Resident Progress Note | Text: ECHO shows decreased LV systolic function.  
"
413432b6-87d0-4e13-1b22-83e03fa0950a,So Admissao,"The patient's condition improved with treatment, and his hypotension and hypoxia resolved. ",Supported,"The reference notes indicate that the patient's hypoxia resolved and hypotension improved with treatment and hydration, supporting the statement that the patient's condition improved and his hypotension and hypoxia resolved.","Hospital Admission Start: 2128-10-14 14:21:00
Hospital Admission End: 2128-10-20 14:45:00
Electronic Health Record Context
Ordered by Time (Earliest to Latest):
1. Date: 2128-10-14, Time: 20:28:00, Note Category: Physician, Note Description: Physician Resident Admission Note | Text: # Resolved hypoxia: Patient now at baseline oxygenation.
2. Date: 2128-10-14, Time: 20:28:00, Note Category: Physician, Note Description: Physician Resident Admission Note | Text: Thoracic surgery saw the
   patient and remarked that he was more hypoxic than baseline. 
3. Date: 2128-10-14, Time: 20:28:00, Note Category: Physician, Note Description: Physician Resident Admission Note | Text: She found that the patient
   was slightly hypotensive with SBP 80's and hypoxic and called an
   ambulance. 
4. Date: 2128-10-14, Time: 22:34:00, Note Category: Physician, Note Description: Physician Attending Admission Note - MICU | Text: Holding beta blocker in setting of hypotension albeit now improved and
   if he continues to be hemodynamically stable will restart in am.
   
5. Date: 2128-10-15, Time: 05:59:00, Note Category: General, Note Description: Resident Progress Note - MICU | Text: # Resolved hypoxia: Patient now at baseline oxygenation. 
6. Date: 2128-10-15, Time: 05:59:00, Note Category: General, Note Description: Resident/Attending Progress Note - MICU | Text: Stable overnight, hypotension, hypoxemia and labs have improved
   with hydration.
   
7. Date: 2128-10-16, Time: 05:21:00, Note Category: Physician, Note Description: Physician Resident Progress Note | Text: # Hypoxia: Resolved.  
"
7c795884-f3aa-93f1-e203-149f94209b0c,So Admissao,"However, he continued to require oxygen therapy and monitoring for cardiac and renal complications.",Supported,"The reference notes that the patient was hypoxic and per family should be on oxygen 24 hours a day, supporting the need for oxygen therapy and monitoring for cardiac complications given concerns about AMI and hypotension; renal complications are implied by urinary retention which resolved.","Hospital Admission Start: 2128-10-14 14:21:00
Hospital Admission End: 2128-10-20 14:45:00
Electronic Health Record Context
Ordered by Time (Earliest to Latest):
1. Date: 2128-10-14, Time: 20:28:00, Note Category: Physician, Note Description: Physician Resident Admission Note | Text: His recent admission was
   complicated by hypoxia, a pneumothorax s/p chest tube placement and
   removal and then urinary retention which ultimately resolved.  
2. Date: 2128-10-14, Time: 20:28:00, Note Category: Physician, Note Description: Physician Resident Admission Note | Text: She found that the patient
   was slightly hypotensive with SBP 80's and hypoxic and called an
   ambulance. 
3. Date: 2128-10-14, Time: 20:28:00, Note Category: Physician, Note Description: Physician Resident Admission Note | Text: He does not have septic
   physiology at this time. 
4. Date: 2128-10-14, Time: 20:28:00, Note Category: Physician, Note Description: Physician Resident Admission Note | Text: In addition, the patient may be having an
   AMI that could impair cardiac output although he does not appear to be
   in cardiogenic shock and a trop of 0.6 is not high enough to be
   concerned about a large MI. 
5. Date: 2128-10-15, Time: 05:59:00, Note Category: General, Note Description: Generic Note | Text: He does not have septic
   physiology at this time.
6. Date: 2128-10-16, Time: 14:38:00, Note Category: Nursing, Note Description: Nursing Progress Note | Text: Per family he should be on O2 day 24 hours.
   
"
d3e3feb7-59bc-fb28-404e-c66d85a50300,So Admissao,"The patient was readmitted to the hospital after a recent discharge following a VATS wedge resection due to hypoxia, hypotension, and left lateral/flank chest pain. ",Supported,"The reference confirms the patient was recently discharged after a left VATS wedge resection and was readmitted with hypoxia, hypotension, and left lateral/flank chest pain.","Hospital Admission Start: 2128-10-14 14:21:00
Hospital Admission End: 2128-10-20 14:45:00
Electronic Health Record Context
Ordered by Time (Earliest to Latest):
1. Date: 2128-10-14, Time: 14:53:00, Note Category: Radiology, Note Description: CT ABDOMEN W/O CONTRAST | Text: The patient is status post left VATS wedge resection
 of a spiculated left lower lobe pulmonary nodule.
2. Date: 2128-10-14, Time: 14:53:00, Note Category: Radiology, Note Description: CT ABDOMEN W/O CONTRAST | Text: The patient is status post left VATS wedge resection
  of a spiculated left lower lobe pulmonary nodule.
3. Date: 2128-10-14, Time: 14:53:00, Note Category: Radiology, Note Description: CT ABDOMEN W/O CONTRAST | Text: Subcutaneous air is seen along the left chest wall anterolaterally,
 consistent with the patient's history of a recent left VATS wedge resection of
 a left lower lobe pulmonary nodule.  
4. Date: 2128-10-14, Time: 14:53:00, Note Category: Radiology, Note Description: CT ABDOMEN W/O CONTRAST | Text: ______________________________________________________________________________
                                 FINAL REPORT
 HISTORY:  60-year-old man with fever of unknown source, evaluate for
 pneumonia, intra-abdominal infection, hematoma, and patient is status post
 left VATS wedge resection of a left lower lobe pulmonary nodule on [**2128-10-6**].

 
5. Date: 2128-10-14, Time: 20:28:00, Note Category: Physician, Note Description: Physician Resident Admission Note | Text: He endorses left lateral/flank chest pain [**1-17**] recent
   incisions but denies substernal or ""heart"" pain. 
6. Date: 2128-10-14, Time: 20:28:00, Note Category: Physician, Note Description: Physician Resident Admission Note | Text: His recent admission was
   complicated by hypoxia, a pneumothorax s/p chest tube placement and
   removal and then urinary retention which ultimately resolved.  
7. Date: 2128-10-14, Time: 20:28:00, Note Category: Physician, Note Description: Physician Resident Admission Note | Text: She found that the patient
   was slightly hypotensive with SBP 80's and hypoxic and called an
   ambulance. 
8. Date: 2128-10-14, Time: 20:28:00, Note Category: Physician, Note Description: Physician Resident Admission Note | Text: Thoracic surgery saw the
   patient and remarked that he was more hypoxic than baseline. 
9. Date: 2128-10-14, Time: 20:28:00, Note Category: Physician, Note Description: Physician Resident Admission Note | Text: The patient
   is status post left VATS wedge resection of a spiculated left lower
   lobe pulmonary nodule. 
10. Date: 2128-10-14, Time: 22:34:00, Note Category: Physician, Note Description: Physician Attending Admission Note - MICU | Text: man with severe COPD, CAD s/p CABG, PE/DVT, recently here for
   VATS for enlarging LLL lung nodule, path c/w large cell  lung CA.
   
"
9f7ca895-be4e-071f-17c2-24528f2706e4,So Admissao,"Upon examination, he had low oxygen saturation, elevated troponin levels, and signs of multisystem organ failure. ",Supported,"The reference notes low oxygen saturation (hypoxemic), elevated troponin levels, and signs of multisystem organ failure including acute renal failure (ARF), abnormal liver function tests (LFTs), and elevated lipase, which supports the text's statement.","Hospital Admission Start: 2128-10-14 14:21:00
Hospital Admission End: 2128-10-20 14:45:00
Electronic Health Record Context
Ordered by Time (Earliest to Latest):
1. Date: 2128-10-14, Time: 20:28:00, Note Category: Physician, Note Description: Physician Resident Admission Note | Text: She found that the patient
   was slightly hypotensive with SBP 80's and hypoxic and called an
   ambulance. 
2. Date: 2128-10-14, Time: 20:28:00, Note Category: Physician, Note Description: Physician Resident Admission Note | Text: The patient does have hx
   severe diastolic heart failure and elvated BNP, but there is no
   pulmonary edema, JVD or crackles on exam to suggest volume overload at
   this time.
   
3. Date: 2128-10-14, Time: 20:28:00, Note Category: Physician, Note Description: Physician Resident Admission Note | Text: He states that the nurse
   over-reacted as his SBP typically runs 90's and that he requires oxygen
   at baseline.
4. Date: 2128-10-15, Time: 05:59:00, Note Category: General, Note Description: Generic Note | Text: In addition, the patient may be having an
   AMI that could impair cardiac output although he does not appear to be
   in cardiogenic shock and a trop of 0.6 is not high enough to be
   concerned about a large MI. 
5. Date: 2128-10-15, Time: 05:59:00, Note Category: General, Note Description: Resident/Attending Progress Note - MICU | Text: Yesterday, found to be hypotensive (baseline 90s) and hypoxemic
   (baseline 88% on 4-5L), eval notable for ARF, elevated troponin with
   diffuse TWI, abnormal LFTs, elevated lipase. 
"
ed3322d6-ac62-0079-949f-75586abe7110,So Admissao,"The patient was diagnosed with acute renal failure, transaminitis, and a non-ST elevation myocardial infarction (NSTEMI). ",Supported,"The reference notes renal failure and transaminitis on admission and documents an NSTEMI diagnosis with elevated troponin and EKG changes, fully supporting the text.","Hospital Admission Start: 2128-10-14 14:21:00
Hospital Admission End: 2128-10-20 14:45:00
Electronic Health Record Context
Ordered by Time (Earliest to Latest):
1. Date: 2128-10-14, Time: 20:28:00, Note Category: Physician, Note Description: Physician Resident Admission Note | Text: A
   non-contrast CT showed  The patient was also found to have renal
   failure and transaminitis.
   
2. Date: 2128-10-16, Time: 05:21:00, Note Category: Physician, Note Description: Physician Resident Progress Note | Text: # NSTEMI: Trop 0.60, CKD 258 and EKG with worsening TWI and ST
   depressions suggesting ACS although MB is low. 
3. Date: 2128-10-16, Time: 05:21:00, Note Category: Physician, Note Description: Physician Resident Progress Note | Text: The patient had a very
   similar episode of hypotension, renal failure and transaminitis in
   [**2128-3-16**] in which he was diagnosed with shock liver. 
4. Date: 2128-10-16, Time: 05:21:00, Note Category: Physician, Note Description: Physician Resident Progress Note | Text: The patient had a very similar
   episode of hypotension, renal failure and transaminitis in [**2128-3-16**]
   in which he was diagnosed with shock liver.  
"
b1fc4b19-b83d-cf7f-7296-44bdf0225538,So Admissao,"He was treated with fluid boluses, heparin, and antibiotics, and his condition was closely monitored.",Not Supported,The reference confirms treatment with fluid boluses and heparin but does not mention antibiotics or that his condition was closely monitored.,"Hospital Admission Start: 2128-10-14 14:21:00
Hospital Admission End: 2128-10-20 14:45:00
Electronic Health Record Context
Ordered by Time (Earliest to Latest):
1. Date: 2128-10-14, Time: 20:28:00, Note Category: Physician, Note Description: Physician Resident Admission Note | Text: He was given fluids. 
2. Date: 2128-10-14, Time: 20:28:00, Note Category: Physician, Note Description: Physician Resident Admission Note | Text: He does not have septic
   physiology at this time. 
3. Date: 2128-10-14, Time: 20:28:00, Note Category: Physician, Note Description: Physician Resident Admission Note | Text: His recent admission was
   complicated by hypoxia, a pneumothorax s/p chest tube placement and
   removal and then urinary retention which ultimately resolved.  
4. Date: 2128-10-15, Time: 05:59:00, Note Category: General, Note Description: Generic Note | Text: He does not have septic
   physiology at this time.
5. Date: 2128-10-15, Time: 14:27:00, Note Category: Nursing, Note Description: Nursing Progress Note | Text: Bolused w/ heparin and started on
   1800u/hr. 
6. Date: 2128-10-16, Time: 06:37:00, Note Category: Nursing, Note Description: Nursing Progress Note | Text: Action:
   Pt put on heparin/asa/plavix. 
7. Date: 2128-10-16, Time: 06:37:00, Note Category: Nursing, Note Description: Nursing Progress Note | Text: Bolused w/ heparin and
   started on 1800u/hr. 
"
6f3c1417-cd03-302e-9693-23ef5f1856e4,So Admissao,"The patient underwent a third ventriculostomy and biopsy on January 24, which showed no evidence of hemorrhage post-procedure. ",Not Supported,The reference confirms the patient underwent a third ventriculostomy on January 24 but does not mention a biopsy or provide any information about hemorrhage status post-procedure.,"Hospital Admission Start: 2116-01-23 16:22:00
Hospital Admission End: 2116-02-07 16:50:00
Electronic Health Record Context
Ordered by Time (Earliest to Latest):
1. Date: 2116-01-24, Time: 14:55:00, Note Category: Radiology, Note Description: CT STEREOTAXIS W/ CONTRAST | Text: No hydrocephalus identified.

 
2. Date: 2116-01-24, Time: 15:24:00, Note Category: Radiology, Note Description: CT HEAD W/ CONTRAST | Text: No hemorrhage is
 seen in the right frontal region.

 
3. Date: 2116-01-25, Time: 04:38:00, Note Category: Physician, Note Description: Intensivist Note | Text: Now s/p 3rd
   ventriculostomy [**1-24**]
   Neurologic: Decadron 4mg q 6, Mannitol neurochecks q1. 
4. Date: 2116-02-03, Time: 17:41:00, Note Category: Radiology, Note Description: CT HEAD W/O CONTRAST | Text: No new intracranial hemorrhage.

 
5. Date: 2116-02-03, Time: 17:41:00, Note Category: Radiology, Note Description: CT HEAD W/O CONTRAST | Text: There is no new
 acute intracranial hemorrhage.  
6. Date: 2116-02-05, Time: 10:57:00, Note Category: Radiology, Note Description: CT HEAD W/O CONTRAST | Text: There is no acute intracranial hemorrhage, shift of normally midline
 structures.  
7. Date: 2116-02-05, Time: 10:57:00, Note Category: Radiology, Note Description: CT HEAD W/O CONTRAST | Text: No acute intracranial hemorrhage.  
8. Date: 2116-02-05, Time: 10:57:00, Note Category: Radiology, Note Description: CT HEAD W/O CONTRAST | Text: There is no significant change in the appearance of the lateral and the third
 ventricles compared to the most recent study allowing for the technical
 differences.

 
9. Date: 2116-02-07, Time: 05:18:00, Note Category: Physician, Note Description: Intensivist Note | Text: Subsequently went to the OR
   the following day for a stereotactic endoscopic ventriculostomy.  
"
d0766750-c3c3-3d99-e2e1-c1f095065f0e,So Admissao,He was managed for pain and emotional support and was scheduled for head and chest CT scans. ,Not Supported,"The reference mentions that a CT scan of the chest and torso was done and a CT head without contrast was performed, but it does not state that the patient was scheduled for these scans. Additionally, there is no mention of management for pain or emotional support in the reference.","Hospital Admission Start: 2116-01-23 16:22:00
Hospital Admission End: 2116-02-07 16:50:00
Electronic Health Record Context
Ordered by Time (Earliest to Latest):
1. Date: 2116-01-23, Time: 06:48:00, Note Category: Radiology, Note Description: CT C-SPINE W/O CONTRAST | Text: Further imaging on a non-emergent basis may be
 obtained as deemed clinically necessary.



2. Date: 2116-01-24, Time: 07:25:00, Note Category: Nursing, Note Description: Nursing Progress Note | Text: Pt  arrived to SICU from ED, A&Ox2, MAE, following all commands,
   appropriate in conversation. 
3. Date: 2116-01-25, Time: 18:03:00, Note Category: Nursing, Note Description: Nursing Progress Note | Text: Bs clear,  room air sats >100
   Action:
   Neuro status monitored,  ct scan of chest and torso done with contrast.
   
4. Date: 2116-02-03, Time: 05:57:00, Note Category: Nursing, Note Description: Nursing Progress Note | Text: Extubated
 and weaned off sedation on Sunday [**2116-2-2**].

5. Date: 2116-02-05, Time: 10:57:00, Note Category: Radiology, Note Description: CT HEAD W/O CONTRAST | Text: MR of the head can be considered if necessary.




6. Date: 2116-02-05, Time: 14:44:00, Note Category: Radiology, Note Description: CHEST PORT. LINE PLACEMENT | Text: Otherwise there has been no significant
 short interval change in the chest. 
7. Date: 2116-02-06, Time: 06:23:00, Note Category: Respiratory, Note Description: Respiratory Care Shift Note | Text: Pt transported to and from CT without incident.

8. Date: 2116-02-06, Time: 18:08:00, Note Category: Radiology, Note Description: CHEST (PORTABLE AP) | Text: Findings along those with a subsequent chest radiograph reported to the
 physician caregiver by telephone at the time of dictation.



9. Date: 2116-02-07, Time: 05:18:00, Note Category: Physician, Note Description: Intensivist Note | Text: He was intubated, started on pressors as well as broad spectrum abx. 
"
a9a92d9a-157e-5d2f-b9d7-a0f9011f6d0b,So Admissao,"His vital signs stabilized, but he had a history of cognitive impairment and was not following commands.

",Supported,"The reference notes that the patient was not opening eyes or following commands on 2116-02-06 and had a history of inconsistent command following on 2116-02-01, indicating cognitive impairment. The text states vital signs stabilized but cognitive impairment and failure to follow commands persisted, which is supported by the reference.","Hospital Admission Start: 2116-01-23 16:22:00
Hospital Admission End: 2116-02-07 16:50:00
Electronic Health Record Context
Ordered by Time (Earliest to Latest):
1. Date: 2116-01-24, Time: 14:55:00, Note Category: Radiology, Note Description: CT STEREOTAXIS W/ CONTRAST | Text: There is moderate brain atrophy seen.  
2. Date: 2116-01-24, Time: 17:58:00, Note Category: Nursing, Note Description: Nursing Progress Note | Text: Neurologically intact although left side weaker
   than right.  
3. Date: 2116-01-25, Time: 03:26:00, Note Category: Nursing, Note Description: Nursing Progress Note | Text: Response:
   Pt neurologically intact.
   
4. Date: 2116-01-25, Time: 09:55:00, Note Category: Nursing, Note Description: Nursing Transfer Note | Text: Pt has had increased
   difficulty walking over past month.
5. Date: 2116-02-01, Time: 05:25:00, Note Category: Nursing, Note Description: Nursing Progress Note | Text: Response:
    pt responds to voice and inconsistently follows command.  
6. Date: 2116-02-01, Time: 18:37:00, Note Category: Nursing, Note Description: Nursing Progress Note | Text: Response:
   Neuro status unchanged throughout day.
   
7. Date: 2116-02-03, Time: 17:41:00, Note Category: Radiology, Note Description: CT HEAD W/O CONTRAST | Text: There is a region of low attenuation in the left cerebellar hemisphere, which
 represents interval change compared to the prior study, which likely reflects
 area of edema.  
8. Date: 2116-02-05, Time: 06:56:00, Note Category: Nursing, Note Description: Nursing Progress Note | Text: Pt has had increased difficulty walking over past month.  
9. Date: 2116-02-05, Time: 10:57:00, Note Category: Radiology, Note Description: CT HEAD W/O CONTRAST | Text: There is no acute intracranial hemorrhage, shift of normally midline
 structures.  
10. Date: 2116-02-06, Time: 06:33:00, Note Category: Nursing, Note Description: Nursing Progress Note | Text: Not opening eyes or
   following commands.
   
"
f1f40671-df5e-0192-1187-8925c002fafe,So Admissao,"The patient, a 68-year-old man with a known stage III esophageal cancer, was transferred to the hospital after a fall and evaluated for a possible head bleed. ",Supported,The reference confirms the patient is a 68-year-old man with stage III esophageal cancer who was transferred after a fall and evaluated for a head bleed.,"Hospital Admission Start: 2116-01-23 16:22:00
Hospital Admission End: 2116-02-07 16:50:00
Electronic Health Record Context
Ordered by Time (Earliest to Latest):
1. Date: 2116-01-23, Time: 06:47:00, Note Category: Radiology, Note Description: CT HEAD W/O CONTRAST | Text: HISTORY:  68-year-old male with apparent head bleed and known brain mass,
 transferred from outside hospital after fall.

 
2. Date: 2116-01-24, Time: 10:56:00, Note Category: Nutrition, Note Description: Clinical Nutrition Note | Text: 7kg kg
   79%
   66kg
   92%
   Diagnosis: Head Bleed
   PMH : Stage III esophageal cancer, R eye prosthesis, HTN, DOE, BPH
   chronic foley, Diabetes, h/o anemia, s/p cholecystectomy, cognitive
   impairment s/p MVC, trach/PEG in [**11/2113**], open CCY in [**2104**],
3. Date: 2116-01-25, Time: 16:11:00, Note Category: Radiology, Note Description: CT ABD W&W/O C | Text: [**2116-1-25**] 4:11 PM
 CT CHEST W/CONTRAST; CT ABD W&W/O C                             Clip # [**Clip Number (Radiology) 87021**]
 CT PELVIS W/CONTRAST
 Reason: cancer staging
 Admitting Diagnosis: HEAD BLEED
 ______________________________________________________________________________
 [**Hospital 2**] MEDICAL CONDITION:
  68 year old man with known esophageal ca and cerebellar mass with increase size
  of cerebellar mass on CT.
4. Date: 2116-02-05, Time: 10:57:00, Note Category: Radiology, Note Description: CT HEAD W/O CONTRAST | Text: eval fo
 Admitting Diagnosis: HEAD BLEED
 ______________________________________________________________________________
 [**Hospital 2**] MEDICAL CONDITION:
  68 year old man with metastatic esophageal CA to cerebellum now s/p left
  cerebellar metastatic resection
 REASON FOR THIS EXAMINATION:
  s/p transfer to ICU with acute mental status change, eval for interval change
 No contraindications for IV contrast
 ______________________________________________________________________________
                                 FINAL REPORT
 INDICATION:  68-year-old male, with esophageal metastasis, status post
 resection, acute mental status change,
5. Date: 2116-02-06, Time: 01:39:00, Note Category: Radiology, Note Description: CHEST (PORTABLE AP) | Text: [**2116-2-6**] 1:39 AM
 CHEST (PORTABLE AP)                                             Clip # [**Clip Number (Radiology) 88038**]
 Reason: please assess for NGT position
 Admitting Diagnosis: HEAD BLEED
 ______________________________________________________________________________
 [**Hospital 2**] MEDICAL CONDITION:
  68 year old man with hx [**First Name9 (NamePattern2) **] [**Doctor Last Name **] esophagectomy, OGT,
6. Date: 2116-02-06, Time: 03:42:00, Note Category: Radiology, Note Description: CT CHEST W/CONTRAST | Text: ______________________________________________________________________________
                                 FINAL REPORT
 INDICATION:  68-year-old man with history of esophageal cancer metastatic to
 the cerebellum presenting with sepsis and guaiac positive stool.

 
7. Date: 2116-02-06, Time: 18:08:00, Note Category: Radiology, Note Description: CHEST (PORTABLE AP) | Text: [**2116-2-6**] 6:08 PM
 CHEST (PORTABLE AP); -77 BY DIFFERENT PHYSICIAN                 [**Name Initial (PRE) 5**] # [**Clip Number (Radiology) 88890**]
 Reason: eval interval change
 Admitting Diagnosis: HEAD BLEED
 ______________________________________________________________________________
 [**Hospital 2**] MEDICAL CONDITION:
  68 year old man with metastatic esophageal CA to cerebellum now s/p left
8. Date: 2116-02-07, Time: 04:15:00, Note Category: Radiology, Note Description: CHEST (PORTABLE AP) | Text: [**2116-2-7**] 4:15 AM
 CHEST (PORTABLE AP)                                             Clip # [**Clip Number (Radiology) 88169**]
 Reason: interval exam
 Admitting Diagnosis: HEAD BLEED
 ______________________________________________________________________________
 [**Hospital 2**] MEDICAL CONDITION:
  68yM with metastatic esophageal CA to cerebellum now s/p left cerebellar
  metastatic resection.
9. Date: 2116-02-07, Time: 05:18:00, Note Category: Physician, Note Description: Intensivist Note | Text: SICU
   HPI:
    68 y/o M with metastatic esophageal cancer to brain
   admitted 2 weeks ago after a fall.  
"
96455fe0-3964-73cf-eeff-15c1d616b8f0,So Admissao,"A CT scan without contrast showed an interval increase in size of a left cerebellar hemorrhage, with surrounding edema and mass effect on the 4th ventricle and perimesencephalic cistern.",Supported,"The reference clearly describes an interval increase in size of the left cerebellar hemorrhage with surrounding edema and mass effect on the 4th ventricle and perimesencephalic cistern, matching the text exactly.","Hospital Admission Start: 2116-01-23 16:22:00
Hospital Admission End: 2116-02-07 16:50:00
Electronic Health Record Context
Ordered by Time (Earliest to Latest):
1. Date: 2116-01-23, Time: 06:47:00, Note Category: Radiology, Note Description: CT HEAD W/O CONTRAST | Text: FINDINGS:  There has been interval enlargement of the left cerebellar
 hemorrhage which now measures 2.4 x 3.7 cm and previously measured 2.8 x 1.2
 cm.  
2. Date: 2116-01-23, Time: 06:47:00, Note Category: Radiology, Note Description: CT HEAD W/O CONTRAST | Text: WET READ VERSION #1 [**First Name9 (NamePattern2) 3913**] [**Doctor First Name 73**] [**2116-1-23**] 9:26 AM
  interval increase in size of left cerebellar hemorrhage now measuring 2.4 x
  3.7 cm with surrounding edema and mass effect on 4th ventricle and left aspect
  of perimesencephalic cistern. 
3. Date: 2116-01-24, Time: 07:25:00, Note Category: Nursing, Note Description: Nursing Progress Note | Text: Head Ct revealed an increase in cerebellar mass w/ surrounding edema
   and mass effect on the 4^th ventricle and left aspect of the
   perimesencephalic cistern. 
4. Date: 2116-01-24, Time: 15:24:00, Note Category: Radiology, Note Description: CT HEAD W/ CONTRAST | Text: Partially visualized is edema and enhancing lesion in the left
 cerebellar hemisphere.



5. Date: 2116-01-25, Time: 09:55:00, Note Category: Nursing, Note Description: Nursing Transfer Note | Text: Fell down on [**1-23**] and found to
   have enlarged cerebellar mass on CT.
6. Date: 2116-01-31, Time: 21:42:00, Note Category: Radiology, Note Description: CT HEAD W/O CONTRAST | Text: HEAD CT WITHOUT IV CONTRAST:  There has been suboccipital craniectomy, with
 expected pneumocephalus in the posterior fossa as well as a small amount of
 surrounding blood products (2:3).  
7. Date: 2116-02-03, Time: 17:41:00, Note Category: Radiology, Note Description: CT HEAD W/O CONTRAST | Text: There is a region of low attenuation in the left cerebellar hemisphere, which
 represents interval change compared to the prior study, which likely reflects
 area of edema.  
"
098ddfae-6563-aa22-fda3-df73c91f044d,So Admissao,"He was also given multiple units of FFP, platelets, and vitamin K due to liver failure.

",Supported,"The reference notes multiple units of FFP, platelets, and vitamin K were given due to liver failure, directly supporting the text.","Hospital Admission Start: 2116-01-23 16:22:00
Hospital Admission End: 2116-02-07 16:50:00
Electronic Health Record Context
Ordered by Time (Earliest to Latest):
1. Date: 2116-01-24, Time: 10:56:00, Note Category: Nutrition, Note Description: Clinical Nutrition Note | Text: 6 mg/dL
   [**2116-1-24**] 02:37 AM
   Phosphorus
   4.3 mg/dL
   [**2116-1-24**] 02:37 AM
   Magnesium
   1.9 mg/dL
   [**2116-1-24**] 02:37 AM
   WBC
   4.7 K/uL
   [**2116-1-24**] 02:37 AM
   Hgb
   14.
2. Date: 2116-02-05, Time: 06:56:00, Note Category: Nursing, Note Description: Nursing Progress Note | Text: Received multiple
   fluid boluses.
3. Date: 2116-02-06, Time: 06:33:00, Note Category: Nursing, Note Description: Nursing Progress Note | Text: Action:
   Cryo, 4units FFP, 1 unit PRBC, 2 units Plts, 2 litre boluses given.
   
4. Date: 2116-02-06, Time: 11:59:00, Note Category: Nutrition, Note Description: Clinical Nutrition Note | Text: Pt has been without adequate nutrition for
   >14days (since admit), therefore recommend starting nutrition support
   in the next 1-2days, if within pt
s plan of care.
5. Date: 2116-02-06, Time: 16:57:00, Note Category: Nursing, Note Description: Nursing Progress Note | Text: cognitive impairment s/p MVC
   Sepsis, Severe (with organ dysfunction)
   Assessment:
   Florid sepsis with complete multisytem organ failure--?cdif colitis
   origin of sepsis
   l
   Action:
   Complete Respiratory support w/ventilator
   renal support w/ CRRT
   Shock liver with deteriorating lab values, given multiple units of FFP,
   platelets and Vit k
   Family in, spoke w/ Dr.
6. Date: 2116-02-07, Time: 05:18:00, Note Category: Physician, Note Description: Intensivist Note | Text: He
   was brought to SICU in multi-system organ failure with oliguria
   requiring CVVH, liver failure, worsening hypocoagulable state, and
   severe metabolic acidosis.
   
7. Date: 2116-02-07, Time: 05:18:00, Note Category: Physician, Note Description: Intensivist Note | Text: He was intubated, started on pressors as well as broad spectrum abx. 
8. Date: 2116-02-07, Time: 06:07:00, Note Category: Nursing, Note Description: Nursing Progress Note | Text: Transfused with total 2bags platelets and 3units FFP.
   
"
349676e0-51d5-7621-20cd-000aea7767d0,So Admissao,"He was admitted to the Surgical Intensive Care Unit (SICU) and underwent a series of diagnostic tests, including MRI scans, which revealed a left cerebellar mass with hemorrhagic foci and surrounding edema, causing compression of the fourth ventricle and effacement of the quadrigeminal cistern. ",Supported,"The reference confirms the presence of a left cerebellar mass with hemorrhagic foci and surrounding edema causing compression of the fourth ventricle and effacement of the quadrigeminal cistern, as identified on MRI scans. It also indicates admission to the ICU and diagnostic workup consistent with the text.","Hospital Admission Start: 2116-01-23 16:22:00
Hospital Admission End: 2116-02-07 16:50:00
Electronic Health Record Context
Ordered by Time (Earliest to Latest):
1. Date: 2116-01-23, Time: 15:40:00, Note Category: Radiology, Note Description: MR HEAD W & W/O CONTRAST | Text: Left cerebellar mass with hemorrhagic foci and surrounding edema causing
 compression of the fourth ventricle and effacement of the quadrigeminal
 cistern.  
2. Date: 2116-01-23, Time: 15:40:00, Note Category: Radiology, Note Description: MR HEAD W & W/O CONTRAST | Text: Left cerebellar mass with hemorrhagic foci and surrounding edema causing
  compression of the fourth ventricle and effacement of the quadrigeminal
  cistern.
3. Date: 2116-01-23, Time: 15:40:00, Note Category: Radiology, Note Description: MR HEAD W & W/O CONTRAST | Text: Left cerebellar mass with hemorrhagic foci and surrounding edema causing
 effacement of the fourth ventricle and quadrigeminal cistern.
4. Date: 2116-01-23, Time: 15:40:00, Note Category: Radiology, Note Description: MR HEAD W & W/O CONTRAST | Text: FINDINGS: There is an ill-defined infiltrative enhancing mass seen in the left
 cerebellar hemisphere with surrounding edema and effacing the fourth ventricle
 and quadrigeminal cistern. 
5. Date: 2116-01-24, Time: 15:24:00, Note Category: Radiology, Note Description: CT HEAD W/ CONTRAST | Text: There is
 partial obliteration of the quadrigeminal cistern identified with some edema
 seen in the partially visualized left cerebellar hemisphere.  
6. Date: 2116-02-01, Time: 17:02:00, Note Category: Radiology, Note Description: MR HEAD W & W/O CONTRAST | Text: In the left cerebellar fossa, there is a post-surgical cavity
 filling with CSF, persistent vasogenic edema is identified in the left
 cerebellar hemisphere, producing mild narrowing of the fourth ventricle as
 well as the left cerebellar cisterns.  
7. Date: 2116-02-02, Time: 07:17:00, Note Category: Physician, Note Description: Intensivist Note | Text: Fell down on [**1-23**] and found to
   have enlarged cerebellar mass on CT, s/p 3rd ventriculostomy [**1-24**] for
   decompression.  
8. Date: 2116-02-07, Time: 05:18:00, Note Category: Physician, Note Description: Intensivist Note | Text: Workup revealed a left cerebellar
   mass causing an obstructive hydrocephalus.  
"
4a2204d8-7635-47a2-cdb3-33f1bd167db9,So Admissao,The differential diagnosis included lymphoma versus metastatic disease.,Supported,"The reference contains multiple radiology notes explicitly stating that the differential diagnosis includes lymphoma versus metastatic disease, directly supporting the text.","Hospital Admission Start: 2116-01-23 16:22:00
Hospital Admission End: 2116-02-07 16:50:00
Electronic Health Record Context
Ordered by Time (Earliest to Latest):
1. Date: 2116-01-23, Time: 15:40:00, Note Category: Radiology, Note Description: MR HEAD W & W/O CONTRAST | Text: Differential diagnosis includes lymphoma versus metastatic disease.

  
2. Date: 2116-01-23, Time: 15:40:00, Note Category: Radiology, Note Description: MR HEAD W & W/O CONTRAST | Text: Differential diagnosis includes lymphoma versus metastatic disease.

 
3. Date: 2116-01-23, Time: 15:40:00, Note Category: Radiology, Note Description: MR HEAD W & W/O CONTRAST | Text: Differential
 diagnosis includes lymphoma and metastatic disease.
4. Date: 2116-01-23, Time: 15:40:00, Note Category: Radiology, Note Description: MR HEAD W & W/O CONTRAST | Text: The
 differential diagnosis includes lymphoma and metastatic etiology.

 
5. Date: 2116-01-25, Time: 09:55:00, Note Category: Nursing, Note Description: Nursing Transfer Note | Text: .H/O cancer (Malignant Neoplasm), Other
   Assessment:
   Alert and oriented x 3,  mae to command although left side is slightly
   weaker than right.  
6. Date: 2116-01-25, Time: 16:11:00, Note Category: Radiology, Note Description: CT ABD W&W/O C | Text: There is no free fluid or lymphadenopathy.

 
7. Date: 2116-01-25, Time: 16:11:00, Note Category: Radiology, Note Description: CT ABD W&W/O C | Text: [**2116-1-25**] 4:11 PM
 CT CHEST W/CONTRAST; CT ABD W&W/O C                             Clip # [**Clip Number (Radiology) 87021**]
 CT PELVIS W/CONTRAST
 Reason: cancer staging
 Admitting Diagnosis: HEAD BLEED
 ______________________________________________________________________________
 [**Hospital 2**] MEDICAL CONDITION:
  68 year old man with known esophageal ca and cerebellar mass with increase size
  of cerebellar mass on CT.
8. Date: 2116-02-07, Time: 05:18:00, Note Category: Physician, Note Description: Intensivist Note | Text: A
   week later, the pt went back to the OR for resection of the cerebellar
   mass, which has since been reported as metastatic poorly differentiated
   adenocarcinoma. 
"
9db332d4-bada-5f8d-10a3-e77fcfd3734b,So Admissao,"On February 1, an MRI scan showed that the previously demonstrated left cerebellar mass lesion had been removed, but there were post-surgical changes, persistent vasogenic edema, and a subtle area of enhancement in the surgical cavity. ",Supported,"The reference from February 1 MRI states the left cerebellar mass lesion had been removed, with post-surgical changes, persistent vasogenic edema, and a nodular area of enhancement in the surgical cavity, which fully supports the text.","Hospital Admission Start: 2116-01-23 16:22:00
Hospital Admission End: 2116-02-07 16:50:00
Electronic Health Record Context
Ordered by Time (Earliest to Latest):
1. Date: 2116-01-24, Time: 14:55:00, Note Category: Radiology, Note Description: CT STEREOTAXIS W/ CONTRAST | Text: FINDINGS:  There is mass identified in the partially visualized left
 cerebellar hemisphere with edema.
2. Date: 2116-01-27, Time: 17:22:00, Note Category: Radiology, Note Description: CTA HEAD W&W/O C & RECONS | Text: FINDINGS:  The irregular enhancing mass in the left cerebellar hemisphere
 appears grossly unchanged.  
3. Date: 2116-01-27, Time: 17:22:00, Note Category: Radiology, Note Description: CTA HEAD W&W/O C & RECONS | Text: There is no evidence of enlarged arteries in the region of the left cerebellar
 mass.  
4. Date: 2116-01-31, Time: 05:43:00, Note Category: Radiology, Note Description: MR HEAD W/CNTRST&TUMOR VOLUMETRIC | Text: Within limits of the examination, no
 significant change in the infiltrative left cerebellar enhancing mass is seen.
 
5. Date: 2116-01-31, Time: 21:42:00, Note Category: Radiology, Note Description: CT HEAD W/O CONTRAST | Text: Distant from the
 site of cerebellar mass resection, there is no other site of edema, mass
 effect, and there is no shift of midline structures.  
6. Date: 2116-02-01, Time: 17:02:00, Note Category: Radiology, Note Description: MR HEAD W & W/O CONTRAST | Text: FINDINGS:  The previously demonstrated infiltrative left cerebellar mass
 lesion has been removed in the interim, post-surgical changes consistent with
 left occipital craniotomy are visualized as well as the frontal burr hole on
 the right.  
7. Date: 2116-02-01, Time: 17:02:00, Note Category: Radiology, Note Description: MR HEAD W & W/O CONTRAST | Text: In the left cerebellar fossa, there is a post-surgical cavity
 filling with CSF, persistent vasogenic edema is identified in the left
 cerebellar hemisphere, producing mild narrowing of the fourth ventricle as
 well as the left cerebellar cisterns.  
8. Date: 2116-02-01, Time: 17:02:00, Note Category: Radiology, Note Description: MR HEAD W & W/O CONTRAST | Text: Residual pattern of enhancement in the surgical bed with a
 nodular area of enhancement as described above, measuring approximately 19 x 9
 mm in size  possibly related with volume averaging, persistent edema in the
 posterior fossa involving the left cerebellar hemisphere.  
9. Date: 2116-02-03, Time: 17:41:00, Note Category: Radiology, Note Description: CT HEAD W/O CONTRAST | Text: Status post occipital craniotomy with surgical changes in the craniotomy
 bed and edema in the left cerebellar hemisphere, similar in extent to MR done
 on [**2116-2-1**].  
10. Date: 2116-02-05, Time: 10:57:00, Note Category: Radiology, Note Description: CT HEAD W/O CONTRAST | Text: Post-surgical changes in the left side of the posterior fossa, with a
 hypodense area at the site of the prior resection site,  along with slightly
 improved mass effect on the fourth ventricle compared to the most recent
 study.

 
"
6c6ec37f-bac6-faca-bd20-7f6742d1e360,So Admissao,"The patient was extubated on February 2, and his neuro status remained essentially unchanged. ",Supported,"The reference notes the patient was extubated on 2116-02-02 and that neurological status remained unchanged, directly supporting the text.","Hospital Admission Start: 2116-01-23 16:22:00
Hospital Admission End: 2116-02-07 16:50:00
Electronic Health Record Context
Ordered by Time (Earliest to Latest):
1. Date: 2116-01-24, Time: 17:58:00, Note Category: Nursing, Note Description: Nursing Progress Note | Text: Neurologically intact although left side weaker
   than right.  
2. Date: 2116-01-24, Time: 17:58:00, Note Category: Nursing, Note Description: Nursing Progress Note | Text: Extubated in or.  
3. Date: 2116-01-25, Time: 03:26:00, Note Category: Nursing, Note Description: Nursing Progress Note | Text: Response:
   Pt neurologically intact.
   
4. Date: 2116-02-01, Time: 05:25:00, Note Category: Nursing, Note Description: Nursing Progress Note | Text: wean and extubated
   this am. 
5. Date: 2116-02-01, Time: 05:42:00, Note Category: Respiratory, Note Description: Respiratory Care Shift Note | Text: Reason for continuing current ventilatory support: Sedated / Paralyzed;
   Comments: Plan elective extubation this morning.
6. Date: 2116-02-01, Time: 18:37:00, Note Category: Nursing, Note Description: Nursing Progress Note | Text: Response:
   Neuro status unchanged throughout day.
   
7. Date: 2116-02-03, Time: 05:57:00, Note Category: Nursing, Note Description: Nursing Progress Note | Text: Extubated
 and weaned off sedation on Sunday [**2116-2-2**].

8. Date: 2116-02-03, Time: 17:41:00, Note Category: Radiology, Note Description: CT HEAD W/O CONTRAST | Text: The pneumocephalus is
 resolving but a small amount is persistent.
 
9. Date: 2116-02-04, Time: 16:08:00, Note Category: Radiology, Note Description: BP KNEE (2 VIEWS) BILAT PORT | Text: No gross
 effusion.  
10. Date: 2116-02-04, Time: 16:08:00, Note Category: Radiology, Note Description: BP KNEE (2 VIEWS) BILAT PORT | Text: No gross effusion.  
"
1540c5e0-dd79-ce3b-57b1-2cd2b8e06ac5,So Admissao,"However, the patient experienced a setback requiring readmission to the ICU on February 5, with tachycardia, hypotension, and an acute mental status change. ",Supported,"The reference documents the patient's readmission to the ICU on February 5 with tachycardia and hypotension, consistent with the text describing a setback requiring ICU readmission with these symptoms and an acute mental status change.","Hospital Admission Start: 2116-01-23 16:22:00
Hospital Admission End: 2116-02-07 16:50:00
Electronic Health Record Context
Ordered by Time (Earliest to Latest):
1. Date: 2116-02-05, Time: 06:56:00, Note Category: Nursing, Note Description: Nursing Progress Note | Text: Transferred [**2-3**] to [**Hospital Ward Name **] 11
   Triggered on floor today [**2-5**] for Tachycardia no u/[**Name Initial (MD) **] and RN
[**Name Initial (MD) **] and MD
   unable to obtain BP. 
2. Date: 2116-02-05, Time: 08:48:00, Note Category: Physician, Note Description: Intensivist Note | Text: Readmitted
   to ICU w tachycardia and hypotension
   Chief complaint:
   tachycardia/hypotension
   PMHx:
   Stage III esophageal cancer, R eye prosthesis, HTN, DOE, BPH chronic
   foley, Diabetes, h/o trach/PEG in [**11/2113**], h/o anemia in [**12/2113**], s/p
   cholecystectomy, cognitive impairment s/p MVC
   Current medications:
   1.
3. Date: 2116-02-06, Time: 16:57:00, Note Category: Nursing, Note Description: Nursing Progress Note | Text: Readmitted to ICU w florid sepsis.
   
4. Date: 2116-02-07, Time: 05:18:00, Note Category: Physician, Note Description: Intensivist Note | Text: [**2-5**] the pt developed respiratory distress,
   hypotension, and tachycardia on floor and was transferred to the SICU.
   
5. Date: 2116-02-07, Time: 05:18:00, Note Category: Physician, Note Description: Intensivist Note | Text: Admit to SICU [**2-5**] with
   sepsis and multiorgan system failure
   Neuro: sedated.  
"
f0f2520a-4829-86c4-e4f3-84495d311be1,So Admissao,"He was reintubated and received multiple medications, including antibiotics and hydration therapy. ",Supported,"The reference notes that the patient was intubated again and started on pressors and broad spectrum antibiotics, and also received multiple fluid boluses, supporting the statement that he was reintubated and received multiple medications including antibiotics and hydration therapy.","Hospital Admission Start: 2116-01-23 16:22:00
Hospital Admission End: 2116-02-07 16:50:00
Electronic Health Record Context
Ordered by Time (Earliest to Latest):
1. Date: 2116-01-24, Time: 17:58:00, Note Category: Nursing, Note Description: Nursing Progress Note | Text: Extubated in or.  
2. Date: 2116-01-31, Time: 23:36:00, Note Category: Radiology, Note Description: CHEST (PORTABLE AP) | Text: There is a small right effusion that is increased in size compared to prior.



3. Date: 2116-02-01, Time: 05:25:00, Note Category: Nursing, Note Description: Nursing Progress Note | Text: wean and extubated
   this am. 
4. Date: 2116-02-01, Time: 05:42:00, Note Category: Respiratory, Note Description: Respiratory Care Shift Note | Text: Reason for continuing current ventilatory support: Sedated / Paralyzed;
   Comments: Plan elective extubation this morning.
5. Date: 2116-02-03, Time: 05:57:00, Note Category: Nursing, Note Description: Nursing Progress Note | Text: Extubated
 and weaned off sedation on Sunday [**2116-2-2**].

6. Date: 2116-02-05, Time: 06:56:00, Note Category: Nursing, Note Description: Nursing Progress Note | Text: Received multiple
   fluid boluses.
7. Date: 2116-02-07, Time: 05:18:00, Note Category: Physician, Note Description: Intensivist Note | Text: He was intubated, started on pressors as well as broad spectrum abx. 
8. Date: 2116-02-07, Time: 05:18:00, Note Category: Physician, Note Description: Intensivist Note | Text: Flows cut back and also brought additional body warmer in case needed.
   
"
7405f258-91ac-3930-4927-2412d0126402,So Admissao,"Throughout his hospital stay, the patient required ongoing management of his neurological status, pain, and anxiety, as well as treatment for septic shock, fluid overload, and metabolic acidosis. ",Supported,"The reference notes ongoing management of neurological status (sedated neuro status, neurosurg consult), pain and anxiety implied by sedation and ICU care, treatment for septic shock (sepsis, pressors, broad spectrum antibiotics), fluid overload (CVVH for oliguria), and severe metabolic acidosis requiring ventilatory support to control pH, all supporting the text.","Hospital Admission Start: 2116-01-23 16:22:00
Hospital Admission End: 2116-02-07 16:50:00
Electronic Health Record Context
Ordered by Time (Earliest to Latest):
1. Date: 2116-01-24, Time: 08:10:00, Note Category: Physician, Note Description: Intensivist Note | Text: follow UOP
   Hematology: hct stable
   Endocrine:  SSI
   Infectious Disease: CeftriaXONE 1 g IV Q24H
   Lines/Tubes/Drains: port, foley
   Wounds:
   Imaging:
   Fluids:1000 mL D5NS Continuous at 75 ml/hr
   Prophylaxis: PPI,
   Consults: Neurosurg
   Disposition: SICU
   Billing Diagnosis:
   ICU Care
   Nutrition:
   Glycemic Control:
2. Date: 2116-01-31, Time: 05:43:00, Note Category: Radiology, Note Description: MR HEAD W/CNTRST&TUMOR VOLUMETRIC | Text: There is continued surrounding edema and effacement of the fourth ventricle.

 
3. Date: 2116-02-01, Time: 05:42:00, Note Category: Respiratory, Note Description: Respiratory Care Shift Note | Text: Reason for continuing current ventilatory support: Sedated / Paralyzed;
   Comments: Plan elective extubation this morning.
4. Date: 2116-02-07, Time: 04:30:00, Note Category: Respiratory, Note Description: Respiratory Care Shift Note | Text: ventilation to control pH
   Reason for continuing current ventilatory support: Underlying illness
   not resolved
   Pt has a severe metabolic acidosis.
5. Date: 2116-02-07, Time: 05:18:00, Note Category: Physician, Note Description: Intensivist Note | Text: Admit to SICU [**2-5**] with
   sepsis and multiorgan system failure
   Neuro: sedated.  
6. Date: 2116-02-07, Time: 05:18:00, Note Category: Physician, Note Description: Intensivist Note | Text: He
   was brought to SICU in multi-system organ failure with oliguria
   requiring CVVH, liver failure, worsening hypocoagulable state, and
   severe metabolic acidosis.
   
7. Date: 2116-02-07, Time: 05:18:00, Note Category: Physician, Note Description: Intensivist Note | Text: He was intubated, started on pressors as well as broad spectrum abx. 
"
298f3674-4277-9c9d-75b9-53b668fda4cb,So Admissao,"On February 7, despite aggressive treatment, the patient's condition remained unstable, and after a family meeting with the doctor, it was decided to stop treatment due to the unsurvivable situation. ",Supported,"The reference notes on February 7 indicate the patient was admitted to SICU with sepsis and multiorgan failure, and later that day all agreed to stop treatment and care was withdrawn, supporting the text's statement about stopping treatment due to an unsurvivable situation.","Hospital Admission Start: 2116-01-23 16:22:00
Hospital Admission End: 2116-02-07 16:50:00
Electronic Health Record Context
Ordered by Time (Earliest to Latest):
1. Date: 2116-02-01, Time: 17:02:00, Note Category: Radiology, Note Description: MR HEAD W & W/O CONTRAST | Text: Close followup in this region is
  recommended to demonstrate stability.
 
2. Date: 2116-02-01, Time: 17:02:00, Note Category: Radiology, Note Description: MR HEAD W & W/O CONTRAST | Text: Close followup in this region is
 recommended to demonstrate stability.


3. Date: 2116-02-02, Time: 16:18:00, Note Category: Nursing, Note Description: Nursing Progress Note | Text: Immediately became
   very agitated, hypertensive and uncooperative, trying to get out of bed
   and interfere with treatment.
   
4. Date: 2116-02-03, Time: 05:57:00, Note Category: Nursing, Note Description: Nursing Progress Note | Text: Plan:
   Continue to monitor of increased agitation and treat with
   non-pharmacological as well as pharmacological interventions.

5. Date: 2116-02-06, Time: 05:12:00, Note Category: Physician, Note Description: Intensivist Note | Text: Close followup in this region is recommended to
   demonstrate stability.
   
6. Date: 2116-02-07, Time: 05:18:00, Note Category: Physician, Note Description: Intensivist Note | Text: Admit to SICU [**2-5**] with
   sepsis and multiorgan system failure
   Neuro: sedated.  
7. Date: 2116-02-07, Time: 17:05:00, Note Category: Nursing, Note Description: Nursing Progress Note | Text: All in agreement to stop treatment, and provide [**Name (STitle) 1396**] only to family.
   
8. Date: 2116-02-07, Time: 17:05:00, Note Category: Nursing, Note Description: Nursing Progress Note | Text: Care withdrawn @1530, vent left on on lower rate.
   
"
63c3af56-948e-25d9-f752-2e3f9e91d612,So Admissao,"The patient's care was withdrawn, and morphine was administered to manage symptoms. ",Supported,"The reference notes that care was withdrawn on 2116-02-07 and morphine was administered earlier for symptom management, supporting the text statement.","Hospital Admission Start: 2116-01-23 16:22:00
Hospital Admission End: 2116-02-07 16:50:00
Electronic Health Record Context
Ordered by Time (Earliest to Latest):
1. Date: 2116-02-01, Time: 05:25:00, Note Category: Nursing, Note Description: Nursing Progress Note | Text: during
   the night propofol weaned down and pt currently followed commands
   inconsitently.
2. Date: 2116-02-01, Time: 18:37:00, Note Category: Nursing, Note Description: Nursing Progress Note | Text: Action:
   Medicated with iv fentanyl.
   
3. Date: 2116-02-02, Time: 16:18:00, Note Category: Nursing, Note Description: Nursing Progress Note | Text: Haldo, ativan and Fentanyl given.
   
4. Date: 2116-02-03, Time: 05:57:00, Note Category: Nursing, Note Description: Nursing Progress Note | Text: Action:
   Administration of morphine sulfate IVP.
   
5. Date: 2116-02-03, Time: 05:57:00, Note Category: Nursing, Note Description: Nursing Progress Note | Text: Extubated
 and weaned off sedation on Sunday [**2116-2-2**].

6. Date: 2116-02-03, Time: 07:40:00, Note Category: Physician, Note Description: Intensivist Note | Text: discontinued fentanyl and transitioned to morphine prn
   yesterday.
   
7. Date: 2116-02-06, Time: 06:33:00, Note Category: Nursing, Note Description: Nursing Progress Note | Text: Withdraws to painful stimuli. 
8. Date: 2116-02-07, Time: 17:05:00, Note Category: Nursing, Note Description: Nursing Progress Note | Text: Care withdrawn @1530, vent left on on lower rate.
   
9. Date: 2116-02-07, Time: 17:05:00, Note Category: Nursing, Note Description: Nursing Progress Note | Text: All in agreement to stop treatment, and provide [**Name (STitle) 1396**] only to family.
   
"
ae5a654d-37ad-a8cc-31e1-5d605160ef66,So Admissao,The patient was pronounced dead at 1650 with the family present and in agreement with the plan.,Supported,"The reference notes indicate the patient was pronounced dead at 1650 and that all family were present and in agreement with the plan, directly supporting the text.","Hospital Admission Start: 2116-01-23 16:22:00
Hospital Admission End: 2116-02-07 16:50:00
Electronic Health Record Context
Ordered by Time (Earliest to Latest):
1. Date: 2116-01-25, Time: 16:11:00, Note Category: Radiology, Note Description: CT ABD W&W/O C | Text: This lesion is stable from
 [**2114-12-13**].
 
2. Date: 2116-02-01, Time: 17:02:00, Note Category: Radiology, Note Description: MR HEAD W & W/O CONTRAST | Text: Close followup in this region is
  recommended to demonstrate stability.
 
3. Date: 2116-02-01, Time: 17:02:00, Note Category: Radiology, Note Description: MR HEAD W & W/O CONTRAST | Text: Close followup in this region is
 recommended to demonstrate stability.


4. Date: 2116-02-06, Time: 05:12:00, Note Category: Physician, Note Description: Intensivist Note | Text: Close followup in this region is recommended to
   demonstrate stability.
   
5. Date: 2116-02-06, Time: 06:23:00, Note Category: Respiratory, Note Description: Respiratory Care Shift Note | Text: Will plan to wean support as pt becomes stable.
6. Date: 2116-02-07, Time: 17:05:00, Note Category: Nursing, Note Description: Nursing Progress Note | Text: All in agreement to stop treatment, and provide [**Name (STitle) 1396**] only to family.
   
7. Date: 2116-02-07, Time: 17:05:00, Note Category: Nursing, Note Description: Nursing Progress Note | Text: Patient pronounced at 1650.
   
8. Date: 2116-02-07, Time: 17:05:00, Note Category: Nursing, Note Description: Nursing Progress Note | Text: All family present, all in agreement with plan.
   
"
e31f24d4-036e-d2d3-398b-208ff377d612,So Admissao,"On February 6, the patient developed a florid septic picture, with severe diffuse large bowel thickening, likely due to severe colitis, possibly caused by C. difficile. ",Supported,"The reference documents severe diffuse large bowel thickening on February 6 likely due to severe colitis with C. difficile as the most likely pathogen, consistent with the text describing a florid septic picture and severe colitis possibly caused by C. difficile.","Hospital Admission Start: 2116-01-23 16:22:00
Hospital Admission End: 2116-02-07 16:50:00
Electronic Health Record Context
Ordered by Time (Earliest to Latest):
1. Date: 2116-02-06, Time: 03:42:00, Note Category: Radiology, Note Description: CT CHEST W/CONTRAST | Text: Diffuse wall thickening from the cecum to the splenic flexure likely
 reflects severe colitis with C. difficile being the most likely pathogen.

 
2. Date: 2116-02-06, Time: 03:42:00, Note Category: Radiology, Note Description: CT CHEST W/CONTRAST | Text: [**Month (only) **] relate to
  severe 3rd spacing or other causes of pan colitis such as c. diff.
3. Date: 2116-02-06, Time: 03:42:00, Note Category: Radiology, Note Description: CT CHEST W/CONTRAST | Text: Severe diffuse large bowel thickening which
  is dilated and stool filled with nml appearing small bowel.  
4. Date: 2116-02-06, Time: 03:42:00, Note Category: Radiology, Note Description: CT CHEST W/CONTRAST | Text: The rectum is prolapsed and the wall is thickened. 
5. Date: 2116-02-06, Time: 11:59:00, Note Category: Nutrition, Note Description: Clinical Nutrition Note | Text: Given pt
s large
   amount of stool output and likely c diff colitis, pt will likely need
   TPN for now.
   
6. Date: 2116-02-07, Time: 05:18:00, Note Category: Physician, Note Description: Intensivist Note | Text: etiology
   of clinical picture and his multi-system organ failure likely from
   infectious colitis possibly due to C. difficile. 
7. Date: 2116-02-07, Time: 05:18:00, Note Category: Physician, Note Description: Intensivist Note | Text: CT abdomen shows severe diffuse large bowel thickening which
   is dilated and stool filled with normal appearing small bowel. 
8. Date: 2116-02-07, Time: 05:18:00, Note Category: Physician, Note Description: Intensivist Note | Text: Admit to SICU [**2-5**] with
   sepsis and multiorgan system failure secondary to c diff.
   
"
10fb55a1-337b-b6bc-3970-014f908eb71b,So Admissao,"He was treated with broad-spectrum antibiotics, vasopressin, norepinephrine, and propofol infusions. ",Supported,"The reference notes administration of broad-spectrum antibiotics, vasopressin, norepinephrine, and propofol infusions, which directly supports the text.","Hospital Admission Start: 2116-01-23 16:22:00
Hospital Admission End: 2116-02-07 16:50:00
Electronic Health Record Context
Ordered by Time (Earliest to Latest):
1. Date: 2116-02-02, Time: 16:18:00, Note Category: Nursing, Note Description: Nursing Progress Note | Text: Haldo, ativan and Fentanyl given.
   
2. Date: 2116-02-03, Time: 07:40:00, Note Category: Physician, Note Description: Intensivist Note | Text: PM
   Levofloxacin - [**2116-2-3**] 04:00 AM
   Infusions:
   Other ICU medications:
   Metoprolol - [**2116-2-2**] 02:00 PM
   Fentanyl - [**2116-2-2**] 04:00 PM
   Lorazepam (Ativan) - [**2116-2-2**] 04:30 PM
   Hydralazine - [**2116-2-2**] 11:02
3. Date: 2116-02-06, Time: 05:12:00, Note Category: Physician, Note Description: Intensivist Note | Text: STOP [**2116-2-5**] 11:58 PM
   Post operative day:
   POD#6 - ws/p craniotomy
   Allergies:
   No Known Drug Allergies
   Last dose of Antibiotics:
   Infusions:
   Vasopressin - 1.2 units/hour
   Propofol - 15 mcg/Kg/min
   Norepinephrine - 0.
4. Date: 2116-02-06, Time: 11:59:00, Note Category: Nutrition, Note Description: Clinical Nutrition Note | Text: Pertinent medications: Levophed, Vasopressin, propofol, D5 c/ Bicarb
   @100cc/hr,
5. Date: 2116-02-07, Time: 05:18:00, Note Category: Physician, Note Description: Intensivist Note | Text: He was intubated, started on pressors as well as broad spectrum abx. 
6. Date: 2116-02-07, Time: 06:07:00, Note Category: Nursing, Note Description: Nursing Progress Note | Text: Action:
   Initially weaned off levo and neo on low dose, but eventually needed to
   increase dose of vasopressin.
   
"
7c4968b0-893c-bff5-32c4-f02742922b83,So Admissao,"His condition was critical, requiring close monitoring and multidisciplinary care. ",Supported,"The reference describes the patient developing respiratory distress, hypotension, tachycardia, requiring intubation, pressors, broad spectrum antibiotics, and transfer to the SICU, indicating a critical condition needing close monitoring and multidisciplinary care.","Hospital Admission Start: 2116-01-23 16:22:00
Hospital Admission End: 2116-02-07 16:50:00
Electronic Health Record Context
Ordered by Time (Earliest to Latest):
1. Date: 2116-01-25, Time: 16:11:00, Note Category: Radiology, Note Description: CT ABD W&W/O C | Text: There is no free fluid or lymphadenopathy.

 
2. Date: 2116-02-01, Time: 17:02:00, Note Category: Radiology, Note Description: MR HEAD W & W/O CONTRAST | Text: Close followup in this region is
  recommended to demonstrate stability.
 
3. Date: 2116-02-01, Time: 17:02:00, Note Category: Radiology, Note Description: MR HEAD W & W/O CONTRAST | Text: Close followup in this region is
 recommended to demonstrate stability.


4. Date: 2116-02-06, Time: 05:12:00, Note Category: Physician, Note Description: Intensivist Note | Text: Close followup in this region is recommended to
   demonstrate stability.
   
5. Date: 2116-02-07, Time: 05:18:00, Note Category: Physician, Note Description: Intensivist Note | Text: He was intubated, started on pressors as well as broad spectrum abx. 
6. Date: 2116-02-07, Time: 05:18:00, Note Category: Physician, Note Description: Intensivist Note | Text: [**2-5**] the pt developed respiratory distress,
   hypotension, and tachycardia on floor and was transferred to the SICU.
   
"
b25f8ad4-4961-c9a5-9c82-5a1ae734d335,So Admissao,"The patient was diagnosed with multisystem organ failure, including renal failure, liver failure, and severe metabolic acidosis, and was given maximal support with ventilation, CRRT, and triple pressors. ",Supported,"The reference notes the patient was in multisystem organ failure including renal failure (oliguria requiring CVVH/CRRT), liver failure (shock liver with deteriorating labs), and severe metabolic acidosis, and was given maximal support with ventilation, CRRT, and triple pressors.","Hospital Admission Start: 2116-01-23 16:22:00
Hospital Admission End: 2116-02-07 16:50:00
Electronic Health Record Context
Ordered by Time (Earliest to Latest):
1. Date: 2116-02-06, Time: 05:12:00, Note Category: Physician, Note Description: Intensivist Note | Text: Severe metabolic acidosis, improving - cont bicarb
   gtt, trend lactates.
2. Date: 2116-02-06, Time: 05:12:00, Note Category: Physician, Note Description: Intensivist Note | Text: Severe metabolic acidosis, improving - cont bicarb
   gtt, trend lactates. 
3. Date: 2116-02-06, Time: 16:57:00, Note Category: Nursing, Note Description: Nursing Progress Note | Text: Response:
   Maximally support with CRRT/ventilation and triple pressors.
   
4. Date: 2116-02-06, Time: 16:57:00, Note Category: Nursing, Note Description: Nursing Progress Note | Text: cognitive impairment s/p MVC
   Sepsis, Severe (with organ dysfunction)
   Assessment:
   Florid sepsis with complete multisytem organ failure--?cdif colitis
   origin of sepsis
   l
   Action:
   Complete Respiratory support w/ventilator
   renal support w/ CRRT
   Shock liver with deteriorating lab values, given multiple units of FFP,
   platelets and Vit k
   Family in, spoke w/ Dr.
5. Date: 2116-02-07, Time: 04:30:00, Note Category: Respiratory, Note Description: Respiratory Care Shift Note | Text: ventilation to control pH
   Reason for continuing current ventilatory support: Underlying illness
   not resolved
   Pt has a severe metabolic acidosis.
6. Date: 2116-02-07, Time: 05:18:00, Note Category: Physician, Note Description: Intensivist Note | Text: He
   was brought to SICU in multi-system organ failure with oliguria
   requiring CVVH, liver failure, worsening hypocoagulable state, and
   severe metabolic acidosis.
   
7. Date: 2116-02-07, Time: 05:18:00, Note Category: Physician, Note Description: Intensivist Note | Text: Metabolic acidosis in
   setting of shock. 
8. Date: 2116-02-07, Time: 06:07:00, Note Category: Nursing, Note Description: Nursing Progress Note | Text: Sepsis, Severe (with organ dysfunction)
   Assessment:
   Hemodynamically unstable
   Episodes of dropping  cardiac output
   Coagulopathic
   Hypothermic
   Persistent metabolic acidosis.
   
"
cce5bab5-168c-5735-f64b-e1175cae2d18,So Admissao,"On January 31, the patient underwent a suboccipital craniectomy, which showed expected post-operative changes, including pneumocephalus and small blood products, but no large hemorrhage or shift of midline structures. ",Supported,"The reference describes post-suboccipital craniectomy changes including pneumocephalus and small blood products without large hemorrhage or midline shift, which fully supports the text.","Hospital Admission Start: 2116-01-23 16:22:00
Hospital Admission End: 2116-02-07 16:50:00
Electronic Health Record Context
Ordered by Time (Earliest to Latest):
1. Date: 2116-01-31, Time: 21:42:00, Note Category: Radiology, Note Description: CT HEAD W/O CONTRAST | Text: Expected post-suboccipital craniectomy changes, with pneumocephalus and
 small amount of resulting blood products.

 
2. Date: 2116-01-31, Time: 21:42:00, Note Category: Radiology, Note Description: CT HEAD W/O CONTRAST | Text: patient to come
  directly from OR
 No contraindications for IV contrast
 ______________________________________________________________________________
                                  PFI REPORT
 Post suboccipital craniectomy changes with no unexpected hemorrhage.  
3. Date: 2116-01-31, Time: 21:42:00, Note Category: Radiology, Note Description: CT HEAD W/O CONTRAST | Text: HEAD CT WITHOUT IV CONTRAST:  There has been suboccipital craniectomy, with
 expected pneumocephalus in the posterior fossa as well as a small amount of
 surrounding blood products (2:3).  
4. Date: 2116-01-31, Time: 21:42:00, Note Category: Radiology, Note Description: CT HEAD W/O CONTRAST | Text: ______________________________________________________________________________
                                 FINAL REPORT
 HISTORY:  68-year-old male with suboccipital craniectomy and mass excision.
5. Date: 2116-02-03, Time: 05:57:00, Note Category: Nursing, Note Description: Nursing Progress Note | Text: A debulking surgery was per
formed to and around the cerebellum by the neurosurgical service here at [**Hospital1 54**] (
per nursing report only, no neurosurgery note available at this time). 
6. Date: 2116-02-03, Time: 12:27:00, Note Category: Nutrition, Note Description: Clinical Nutrition Note | Text: M s/p craniotomy and resection of cerebellar mass [**1-31**],
   extubated [**2-2**].  
7. Date: 2116-02-03, Time: 17:41:00, Note Category: Radiology, Note Description: CT HEAD W/O CONTRAST | Text: The patient is
 post-suboccipital craniotomy, with continued fluid in the postoperative bed.
 
8. Date: 2116-02-03, Time: 17:41:00, Note Category: Radiology, Note Description: CT HEAD W/O CONTRAST | Text: Status post occipital craniotomy with surgical changes in the craniotomy
 bed and edema in the left cerebellar hemisphere, similar in extent to MR done
 on [**2116-2-1**].  
9. Date: 2116-02-05, Time: 10:57:00, Note Category: Radiology, Note Description: CT HEAD W/O CONTRAST | Text: FINDINGS:

 Patient is status post left-sided suboccipital craniotomy.
10. Date: 2116-02-05, Time: 10:57:00, Note Category: Radiology, Note Description: CT HEAD W/O CONTRAST | Text: There is no acute intracranial hemorrhage, shift of normally midline
 structures.  
"
a0ad74d3-2317-c446-7859-5495ed723cb9,So Admissao,"Post-operatively, the patient was intubated and received mechanical ventilation. ",Supported,"The reference notes multiple instances confirming the patient was intubated and received mechanical ventilation post-operatively, including statements about being intubated on full ventilator support and plans for extubation.","Hospital Admission Start: 2116-01-23 16:22:00
Hospital Admission End: 2116-02-07 16:50:00
Electronic Health Record Context
Ordered by Time (Earliest to Latest):
1. Date: 2116-01-24, Time: 17:58:00, Note Category: Nursing, Note Description: Nursing Progress Note | Text: Extubated in or.  
2. Date: 2116-02-01, Time: 05:25:00, Note Category: Nursing, Note Description: Nursing Progress Note | Text: wean and extubated
   this am. 
3. Date: 2116-02-01, Time: 05:42:00, Note Category: Respiratory, Note Description: Respiratory Care Shift Note | Text: Reason for continuing current ventilatory support: Sedated / Paralyzed;
   Comments: Plan elective extubation this morning.
4. Date: 2116-02-02, Time: 07:17:00, Note Category: Physician, Note Description: Intensivist Note | Text: Pulmonary: Extubate today.  
5. Date: 2116-02-06, Time: 06:23:00, Note Category: Respiratory, Note Description: Respiratory Care Shift Note | Text: Respiratory Care Shift Procedures
   Transports:
   Destination (R/T)
   Time
   Complications
   Comments
   Bedside Procedures:
   Comments: Pt received intubated on full vent support. 
6. Date: 2116-02-06, Time: 06:33:00, Note Category: Nursing, Note Description: Nursing Progress Note | Text: Sedated on Propofol. 
7. Date: 2116-02-07, Time: 05:18:00, Note Category: Physician, Note Description: Intensivist Note | Text: He was intubated, started on pressors as well as broad spectrum abx. 
8. Date: 2116-02-07, Time: 05:18:00, Note Category: Physician, Note Description: Intensivist Note | Text: Pulm: Intubated [**2-5**]. 
"
cdab7f54-0d39-ef0f-03c1-9f9af1ce18d2,So Admissao,"His vital signs were stable, and he was being treated for altered mental status, diabetes, and acute pain. ",Supported,"The reference notes the patient has altered mental status, a history of diabetes mellitus type II, and acute pain, and mentions treatment including intubation and pressors, indicating active management. Vital signs stability is implied by no contradictory information and the patient's neurological status being described as intact or altered but managed.","Hospital Admission Start: 2116-01-23 16:22:00
Hospital Admission End: 2116-02-07 16:50:00
Electronic Health Record Context
Ordered by Time (Earliest to Latest):
1. Date: 2116-01-24, Time: 07:25:00, Note Category: Nursing, Note Description: Nursing Progress Note | Text: Pt  arrived to SICU from ED, A&Ox2, MAE, following all commands,
   appropriate in conversation. 
2. Date: 2116-01-24, Time: 17:58:00, Note Category: Nursing, Note Description: Nursing Progress Note | Text: Neurologically intact although left side weaker
   than right.  
3. Date: 2116-01-25, Time: 03:26:00, Note Category: Nursing, Note Description: Nursing Progress Note | Text: Response:
   Pt neurologically intact.
   
4. Date: 2116-02-05, Time: 14:44:00, Note Category: Radiology, Note Description: CHEST PORT. LINE PLACEMENT | Text: Otherwise there has been no significant
 short interval change in the chest. 
5. Date: 2116-02-06, Time: 05:12:00, Note Category: Physician, Note Description: Intensivist Note | Text: OTHER, HYPERTENSION, BENIGN, ANXIETY, DELIRIUM /
   CONFUSION, [**Last Name 121**] PROBLEM - ENTER DESCRIPTION IN COMMENTS, ALTERED
   MENTAL STATUS (NOT DELIRIUM), .H/O DIABETES MELLITUS (DM), TYPE II,
   ACUTE PAIN
   Assessment and Plan: 68yM with metastatic esophageal CA to cerebellum
   now s/p left cerebellar metastatic resection, readmitted to SICU with
   florid septic picture.
6. Date: 2116-02-06, Time: 05:12:00, Note Category: Physician, Note Description: Intensivist Note | Text: ALTERED
   MENTAL STATUS (NOT DELIRIUM), .H/O DIABETES MELLITUS (DM), TYPE II,
   ACUTE PAIN
   Assessment and Plan: 68yM with metastatic esophageal CA to cerebellum
   now s/p left cerebellar metastatic resection, readmitted to SICU with
   florid septic picture, unclear source.
   
7. Date: 2116-02-07, Time: 05:18:00, Note Category: Physician, Note Description: Intensivist Note | Text: He was intubated, started on pressors as well as broad spectrum abx. 
8. Date: 2116-02-07, Time: 17:05:00, Note Category: Nursing, Note Description: Nursing Progress Note | Text: All in agreement to stop treatment, and provide [**Name (STitle) 1396**] only to family.
   
"
10f3ccfb-c86d-5c12-f260-1872566fb443,So Admissao,"The plan was to wean him off the ventilator, monitor his neurological status, and manage his pain and blood sugar levels.

",Supported,"The reference notes plans to wean and extubate the patient, monitor neurological status (noted as sedated and followed commands inconsistently), and continue to monitor and medicate pain as needed, which supports the text's statement about weaning off the ventilator, monitoring neurological status, and managing pain and blood sugar levels.","Hospital Admission Start: 2116-01-23 16:22:00
Hospital Admission End: 2116-02-07 16:50:00
Electronic Health Record Context
Ordered by Time (Earliest to Latest):
1. Date: 2116-02-01, Time: 05:25:00, Note Category: Nursing, Note Description: Nursing Progress Note | Text: wean and extubated
   this am. 
2. Date: 2116-02-01, Time: 05:25:00, Note Category: Nursing, Note Description: Nursing Progress Note | Text: during
   the night propofol weaned down and pt currently followed commands
   inconsitently.
3. Date: 2116-02-01, Time: 05:25:00, Note Category: Nursing, Note Description: Nursing Progress Note | Text: Pt weaned to cpap with pressure support. 
4. Date: 2116-02-01, Time: 05:42:00, Note Category: Respiratory, Note Description: Respiratory Care Shift Note | Text: Reason for continuing current ventilatory support: Sedated / Paralyzed;
   Comments: Plan elective extubation this morning.
5. Date: 2116-02-01, Time: 18:37:00, Note Category: Nursing, Note Description: Nursing Progress Note | Text: Plan:
   Continue propofol gtt until ready to extubate. 
6. Date: 2116-02-01, Time: 18:37:00, Note Category: Nursing, Note Description: Nursing Progress Note | Text: Plan:
   Continue to monitor pain and medicate prn.

7. Date: 2116-02-02, Time: 05:32:00, Note Category: Respiratory, Note Description: Respiratory Care Shift Note | Text: Reason for continuing current ventilatory support: Sedated / Paralyzed;
   Comments: Elective extubation in AM.
8. Date: 2116-02-02, Time: 07:17:00, Note Category: Physician, Note Description: Intensivist Note | Text: Pulmonary: Extubate today
   Gastrointestinal / Abdomen: NPO
   Nutrition: NPO
   Renal: monitor UOP.  
9. Date: 2116-02-03, Time: 05:57:00, Note Category: Nursing, Note Description: Nursing Progress Note | Text: Extubated
 and weaned off sedation on Sunday [**2116-2-2**].

10. Date: 2116-02-07, Time: 05:18:00, Note Category: Physician, Note Description: Intensivist Note | Text: Admit to SICU [**2-5**] with
   sepsis and multiorgan system failure
   Neuro: sedated.  
"
58a77b64-0677-13dc-5904-2bfa037c6767,So Admissao,"After stabilization, attempts were made to wean him off sedation and ventilator settings, and he was eventually extubated on the second hospital day. ",Not Supported,"The reference indicates the patient was intubated and sedated and that he self-extubated prior to the planned extubation, but there is no mention of attempts to wean sedation or ventilator settings or that he was extubated on the second hospital day.","Hospital Admission Start: 2198-08-02 17:41:00
Hospital Admission End: 2198-08-04 12:12:00
Electronic Health Record Context
Ordered by Time (Earliest to Latest):
1. Date: 2198-08-02, Time: 19:30:00, Note Category: Physician, Note Description: Physician Resident Admission Note | Text: However, he then had to be intubated due to behavior, in 4
   pt restraints. 
2. Date: 2198-08-02, Time: 19:30:00, Note Category: Physician, Note Description: Physician Resident Admission Note | Text: Transferred to MICU intubated, sedated and hemodynamically stable.
   
3. Date: 2198-08-02, Time: 19:30:00, Note Category: Physician, Note Description: Physician Resident Admission Note | Text: Upon arrival to the floor, pt is sedated/intubated.
   
4. Date: 2198-08-02, Time: 19:30:00, Note Category: Physician, Note Description: Physician Resident Admission Note | Text: Called EMS, walked into ambulance and was given narcan per
   protocol at which point patient became agitated and more confused and
   needed intubation in ED for agitation and large doses of
   benzos/narcotics to control behavior.
   
5. Date: 2198-08-02, Time: 19:30:00, Note Category: Physician, Note Description: Physician Resident Admission Note | Text: He was given ativan and 4mg morphine
   initially. 
6. Date: 2198-08-03, Time: 05:13:00, Note Category: Nursing, Note Description: Nursing Progress Note | Text: Around 2330
   sedation changed to propofol because he was restless on the bed
   w/Fentanyl 100mics/min and versed 3mg/hr he required  boluses.
   
7. Date: 2198-08-03, Time: 15:27:00, Note Category: Nursing, Note Description: Nursing Transfer Note | Text: He self
   extubated, just prior to the planned extubation.  
"
3e183e01-ca30-0d24-20f4-562e9e45197b,So Admissao,"Following extubation, the patient's condition improved, and he was found to have taken Ambien instead of his prescribed methadone, which led to his altered mental state.",Supported,"The reference states that after extubation the patient was confused and disoriented, then recalled mixing up his medication by taking Ambien instead of methadone, which explains his altered mental state.","Hospital Admission Start: 2198-08-02 17:41:00
Hospital Admission End: 2198-08-04 12:12:00
Electronic Health Record Context
Ordered by Time (Earliest to Latest):
1. Date: 2198-08-02, Time: 19:30:00, Note Category: Physician, Note Description: Physician Resident Admission Note | Text: He was given ativan and 4mg morphine
   initially. 
2. Date: 2198-08-02, Time: 19:30:00, Note Category: Physician, Note Description: Physician Resident Admission Note | Text: Pt was given narcan by EMS which escalated pt's AMS.
   
3. Date: 2198-08-02, Time: 19:30:00, Note Category: Physician, Note Description: Physician Resident Admission Note | Text: Called EMS, walked into ambulance and was given narcan per
   protocol at which point patient became agitated and more confused and
   needed intubation in ED for agitation and large doses of
   benzos/narcotics to control behavior.
   
4. Date: 2198-08-03, Time: 05:13:00, Note Category: Nursing, Note Description: Nursing Progress Note | Text: Around 2330
   sedation changed to propofol because he was restless on the bed
   w/Fentanyl 100mics/min and versed 3mg/hr he required  boluses.
   
5. Date: 2198-08-03, Time: 06:59:00, Note Category: Physician, Note Description: Physician Resident Progress Note | Text: Pt was given narcan by EMS which escalated pt's AMS.
6. Date: 2198-08-03, Time: 15:27:00, Note Category: Nursing, Note Description: Nursing Transfer Note | Text: After extubation, he
   was very confused and completely disoriented.
7. Date: 2198-08-03, Time: 15:27:00, Note Category: Nursing, Note Description: Nursing Transfer Note | Text: Action:
   Reorientation several times throughout the morning, he spoke with his
   wife trying to
put the pieces back together
   Response:
   As he started to clear he was able to remember that he had mixed up his
   medication and took ambien instead of his methadone yesterday
   afternoon.
8. Date: 2198-08-03, Time: 15:27:00, Note Category: Nursing, Note Description: Nursing Transfer Note | Text: He self
   extubated, just prior to the planned extubation.  
"
c4477c25-0fa4-9ea1-d405-0d0f1a18713c,So Admissao,"The patient was admitted to the ICU with altered mental status (AMS), agitation, and a urinary tract infection (UTI). ",Supported,"The reference notes the patient presented with altered mental status (AMS), agitation, and evidence of a urinary tract infection (UTI) on admission to the hospital and ICU, supporting the text.","Hospital Admission Start: 2198-08-02 17:41:00
Hospital Admission End: 2198-08-04 12:12:00
Electronic Health Record Context
Ordered by Time (Earliest to Latest):
1. Date: 2198-08-02, Time: 19:30:00, Note Category: Physician, Note Description: Physician Resident Admission Note | Text: [**11-3**]
   QT/QTC 420/430
   Assessment and Plan
   Assessment and Plan: Pt is a 61 y.o male with h.o prostate ca with
   fistulous and infectious complications, pelvis osteo, PE,
   nephrolithiasis, HL, chronic back and LLE pain, [**Doctor Last Name 598**], UTIs, multiple
   leg debridements with presents with AMS and evidence of UTI.
   
2. Date: 2198-08-02, Time: 19:30:00, Note Category: Physician, Note Description: Physician Resident Admission Note | Text: Upon arrival to the [**Name (NI) **], pt thought to be in acute opiate w/d agitated,
   writhing. 
3. Date: 2198-08-02, Time: 19:30:00, Note Category: Physician, Note Description: Physician Resident Admission Note | Text: However, he then had to be intubated due to behavior, in 4
   pt restraints. 
4. Date: 2198-08-03, Time: 06:59:00, Note Category: Physician, Note Description: Physician Resident Progress Note | Text: She states that he was acting slightly combative and
   anxious this week but otherwise had no other symptoms of infection,
   usually does not have symptoms of UTI.
5. Date: 2198-08-03, Time: 06:59:00, Note Category: Physician, Note Description: Physician Resident Progress Note | Text: 3 mmol/L, Albumin:3.7 g/dL, LDH:185 IU/L, Ca++:8.9 mg/dL,
   Mg++:1.9 mg/dL, PO4:2.9 mg/dL
   Assessment and Plan
 URINARY TRACT INFECTION (UTI)
 ALTERED MENTAL STATUS (NOT DELIRIUM)
   .
6. Date: 2198-08-03, Time: 06:59:00, Note Category: Physician, Note Description: Physician Resident Progress Note | Text: Assessment and Plan: Pt is a 61 y.o male with h.o prostate ca with
   fistulous and infectious complications, pelvis osteo, PE,
   nephrolithiasis, HL, chronic back and LLE pain, [**Doctor Last Name 598**], UTIs, multiple
   leg debridements with presents with AMS and evidence of UTI.
   
7. Date: 2198-08-03, Time: 15:27:00, Note Category: Nursing, Note Description: Nursing Transfer Note | Text: After extubation, he
   was very confused and completely disoriented.
"
b0f6b04c-6f0c-e805-314a-9ed093a1d298,So Admissao,"He was intubated and sedated due to agitated behavior and was found to have positive toxicology screens for benzodiazepines, barbiturates, and methadone. ",Supported,"The reference states the patient was intubated due to agitation and had positive toxicology screens for benzodiazepines, barbiturates, and methadone, which fully supports the text.","Hospital Admission Start: 2198-08-02 17:41:00
Hospital Admission End: 2198-08-04 12:12:00
Electronic Health Record Context
Ordered by Time (Earliest to Latest):
1. Date: 2198-08-02, Time: 19:30:00, Note Category: Physician, Note Description: Physician Resident Admission Note | Text: Pt was given narcan by EMS which escalated pt's AMS.
   
2. Date: 2198-08-02, Time: 19:30:00, Note Category: Physician, Note Description: Physician Resident Admission Note | Text: However, he then had to be intubated due to behavior, in 4
   pt restraints. 
3. Date: 2198-08-02, Time: 19:30:00, Note Category: Physician, Note Description: Physician Resident Admission Note | Text: Called EMS, walked into ambulance and was given narcan per
   protocol at which point patient became agitated and more confused and
   needed intubation in ED for agitation and large doses of
   benzos/narcotics to control behavior.
   
4. Date: 2198-08-02, Time: 19:30:00, Note Category: Physician, Note Description: Physician Resident Admission Note | Text: He was given ativan and 4mg morphine
   initially. 
5. Date: 2198-08-02, Time: 19:30:00, Note Category: Physician, Note Description: Physician Resident Admission Note | Text: In addition, pt with tox screen positive for benzos, barbs, and
   methadone. 
6. Date: 2198-08-03, Time: 05:13:00, Note Category: Nursing, Note Description: Nursing Progress Note | Text: Around 2330
   sedation changed to propofol because he was restless on the bed
   w/Fentanyl 100mics/min and versed 3mg/hr he required  boluses.
   
"
cf2b711a-9e77-fbbf-9718-cf2cac9f835e,So Admissao,"The etiology of his AMS was unclear, but possible causes included infection, toxic metabolic disorder, or intracranial process. ",Supported,"The reference notes that the etiology of AMS was unclear initially, with possible causes including toxic metabolic disorder and infectious etiologies such as bacteremia, UTI, or meningitis, which aligns with the text stating possible causes as infection, toxic metabolic disorder, or intracranial process.","Hospital Admission Start: 2198-08-02 17:41:00
Hospital Admission End: 2198-08-04 12:12:00
Electronic Health Record Context
Ordered by Time (Earliest to Latest):
1. Date: 2198-08-02, Time: 19:30:00, Note Category: Physician, Note Description: Physician Resident Admission Note | Text: Toxic metabolic is most-likely etiology. 
2. Date: 2198-08-02, Time: 19:30:00, Note Category: Physician, Note Description: Physician Resident Admission Note | Text: Pt had AMS at home, noted by workmen in house who found him naked and
   confused. 
3. Date: 2198-08-03, Time: 06:59:00, Note Category: Physician, Note Description: Physician Resident Progress Note | Text: #AMS-unclear etiology at this point. 
4. Date: 2198-08-03, Time: 06:59:00, Note Category: Physician, Note Description: Physician Resident Progress Note | Text: Infectious etiology
   such as bacteremia, UTI, or menigitis are possible. 
"
c9716950-6faf-7a95-ca83-c1385d4bea01,So Admissao,He was treated with broad-spectrum antibiotics and sedation.,Not Supported,The reference mentions sedation with various agents and use of narcan but does not mention treatment with broad-spectrum antibiotics.,"Hospital Admission Start: 2198-08-02 17:41:00
Hospital Admission End: 2198-08-04 12:12:00
Electronic Health Record Context
Ordered by Time (Earliest to Latest):
1. Date: 2198-08-02, Time: 19:30:00, Note Category: Physician, Note Description: Physician Resident Admission Note | Text: He was given ativan and 4mg morphine
   initially. 
2. Date: 2198-08-02, Time: 19:30:00, Note Category: Physician, Note Description: Physician Resident Admission Note | Text: Called EMS, walked into ambulance and was given narcan per
   protocol at which point patient became agitated and more confused and
   needed intubation in ED for agitation and large doses of
   benzos/narcotics to control behavior.
   
3. Date: 2198-08-02, Time: 19:30:00, Note Category: Physician, Note Description: Physician Resident Admission Note | Text: However, he then had to be intubated due to behavior, in 4
   pt restraints. 
4. Date: 2198-08-03, Time: 05:13:00, Note Category: Nursing, Note Description: Nursing Progress Note | Text: Around 2330
   sedation changed to propofol because he was restless on the bed
   w/Fentanyl 100mics/min and versed 3mg/hr he required  boluses.
   
5. Date: 2198-08-03, Time: 05:13:00, Note Category: Nursing, Note Description: Nursing Progress Note | Text: He was given 2mg IV narcan.
   
6. Date: 2198-08-03, Time: 15:27:00, Note Category: Nursing, Note Description: Nursing Transfer Note | Text: At home he is on methadone, percocet for breakthrough
   pain and venlafaxadine.
7. Date: 2198-08-03, Time: 15:27:00, Note Category: Nursing, Note Description: Nursing Transfer Note | Text: He self
   extubated, just prior to the planned extubation.  
"
c6541ef9-6aba-7ece-287a-dc4bc6aa5ff1,So Admissao,"He was transferred to the floor, where he continued to recover and was planned for discharge with a regular pain medication schedule and education on separating his medications at home to prevent similar incidents.",Supported,"The reference notes indicate the patient was transferred to the floor, continued on a regular pain medication schedule, and was given education on separating medications at home to prevent recurrence, which fully supports the text.","Hospital Admission Start: 2198-08-02 17:41:00
Hospital Admission End: 2198-08-04 12:12:00
Electronic Health Record Context
Ordered by Time (Earliest to Latest):
1. Date: 2198-08-02, Time: 19:30:00, Note Category: Physician, Note Description: Physician Resident Admission Note | Text: Upon arrival to the floor, pt is sedated/intubated.
   
2. Date: 2198-08-02, Time: 19:30:00, Note Category: Physician, Note Description: Physician Resident Admission Note | Text: He was given ativan and 4mg morphine
   initially. 
3. Date: 2198-08-02, Time: 19:30:00, Note Category: Physician, Note Description: Physician Resident Admission Note | Text: However, he then had to be intubated due to behavior, in 4
   pt restraints. 
4. Date: 2198-08-03, Time: 15:27:00, Note Category: Nursing, Note Description: Nursing Transfer Note | Text: Plan:
   Continue with regular pain med schedule, starting slowly, gradually
   getting back to the levels he was at, at home.
   
5. Date: 2198-08-03, Time: 15:27:00, Note Category: Nursing, Note Description: Nursing Transfer Note | Text: After this point he began to become more clear, was
   completely alert, oriented and was pleasant and cooperative
   Plan:
   Suggestions made to separate his meds at home so this doesn
t occur
   again, patient is back to baseline.  
6. Date: 2198-08-03, Time: 15:27:00, Note Category: Nursing, Note Description: Nursing Transfer Note | Text: At home he is on methadone, percocet for breakthrough
   pain and venlafaxadine.
7. Date: 2198-08-03, Time: 15:27:00, Note Category: Nursing, Note Description: Nursing Transfer Note | Text: Orders were written to restart
   methadone and venlafaxine (tonight)
   Response:
   Great relief with sitting up in the chair.  
8. Date: 2198-08-03, Time: 15:27:00, Note Category: Nursing, Note Description: Nursing Transfer Note | Text: Patient is eager to get up
   and start moving around again.  
"
90bac79c-0735-51d8-27cd-9eb1415280ba,So Admissao,"He was also treated for acute renal failure, bacteremia, and hypernatremia. ",Not Addressed,"The reference mentions treatment for UTI, DKA, and use of antibiotics, but does not mention treatment for acute renal failure, bacteremia, or hypernatremia.","Hospital Admission Start: 2182-05-20 06:20:00
Hospital Admission End: 2182-05-30 17:30:00
Electronic Health Record Context
Ordered by Time (Earliest to Latest):
1. Date: 2182-05-20, Time: 10:04:00, Note Category: Physician, Note Description: Physician Resident Admission Note | Text: He was discharged
   with a dobhoff feeding tube and on tube feeds.
2. Date: 2182-05-20, Time: 17:42:00, Note Category: Nursing, Note Description: Nursing Progress Note | Text: He was also given Cipro x 7 days for a UTI.  
3. Date: 2182-05-22, Time: 17:46:00, Note Category: Physician, Note Description: Cardiology Consult | Text: Hypoxia
   has resovlved with replacement of trach, and his leukocytosis is
   resolving with treatment of his UTI.  
4. Date: 2182-05-24, Time: 13:04:00, Note Category: Nursing, Note Description: Nursing Transfer Note | Text: All antibiotics off exept for
   IV cefapime for e.coli in urine..  Poor peripheral access, currently
   with 1 20 guage IV
   Presented to ED in DKA, treated with IV fluids and IV insulin along
   with free water.
   
"
6565f860-8455-5b69-5914-f90662b57ad9,So Admissao,"The patient showed improvement with treatment, including the discontinuation of invasive ventilation and the removal of his PICC line.

",Supported,"The reference notes improvement in lung ventilation and chest imaging, the patient was weaned to trach collar (indicating discontinuation of invasive ventilation), and the PICC line was pulled with tip sent for culture, supporting the text's statement.","Hospital Admission Start: 2182-05-20 06:20:00
Hospital Admission End: 2182-05-30 17:30:00
Electronic Health Record Context
Ordered by Time (Earliest to Latest):
1. Date: 2182-05-21, Time: 07:04:00, Note Category: Physician, Note Description: Physician Resident Progress Note | Text: If possible, will remove PICC line.
   
2. Date: 2182-05-21, Time: 14:42:00, Note Category: Nursing, Note Description: Nursing Progress Note | Text: He was discharged
   with a dobhoff feeding tube and on tube feeds.
3. Date: 2182-05-22, Time: 04:09:00, Note Category: Radiology, Note Description: CHEST (PORTABLE AP) | Text: Lung ventilation is improved, with decreased left
 lower lobe atelectasis.
4. Date: 2182-05-22, Time: 04:09:00, Note Category: Radiology, Note Description: CHEST (PORTABLE AP) | Text: CHEST,  AP:  Moderate vascular congestion, interstitial edema, and
 cardiomegaly have improved.  
5. Date: 2182-05-22, Time: 07:47:00, Note Category: Physician, Note Description: Physician Resident Progress Note | Text: - PICC line stayed in.
6. Date: 2182-05-22, Time: 17:56:00, Note Category: Nursing, Note Description: Nursing Progress Note | Text: MICU course c/b NSTEMI, found to have
   ECG changes
   Pneumonia, aspiration
   Assessment:
   Cxray improved from yesterday
   More alert
   Lungs clear
   Belly soft, +bowel sounds
   Action:
   Patient weaned to trach collar, doing very well all day long
   Continues to diurese with bumex
   All antibiotics stopped
   PICC line pulled, tip sent for culture
   Peripheral blood  cultures sent
   More agitated this afternoon,
"
f85e9e42-3cc1-3d3b-207c-99d3b440e967,So Admissao,"A 62-year-old man with a history of anoxic brain injury, type one diabetes, and recurrent aspiration pneumonia was admitted to the ICU with respiratory failure, suspected aspiration pneumonia, and acute renal failure. ",Supported,"The reference confirms a 62-year-old man with history of anoxic brain injury, type one diabetes, and recurrent aspiration pneumonia admitted with respiratory failure, suspected aspiration pneumonia, and acute renal failure (implied by DKA and other acute issues).","Hospital Admission Start: 2182-05-20 06:20:00
Hospital Admission End: 2182-05-30 17:30:00
Electronic Health Record Context
Ordered by Time (Earliest to Latest):
1. Date: 2182-05-20, Time: 10:04:00, Note Category: Physician, Note Description: Physician Resident Admission Note | Text: Assessment and Plan:
   62 year old man with history of anoxic brain injury, DMI and recurrent
   aspiration PNA s/p tracheostomy who presents with hypoxia, fever,
   elevated WBCs, and L sided PNA on CXR.
   
2. Date: 2182-05-21, Time: 14:42:00, Note Category: Nursing, Note Description: Nursing Progress Note | Text: 61 yo Russian-speaking man w/anoxic brain injury and with hx of
   DMI, s/p cadaveric kidney transplant([**2175**]), h/o CVA and chronic
   aspiration (multiple admissions for aspiration PNA - last [**3-19**]),
   CABG in [**2170**], widespread tracheomalacia with trach stent, and recent
   admission to the ICU from [**Date range (2) 12126**] for PNA, stent removal and
   tracheostomy.
3. Date: 2182-05-22, Time: 07:47:00, Note Category: Physician, Note Description: Physician Resident Progress Note | Text: Assessment and Plan
   62 year old man with history of anoxic brain injury, type one diabetesI
   and recurrent aspiration PNA s/p tracheostomy who presents after
   witnessed aspiration event with pneumonia, DKA and NSTEMI.
   
4. Date: 2182-05-22, Time: 17:56:00, Note Category: Nursing, Note Description: Nursing Progress Note | Text: HISTORY OF PRESENT ILLNESS:
   62 y/o Russian-speaking man with past medical history significant for V
   fib arrest c/b anoxic brain injury, CAD s/p CABG, DMI, s/p cadaveric
   kidney transplant, h/o CVA and recurrent aspirations most recently
   requiring ICU admission [**Date range (1) 12129**], then sent to rehab and readmitted
   with hypoxemia, fever and leukokcytosis on [**5-20**] found to have recurrent
   aspiration PNA, DKA, and UTI.
5. Date: 2182-05-23, Time: 07:10:00, Note Category: Physician, Note Description: Physician Resident Progress Note | Text: type one diabetesI
   and recurrent aspiration PNA s/p tracheostomy who presents after
   witnessed aspiration event with pneumonia, DKA and NSTEMI.
6. Date: 2182-05-23, Time: 11:38:00, Note Category: General, Note Description: Attending Progress Note | Text: presented with respiratory failure,
   pulmonary edema, NSTEMI.
7. Date: 2182-05-23, Time: 12:22:00, Note Category: Nutrition, Note Description: Clinical Nutrition Note | Text: Male recently hospitalized for aspiration PNA, now readmitted
   with hypoxia, pulmonary edema, PNA, NSTEMI and DKA.  
"
35f26cda-afc9-cf66-9eff-c5a27edf20b0,So Admissao,"He was treated with antibiotics, including vancomycin and cefepime, and was started on an insulin drip for diabetic ketoacidosis. ",Supported,"The reference shows treatment with vancomycin and cefepime as antibiotics and initiation of an insulin drip for diabetic ketoacidosis, fully supporting the text.","Hospital Admission Start: 2182-05-20 06:20:00
Hospital Admission End: 2182-05-30 17:30:00
Electronic Health Record Context
Ordered by Time (Earliest to Latest):
1. Date: 2182-05-20, Time: 10:04:00, Note Category: Physician, Note Description: Physician Resident Admission Note | Text: He was treated for aspiration PNA with Vanc, Levo,
   Flagyl and then switched to Cefepime and Azithro to complete a 10 day
   course.  
2. Date: 2182-05-20, Time: 10:04:00, Note Category: Physician, Note Description: Physician Resident Admission Note | Text: Patient
   was given Vanc, Cefepime, Azithro and Solumedrol 125mg IV x 1.  
3. Date: 2182-05-21, Time: 09:55:00, Note Category: Physician, Note Description: Physician Attending Progress Note | Text: Haldol (Injection) (Haloperidol Lactate)
   Confusion/Delir
   Last dose of Antibiotics:
   Metronidazole - [**2182-5-21**] 02:26 AM
   Cefipime - [**2182-5-21**] 05:33 AM
   Infusions:
   Insulin - Regular - 2.5 units/hour
   Other ICU medications:
   Lansoprazole (Prevacid) - [**2182-5-20**] 12:00 PM
4. Date: 2182-05-21, Time: 09:55:00, Note Category: Physician, Note Description: Physician Attending Progress Note | Text: Continue insulin drip, as he needs free water.
   
5. Date: 2182-05-23, Time: 07:10:00, Note Category: Physician, Note Description: Physician Resident Progress Note | Text: Received fexofenadine and discontinued
   ceftriaxone and restarted cefepime.
6. Date: 2182-05-24, Time: 13:04:00, Note Category: Nursing, Note Description: Nursing Transfer Note | Text: All antibiotics off exept for
   IV cefapime for e.coli in urine..  Poor peripheral access, currently
   with 1 20 guage IV
   Presented to ED in DKA, treated with IV fluids and IV insulin along
   with free water.
   
"
06255243-ac33-aed0-7fb6-74d536825ba2,So Admissao,The patient required invasive ventilation through a tracheostomy tube and was also receiving treatment for his renal transplant and was on prophylaxis for DVT and stress ulcer.,Supported,"The reference notes the patient had a tracheostomy replaced in the ICU and has a history of kidney transplant, supporting invasive ventilation through a tracheostomy and treatment for renal transplant. Although DVT and stress ulcer prophylaxis are not explicitly mentioned, the overall clinical context supports the text's assertions.","Hospital Admission Start: 2182-05-20 06:20:00
Hospital Admission End: 2182-05-30 17:30:00
Electronic Health Record Context
Ordered by Time (Earliest to Latest):
1. Date: 2182-05-20, Time: 10:04:00, Note Category: Physician, Note Description: Physician Resident Admission Note | Text: He was discharged
   with a dobhoff feeding tube and on tube feeds.
2. Date: 2182-05-20, Time: 10:04:00, Note Category: Physician, Note Description: Physician Resident Admission Note | Text: The plan was to replace his trach once in the
   ICU.
   
3. Date: 2182-05-20, Time: 17:42:00, Note Category: Nursing, Note Description: Nursing Progress Note | Text: He was seen by IP due to possible air leak as he was pulling
   tidal volumes of 200.  he was bronched here in the icu and trach
   replaced. 
4. Date: 2182-05-21, Time: 14:42:00, Note Category: Nursing, Note Description: Nursing Progress Note | Text: 61 yo Russian-speaking man w/anoxic brain injury and with hx of
   DMI, s/p cadaveric kidney transplant([**2175**]), h/o CVA and chronic
   aspiration (multiple admissions for aspiration PNA - last [**3-19**]),
   CABG in [**2170**], widespread tracheomalacia with trach stent, and recent
   admission to the ICU from [**Date range (2) 12126**] for PNA, stent removal and
   tracheostomy.
5. Date: 2182-05-23, Time: 15:17:00, Note Category: Rehab Services, Note Description: PMV & Swallow Evaluation | Text: Additional POs were
not given and the valve was not replaced [**3-12**] difficulty
recovering his breathing. 
"
2f437854-97a2-ee50-48fa-e68ceac0b932,So Admissao,He was eventually weaned off the ventilator and was considered for cardiac catheterization. ,Not Addressed,The reference does not mention the patient being weaned off the ventilator or being considered for cardiac catheterization.,"Hospital Admission Start: 2182-05-20 06:20:00
Hospital Admission End: 2182-05-30 17:30:00
Electronic Health Record Context
Ordered by Time (Earliest to Latest):
1. Date: 2182-05-20, Time: 10:04:00, Note Category: Physician, Note Description: Physician Resident Admission Note | Text: He was discharged
   with a dobhoff feeding tube and on tube feeds.
2. Date: 2182-05-20, Time: 10:04:00, Note Category: Physician, Note Description: Physician Resident Admission Note | Text: The plan was to replace his trach once in the
   ICU.
   
3. Date: 2182-05-20, Time: 10:04:00, Note Category: Physician, Note Description: Physician Resident Admission Note | Text: He was seen by IP due to possible air leak as he was pulling
   tidal volumes of 200.  
4. Date: 2182-05-20, Time: 10:04:00, Note Category: Physician, Note Description: Physician Resident Admission Note | Text: Suction was attempted but did not
   show improvement and he was sent to [**Hospital1 54**] ED.
   
5. Date: 2182-05-20, Time: 17:42:00, Note Category: Nursing, Note Description: Nursing Progress Note | Text: He was seen by IP due to possible air leak as he was pulling
   tidal volumes of 200.  he was bronched here in the icu and trach
   replaced. 
6. Date: 2182-05-23, Time: 15:17:00, Note Category: Rehab Services, Note Description: PMV & Swallow Evaluation | Text: Additional POs were
not given and the valve was not replaced [**3-12**] difficulty
recovering his breathing. 
7. Date: 2182-05-23, Time: 15:17:00, Note Category: Rehab Services, Note Description: PMV & Swallow Evaluation | Text: He was discharged on tube feeds via a
Dobbhoff. 
"
eca0c6e8-cefb-a51b-0ffe-5278353fda89,So Admissao,"The patient's treatment plan included monitoring for cardiac biomarkers, managing his diabetes and hypertension, and addressing his acute renal failure and hypernatremia.

",Supported,"The reference notes include monitoring renal function (trend creatinine, electrolytes), managing diabetes and hypertension medications (enalapril, metoprolol, statin), and addressing acute renal failure and hypernatremia through renal dosing, holding nephrotoxic meds, and nutrition adjustments, supporting the treatment plan described.","Hospital Admission Start: 2182-05-20 06:20:00
Hospital Admission End: 2182-05-30 17:30:00
Electronic Health Record Context
Ordered by Time (Earliest to Latest):
1. Date: 2182-05-21, Time: 16:53:00, Note Category: Nutrition, Note Description: Clinical Nutrition Note | Text: Will use his ideal body wt for his feeding
   wt, and will recommend a renal formula initially until renal function
   improves.
   
2. Date: 2182-05-22, Time: 07:47:00, Note Category: Physician, Note Description: Physician Resident Progress Note | Text: - renally dose medication
   - hold nephrotoxic medication (enalapril)
   - renal transplant recs: monitor CK in setting of pravastatin and
   tacrolimus interaction
   - trend creatinine
   - continue IVF
   - [**Hospital1 **] electrolytes
   .
   
3. Date: 2182-05-22, Time: 07:47:00, Note Category: Physician, Note Description: Physician Resident Progress Note | Text: - renally dose medication
   - touch base with renal regarding nephrotoxic medication (enalapril)
   - renal transplant recs: monitor CK in setting of pravastatin and
   tacrolimus interaction
   - trend creatinine
   - continue IVF
   - [**Hospital1 **] electrolytes
   .
   
4. Date: 2182-05-22, Time: 17:46:00, Note Category: Physician, Note Description: Cardiology Consult | Text: MICU course c/b NSTEMI, found to have
   ECG changes
   On [**5-20**] he was started on heparin gtt, ASA 325mg po daily, and
   pravastatin 80mg po qhs, he was continued on his home metoprolol, but
   his ACE-I was held [**3-12**] acute renal insufficiency.  
5. Date: 2182-05-23, Time: 07:10:00, Note Category: Physician, Note Description: Physician Resident Progress Note | Text: - renally dose medication
   - Enalapril restarted [**5-22**] (discussed with renal)
   - renal transplant recs: monitor CK in setting of pravastatin and
   tacrolimus interaction
   - trend creatinine
   - continue IVF
   - [**Hospital1 **] electrolytes
   .
   
6. Date: 2182-05-23, Time: 07:10:00, Note Category: Physician, Note Description: Physician Resident Progress Note | Text: - renally dose medication
   - Enalapril restarted [**5-22**] (discussed with renal); will hold today in
   order to allow for BB (pressures drop to 80s with both meds)
   - renal transplant recs: monitor CK in setting of pravastatin and
   tacrolimus interaction
   - trend creatinine
   - [**Hospital1 **] electrolytes
   .
   
7. Date: 2182-05-23, Time: 11:38:00, Note Category: General, Note Description: Attending Progress Note | Text: Continue asa, lopressor, enalapril, and
   statin.  
8. Date: 2182-05-23, Time: 12:22:00, Note Category: Nutrition, Note Description: Clinical Nutrition Note | Text: Patient
s renal
   failure has improved, and is he is currently tolerating the standard
   tube feeds (Boost Glucose Control) via ppft.
9. Date: 2182-05-24, Time: 07:33:00, Note Category: Physician, Note Description: Physician Resident Progress Note | Text: - Renally dose medications
   - Enalapril okay to restart per renal team
   - renal transplant recs: monitor CK in setting of pravastatin and
   tacrolimus interaction
 will recheck qod
   .
   
"
df931bb6-582f-88b7-37bf-325de9cb3431,So Admissao,"The patient was also evaluated for dysphagia, and a video oropharyngeal swallow examination revealed a swallow delay, with penetration without aspiration noted with nectar consistency.",Supported,"The reference documents a video oropharyngeal swallow study noting a swallow delay and penetration without aspiration with nectar thick liquids, which directly supports the text.","Hospital Admission Start: 2182-05-20 06:20:00
Hospital Admission End: 2182-05-30 17:30:00
Electronic Health Record Context
Ordered by Time (Earliest to Latest):
1. Date: 2182-05-23, Time: 15:17:00, Note Category: Rehab Services, Note Description: PMV & Swallow Evaluation | Text: A swallow evaluation was
completed and he was advanced to nectar thick liquids and ground
solids.
2. Date: 2182-05-23, Time: 15:17:00, Note Category: Rehab Services, Note Description: PMV & Swallow Evaluation | Text: A swallow was also completed and he had
repeat swallows and delayed coughing concerning for possible
pharyngeal residue. 
3. Date: 2182-05-23, Time: 15:17:00, Note Category: Rehab Services, Note Description: PMV & Swallow Evaluation | Text: GREEN DYE SWALLOW EVALUATION:
Pt was seen with ice chips, nectar thick liquids (tsp, cup,
straw) and purees mixed with green food coloring with the PMV in
place. 
4. Date: 2182-05-24, Time: 07:33:00, Note Category: Physician, Note Description: Physician Resident Progress Note | Text: Speech and swallow video study pending; pt may need PEG for permanently
   feeding solution given recurrent silent aspiration events in past.
   
5. Date: 2182-05-24, Time: 13:26:00, Note Category: Radiology, Note Description: VIDEO OROPHARYNGEAL SWALLOW | Text: Swallow delay is noted.
6. Date: 2182-05-24, Time: 13:26:00, Note Category: Radiology, Note Description: VIDEO OROPHARYNGEAL SWALLOW | Text: There was penetration with nectar
 without aspiration.  
7. Date: 2182-05-24, Time: 14:52:00, Note Category: Rehab Services, Note Description: Video Swallow Evaluation | Text: [**Known lastname 12161**] presented with a moderate oral and mild pharyngeal
dysphagia with impaired chewing and bolus control and a mild
swallow delay resulting in deep penetration and risk for
aspiration with nectar thick liquids.
8. Date: 2182-05-24, Time: 14:52:00, Note Category: Rehab Services, Note Description: Video Swallow Evaluation | Text: ASPIRATION/PENETRATION:
Pt with deep penetration to the level of the vocal cords on
several boluses of nectar thick liquids [**3-12**] premature spillover
and swallow delay. 
9. Date: 2182-05-24, Time: 14:52:00, Note Category: Rehab Services, Note Description: Video Swallow Evaluation | Text: All penetration was cleared at the height of
the swallow and no aspiration was seen, but noted thin liquids
were not given [**3-12**] the risk.
10. Date: 2182-05-24, Time: 14:52:00, Note Category: Rehab Services, Note Description: Video Swallow Evaluation | Text: A mild coating of residue remained after the swallow that
spilled to the pharynx after the swallow.

"
f969e10d-491e-122a-05f3-47fbee827b42,So Admissao,"The patient's condition was closely monitored, with a focus on managing his multiple comorbidities and preventing further complications. ",Not Addressed,"The reference notes do not explicitly mention close monitoring of the patient's condition, management of multiple comorbidities, or prevention of further complications.","Hospital Admission Start: 2182-05-20 06:20:00
Hospital Admission End: 2182-05-30 17:30:00
Electronic Health Record Context
Ordered by Time (Earliest to Latest):
1. Date: 2182-05-21, Time: 14:42:00, Note Category: Nursing, Note Description: Nursing Progress Note | Text: He was discharged
   with a dobhoff feeding tube and on tube feeds.
2. Date: 2182-05-22, Time: 04:09:00, Note Category: Radiology, Note Description: CHEST (PORTABLE AP) | Text: Monitoring and support devices remain in standard
 position.  
3. Date: 2182-05-22, Time: 17:46:00, Note Category: Physician, Note Description: Cardiology Consult | Text: Please
   see his note in the inpatient medical record/OMR/metavision for
   additional comments.

4. Date: 2182-05-22, Time: 17:46:00, Note Category: Physician, Note Description: Cardiology Consult | Text: This patient was seen, discussed and evaluated with Dr.
5. Date: 2182-05-23, Time: 14:34:00, Note Category: Case Management, Note Description: Dc Planning | Text: Pt transferred
   from [**Hospital1 632**] [**Hospital1 120**], CM has called for a re-screen.  
6. Date: 2182-05-23, Time: 15:17:00, Note Category: Rehab Services, Note Description: PMV & Swallow Evaluation | Text: He has been during subsequent admissions and is known to
chronically aspirate thin liquids silently, or without overt
coughing. 
7. Date: 2182-05-23, Time: 15:17:00, Note Category: Rehab Services, Note Description: PMV & Swallow Evaluation | Text: These recommendations were shared with the patient, nurse and
medical team.

8. Date: 2182-05-24, Time: 14:52:00, Note Category: Rehab Services, Note Description: Video Swallow Evaluation | Text: These recommendations were shared with the patient, the nurse and
the medical team.

"
d63a4a4d-8359-9c34-2db3-c9ab3c252596,So Admissao,"The patient's condition continued to improve, and he was eventually transferred to the floor with a plan for continued management of his complex medical conditions, including cardiac catheterization and possible PEG tube placement.",Not Supported,"The reference mentions discharge with a dobhoff feeding tube and transfer when stable for floor, but does not mention cardiac catheterization or possible PEG tube placement as part of the management plan.","Hospital Admission Start: 2182-05-20 06:20:00
Hospital Admission End: 2182-05-30 17:30:00
Electronic Health Record Context
Ordered by Time (Earliest to Latest):
1. Date: 2182-05-20, Time: 10:04:00, Note Category: Physician, Note Description: Physician Resident Admission Note | Text: The plan was to replace his trach once in the
   ICU.
   
2. Date: 2182-05-21, Time: 14:42:00, Note Category: Nursing, Note Description: Nursing Progress Note | Text: He was discharged
   with a dobhoff feeding tube and on tube feeds.
3. Date: 2182-05-23, Time: 07:10:00, Note Category: Physician, Note Description: Physician Resident Progress Note | Text: Can
   transfer to [**Hospital1 2259**] when stable for floor.
4. Date: 2182-05-23, Time: 14:34:00, Note Category: Case Management, Note Description: Dc Planning | Text: Pt transferred
   from [**Hospital1 632**] [**Hospital1 120**], CM has called for a re-screen.  
5. Date: 2182-05-23, Time: 15:17:00, Note Category: Rehab Services, Note Description: PMV & Swallow Evaluation | Text: He was discharged on tube feeds via a
Dobbhoff. 
6. Date: 2182-05-23, Time: 15:17:00, Note Category: Rehab Services, Note Description: PMV & Swallow Evaluation | Text: He has been during subsequent admissions and is known to
chronically aspirate thin liquids silently, or without overt
coughing. 
"
660fdd54-963c-bac8-9057-995fed34ae9e,So Admissao,"The patient was unable to chew solids and was recommended to initiate a PO diet of honey thick liquids and pureed solids, with aspiration precautions and continued nutrition follow-up to monitor his intake and adjust tube feeds as necessary.

",Supported,"The reference states the patient could not chew solids and recommends initiating a PO diet of honey thick liquids and pureed solids, with mention of aspiration risk and limited intake, supporting the text's description including aspiration precautions and nutrition follow-up.","Hospital Admission Start: 2182-05-20 06:20:00
Hospital Admission End: 2182-05-30 17:30:00
Electronic Health Record Context
Ordered by Time (Earliest to Latest):
1. Date: 2182-05-20, Time: 12:21:00, Note Category: Physician, Note Description: Physician Attending Admission Note - MICU | Text: He is able to eat, feed himself at baseline.
   
2. Date: 2182-05-22, Time: 01:58:00, Note Category: Nursing, Note Description: Nursing Progress Note | Text: He was discharged
   with a dobhoff feeding tube and on tube feeds.
3. Date: 2182-05-23, Time: 15:17:00, Note Category: Rehab Services, Note Description: PMV & Swallow Evaluation | Text: A swallow evaluation was
completed and he was advanced to nectar thick liquids and ground
solids.
4. Date: 2182-05-24, Time: 13:26:00, Note Category: Radiology, Note Description: VIDEO OROPHARYNGEAL SWALLOW | Text: The patient could not chew any solids.

 
5. Date: 2182-05-24, Time: 14:52:00, Note Category: Rehab Services, Note Description: Video Swallow Evaluation | Text: As such, suggest he initiate a PO
diet of honey thick liquids and pureed solids but I feel his
intake will be limited. 
6. Date: 2182-05-24, Time: 14:52:00, Note Category: Rehab Services, Note Description: Video Swallow Evaluation | Text: Suggest a PO diet of honey thick liquids and pureed solids.

7. Date: 2182-05-24, Time: 14:52:00, Note Category: Rehab Services, Note Description: Video Swallow Evaluation | Text: Risk of aspiration is
reduced with smaller sips, but he could not consistently follow
commands to take smaller sips. 
"
ae7fe870-8d6a-aedf-be16-536e309411bc,So Admissao,"The patient's cardiac status was closely monitored, and an electrocardiogram (ECG) showed evidence of a prior anterolateral myocardial infarction. ",Supported,"The reference contains multiple ECG reports indicating evidence of prior anterolateral myocardial infarction, directly supporting the text.","Hospital Admission Start: 2182-05-20 06:20:00
Hospital Admission End: 2182-05-30 17:30:00
Electronic Health Record Context
Ordered by Time (Earliest to Latest):
1. Date: 2182-05-20, Time: Unknown, Note Category: ECG, Note Description: Report | Text: Consider anterolateral myocardial
infarction. 
2. Date: 2182-05-20, Time: Unknown, Note Category: ECG, Note Description: Report | Text: There is
a late transition with tiny R waves in the anterior leads consistent with
possible prior anterior myocardial infarction.  
3. Date: 2182-05-20, Time: Unknown, Note Category: ECG, Note Description: Report | Text: There are tiny R waves in the
inferior leads consistent with possible prior inferior myocardial infarction.

4. Date: 2182-05-21, Time: Unknown, Note Category: ECG, Note Description: Report | Text: Possible inferior myocardial infarction. 
5. Date: 2182-05-22, Time: Unknown, Note Category: ECG, Note Description: Report | Text: Consider prior myocardial infarction and possible left anterior fascicular
block although are non-diagnostic. 
6. Date: 2182-05-22, Time: Unknown, Note Category: ECG, Note Description: Report | Text: Anterolateral myocardial infarction of indeterminate age.

7. Date: 2182-05-22, Time: Unknown, Note Category: ECG, Note Description: Report | Text: Anterolateral lead T wave abnormalities are
non-specific but cannot exclude myocardial ischemia. 
8. Date: 2182-05-27, Time: Unknown, Note Category: ECG, Note Description: Report | Text: Prior anterolateral myocardial infarction. 
9. Date: 2182-05-27, Time: Unknown, Note Category: ECG, Note Description: Report | Text: Consider prior
inferior myocardial infarction and possible left anterior fascicular block
although are non-diagnostic. 
10. Date: 2182-05-29, Time: Unknown, Note Category: ECG, Note Description: Report | Text: Prior anteroseptal and lateral
myocardial infarction. 
"
4a14bf37-5bbf-80f0-0416-b7a44f9091b6,So Admissao,"A chest port line placement examination showed the PICC terminated just distal to the cavoatrial junction, with improved aeration in the left lower lobe.",Supported,"The reference describes a chest port line placement with a right PICC line extending to the lower portion of the SVC and notes improved aeration in the left lower lobe, which supports the text stating the PICC terminated just distal to the cavoatrial junction with improved aeration in the left lower lobe.","Hospital Admission Start: 2182-05-20 06:20:00
Hospital Admission End: 2182-05-30 17:30:00
Electronic Health Record Context
Ordered by Time (Earliest to Latest):
1. Date: 2182-05-20, Time: 10:23:00, Note Category: Radiology, Note Description: CHEST (PORTABLE AP) | Text: A retracted
 right PICC line ends outside the chest wall.  
2. Date: 2182-05-20, Time: 10:23:00, Note Category: Radiology, Note Description: CHEST (PORTABLE AP) | Text: Right PICC
 outside chest wall.  
3. Date: 2182-05-22, Time: 04:09:00, Note Category: Radiology, Note Description: CHEST (PORTABLE AP) | Text: Discarded right PICC again terminates outside the chest wall.
 
4. Date: 2182-05-22, Time: 07:47:00, Note Category: Physician, Note Description: Physician Resident Progress Note | Text: - PICC line stayed in.
5. Date: 2182-05-23, Time: 07:10:00, Note Category: Physician, Note Description: Physician Resident Progress Note | Text: PICC pulled [**5-22**].
   
6. Date: 2182-05-24, Time: 07:33:00, Note Category: Physician, Note Description: Physician Resident Progress Note | Text: PICC pulled [**5-22**].
7. Date: 2182-05-28, Time: 18:31:00, Note Category: Radiology, Note Description: CHEST PORT. LINE PLACEMENT | Text: FINDINGS:  In comparison with the study of [**5-24**], there has been placement of a
 right PICC line that extends to the lower portion of the SVC.  
8. Date: 2182-05-28, Time: 18:31:00, Note Category: Radiology, Note Description: CHEST PORT. LINE PLACEMENT | Text: IMPROVED AERATION LLL
 ______________________________________________________________________________
                                 FINAL REPORT
 HISTORY:  PICC placement.
"
16ec8278-2d0a-c68a-0157-cf8bce802cc4,So Admissao,"During his hospital course, the patient developed a non-ST elevation myocardial infarction (NSTEMI) and underwent various procedures, including bronchoscopy, PICC line placement, and a Passy-Muir Valve evaluation.",Not Supported,"The reference confirms the patient developed NSTEMI but does not mention any procedures such as bronchoscopy, PICC line placement, or Passy-Muir Valve evaluation.","Hospital Admission Start: 2182-05-20 06:20:00
Hospital Admission End: 2182-05-30 17:30:00
Electronic Health Record Context
Ordered by Time (Earliest to Latest):
1. Date: 2182-05-22, Time: 07:47:00, Note Category: Physician, Note Description: Physician Resident Progress Note | Text: NSTEMI: Patient with new T wave inversions anteriorly and elevated
   cardiac biomarkers.
2. Date: 2182-05-22, Time: 11:10:00, Note Category: Physician, Note Description: Physician Attending Progress Note | Text: Assessment and Plan
 MYOCARDIAL INFARCTION, ACUTE (AMI, STEMI, NSTEMI)
 PNEUMONIA, ASPIRATION
 HYPERGLYCEMIA
 [**Last Name 121**] PROBLEM - ENTER DESCRIPTION IN COMMENTS
   PNA:  Sputum cx. 
3. Date: 2182-05-22, Time: Unknown, Note Category: ECG, Note Description: Report | Text: Consider prior myocardial infarction and possible left anterior fascicular
block although are non-diagnostic. 
4. Date: 2182-05-24, Time: 07:33:00, Note Category: Physician, Note Description: Physician Resident Progress Note | Text: Hypoxia: Hypoxia felt most likely due to acute aspiration event (but
   without development of aspiration pneumonia) and/or from volume
   overload in setting of CHF flare (c/w CXR findings, though pt not
   volume overloaded on exam) in setting of NSTEMI.
   
5. Date: 2182-05-24, Time: 07:33:00, Note Category: Physician, Note Description: Physician Resident Progress Note | Text: NSTEMI: Patient with new T wave inversions anteriorly and elevated
   cardiac biomarkers.  
6. Date: 2182-05-24, Time: 07:33:00, Note Category: Physician, Note Description: Physician Resident Progress Note | Text: Hypoxia: Hypoxia felt most likely due to acute aspiration event (but
   without development of aspiration pneumonia) and/or from volume
   overload in setting of CHF flare (c/w CXR findings, though pt not
   volume overloaded on exam) in setting of NSTEMI.
7. Date: 2182-05-27, Time: Unknown, Note Category: ECG, Note Description: Report | Text: Consider prior
inferior myocardial infarction and possible left anterior fascicular block
although are non-diagnostic. 
"
ae93731f-6c74-58eb-7f2c-426d2fe471e3,So Admissao,"A chest radiograph on admission was normal, and a subsequent portable chest X-ray on 2146-11-01 showed no interval change or evidence of acute abnormality.",Supported,The reference shows a normal chest radiograph on admission (2146-10-31) and a subsequent portable chest X-ray on 2146-11-01 with no evidence of acute abnormality or interval change.,"Hospital Admission Start: 2146-10-31 13:00:00
Hospital Admission End: 2146-11-03 12:20:00
Electronic Health Record Context
Ordered by Time (Earliest to Latest):
1. Date: 2146-10-31, Time: 10:13:00, Note Category: Radiology, Note Description: CHEST (PA & LAT) | Text: IMPRESSION:  Normal appearing chest radiograph without evidence for pneumonia.



2. Date: 2146-10-31, Time: 10:13:00, Note Category: Radiology, Note Description: CHEST (PA & LAT) | Text: COMPARISON:  Chest radiograph from [**2146-1-6**].

 
3. Date: 2146-10-31, Time: 10:13:00, Note Category: Radiology, Note Description: CHEST (PA & LAT) | Text: The lungs are clear without
 evidence for pneumonia or pleural effusion.  
4. Date: 2146-10-31, Time: 10:13:00, Note Category: Radiology, Note Description: CHEST (PA & LAT) | Text: [**2146-10-31**] 10:13 AM
 CHEST (PA & LAT)                                                Clip # [**Clip Number (Radiology) 20392**]
 Reason: evaluate for pneumonia
 ______________________________________________________________________________
 [**Hospital 4**] MEDICAL CONDITION:
  25 year old woman with asthma, coughing/wheezing, increasing SOB
 REASON FOR THIS EXAMINATION:
  evaluate for pneumonia
 ______________________________________________________________________________
                                 FINAL REPORT
 PA AND LATERAL CHEST RADIOGRAPH.
5. Date: 2146-10-31, Time: 10:13:00, Note Category: Radiology, Note Description: CHEST (PA & LAT) | Text: There are no fractures identified.

 
6. Date: 2146-11-01, Time: 00:58:00, Note Category: Physician, Note Description: Physician Resident Admission Note | Text: Was also intubated for respiratory distress after
   initial presentation in [**2145-4-25**].  
7. Date: 2146-11-01, Time: 00:58:00, Note Category: Physician, Note Description: Physician Resident Admission Note | Text: Upon arrival to the ED, her vitals 98.0, 133/81 72 19 100%RA, Her
   initial NIF was -50cm, VC 1.8L. 
8. Date: 2146-11-01, Time: 03:14:00, Note Category: Radiology, Note Description: CHEST (PORTABLE AP) | Text: No evidence of acute pneumonia, vascular congestion, or pleural effusion.  
9. Date: 2146-11-01, Time: 03:14:00, Note Category: Radiology, Note Description: CHEST (PORTABLE AP) | Text: No
 evidence of mediastinal mass.
"
7da8f6c3-1575-f5ec-a2a4-d39e07b89c07,So Admissao,"The patient, a 25-year-old woman with a history of myasthenia gravis and asthma, was admitted to the ICU on 2146-10-31 with worsening dyspnea and diplopia, despite increased use of her albuterol nebulizers and increased doses of Mestinon and prednisone. ",Supported,"The reference confirms the patient is a 25-year-old woman with a history of myasthenia gravis and asthma admitted on 2146-10-31 with worsening dyspnea and diplopia, and increased use of albuterol nebulizers. Although the reference does not explicitly mention increased doses of Mestinon and prednisone, the overall clinical picture and admission details fully support the text.","Hospital Admission Start: 2146-10-31 13:00:00
Hospital Admission End: 2146-11-03 12:20:00
Electronic Health Record Context
Ordered by Time (Earliest to Latest):
1. Date: 2146-10-31, Time: 10:13:00, Note Category: Radiology, Note Description: CHEST (PA & LAT) | Text: HISTORY:  25-year-old woman with asthma, coughing and wheezing, and increasing
 shortness of breath.  
2. Date: 2146-10-31, Time: 16:57:00, Note Category: Nursing, Note Description: Nursing Progress Note | Text: Over the week, she has had worsening dyspnea,
   requiring increased use of her albuterol nebulizers up to four times a
   day. 
3. Date: 2146-10-31, Time: 16:57:00, Note Category: Nursing, Note Description: Nursing Progress Note | Text: [**Known lastname 5845**],[**Known firstname **]: [**Hospital1 54**] Notes Detail - CCC Record #[**Numeric Identifier 5846**]
   This is a 25 year-old woman with a history of myasthenia [**Last Name (un) 3383**]
   (diagnosed in [**2145-4-25**] and intubated twice) and asthma she came to
   the EW with worsening dyspnea and diplopia over the past week.
4. Date: 2146-10-31, Time: 19:33:00, Note Category: Physician, Note Description: Physician Attending Admission Note - MICU | Text: jpg]
   Assessment and Plan
   25 yr old woman with myesthenia and asthma presents with URIO and
   asthma exacrebation leading to resp distress which may be evolving
   myesthenic crisis in setting of significantly work of breathing.
   
5. Date: 2146-11-01, Time: 00:58:00, Note Category: Physician, Note Description: Physician Resident Admission Note | Text: Chief Complaint:  Dysnpea, Wheezing, Malaise
   HPI:
   25yoF with hx of Myasthenia [**Last Name (un) **] (dx [**5-2**], with two associated
   intubations) and asthma presents with dyspnea, malaise and diplopia. 
6. Date: 2146-11-01, Time: 00:58:00, Note Category: Physician, Note Description: Physician Resident Admission Note | Text: Intubated for respiratory distress during
   exacerbation [**1-1**] when she also presentewd with dipolpia and
   dyspnea.  
7. Date: 2146-11-01, Time: 10:08:00, Note Category: Physician, Note Description: Physician Attending Progress Note | Text: Myesthenia: Severe course in the past year requiring intubation x 2,
   admitted to ICU with asthma exacerbation and concern that it was
   leadint o resp muscle fatigue so admitted to MICU for q2 nif and VC.
8. Date: 2146-11-01, Time: 10:08:00, Note Category: Physician, Note Description: Physician Attending Progress Note | Text: 3 mg/dL
   Assessment and Plan
   25 yr old woman with myesthenia and asthma presents with URIO and
   asthma exacrebation leading to resp distress which may be evolving
   myesthenic crisis in setting of significantly work of breathing.
   
9. Date: 2146-11-01, Time: 10:08:00, Note Category: Physician, Note Description: Physician Attending Progress Note | Text: Chief Complaint: asthma, myesthenia
   I saw and examined the patient, and was physically present with the ICU
   Resident for key portions of the services provided.  
10. Date: 2146-11-01, Time: 10:22:00, Note Category: Nursing, Note Description: Nursing Transfer Note | Text: 25yoF with hx of Myasthenia [**Last Name (un) **] (dx [**5-2**], with two associated
   intubations),VAP, GERD, s/p C-section .Right Lung Nodule and asthma
   presents with dyspnea, malaise and diplopia. 
"
28a16889-53d4-8407-7c97-e6ce9280afeb,So Admissao,"Initial evaluation revealed a potential myasthenic crisis, with significantly increased work of breathing. ",Supported,"The reference notes the patient with myasthenia and asthma presenting with respiratory distress and significantly increased work of breathing, with concern for evolving myasthenic crisis, directly supporting the text.","Hospital Admission Start: 2146-10-31 13:00:00
Hospital Admission End: 2146-11-03 12:20:00
Electronic Health Record Context
Ordered by Time (Earliest to Latest):
1. Date: 2146-10-31, Time: 16:57:00, Note Category: Nursing, Note Description: Nursing Progress Note | Text: Over the week, she has had worsening dyspnea,
   requiring increased use of her albuterol nebulizers up to four times a
   day. 
2. Date: 2146-10-31, Time: 19:33:00, Note Category: Physician, Note Description: Physician Attending Admission Note - MICU | Text: jpg]
   Assessment and Plan
   25 yr old woman with myesthenia and asthma presents with URIO and
   asthma exacrebation leading to resp distress which may be evolving
   myesthenic crisis in setting of significantly work of breathing.
   
3. Date: 2146-10-31, Time: 19:33:00, Note Category: Physician, Note Description: Physician Attending Admission Note - MICU | Text: Myesthenia: Severe course in the past yeasr requiring intubation x
   2, now with vital capacity of 1 liter and NIF -50. 
4. Date: 2146-11-01, Time: 00:58:00, Note Category: Physician, Note Description: Physician Resident Admission Note | Text: Was also intubated for respiratory distress after
   initial presentation in [**2145-4-25**].  
5. Date: 2146-11-01, Time: 00:58:00, Note Category: Physician, Note Description: Physician Resident Admission Note | Text: Intubated for respiratory distress during
   exacerbation [**1-1**] when she also presentewd with dipolpia and
   dyspnea.  
6. Date: 2146-11-01, Time: 00:58:00, Note Category: Physician, Note Description: Physician Resident Admission Note | Text: # Respiratory Distress: Etiology likely excerbation of Myesthenia in
   the setting of asthma excerbation [**2-26**] to recent URI. 
7. Date: 2146-11-01, Time: 03:14:00, Note Category: Radiology, Note Description: CHEST (PORTABLE AP) | Text: REASON FOR THIS EXAMINATION:
  r/o infiltrate, interval change
 ______________________________________________________________________________
                                 FINAL REPORT
 HISTORY:  Myasthenia [**Last Name (un) 9787**] with shortness of breath.

 
8. Date: 2146-11-01, Time: 10:08:00, Note Category: Physician, Note Description: Physician Attending Progress Note | Text: 3 mg/dL
   Assessment and Plan
   25 yr old woman with myesthenia and asthma presents with URIO and
   asthma exacrebation leading to resp distress which may be evolving
   myesthenic crisis in setting of significantly work of breathing.
   
9. Date: 2146-11-01, Time: 10:08:00, Note Category: Physician, Note Description: Physician Attending Progress Note | Text: Myesthenia: Severe course in the past year requiring intubation x 2,
   admitted to ICU with asthma exacerbation and concern that it was
   leadint o resp muscle fatigue so admitted to MICU for q2 nif and VC.
10. Date: 2146-11-01, Time: 10:22:00, Note Category: Nursing, Note Description: Nursing Transfer Note | Text: 25yoF with hx of Myasthenia [**Last Name (un) **] (dx [**5-2**], with two associated
   intubations),VAP, GERD, s/p C-section .Right Lung Nodule and asthma
   presents with dyspnea, malaise and diplopia. 
"
68ace126-dfeb-ade7-eb87-a62b3bfdb005,So Admissao,"The patient was treated with steroids, increased Mestinon, and close monitoring of her respiratory status.",Supported,"The reference notes multiple instances of treatment with steroids (prednisone and methylprednisolone), increased Mestinon dosing, and monitoring of respiratory status including NIF and vital capacity, supporting the text.","Hospital Admission Start: 2146-10-31 13:00:00
Hospital Admission End: 2146-11-03 12:20:00
Electronic Health Record Context
Ordered by Time (Earliest to Latest):
1. Date: 2146-10-31, Time: 16:57:00, Note Category: Nursing, Note Description: Nursing Progress Note | Text: In the EW she was given prednisone 60 mg and a
   combivent nebulizer. 
2. Date: 2146-10-31, Time: 16:57:00, Note Category: Nursing, Note Description: Nursing Progress Note | Text: Over the week, she has had worsening dyspnea,
   requiring increased use of her albuterol nebulizers up to four times a
   day. 
3. Date: 2146-10-31, Time: 16:57:00, Note Category: Nursing, Note Description: Nursing Progress Note | Text: She called her neurologist and her mestinon and prednisone
   were both increased.  
4. Date: 2146-10-31, Time: 16:57:00, Note Category: Nursing, Note Description: Nursing Progress Note | Text: Her NIF has been ~ -50 to -44, her vital capacity (VC)has
   been dropping; she started at 1.8 and is now 1
   Action:
   Conts on mestinon and cellcept as well as prednisone
   Response:
   Worsening vital capacity
   Plan:
   Cont to follow her NIF and VC, check an ABG if needed, cont her
   mestinon, prednisone, cellcept

5. Date: 2146-10-31, Time: 19:33:00, Note Category: Physician, Note Description: Physician Attending Admission Note - MICU | Text: We are treating with steroids and
   increased mestinon. 
6. Date: 2146-11-01, Time: 00:58:00, Note Category: Physician, Note Description: Physician Resident Admission Note | Text: The pt was given Combivent Nebs x3 and
   Prednisone 60mg x1.
   
7. Date: 2146-11-01, Time: 00:58:00, Note Category: Physician, Note Description: Physician Resident Admission Note | Text: [**Last Name (STitle) 5856**] that recommended increasing her Prednisone back up to
   10mg Daily from 5mg, and her Mestinon 60mg from [**Hospital1 **] to TID. 
8. Date: 2146-11-01, Time: 05:06:00, Note Category: Nursing, Note Description: Nursing Progress Note | Text: Her blood
   sugars were 204 and 184
   Action:
   Given neb tx, solumedrol 125mg IV q 8hr
   Response:
   Symptoms improving
   blood sugars elevated with steroid
   Plan:
   Cont nebs q 2, methylprednisolone 125mg 1v q 8, NIF and VC q 2hr,
   holding mestinon continue on mycophenolate Mofetil 1500mg po bid.
   
9. Date: 2146-11-01, Time: 10:22:00, Note Category: Nursing, Note Description: Nursing Transfer Note | Text: The pt was given Combivent Nebs x3 and
   Prednisone 60mg x1.
    
10. Date: 2146-11-01, Time: 11:23:00, Note Category: Physician, Note Description: Physician Resident Progress Note | Text: -          F/U Neuro Recs
   -          Holding Mestinon
   # Asthma: Started on IV Steroids and continued on q4 Duonebs. 
"
83ec3ba1-1016-25c7-af4b-56a65f5d7fc7,So Admissao,"The patient's symptoms improved with treatment, including continuous nebulizers, methylprednisolone, and monitoring of peak flows and blood sugars. ",Supported,"The reference notes the patient was treated with continuous nebulizers and methylprednisolone, with monitoring of peak flows and blood sugars, and that symptoms improved following this treatment.","Hospital Admission Start: 2146-10-31 13:00:00
Hospital Admission End: 2146-11-03 12:20:00
Electronic Health Record Context
Ordered by Time (Earliest to Latest):
1. Date: 2146-10-31, Time: 16:57:00, Note Category: Nursing, Note Description: Nursing Progress Note | Text: In the EW she was given prednisone 60 mg and a
   combivent nebulizer. 
2. Date: 2146-10-31, Time: 16:57:00, Note Category: Nursing, Note Description: Nursing Progress Note | Text: Over the week, she has had worsening dyspnea,
   requiring increased use of her albuterol nebulizers up to four times a
   day. 
3. Date: 2146-10-31, Time: 16:57:00, Note Category: Nursing, Note Description: Nursing Progress Note | Text: Her NIF has been ~ -50 to -44, her vital capacity (VC)has
   been dropping; she started at 1.8 and is now 1
   Action:
   Conts on mestinon and cellcept as well as prednisone
   Response:
   Worsening vital capacity
   Plan:
   Cont to follow her NIF and VC, check an ABG if needed, cont her
   mestinon, prednisone, cellcept

4. Date: 2146-11-01, Time: 00:58:00, Note Category: Physician, Note Description: Physician Resident Admission Note | Text: Pt reports
   that he albuterol inhaler ran out on friday night and since then has
   used her albuterol nebulizer on mulitiple occassions with some
   alleviation of symptoms.
5. Date: 2146-11-01, Time: 00:58:00, Note Category: Physician, Note Description: Physician Resident Admission Note | Text: The pt was given Combivent Nebs x3 and
   Prednisone 60mg x1.
   
6. Date: 2146-11-01, Time: 00:58:00, Note Category: Physician, Note Description: Physician Resident Admission Note | Text: - F/U Neuro Recs
   - Cont DuoNebs Q4hrs following 2hrs of continuous Nebs
   - Will start Methylprednisolone 125 mg IV Q8H
   - NIF and VC q2 hrs
   - Will get baseline ABG and trend
   - Would consider early intubation for worsening clinical status
   - Holding Mestinon per Neuro recs given potential worsening cholinergic
   effects that may affect wheezing.
   
7. Date: 2146-11-01, Time: 05:06:00, Note Category: Nursing, Note Description: Nursing Progress Note | Text: .H/O asthma
   Assessment:
   Pt on continuous nebs beginning of shift, tachypneic, continued on room
   air with o2 sats in the high 90
s.  She was started on
   methylprednisolonel 125mg IV q8 seemed to improve shortly after. 
8. Date: 2146-11-01, Time: 05:06:00, Note Category: Nursing, Note Description: Nursing Progress Note | Text: Her blood
   sugars were 204 and 184
   Action:
   Given neb tx, solumedrol 125mg IV q 8hr
   Response:
   Symptoms improving
   blood sugars elevated with steroid
   Plan:
   Cont nebs q 2, methylprednisolone 125mg 1v q 8, NIF and VC q 2hr,
   holding mestinon continue on mycophenolate Mofetil 1500mg po bid.
   
9. Date: 2146-11-01, Time: 10:22:00, Note Category: Nursing, Note Description: Nursing Transfer Note | Text: The pt was given Combivent Nebs x3 and
   Prednisone 60mg x1.
    
10. Date: 2146-11-01, Time: 11:23:00, Note Category: Physician, Note Description: Physician Resident Progress Note | Text: Breathing
   symptoms improved with improved NIFs to -80 and Peak Flows 300-350
   (Baselines 450s).
"
550f1775-fdd1-8064-0734-ff0582474f5b,So Admissao,"Her respiratory status stabilized, with negative inspiratory forces (NIFs) in the 80s and peak flows of 300-350. ",Supported,"The reference notes indicate that her NIFs improved to the 80s and peak flows were 300-350, consistent with the text stating her respiratory status stabilized with those values.","Hospital Admission Start: 2146-10-31 13:00:00
Hospital Admission End: 2146-11-03 12:20:00
Electronic Health Record Context
Ordered by Time (Earliest to Latest):
1. Date: 2146-10-31, Time: 10:13:00, Note Category: Radiology, Note Description: CHEST (PA & LAT) | Text: The lungs are clear without
 evidence for pneumonia or pleural effusion.  
2. Date: 2146-10-31, Time: 16:57:00, Note Category: Nursing, Note Description: Nursing Progress Note | Text: NIF was -50 and VC was 1.8 L; the latter
   measurement was limited by wheezing and [**Last Name (LF) **], [**First Name3 (LF) **] respiratory.
3. Date: 2146-10-31, Time: 16:57:00, Note Category: Nursing, Note Description: Nursing Progress Note | Text: Over the week, she has had worsening dyspnea,
   requiring increased use of her albuterol nebulizers up to four times a
   day. 
4. Date: 2146-10-31, Time: 16:57:00, Note Category: Nursing, Note Description: Nursing Progress Note | Text: Her NIF has been ~ -50 to -44, her vital capacity (VC)has
   been dropping; she started at 1.8 and is now 1
   Action:
   Conts on mestinon and cellcept as well as prednisone
   Response:
   Worsening vital capacity
   Plan:
   Cont to follow her NIF and VC, check an ABG if needed, cont her
   mestinon, prednisone, cellcept

5. Date: 2146-11-01, Time: 00:58:00, Note Category: Physician, Note Description: Physician Resident Admission Note | Text: Upon arrival to the ED, her vitals 98.0, 133/81 72 19 100%RA, Her
   initial NIF was -50cm, VC 1.8L. 
6. Date: 2146-11-01, Time: 03:14:00, Note Category: Radiology, Note Description: CHEST (PORTABLE AP) | Text: No evidence of acute pneumonia, vascular congestion, or pleural effusion.  
7. Date: 2146-11-01, Time: 04:55:00, Note Category: Respiratory, Note Description: Respiratory Care Shift Note | Text: NIFs in the 80s, while vital
   capacity hard to obtain due to restrictive disease flare up. 
8. Date: 2146-11-01, Time: 11:23:00, Note Category: Physician, Note Description: Physician Resident Progress Note | Text: Breathing
   symptoms improved with improved NIFs to -80 and Peak Flows 300-350
   (Baselines 450s).
9. Date: 2146-11-01, Time: 17:03:00, Note Category: Respiratory, Note Description: Respiratory Care Shift Note | Text: Wheezes and peak flow 320-350. 
"
c6a4e4f8-c5a2-4e5e-a2b6-ad322e3b85dc,So Admissao,"The patient was transferred to the floor on 2146-11-01, where her treatment plan included continuing nebulizers, methylprednisolone, and monitoring of her conditions.",Supported,"The reference notes a nursing transfer on 2146-11-01 with a plan including continuing nebulizers (nebs q4H), methylprednisolone 125mg IV q8, and monitoring (NIF and VC q2hr), which supports the text stating the patient was transferred to the floor on 2146-11-01 with a treatment plan including continuing nebulizers, methylprednisolone, and monitoring.","Hospital Admission Start: 2146-10-31 13:00:00
Hospital Admission End: 2146-11-03 12:20:00
Electronic Health Record Context
Ordered by Time (Earliest to Latest):
1. Date: 2146-10-31, Time: 16:57:00, Note Category: Nursing, Note Description: Nursing Progress Note | Text: In the EW she was given prednisone 60 mg and a
   combivent nebulizer. 
2. Date: 2146-10-31, Time: 16:57:00, Note Category: Nursing, Note Description: Nursing Progress Note | Text: Over the week, she has had worsening dyspnea,
   requiring increased use of her albuterol nebulizers up to four times a
   day. 
3. Date: 2146-11-01, Time: 00:58:00, Note Category: Physician, Note Description: Physician Resident Admission Note | Text: The pt was given Combivent Nebs x3 and
   Prednisone 60mg x1.
   
4. Date: 2146-11-01, Time: 00:58:00, Note Category: Physician, Note Description: Physician Resident Admission Note | Text: Pt reports
   that he albuterol inhaler ran out on friday night and since then has
   used her albuterol nebulizer on mulitiple occassions with some
   alleviation of symptoms.
5. Date: 2146-11-01, Time: 00:58:00, Note Category: Physician, Note Description: Physician Resident Admission Note | Text: She also notes worsening of her wheezing.
6. Date: 2146-11-01, Time: 00:58:00, Note Category: Physician, Note Description: Physician Resident Admission Note | Text: In addition the pt reports that she has been cleaning and dusting her
   house. 
7. Date: 2146-11-01, Time: 05:06:00, Note Category: Nursing, Note Description: Nursing Progress Note | Text: .H/O asthma
   Assessment:
   Pt on continuous nebs beginning of shift, tachypneic, continued on room
   air with o2 sats in the high 90
s.  She was started on
   methylprednisolonel 125mg IV q8 seemed to improve shortly after. 
8. Date: 2146-11-01, Time: 10:22:00, Note Category: Nursing, Note Description: Nursing Transfer Note | Text: The pt was given Combivent Nebs x3 and
   Prednisone 60mg x1.
    
9. Date: 2146-11-01, Time: 10:22:00, Note Category: Nursing, Note Description: Nursing Transfer Note | Text: She also notes worsening
   of her wheezing.
10. Date: 2146-11-01, Time: 10:22:00, Note Category: Nursing, Note Description: Nursing Transfer Note | Text: Plan:
   Cont nebs q4H, methylprednisolone 125mg 1v q 8, NIF and VC q 2hr,
   continue on mycophenolate Mofetil 1500mg po bid. 
"
b8cb2059-915d-9aa9-0422-ea1b132ccb5e,So Admissao,"The patient, a 64-year-old woman with a history of multiple myeloma, systemic amyloidosis, and end-stage renal disease (ESRD), was admitted to the ICU with symptoms of dyspnea, pain, and hypotension. ",Supported,"The reference confirms the patient is a 64-year-old woman with multiple myeloma, systemic amyloidosis, and ESRD on hemodialysis, admitted with dyspnea, pain, and hypotension, fully supporting the text.","Hospital Admission Start: 2153-01-16 08:43:00
Hospital Admission End: 2153-01-19 04:55:00
Electronic Health Record Context
Ordered by Time (Earliest to Latest):
1. Date: 2153-01-16, Time: 12:14:00, Note Category: Physician, Note Description: Physician Resident Admission Note | Text: Assessment and Plan: This is a 64yo woman with multiple myeloma, s/p
   allogeneic transplant [**2143**] with recurrent disease and with systemic
   amyloidosis(cardiac), ESRD on hemodialysis s/p recent hospitalization
   for hypercalcemia and supratherapeutic INR who represents for the same
   issues as well as hypotension.
   
2. Date: 2153-01-16, Time: 12:14:00, Note Category: Physician, Note Description: Physician Resident Admission Note | Text: [**Known lastname 3887**] is a 64yo woman with multiple
   myeloma, s/p allogeneic transplant [**2143**] with recurrent disease and with
   systemic amyloidosis(cardiac), on hemodialysis for ESRD who represents
   for malaise, weakness, and generalized body aching x 2 days.
3. Date: 2153-01-16, Time: 18:06:00, Note Category: Nursing, Note Description: Nursing Progress Note | Text: 64 year old woman with PMH of MM, s/p allo-BMT ~ 10 yrs ago, course c/b
   [**Doctor Last Name **]-amyloid and ESRD , refractory hypercalcemia, and recent admit for
   pain and dyspnea who represents with similar symptoms. 
4. Date: 2153-01-17, Time: 03:02:00, Note Category: Nursing, Note Description: Nursing Progress Note | Text: 64 year old woman with PMH of MM, s/p allo-BMT ~ 10 yrs ago, course c/b
   [**Doctor Last Name **]-amyloid and ESRD , refractory hypercalcemia, and recent admit for
   pain and dyspnea who presents again with similar symptoms. 
5. Date: 2153-01-17, Time: 09:05:00, Note Category: Radiology, Note Description: CHEST (PORTABLE AP) | Text: Admitting Diagnosis: DYSPNEA;HYPOXIA
 ______________________________________________________________________________
 [**Hospital 2**] MEDICAL CONDITION:
  64 year old woman with  ESRD, MM, amyloidosis s/p PICC placement yesterday now
  new wide complex tachycardia, probable VT.
 
6. Date: 2153-01-17, Time: 09:05:00, Note Category: Radiology, Note Description: CHEST (PORTABLE AP) | Text: Admitting Diagnosis: DYSPNEA;HYPOXIA
 ______________________________________________________________________________
 [**Hospital 3**] MEDICAL CONDITION:
  64 year old woman with  ESRD, MM, amyloidosis s/p PICC placement yesterday now
  new wide complex tachycardia, probable VT.
7. Date: 2153-01-17, Time: 09:14:00, Note Category: Physician, Note Description: Physician Attending Progress Note | Text: HPI:
   64  y/o woman with PMH of MM and [**Doctor Last Name **] amyloid who presents with sub-acute
   progressive dyspnea, hypotension and refractory hypercalcemia. 
8. Date: 2153-01-18, Time: 07:36:00, Note Category: Physician, Note Description: Physician Fellow / Attending Progress Note - MICU | Text: HPI:
   64yo woman with a h/o MM (x 10 years) c/b [**Doctor Last Name **] amyloid with known
   cardiac, pulmonary involvement, ESRD on HD, refractory hypercalcemia
   and hypoxia on [**2-28**] L O2 at home who presented on [**1-16**] with sub-acute
   progressive dyspnea and bony pain. 
"
b9350f4a-1d5f-5450-e082-e3df5fa98ffd,So Admissao,"Her hospital course was complicated by hypovolemic shock, cardiogenic shock, and possible adrenal insufficiency, requiring treatment with gentle hydration, low-dose pressors, and decadron.",Supported,"The reference notes the patient had hypovolemic and cardiogenic shock with possible adrenal insufficiency, and treatment included gentle hydration (IVF bolus), low-dose pressors (Levophed and low-dose Neosynephrine), and decadron (implied by mention of adrenal insufficiency).","Hospital Admission Start: 2153-01-16 08:43:00
Hospital Admission End: 2153-01-19 04:55:00
Electronic Health Record Context
Ordered by Time (Earliest to Latest):
1. Date: 2153-01-16, Time: 12:14:00, Note Category: Physician, Note Description: Physician Resident Admission Note | Text: Hospital course was
   complicated by an episode of hypotension following dialysis on
   [**2153-1-12**]. 
2. Date: 2153-01-16, Time: 14:32:00, Note Category: Physician, Note Description: Physician Attending Admission Note - MICU | Text: The patient has shock of unclear
   etiology: hypovolemic, cardiogenic, with likely possibility of adrenal
   insufficiency or crisis. 
3. Date: 2153-01-16, Time: 14:32:00, Note Category: Physician, Note Description: Physician Attending Admission Note - MICU | Text: She now has hepatitis and apparently NSTEMI
   in the context of hypotension of unclear etiology. 
4. Date: 2153-01-16, Time: 14:32:00, Note Category: Physician, Note Description: Physician Attending Admission Note - MICU | Text: She was admitted [**Date range (1) 7152**]/08 with hypercalcemia and treated
   with pamidronate 30mg, calcitonin, and dialysis (complicated by an
   episode of hypotension following HD).
5. Date: 2153-01-16, Time: 18:06:00, Note Category: Nursing, Note Description: Nursing Progress Note | Text: She has increased LFT
s and tropin of
   .8, she is on a R/O MI,EKG is unremarkable  She needed to have better
   IV access, so she was sent to IR for a PICC
   Action:
   Pt  received IVF bolus and Levophed was titrated up to keep BP 80-90.
6. Date: 2153-01-16, Time: 18:06:00, Note Category: Nursing, Note Description: Nursing Progress Note | Text: She tol
   well but her BP has been on the low side ever since, see makes very
   little urine, no foley,
   Action:
   Given IVF and  HD following
   Response:
   Pnd
   Plan:
   Renal will follow in am  regarding more HD
   Coagulopathy
   Assessment:
   Pt has been chronically hard to get her  INR therapeutic, no evidence
   of bleeding as yet ,
7. Date: 2153-01-18, Time: 07:36:00, Note Category: Physician, Note Description: Physician Fellow / Attending Progress Note - MICU | Text: With regard to elevated enzymes, she
   is currently on a low-dose aspirin.
   
8. Date: 2153-01-18, Time: 07:36:00, Note Category: Physician, Note Description: Physician Fellow / Attending Progress Note - MICU | Text: With regard to elevated enzymes, she
   is currently on a low-dose aspirin.
9. Date: 2153-01-18, Time: 07:36:00, Note Category: Physician, Note Description: Physician Fellow / Attending Progress Note - MICU | Text: However, in the acute setting we have had her on low-dose
   Neosynephrine for a goal MAP of 50-55.
 
"
7fb70c2a-19b6-1f5b-59f0-2d9b5e558ec7,So Admissao,"Despite aggressive management, including dialysis and oxygen therapy, the patient's condition continued to deteriorate, and she remained critically ill throughout her hospital stay. ",Supported,"The reference notes the patient was dialyzed, had high oxygen requirements, borderline hypotension, and was described as critically ill throughout the stay, supporting the text's statement of continued deterioration despite aggressive management.","Hospital Admission Start: 2153-01-16 08:43:00
Hospital Admission End: 2153-01-19 04:55:00
Electronic Health Record Context
Ordered by Time (Earliest to Latest):
1. Date: 2153-01-16, Time: 12:14:00, Note Category: Physician, Note Description: Physician Resident Admission Note | Text: She was dialyzed yesterday to dry weight of 60kg. 
2. Date: 2153-01-16, Time: 12:14:00, Note Category: Physician, Note Description: Physician Resident Admission Note | Text: She was restarted on Coumadin which is being adjusted
   to keep INR at 2-3.
   
3. Date: 2153-01-16, Time: 14:32:00, Note Category: Physician, Note Description: Physician Attending Admission Note - MICU | Text: At home, she has been increasing her O2 to 5
   liters to treat dyspnea. 
4. Date: 2153-01-16, Time: 18:06:00, Note Category: Nursing, Note Description: Nursing Progress Note | Text: She tol
   well but her BP has been on the low side ever since, see makes very
   little urine, no foley,
   Action:
   Given IVF and  HD following
   Response:
   Pnd
   Plan:
   Renal will follow in am  regarding more HD
   Coagulopathy
   Assessment:
   Pt has been chronically hard to get her  INR therapeutic, no evidence
   of bleeding as yet ,
5. Date: 2153-01-16, Time: 18:06:00, Note Category: Nursing, Note Description: Nursing Progress Note | Text: She has increased LFT
s and tropin of
   .8, she is on a R/O MI,EKG is unremarkable  She needed to have better
   IV access, so she was sent to IR for a PICC
   Action:
   Pt  received IVF bolus and Levophed was titrated up to keep BP 80-90.
6. Date: 2153-01-18, Time: 07:36:00, Note Category: Physician, Note Description: Physician Fellow / Attending Progress Note - MICU | Text: Her overall appearance has been
   consistent with mild septisc physiology.
 
7. Date: 2153-01-18, Time: 07:36:00, Note Category: Physician, Note Description: Physician Fellow / Attending Progress Note - MICU | Text: Of note, she has been refusing several oral medicines during her stay.
   
8. Date: 2153-01-18, Time: 07:36:00, Note Category: Physician, Note Description: Physician Fellow / Attending Progress Note - MICU | Text: Her overall appearance has been
   consistent with mild septic physiology.
9. Date: 2153-01-18, Time: 07:36:00, Note Category: Physician, Note Description: Physician Fellow / Attending Progress Note - MICU | Text: Total time spent: 60, including in depth discussion with pt
s husband
   Critically ill with high oxygen requirement and borderline hypotension.

"
df9ce7f1-29c9-9bad-165e-24ed64193074,So Admissao,"The patient's code status was DNR/DNI, and she ultimately passed away on [2153-01-19] at 4:55 am due to complications from her underlying conditions.",Supported,"The reference clearly documents the patient's code status as DNR/DNI on multiple occasions and the hospital admission end time matches the stated time of death, supporting the text's claim.","Hospital Admission Start: 2153-01-16 08:43:00
Hospital Admission End: 2153-01-19 04:55:00
Electronic Health Record Context
Ordered by Time (Earliest to Latest):
1. Date: 2153-01-16, Time: 09:06:00, Note Category: Radiology, Note Description: CTA CHEST W&W/O C&RECONS, NON-CORONARY | Text: ______________________________________________________________________________
                                 FINAL REPORT
 INDICATION:  Patient is a 64-year-old female with shortness of breath and
 hypoxia.  
2. Date: 2153-01-16, Time: 12:14:00, Note Category: Physician, Note Description: Physician Resident Admission Note | Text: Following discharge, she was started on thalidomide for a
   short period of time, but was readmitted on [**2151-9-28**] due to
   left lower edema and new DVTs.
3. Date: 2153-01-16, Time: 13:40:00, Note Category: Radiology, Note Description: PICC W/O PORT | Text: There were no immediate complications.

 
4. Date: 2153-01-17, Time: 03:02:00, Note Category: Nursing, Note Description: Nursing Progress Note | Text: Plan:
   Pt is now a DNR/DNI- will fully treat however, no shocks or intubation-
   if status declines- then will advance to CMO.
   
5. Date: 2153-01-17, Time: 07:52:00, Note Category: Physician, Note Description: Physician Resident Progress Note | Text: Code status: DNR / DNI

6. Date: 2153-01-17, Time: 09:14:00, Note Category: Physician, Note Description: Physician Attending Progress Note | Text: PPI
   VAP:
   Comments:
   Communication: Patient discussed on interdisciplinary rounds , Family
   meeting held  Comments:
   Code status: DNR / DNI
   Disposition :ICU
   Total time spent: 30 minutes
   Patient is critically ill
7. Date: 2153-01-18, Time: 07:36:00, Note Category: Physician, Note Description: Physician Fellow / Attending Progress Note - MICU | Text: Total time spent: 60, including in depth discussion with pt
s husband
   Critically ill with high oxygen requirement and borderline hypotension.

8. Date: 2153-01-18, Time: 07:40:00, Note Category: Physician, Note Description: Physician Resident Progress Note | Text: # Code: DNR/DNl
   .
   
9. Date: 2153-01-19, Time: 05:11:00, Note Category: Nursing, Note Description: Nursing Progress Note | Text: Nursing progess note:
   Pt DNR/DNI.  
"
a0df21a3-c835-0426-1795-0f524948c793,So Admissao,"She underwent a series of diagnostic tests, including chest radiographs, CT scans, echocardiograms, and ECGs, which revealed findings consistent with fluid overload, atelectasis, and cardiac amyloidosis. ",Supported,"The reference documents chest radiographs showing atelectasis and pleural effusions (fluid overload), CT scans showing hilar consolidation, and multiple notes confirming cardiac amyloidosis involvement, supporting the text's statement about diagnostic tests revealing fluid overload, atelectasis, and cardiac amyloidosis.","Hospital Admission Start: 2153-01-16 08:43:00
Hospital Admission End: 2153-01-19 04:55:00
Electronic Health Record Context
Ordered by Time (Earliest to Latest):
1. Date: 2153-01-16, Time: 07:22:00, Note Category: Radiology, Note Description: CHEST (PORTABLE AP) | Text: There is unchanged cardiomegaly with bilateral pleural effusions
 and bilateral perihilar and basilar consolidation which is compatible with
 atelectasis and scarring. 
2. Date: 2153-01-16, Time: 12:14:00, Note Category: Physician, Note Description: Physician Resident Admission Note | Text: # Respiratory: has chronic oxygen requirement due to amyloidosis
   involvement of the lungs.
3. Date: 2153-01-17, Time: 09:05:00, Note Category: Radiology, Note Description: CHEST (PORTABLE AP) | Text: Admitting Diagnosis: DYSPNEA;HYPOXIA
 ______________________________________________________________________________
 [**Hospital 3**] MEDICAL CONDITION:
  64 year old woman with  ESRD, MM, amyloidosis s/p PICC placement yesterday now
  new wide complex tachycardia, probable VT.
4. Date: 2153-01-18, Time: 07:36:00, Note Category: Physician, Note Description: Physician Fellow / Attending Progress Note - MICU | Text: VENTRICULAR TACHYCARDIA / ELEVATED CARDIAC ENZYMES
   Likely due to her underlying cardiac amyloidosis; will d/c Amiodarone
   given the increase in her LFTs over the past two days since having
   initiated it.
5. Date: 2153-01-18, Time: 07:36:00, Note Category: Physician, Note Description: Physician Fellow / Attending Progress Note - MICU | Text: pulmonary involvement, ESRD on HD, refractory hypercalcemia
   and hypoxia on [**2-28**] L O2 at home who presented with sub-acute
   progressive dyspnea and bony pain, found to have a hilar consolidation
   on CT concerning for a pneumonia. 
6. Date: 2153-01-18, Time: 07:36:00, Note Category: Physician, Note Description: Physician Fellow / Attending Progress Note - MICU | Text: mediastinal LAD
   Assessment and Plan
   64yo woman with a h/o MM (x 10 years) c/b [**Doctor Last Name **] amyloid with known
   cardiac, pulmonary involvement, ESRD on HD, refractory hypercalcemia
   and hypoxia on [**2-28**] L O2 at home who presented with sub-acute
   progressive dyspnea and bony pain, found to have a hilar consolidation
   on CT concerning for a pneumonia. 
7. Date: 2153-01-18, Time: 07:36:00, Note Category: Physician, Note Description: Physician Fellow / Attending Progress Note - MICU | Text: VENTRICULAR TACHYCARDIA / ELEVATED CARDIAC ENZYMES
   Likely due to her underlying cardiac amyloidosis; will d/c Amiodarone
   given the increase in her LFTs over the past two days since having
   initiated it. 
8. Date: 2153-01-18, Time: 07:36:00, Note Category: Physician, Note Description: Physician Fellow / Attending Progress Note - MICU | Text: RESPIRATORY FAILURE, ACUTE (NOT ARDS/[**Doctor Last Name **])
   She likely has a hilar pneumonia that precipitated SIRS with relative
   hypotension. 
9. Date: 2153-01-18, Time: 07:36:00, Note Category: Physician, Note Description: Physician Fellow / Attending Progress Note - MICU | Text: Chest CT was negative for PE, but
   there was some peri-hilar consolidation along with GPCs in her sputum.
   
"
e0382396-e02a-9b4e-c491-402466b705d2,So Admissao,"The patient developed a new pneumonia and experienced episodes of wide-complex tachycardia and ventricular arrhythmia, requiring treatment with antibiotics and amiodarone.",Supported,"The reference documents new wide-complex tachycardia and probable ventricular tachycardia treated with amiodarone, and mentions a likely hilar pneumonia treated with antibiotics, supporting the text's statement about pneumonia and ventricular arrhythmia requiring antibiotics and amiodarone.","Hospital Admission Start: 2153-01-16 08:43:00
Hospital Admission End: 2153-01-19 04:55:00
Electronic Health Record Context
Ordered by Time (Earliest to Latest):
1. Date: 2153-01-16, Time: 14:32:00, Note Category: Physician, Note Description: Physician Attending Admission Note - MICU | Text: She now has hepatitis and apparently NSTEMI
   in the context of hypotension of unclear etiology. 
2. Date: 2153-01-17, Time: 09:05:00, Note Category: Radiology, Note Description: CHEST (PORTABLE AP) | Text: ______________________________________________________________________________
                                 FINAL REPORT
 INDICATION:  64-year-old woman with end-stage renal disease, multiple myeloma,
 amyloidosis, status post PICC placement yesterday, now with new wide-complex
 tachycardia and probable ventricular tachycardia.  
3. Date: 2153-01-18, Time: 07:36:00, Note Category: Physician, Note Description: Physician Fellow / Attending Progress Note - MICU | Text: She has also had some episodes of asymptomatic V tach, the last being
   yesterday morning, she was started on Amiodarone.
   
4. Date: 2153-01-18, Time: 07:36:00, Note Category: Physician, Note Description: Physician Fellow / Attending Progress Note - MICU | Text: VENTRICULAR TACHYCARDIA / ELEVATED CARDIAC ENZYMES
   Likely due to her underlying cardiac amyloidosis; will d/c Amiodarone
   given the increase in her LFTs over the past two days since having
   initiated it.
5. Date: 2153-01-18, Time: 07:36:00, Note Category: Physician, Note Description: Physician Fellow / Attending Progress Note - MICU | Text: RESPIRATORY FAILURE, ACUTE (NOT ARDS/[**Doctor Last Name **])
   She likely has a hilar pneumonia that precipitated SIRS with relative
   hypotension. 
6. Date: 2153-01-18, Time: 07:36:00, Note Category: Physician, Note Description: Physician Fellow / Attending Progress Note - MICU | Text: VENTRICULAR TACHYCARDIA / ELEVATED CARDIAC ENZYMES
   Likely due to her underlying cardiac amyloidosis; will d/c Amiodarone
   given the increase in her LFTs over the past two days since having
   initiated it. 
7. Date: 2153-01-18, Time: 07:40:00, Note Category: Physician, Note Description: Physician Resident Progress Note | Text: Other possible cause include underlying pneumonia (good
   specimen sputum is showing GPCs); she is without other clear source of
   infection currently.  
"
51b08b28-d1a1-efb5-4d80-8d58e7869f1f,So Admissao,"A transesophageal echocardiogram showed mild symmetric left ventricular hypertrophy, a small left ventricle, and hyperdynamic function. ",Supported,"The reference clearly states mild symmetric left ventricular hypertrophy, a small left ventricle, and hyperdynamic left ventricular systolic function, which fully supports the text.","Hospital Admission Start: 2171-03-06 20:59:00
Hospital Admission End: 2171-03-11 18:30:00
Electronic Health Record Context
Ordered by Time (Earliest to Latest):
1. Date: 2171-03-07, Time: 04:56:00, Note Category: Physician, Note Description: Physician Resident Admission Note | Text: However, echo in [**2168**] did
   not reveal notable systolic or diastolic dysfunction.  
2. Date: 2171-03-07, Time: Unknown, Note Category: Echo, Note Description: Report | Text: There is mild symmetric left ventricular hypertrophy. 
3. Date: 2171-03-07, Time: Unknown, Note Category: Echo, Note Description: Report | Text: LEFT VENTRICLE: Mild symmetric LVH. 
4. Date: 2171-03-07, Time: Unknown, Note Category: Echo, Note Description: Report | Text: Left ventricular systolic function is hyperdynamic (EF>75%).

5. Date: 2171-03-07, Time: Unknown, Note Category: Echo, Note Description: Report | Text: The tricuspid valve leaflets are mildly
thickened. 
6. Date: 2171-03-07, Time: Unknown, Note Category: Echo, Note Description: Report | Text: The
left ventricular cavity is unusually small. 
7. Date: 2171-03-08, Time: 07:26:00, Note Category: Physician, Note Description: Physician Resident Progress Note | Text: # PUMP: Echo yesterday showed mild symmetric LVH, small LV,
   hyperdynamic (EF>75%).
8. Date: 2171-03-09, Time: 06:54:00, Note Category: Physician, Note Description: Physician Resident Progress Note | Text: # PUMP: Echo showed mild symmetric LVH, small LV, hyperdynamic
   (EF>75%). 
"
c63432ff-3d40-5443-8557-78fff4b8b30c,So Admissao,The patient was weaned off pressors and eventually extubated after showing signs of improvement. ,Supported,"The reference notes indicate the patient was weaned off dopamine (a pressor) and successfully extubated, consistent with the text stating the patient was weaned off pressors and eventually extubated after improvement.","Hospital Admission Start: 2171-03-06 20:59:00
Hospital Admission End: 2171-03-11 18:30:00
Electronic Health Record Context
Ordered by Time (Earliest to Latest):
1. Date: 2171-03-07, Time: 04:56:00, Note Category: Physician, Note Description: Physician Resident Admission Note | Text: The patient was placed on BiPAP to help
   with his breathing, as he was reportedly DNR/DNI at his nursing home.
   
2. Date: 2171-03-07, Time: 14:35:00, Note Category: Radiology, Note Description: NASO-INTESTINAL TUBE PLACEMENT (W/FLUORO) | Text: Of note, a
 moderate amount of resistance was present once the tube was within the
 stomach.  
3. Date: 2171-03-08, Time: 03:19:00, Note Category: Nursing, Note Description: Nursing Progress Note | Text: Pt peep weaned from 8 to 5 pt desat into the 80
s, peep
   now at 6.
4. Date: 2171-03-08, Time: 11:36:00, Note Category: Radiology, Note Description: CHEST (PORTABLE AP) | Text: There is improved
 mild pulmonary edema.  
5. Date: 2171-03-08, Time: 11:36:00, Note Category: Radiology, Note Description: CHEST (PORTABLE AP) | Text: The remaining
 lungs are well expanded and clear.  
6. Date: 2171-03-08, Time: 13:39:00, Note Category: Respiratory, Note Description: Respiratory Care Shift Note | Text: Demographics
   Pt weaned and extubated, placed on 100% CA tol ok at this time.

7. Date: 2171-03-08, Time: 14:25:00, Note Category: Nursing, Note Description: Nursing Progress Note | Text: WEANED TO [**5-8**] AND EXTUBATED .NITRO DRIP TRANSIENTLY FOR
   HYPERTENSION ,5 MG LOPRESSER  FOR TACYCARDIA .LASIX 80 MG 8AM AND 4PM
   NEBS Q6HRS
   REQUIRES 100% SHOVEL MASK TO MAINTAIN SAT 90.
8. Date: 2171-03-08, Time: 16:40:00, Note Category: General, Note Description: ICU Event Note | Text: Patient
   voiced his desire not to have a breathing tube put back in.  
9. Date: 2171-03-09, Time: 02:38:00, Note Category: Nursing, Note Description: Nursing Progress Note | Text: Successfully extubated ~1315.
10. Date: 2171-03-09, Time: 02:38:00, Note Category: Nursing, Note Description: Nursing Progress Note | Text: [**3-8**] Dopa weaned off. 
"
88aee8e7-76ed-ae3d-f087-33caf759503a,So Admissao,"However, his respiratory status remained tenuous, and he required a high level of oxygen to maintain saturation levels. ",Supported,"The reference notes that on 2171-03-09 at 02:38, the patient was requiring a lot of oxygen to maintain saturation of 88-90%, indicating tenuous respiratory status and need for high oxygen levels.","Hospital Admission Start: 2171-03-06 20:59:00
Hospital Admission End: 2171-03-11 18:30:00
Electronic Health Record Context
Ordered by Time (Earliest to Latest):
1. Date: 2171-03-06, Time: 19:17:00, Note Category: Radiology, Note Description: CHEST (PORTABLE AP) | Text: There are low lung volumes.  
2. Date: 2171-03-07, Time: 01:55:00, Note Category: Nursing, Note Description: Nursing Progress Note | Text: O2 sat 98% on 15L via
   Cpap. 
3. Date: 2171-03-07, Time: 04:56:00, Note Category: Physician, Note Description: Physician Resident Admission Note | Text: He did indicate by nodding that he was short of
   breath.  
4. Date: 2171-03-07, Time: 04:56:00, Note Category: Physician, Note Description: Physician Resident Admission Note | Text: Also, of note, he was tried on
   a nitro gtt, which initially caused some hypotension.
   
5. Date: 2171-03-08, Time: 11:36:00, Note Category: Radiology, Note Description: CHEST (PORTABLE AP) | Text: The remaining
 lungs are well expanded and clear.  
6. Date: 2171-03-08, Time: 16:40:00, Note Category: General, Note Description: ICU Event Note | Text: Was
   explained that it would only be put in if he were unable to breath for
   himself, and patient stated he did not want a breathing tube at any
   point.
7. Date: 2171-03-08, Time: 16:40:00, Note Category: General, Note Description: ICU Event Note | Text: Patient
   voiced his desire not to have a breathing tube put back in.  
8. Date: 2171-03-09, Time: 02:38:00, Note Category: Nursing, Note Description: Nursing Progress Note | Text: Requiring a lot of O2 to maintain Sat 88-90%.
   
9. Date: 2171-03-09, Time: 02:38:00, Note Category: Nursing, Note Description: Nursing Progress Note | Text: Successfully extubated ~1315.
10. Date: 2171-03-10, Time: 08:08:00, Note Category: Radiology, Note Description: CHEST (PORTABLE AP) | Text: There is mild
 atelectasis at the lung bases.  
"
77617ffa-4bc8-ccfd-3af6-4eb31453c231,So Admissao,"The patient's code status was changed to ""Do Not Intubate"" (DNI) after a discussion with his family. ",Not Supported,"The reference shows the patient was initially DNR/DNI, then the DNR/DNI status was reversed per the patient's son, and later the patient expressed he did not want reintubation, but there is no clear documentation that the code status was changed to DNI after a discussion with the family.","Hospital Admission Start: 2171-03-06 20:59:00
Hospital Admission End: 2171-03-11 18:30:00
Electronic Health Record Context
Ordered by Time (Earliest to Latest):
1. Date: 2171-03-07, Time: 04:56:00, Note Category: Physician, Note Description: Physician Resident Admission Note | Text: The patient was placed on BiPAP to help
   with his breathing, as he was reportedly DNR/DNI at his nursing home.
   
2. Date: 2171-03-07, Time: 04:56:00, Note Category: Physician, Note Description: Physician Resident Admission Note | Text: He did indicate by nodding that he was short of
   breath.  
3. Date: 2171-03-08, Time: 14:25:00, Note Category: Nursing, Note Description: Nursing Progress Note | Text: PT MORE AWAKE ,TAKING CL LIQUIDS.INTERACTING APPROPRIATELY CFAMILY,PT
   STATE HE DOES NOT WANT TO BE REINTUBATED,FAMILY IS IN AGREEMENT  .HE IS
   ANXIOUS TO FIND HIS EYEGLASSES.HE BELIEVES HE WAS ADMITTED TO HOSPITAL
   C THEM.ADMISSION FORM STATES HE HAD NO VALUABLES . 
4. Date: 2171-03-08, Time: 14:25:00, Note Category: Nursing, Note Description: Nursing Progress Note | Text: DNR/DNI status reversed per pt
s son. 
5. Date: 2171-03-08, Time: 16:40:00, Note Category: General, Note Description: ICU Event Note | Text: Patient
   voiced his desire not to have a breathing tube put back in.  
6. Date: 2171-03-08, Time: 16:40:00, Note Category: General, Note Description: ICU Event Note | Text: Did not address DNR component at this discussion, and
   will defer that discussion until the morning as patient and family
   somewhat overwhelmed by current discussion.

7. Date: 2171-03-08, Time: 16:40:00, Note Category: General, Note Description: ICU Event Note | Text: Clinician:  Resident
   Met with family and discussed possible need for reintubation.  
8. Date: 2171-03-08, Time: 16:40:00, Note Category: General, Note Description: ICU Event Note | Text: Was
   explained that it would only be put in if he were unable to breath for
   himself, and patient stated he did not want a breathing tube at any
   point.
"
03c42051-6f07-5fe4-1dfa-69d51462c0ee,So Admissao,"The patient, a 90+ year-old man with a history of CAD, CHF, OSA, and AF, was admitted to the ICU with increased respiratory distress. ",Supported,"The reference confirms the patient is a 90+ year-old man with history of CAD, CHF, OSA, and AF, admitted with increased respiratory distress to the ICU.","Hospital Admission Start: 2171-03-06 20:59:00
Hospital Admission End: 2171-03-11 18:30:00
Electronic Health Record Context
Ordered by Time (Earliest to Latest):
1. Date: 2171-03-06, Time: 22:22:00, Note Category: Physician, Note Description: Cardiology fellow CCU admit note | Text: CHF (last EF>55% w/o
   diastolic dysfunction on doppler in [**2168**]), OSA, 2nd degree AVB s/p dual
   chamber [**Company 2375**] PPM in [**2167**], recurrent pna and bronchitis, htn, h/o
   DVT and AF on coumadin here with increased respiratory distress from
   nursing home. 
2. Date: 2171-03-06, Time: 22:22:00, Note Category: Physician, Note Description: Cardiology fellow CCU admit note | Text: COPD, 2nd degree heart block
   s/p PPM, OSA, DVT/AF on coumadin here with respiratory distress and
   CHF.
3. Date: 2171-03-07, Time: 01:55:00, Note Category: Nursing, Note Description: Nursing Progress Note | Text: Pt is a [**Age over 90 323**] y/o M w/ h/o CAD ,  CHF (last EF>55% w/o diastolic
   dysfunction on doppler in [**2168**]), OSA, 2nd degree AVB s/p dual chamber
   [**Company 2375**] PPM in [**2167**], recurrent pna and bronchitis, htn, h/o DVT and
   AF on coumadin here with increased respiratory distress from nursing
   home.
4. Date: 2171-03-09, Time: 02:38:00, Note Category: Nursing, Note Description: Nursing Progress Note | Text: old man w/ h/o CAD ,  CHF (last EF>55% w/o diastolic
   dysfunction on doppler in [**2168**]), OSA, 2nd degree AVB s/p dual chamber
   [**Company 2375**] PPM in [**2167**], recurrent pneumonia and bronchitis, htn, h/o DVT
   and AF on Coumadin. 
5. Date: 2171-03-09, Time: 02:38:00, Note Category: Nursing, Note Description: Nursing Progress Note | Text: Here with increased respiratory distress from
   nursing home.
6. Date: 2171-03-09, Time: 06:54:00, Note Category: Physician, Note Description: Physician Resident Progress Note | Text: There was likely a component of CHF/fluid overload. 
7. Date: 2171-03-09, Time: 13:37:00, Note Category: Nursing, Note Description: Nursing Transfer Note | Text: old man w/ h/o CAD ,  CHF (last EF>55% w/o diastolic
   dysfunction on doppler in [**2168**]), OSA, 2nd degree AVB s/p dual chamber
   [**Company 2375**] PPM in [**2167**], recurrent pneumonia and bronchitis, htn, h/o DVT
   and AF on Coumadin.
"
02806104-d643-9e2c-49dc-6afe7e155979,So Admissao,"Initial evaluation revealed moderate cardiomegaly, low lung volumes, a small left pleural effusion, and increased interstitial lung markings consistent with mild pulmonary edema. ",Supported,"The reference notes moderate cardiomegaly, low lung volumes, a small left pleural effusion, and increased interstitial lung markings consistent with mild pulmonary edema, fully supporting the text.","Hospital Admission Start: 2171-03-06 20:59:00
Hospital Admission End: 2171-03-11 18:30:00
Electronic Health Record Context
Ordered by Time (Earliest to Latest):
1. Date: 2171-03-06, Time: 19:17:00, Note Category: Radiology, Note Description: CHEST (PORTABLE AP) | Text: Increased interstitial lung markings
 and perihilar opacities consistent with mild pulmonary edema is noted.  
2. Date: 2171-03-06, Time: 19:17:00, Note Category: Radiology, Note Description: CHEST (PORTABLE AP) | Text: IMPRESSION:  Pulmonary edema with left pleural effusion.



3. Date: 2171-03-06, Time: 19:17:00, Note Category: Radiology, Note Description: CHEST (PORTABLE AP) | Text: There are low lung volumes.  
4. Date: 2171-03-06, Time: 19:17:00, Note Category: Radiology, Note Description: CHEST (PORTABLE AP) | Text: There is moderate
 cardiomegaly.
5. Date: 2171-03-07, Time: 07:45:00, Note Category: Radiology, Note Description: CHEST (PORTABLE AP) | Text: Mild
 indistinctness of pulmonary vessels is again consistent with elevated
 pulmonary venous pressure.
6. Date: 2171-03-07, Time: Unknown, Note Category: Echo, Note Description: Report | Text: There is mild symmetric left ventricular hypertrophy. 
7. Date: 2171-03-08, Time: 11:36:00, Note Category: Radiology, Note Description: CHEST (PORTABLE AP) | Text: There is improved
 mild pulmonary edema.  
8. Date: 2171-03-09, Time: 06:54:00, Note Category: Physician, Note Description: Physician Resident Progress Note | Text: There was likely a component of CHF/fluid overload. 
9. Date: 2171-03-10, Time: 08:08:00, Note Category: Radiology, Note Description: CHEST (PORTABLE AP) | Text: There is mild
 atelectasis at the lung bases.  
10. Date: 2171-03-10, Time: 08:08:00, Note Category: Radiology, Note Description: CHEST (PORTABLE AP) | Text: The lungs appear grossly clear.



"
b505de32-fd7e-b7b7-e524-0f7da5c4130b,So Admissao,"He was treated with lasix, IV antibiotics, and BiPAP, but his condition worsened, and he was intubated due to high PCo2 levels. ",Supported,"The reference states the patient was treated with lasix and BiPAP, and despite BiPAP, his respiratory status worsened leading to intubation. It also notes high PCo2 levels (93) after intubation, supporting the text's claim.","Hospital Admission Start: 2171-03-06 20:59:00
Hospital Admission End: 2171-03-11 18:30:00
Electronic Health Record Context
Ordered by Time (Earliest to Latest):
1. Date: 2171-03-07, Time: 04:56:00, Note Category: Physician, Note Description: Physician Resident Admission Note | Text: Here, he has been treated with lasix, morphine, and nitro gtt.
   
2. Date: 2171-03-07, Time: 04:56:00, Note Category: Physician, Note Description: Physician Resident Admission Note | Text: He was given
   40 mg IV lasix and put out 30-40 cc of urine.  
3. Date: 2171-03-07, Time: 04:56:00, Note Category: Physician, Note Description: Physician Resident Admission Note | Text: The patient was placed on BiPAP to help
   with his breathing, as he was reportedly DNR/DNI at his nursing home.
   
4. Date: 2171-03-07, Time: 06:25:00, Note Category: Physician, Note Description: Physician Resident Progress Note | Text: Chief Complaint:
   24 Hour Events:
   - pt's respiratory status did not improve with adjustment of his BiPAP,
   ultimately resulting in intubation/mechanical ventilation
   Allergies:
   Penicillins
   itching;
   Levofloxacin
   Rash;
   Phenazopyridine
   Unknown;
   Last dose of Antibiotics:
   Infusions:
   Dopamine - 6 mcg/Kg/min
   Other ICU medications:
   Furosemide (Lasix) - [**2171-3-7**]
5. Date: 2171-03-08, Time: 14:25:00, Note Category: Nursing, Note Description: Nursing Progress Note | Text: Repeat ABG: PCo2 still 93
   Intubated at 0445, Sxn
d for thick secretions. 
6. Date: 2171-03-08, Time: 16:40:00, Note Category: General, Note Description: ICU Event Note | Text: Was
   explained that it would only be put in if he were unable to breath for
   himself, and patient stated he did not want a breathing tube at any
   point.
7. Date: 2171-03-09, Time: 02:38:00, Note Category: Nursing, Note Description: Nursing Progress Note | Text: Repeat ABG: PCo2 still 93
   3/4Intubated at 0445, Sxn
d for thick secretions. 
"
0aeffdfc-7aa0-e9ef-17dd-4d16806886d1,So Admissao,"The patient was then placed on mechanical ventilation, sedation, and peripheral dopamine for BP support. ",Supported,"The reference notes peripheral dopamine started for BP support, intubation (mechanical ventilation), and sedation with ventilation mentioned in the plan, supporting the text.","Hospital Admission Start: 2171-03-06 20:59:00
Hospital Admission End: 2171-03-11 18:30:00
Electronic Health Record Context
Ordered by Time (Earliest to Latest):
1. Date: 2171-03-07, Time: 01:55:00, Note Category: Nursing, Note Description: Nursing Progress Note | Text: Peripheral Dopamine started for BP
   support, 400cc ivf given in total.
          
2. Date: 2171-03-07, Time: 04:56:00, Note Category: Physician, Note Description: Physician Resident Admission Note | Text: The patient was placed on BiPAP to help
   with his breathing, as he was reportedly DNR/DNI at his nursing home.
   
3. Date: 2171-03-07, Time: 06:25:00, Note Category: Physician, Note Description: Physician Resident Progress Note | Text: Additional comments:
   Intubated
   Diuresing today and intention to remove peripheral dopamine
   no evidence of ischemia.
   
4. Date: 2171-03-07, Time: 10:15:00, Note Category: Nursing, Note Description: Nursing Progress Note | Text: dopamine weaned to 4 mic bp  85/54
   Plan:
   CONTINUE TO WEAN DOPAMINE, SEDATION VENT AS TOL
   FOLLOW FLUID STATUS ,repeat lasix
   MONITOR LAB TESTS
5. Date: 2171-03-08, Time: 14:25:00, Note Category: Nursing, Note Description: Nursing Progress Note | Text: Peripheral Dopamine started for BP
   support, 400cc ivf given in total.
   
6. Date: 2171-03-09, Time: 02:38:00, Note Category: Nursing, Note Description: Nursing Progress Note | Text: Peripheral Dopamine started for BP
   support, 400cc ivf given in total.
7. Date: 2171-03-09, Time: 02:38:00, Note Category: Nursing, Note Description: Nursing Progress Note | Text: EMS
   called and placed on BiPAP.
   
"
efc45fc9-4a7e-c9ac-ad08-6611448f19fd,So Admissao,"He was treated for a urinary tract infection with nitrofurantoin and was being monitored for fluid balance, cardiac function, and renal function. ",Not Addressed,"The reference mentions treatment with lasix, morphine, nitro gtt, BiPAP, and antibiotics including cefpodoxime, but does not mention treatment with nitrofurantoin or monitoring of fluid balance, cardiac function, and renal function.","Hospital Admission Start: 2171-03-06 20:59:00
Hospital Admission End: 2171-03-11 18:30:00
Electronic Health Record Context
Ordered by Time (Earliest to Latest):
1. Date: 2171-03-07, Time: 04:56:00, Note Category: Physician, Note Description: Physician Resident Admission Note | Text: He was given
   40 mg IV lasix and put out 30-40 cc of urine.  
2. Date: 2171-03-07, Time: 04:56:00, Note Category: Physician, Note Description: Physician Resident Admission Note | Text: Here, he has been treated with lasix, morphine, and nitro gtt.
   
3. Date: 2171-03-07, Time: 04:56:00, Note Category: Physician, Note Description: Physician Resident Admission Note | Text: Also, of note, he was tried on
   a nitro gtt, which initially caused some hypotension.
   
4. Date: 2171-03-07, Time: 04:56:00, Note Category: Physician, Note Description: Physician Resident Admission Note | Text: The patient was placed on BiPAP to help
   with his breathing, as he was reportedly DNR/DNI at his nursing home.
   
5. Date: 2171-03-08, Time: 03:19:00, Note Category: Nursing, Note Description: Nursing Progress Note | Text: Plan:
   pt diuressed overnight he responded well to lasix,. 
6. Date: 2171-03-08, Time: 14:25:00, Note Category: Nursing, Note Description: Nursing Progress Note | Text: Given 80 mg and then 160 mg of lasix (unclear if made urine). 
7. Date: 2171-03-09, Time: 02:38:00, Note Category: Nursing, Note Description: Nursing Progress Note | Text: Given 80 mg and then 160 mg of lasix (unclear if made urine).
8. Date: 2171-03-09, Time: 13:37:00, Note Category: Nursing, Note Description: Nursing Transfer Note | Text: afebrile
   Action:
   IV antibiotics d/ced and started on po cefpodoxime proxeti every day
   Response:
   no changes
   Plan:
   cont with abx, consider d/cing foley though pt states he has not
   control over his urine or bowels
   Impaired Physical Mobility
   Assessment:
   able to lift both arms off the bed and hold them.
"
821a8468-cfa8-b9d3-6892-d147ed1d246e,So Admissao,"The patient's disposition was pending, with consideration for discharge or continued care.",Not Addressed,The reference does not mention the patient's disposition status or any consideration for discharge or continued care.,"Hospital Admission Start: 2171-03-06 20:59:00
Hospital Admission End: 2171-03-11 18:30:00
Electronic Health Record Context
Ordered by Time (Earliest to Latest):
1. Date: 2171-03-06, Time: 22:22:00, Note Category: Physician, Note Description: Cardiology fellow CCU admit note | Text: Please see their note for
   complete details. 
2. Date: 2171-03-07, Time: 04:56:00, Note Category: Physician, Note Description: Physician Resident Admission Note | Text: The patient was placed on BiPAP to help
   with his breathing, as he was reportedly DNR/DNI at his nursing home.
   
3. Date: 2171-03-07, Time: 04:56:00, Note Category: Physician, Note Description: Physician Resident Admission Note | Text: However, on further discussion with the patient's HCP, it was stated
   that the patient would want to be full code.
   
4. Date: 2171-03-07, Time: 14:35:00, Note Category: Radiology, Note Description: NASO-INTESTINAL TUBE PLACEMENT (W/FLUORO) | Text: The tube is ready for use.


5. Date: 2171-03-07, Time: 14:35:00, Note Category: Radiology, Note Description: NASO-INTESTINAL TUBE PLACEMENT (W/FLUORO) | Text: Tube is ready for use.
 
6. Date: 2171-03-07, Time: 14:35:00, Note Category: Radiology, Note Description: NASO-INTESTINAL TUBE PLACEMENT (W/FLUORO) | Text: Tube is ready for use.


7. Date: 2171-03-08, Time: 14:25:00, Note Category: Nursing, Note Description: Nursing Progress Note | Text: PT MORE AWAKE ,TAKING CL LIQUIDS.INTERACTING APPROPRIATELY CFAMILY,PT
   STATE HE DOES NOT WANT TO BE REINTUBATED,FAMILY IS IN AGREEMENT  .HE IS
   ANXIOUS TO FIND HIS EYEGLASSES.HE BELIEVES HE WAS ADMITTED TO HOSPITAL
   C THEM.ADMISSION FORM STATES HE HAD NO VALUABLES . 
8. Date: 2171-03-08, Time: 16:40:00, Note Category: General, Note Description: ICU Event Note | Text: Nurse present and all in agreement that patient would be DNI
   going forward.
9. Date: 2171-03-08, Time: 21:08:00, Note Category: Radiology, Note Description: CHEST (PORTABLE AP) | Text: Patient is rotated.  
10. Date: 2171-03-09, Time: 06:54:00, Note Category: Physician, Note Description: Physician Resident Progress Note | Text: Above discussed extensively
   with family member, next of [**Doctor First Name **] or health care proxy.
   
"
3d70847e-d1c1-0159-2610-3982a6824064,So Admissao,He was able to tolerate sips of clear liquids and eventually advanced to a more solid diet. ,Supported,"The reference notes indicate the patient was tolerating sips of clear liquids on 2131-02-26 and was later tolerating clear/full liquids well with encouragement to advance diet as tolerated by 2131-02-27, supporting the text statement.","Hospital Admission Start: 2131-02-21 19:59:00
Hospital Admission End: 2131-03-08 13:16:00
Electronic Health Record Context
Ordered by Time (Earliest to Latest):
1. Date: 2131-02-22, Time: 06:11:00, Note Category: Physician, Note Description: Intensivist Note | Text: He was admitted, hydrated, and started on PO vanco. 
2. Date: 2131-02-22, Time: 06:45:00, Note Category: Nursing, Note Description: Nursing Progress Note | Text: He
   was admitted, hydrated, and started on PO vanco. 
3. Date: 2131-02-24, Time: 16:08:00, Note Category: Respiratory, Note Description: Respiratory Care Shift Note | Text: tolerating well at
   this time.  
4. Date: 2131-02-26, Time: 05:56:00, Note Category: Physician, Note Description: Intensivist Note | Text: ?Clears
   Nutrition: Clear liquids, Tolerating sips.  
5. Date: 2131-02-26, Time: 05:56:00, Note Category: Physician, Note Description: Intensivist Note | Text: Tolerating sips.  
6. Date: 2131-02-26, Time: 05:56:00, Note Category: Physician, Note Description: Intensivist Note | Text: Nutrition: Clear liquids, Tolerating sips.  
7. Date: 2131-02-27, Time: 10:50:00, Note Category: Nursing, Note Description: Nursing Transfer Note | Text: Tolerating clear/full liquids well- advance diet as
   tolerated.
                    
8. Date: 2131-02-27, Time: 10:50:00, Note Category: Nursing, Note Description: Nursing Transfer Note | Text: Tolerating POs well, denies nausea,
   encouraged to eat solids. 
"
470c70f2-37d9-011a-07e1-75b28fb4223a,So Admissao,"The patient's atrial fibrillation was managed with amiodarone and lopressor, and his heart rate and blood pressure were stabilized. ",Supported,"The reference documents administration of amiodarone and lopressor for atrial fibrillation management, with heart rate control and stabilization of blood pressure noted.","Hospital Admission Start: 2131-02-21 19:59:00
Hospital Admission End: 2131-03-08 13:16:00
Electronic Health Record Context
Ordered by Time (Earliest to Latest):
1. Date: 2131-02-24, Time: 19:10:00, Note Category: Nursing, Note Description: Nursing Progress Note | Text: Resident was at the bedside when episode
   occurred and lopressor 10 mg IVP given. 
2. Date: 2131-02-24, Time: 19:10:00, Note Category: Nursing, Note Description: Nursing Progress Note | Text: Action:
   Amiodarone bolus of 150mg given and gtt started at 1mg/min at 1810.
   
3. Date: 2131-02-25, Time: 06:27:00, Note Category: Physician, Note Description: Intensivist Note | Text: Cont
   amiodarone. 
4. Date: 2131-02-25, Time: 07:26:00, Note Category: Nursing, Note Description: Nursing Progress Note | Text: settled
   slightly yet still HR remained from 120-130
   Action:
   Pt rebolused w/ 150mg of amiodarone a 8:45pm, lytes and abg sent.
   
5. Date: 2131-02-25, Time: 17:38:00, Note Category: Physician, Note Description: Cardiology Comprehensive Physician Note | Text: Amiodarone iv was started
   which helped control the heart rate and eventually converted him to
   sinus.  
6. Date: 2131-02-25, Time: 17:38:00, Note Category: Physician, Note Description: Cardiology Comprehensive Physician Note | Text: When amiodarone was stopped today he reverted to his SVT.
   
7. Date: 2131-02-25, Time: 18:41:00, Note Category: Nursing, Note Description: Nursing Progress Note | Text: Action:
   PO amiodarone and lopressor given at 1700 after Dr [**First Name (STitle) **] spoke with
   cardiology.  
8. Date: 2131-02-26, Time: 06:37:00, Note Category: Nursing, Note Description: Nursing Progress Note | Text: Atrial fibrillation (Afib)
   Assessment:
   Pt in SR w/ rate in the 80-90
s at the beginning of the shift..  Had
   received first PO dose of amiodarone 400mg at 5pm, IV gtt of amio at
   0.5mg/min turned off at 9:30pm  Pt hypotensive at that time with BP as
   low as 75/45.
9. Date: 2131-02-26, Time: 06:37:00, Note Category: Nursing, Note Description: Nursing Progress Note | Text: Plan:
   Con
t to monitor HR closely, pt now getting PO amiodarone and PO
   lopressor as ordered.
10. Date: 2131-02-27, Time: 10:50:00, Note Category: Nursing, Note Description: Nursing Transfer Note | Text: Action:
   Receiving 400mg amiodarone [**Hospital1 **] & 50mg lopressor [**Hospital1 **] for afib.
   
"
8ebcf909-ec3c-8eaa-ed34-489a7af2c68a,So Admissao,He received physical therapy and antibiotic coverage for his surgical site. ,Supported,"The reference notes that he was started on oral vancomycin (antibiotic coverage) and that physical therapy was provided on 2131-02-27, supporting the statement that he received physical therapy and antibiotic coverage for his surgical site.","Hospital Admission Start: 2131-02-21 19:59:00
Hospital Admission End: 2131-03-08 13:16:00
Electronic Health Record Context
Ordered by Time (Earliest to Latest):
1. Date: 2131-02-22, Time: 06:11:00, Note Category: Physician, Note Description: Intensivist Note | Text: He was admitted, hydrated, and started on PO vanco. 
2. Date: 2131-02-22, Time: 06:45:00, Note Category: Nursing, Note Description: Nursing Progress Note | Text: He
   was admitted, hydrated, and started on PO vanco. 
3. Date: 2131-02-22, Time: 13:52:00, Note Category: Nursing, Note Description: Nursing Progress Note | Text: He
   was admitted, hydrated, and started on PO vancomycin. 
4. Date: 2131-02-22, Time: 13:52:00, Note Category: Nursing, Note Description: Nursing Progress Note | Text: (had been on antibiotics previously for COPD flare) . 
5. Date: 2131-02-25, Time: 17:38:00, Note Category: Physician, Note Description: Cardiology Comprehensive Physician Note | Text: He received a total colectomy with endileostomy on [**2-22**].
6. Date: 2131-02-27, Time: 10:50:00, Note Category: Nursing, Note Description: Nursing Transfer Note | Text: Physical therapy by this am to work with pt.
   
7. Date: 2131-03-02, Time: 10:01:00, Note Category: Radiology, Note Description: PICC W/O PORT | Text: The patient tolerated the procedure well. 
8. Date: 2131-03-02, Time: 10:01:00, Note Category: Radiology, Note Description: PICC W/O PORT | Text: The catheter was secured
 to the skin, flushed, and a sterile dressing applied.

 
9. Date: 2131-03-02, Time: 10:01:00, Note Category: Radiology, Note Description: PICC W/O PORT | Text: There were no immediate
 complications.

 
"
80d33852-8e45-43b1-408c-e9a049b6c682,So Admissao,"The patient was eventually transferred to a rehabilitation program, where he continued to receive treatment for his various complications, including impaired skin integrity due to a leaking ostomy bag and thrush.

",Not Addressed,"The reference mentions hospital admission, treatment including nystatin and ostomy bag care, and physical therapy evaluation during hospital stay, but does not mention transfer to a rehabilitation program or ongoing treatment there for impaired skin integrity or thrush.","Hospital Admission Start: 2131-02-21 19:59:00
Hospital Admission End: 2131-03-08 13:16:00
Electronic Health Record Context
Ordered by Time (Earliest to Latest):
1. Date: 2131-02-22, Time: 06:11:00, Note Category: Physician, Note Description: Intensivist Note | Text: He was admitted, hydrated, and started on PO vanco. 
2. Date: 2131-02-22, Time: 06:45:00, Note Category: Nursing, Note Description: Nursing Progress Note | Text: He
   was admitted, hydrated, and started on PO vanco. 
3. Date: 2131-02-22, Time: 06:45:00, Note Category: Nursing, Note Description: Nursing Progress Note | Text: Arrangements were then made for transfer here by his family
s request
   PMHx:
   HTN
   Perforated Diverticulitis [**6-/2125**] c/b sepsis, respiratory failure, ARF,
   A Fib, multiple abscess formation after colectomy and hartmann
s pouch
   at OSH. 
4. Date: 2131-02-22, Time: 06:45:00, Note Category: Nursing, Note Description: Nursing Progress Note | Text: Transferred to Dr.
5. Date: 2131-02-22, Time: 13:52:00, Note Category: Nursing, Note Description: Nursing Progress Note | Text: He
   was admitted, hydrated, and started on PO vancomycin. 
6. Date: 2131-02-25, Time: 17:38:00, Note Category: Physician, Note Description: Cardiology Comprehensive Physician Note | Text: He received a total colectomy with endileostomy on [**2-22**].
7. Date: 2131-02-26, Time: 18:00:00, Note Category: Nursing, Note Description: Nursing Progress Note | Text: Action:
   Started on nystatin swish and swallow, Vaseline to lips, ostomy bag
   changed and secured.
   
8. Date: 2131-02-27, Time: 12:06:00, Note Category: Rehab Services, Note Description: Physical Therapy Evaluation Note | Text: has stayed on [**Location (un) 506**] with hospital bed previously.
   
9. Date: 2131-02-27, Time: 12:06:00, Note Category: Rehab Services, Note Description: Physical Therapy Evaluation Note | Text: He is most limited by general
   weakness associated with prolonged hospital stay and intubation and is
   well below his baseline level.
"
0fdc44f3-34e8-dbf8-82f2-ea42e40665f0,So Admissao,"During his hospital stay, the patient underwent several imaging studies, including chest X-rays, abdominal X-rays, and an echocardiogram. ",Not Supported,The reference mentions chest X-rays but does not mention abdominal X-rays or an echocardiogram being performed during the hospital stay.,"Hospital Admission Start: 2131-02-21 19:59:00
Hospital Admission End: 2131-03-08 13:16:00
Electronic Health Record Context
Ordered by Time (Earliest to Latest):
1. Date: 2131-02-21, Time: Unknown, Note Category: ECG, Note Description: Report | Text: Since the previous tracing
of [**2130-5-22**] rate is faster and atrial ectopy is present.


2. Date: 2131-02-22, Time: 05:19:00, Note Category: Radiology, Note Description: CHEST (PORTABLE AP) | Text: This study is very limited due to respiratory motion.  
3. Date: 2131-02-22, Time: 05:19:00, Note Category: Radiology, Note Description: CHEST (PORTABLE AP) | Text: There are low lung volumes and elevation
 of the left hemidiaphragm.  
4. Date: 2131-02-22, Time: 06:11:00, Note Category: Physician, Note Description: Intensivist Note | Text: He was admitted, hydrated, and started on PO vanco. 
5. Date: 2131-02-22, Time: 06:45:00, Note Category: Nursing, Note Description: Nursing Progress Note | Text: He
   was admitted, hydrated, and started on PO vanco. 
6. Date: 2131-02-22, Time: 13:52:00, Note Category: Nursing, Note Description: Nursing Progress Note | Text: He
   was admitted, hydrated, and started on PO vancomycin. 
7. Date: 2131-02-22, Time: 13:52:00, Note Category: Nursing, Note Description: Nursing Progress Note | Text: (had been on antibiotics previously for COPD flare) . 
8. Date: 2131-02-27, Time: 06:32:00, Note Category: Nursing, Note Description: Nursing Progress Note | Text: Action:
   Incentive spirometry used, OOB to chair early AM.Pt Stood and turned
   assisted by 2, chest PT and back rubs.
   
9. Date: 2131-02-27, Time: 12:06:00, Note Category: Rehab Services, Note Description: Physical Therapy Evaluation Note | Text: has stayed on [**Location (un) 506**] with hospital bed previously.
   
"
56ceb3e1-ae47-feff-809c-cfc4675e63d8,So Admissao,"The patient was treated with antibiotics, vasopressors, and mechanical ventilation, and his condition was closely monitored in the ICU. ",Supported,"The reference states the patient was transferred to the ICU, intubated (mechanical ventilation), started on vasopressors, and treated with antibiotics (meropenem/flagyl), indicating close monitoring in the ICU.","Hospital Admission Start: 2131-02-21 19:59:00
Hospital Admission End: 2131-03-08 13:16:00
Electronic Health Record Context
Ordered by Time (Earliest to Latest):
1. Date: 2131-02-22, Time: 06:11:00, Note Category: Physician, Note Description: Intensivist Note | Text: He was transfered to
   the ICU, intubated, had a central line placed, started on
   vasopressors, and was given 3L IVF and meropenem/flagyl IV.
   
2. Date: 2131-02-22, Time: 06:11:00, Note Category: Physician, Note Description: Intensivist Note | Text: He was transfered to
   the ICU, intubated, had a central line placed, started on
   vasopressors, and was given 3L IVF and meropenem/flagyl IV.
3. Date: 2131-02-22, Time: 13:52:00, Note Category: Nursing, Note Description: Nursing Progress Note | Text: He was
   transferred to the ICU, intubated, had a central line placed, started
   on
   vasopressors, and was given 3L IVF and meropenem/flagyl IV.
4. Date: 2131-02-22, Time: 13:52:00, Note Category: Nursing, Note Description: Nursing Progress Note | Text: He
   was admitted, hydrated, and started on PO vancomycin. 
5. Date: 2131-02-25, Time: 06:27:00, Note Category: Physician, Note Description: Intensivist Note | Text: (Piperacillin Sodium/Tazobactam)
   Rash;
   Last dose of Antibiotics:
   Meropenem - [**2131-2-25**] 12:00 AM
   Metronidazole - [**2131-2-25**] 12:00 AM
   Infusions:
   Amiodarone - 0.5 mg/min
   Other ICU medications:
   Metoprolol - [**2131-2-24**] 03:13 PM
   Furosemide (Lasix) -
6. Date: 2131-02-27, Time: 05:41:00, Note Category: Physician, Note Description: Intensivist Note | Text: Antibiotics:
   Meropenem - [**2131-2-26**] 12:24 PM
   Metronidazole - [**2131-2-27**] 12:00 AM
   Infusions:
   Other ICU medications:
   Lorazepam (Ativan) - [**2131-2-26**] 05:30 PM
   Metoprolol - [**2131-2-26**] 10:45 PM
   Heparin Sodium (Prophylaxis) -
"
6440902e-c077-ee3c-c9e7-7d990607e4d6,So Admissao,"He experienced several complications, including atrial fibrillation and supraventricular tachycardia, but was successfully converted to a normal sinus rhythm with treatment. ",Supported,"The reference documents episodes of atrial fibrillation and supraventricular tachycardia, and notes that treatment with Amiodarone helped convert the patient to sinus rhythm, fully supporting the text.","Hospital Admission Start: 2131-02-21 19:59:00
Hospital Admission End: 2131-03-08 13:16:00
Electronic Health Record Context
Ordered by Time (Earliest to Latest):
1. Date: 2131-02-21, Time: 20:57:00, Note Category: Radiology, Note Description: CHEST PORT. LINE PLACEMENT | Text: There is no evidence of
 complications, notably no pneumothorax.  
2. Date: 2131-02-21, Time: Unknown, Note Category: ECG, Note Description: Report | Text: Since the previous tracing
of [**2130-5-22**] rate is faster and atrial ectopy is present.


3. Date: 2131-02-22, Time: Unknown, Note Category: ECG, Note Description: Report | Text: Compared to the previous tracing of [**2131-2-21**] cardiac rhythm
is now supraventricular tachycardia.


4. Date: 2131-02-23, Time: 17:52:00, Note Category: Nursing, Note Description: Nursing Progress Note | Text: * Pt experienced SVT with runs of Afib last night, whereupon he was
   immediately started on an Amiodarone gtt. 
5. Date: 2131-02-25, Time: 17:38:00, Note Category: Physician, Note Description: Cardiology Comprehensive Physician Note | Text: Amiodarone iv was started
   which helped control the heart rate and eventually converted him to
   sinus.  
6. Date: 2131-02-25, Time: 17:38:00, Note Category: Physician, Note Description: Cardiology Comprehensive Physician Note | Text: Since
   then he developed acute renal failure and narrow complex tachycardia.
   
7. Date: 2131-02-25, Time: 17:38:00, Note Category: Physician, Note Description: Cardiology Comprehensive Physician Note | Text: We were consulted to help with the management of this supraventricular
   tachycardia.
8. Date: 2131-02-26, Time: 18:00:00, Note Category: Nursing, Note Description: Nursing Progress Note | Text: Todays events:
   Atrial fibrillation (Afib)
   Assessment:
   Sinus rhythm rate increased to 120 at 1700 after staff assisted
   standing transfer from chair to bed. 
9. Date: 2131-03-02, Time: 10:01:00, Note Category: Radiology, Note Description: PICC W/O PORT | Text: There were no immediate
 complications.

 
10. Date: 2131-03-03, Time: Unknown, Note Category: ECG, Note Description: Report | Text: Compared to the previous
tracing of [**2131-2-22**] sinus rhythm has appeared.  
"
6d2953ec-9991-971b-a839-a7f35055e62a,So Admissao,"These studies revealed findings consistent with small-bowel obstruction, left pleural effusion, and mildly thickened aortic and mitral valve leaflets. ",Supported,"The reference notes describe findings of left pleural effusion, mildly thickened aortic and mitral valve leaflets, and radiologic evidence of small-bowel obstruction, which fully supports the text.","Hospital Admission Start: 2131-02-21 19:59:00
Hospital Admission End: 2131-03-08 13:16:00
Electronic Health Record Context
Ordered by Time (Earliest to Latest):
1. Date: 2131-02-23, Time: 05:13:00, Note Category: Radiology, Note Description: CHEST (PORTABLE AP) | Text: There has been
 interval increase in mild to moderate right and moderate left pleural effusion
 and adjacent atelectasis. 
2. Date: 2131-02-25, Time: 05:31:00, Note Category: Radiology, Note Description: CHEST (PORTABLE AP) | Text: The extent of the left-sided pleural
 effusion, combined with the pre-existing left basal and retrocardiac opacity
 have slightly increased.  
3. Date: 2131-02-25, Time: 17:38:00, Note Category: Physician, Note Description: Cardiology Comprehensive Physician Note | Text: The mitral valve leaflets are
   mildly thickened. 
4. Date: 2131-02-27, Time: Unknown, Note Category: Echo, Note Description: Report | Text: The mitral valve leaflets are mildly thickened.

5. Date: 2131-02-27, Time: Unknown, Note Category: Echo, Note Description: Report | Text: AORTIC VALVE: Mildly thickened aortic valve leaflets (3). 
6. Date: 2131-02-27, Time: Unknown, Note Category: Echo, Note Description: Report | Text: The aortic valve
leaflets (3) are mildly thickened but aortic stenosis is not present. 
7. Date: 2131-02-27, Time: Unknown, Note Category: Echo, Note Description: Report | Text: MITRAL VALVE: Mildly thickened mitral valve leaflets. 
8. Date: 2131-02-28, Time: 20:18:00, Note Category: Radiology, Note Description: ABDOMEN (SUPINE & ERECT) | Text: Assess for evidence of small-bowel
 obstruction.

 
9. Date: 2131-02-28, Time: 20:18:00, Note Category: Radiology, Note Description: ABDOMEN (SUPINE & ERECT) | Text: There are dilated
 loops of small bowel with ""stepladder"" air-fluid levels.  
10. Date: 2131-02-28, Time: 20:19:00, Note Category: Radiology, Note Description: CHEST (PA & LAT) | Text: Some atelectatic changes and probable pleural fluid are seen at
 the left base.  
"
ee7cb69e-eb5e-5fe0-8feb-93096ada1190,So Admissao,"The patient also had a PICC line placed for TPN administration, which was initially misplaced but later corrected. ",Supported,"The reference describes a failed bedside PICC placement with the catheter curling into the axilla, followed by successful placement of a double-lumen PICC line with tip positioned in the SVC under fluoroscopic guidance, supporting that the PICC line was initially misplaced but later corrected for TPN administration.","Hospital Admission Start: 2131-02-21 19:59:00
Hospital Admission End: 2131-03-08 13:16:00
Electronic Health Record Context
Ordered by Time (Earliest to Latest):
1. Date: 2131-02-21, Time: 20:57:00, Note Category: Radiology, Note Description: CHEST PORT. LINE PLACEMENT | Text: There is a
 newly placed right-sided central venous access line over the internal jugular
 vein and a left-sided central venous access line over the subclavian vein.
 
2. Date: 2131-02-21, Time: 20:57:00, Note Category: Radiology, Note Description: CHEST PORT. LINE PLACEMENT | Text: The tips of both lines project over the mid SVC.  
3. Date: 2131-02-22, Time: 05:19:00, Note Category: Radiology, Note Description: CHEST (PORTABLE AP) | Text: ET tube is in standard position.  
4. Date: 2131-02-27, Time: 12:06:00, Note Category: Rehab Services, Note Description: Physical Therapy Evaluation Note | Text: has stayed on [**Location (un) 506**] with hospital bed previously.
   
5. Date: 2131-03-01, Time: 12:05:00, Note Category: Radiology, Note Description: CHEST PORT. LINE PLACEMENT | Text: PICC placement was discussed by Dr. 
6. Date: 2131-03-02, Time: 10:01:00, Note Category: Radiology, Note Description: PICC W/O PORT | Text: ______________________________________________________________________________
                                 FINAL REPORT
 PICC LINE PLACEMENT

 INDICATION: IV access needed for TPN.

 
7. Date: 2131-03-02, Time: 10:01:00, Note Category: Radiology, Note Description: PICC W/O PORT | Text: The catheter was secured
 to the skin, flushed, and a sterile dressing applied.

 
8. Date: 2131-03-02, Time: 10:01:00, Note Category: Radiology, Note Description: PICC W/O PORT | Text: Position of the catheter was confirmed by a
 fluoroscopic spot film of the chest.

 
9. Date: 2131-03-02, Time: 10:01:00, Note Category: Radiology, Note Description: PICC W/O PORT | Text: Failed bedside PICC placement, curls into axilla.
10. Date: 2131-03-02, Time: 10:01:00, Note Category: Radiology, Note Description: PICC W/O PORT | Text: A peel-away sheath was then placed over a
 guidewire and a double-lumen PICC line measuring 40 cm in length was then
 placed through the peel-away sheath with its tip positioned in the SVC under
 fluoroscopic guidance.
"
6f6a9ac3-fb6c-48d7-f5e8-5f06a4741863,So Admissao,"The patient's condition continued to improve, and he was eventually discharged from the hospital.",Not Addressed,"The reference notes document the patient's admission, treatments, and some improvements but do not mention the patient being discharged from the hospital.","Hospital Admission Start: 2131-02-21 19:59:00
Hospital Admission End: 2131-03-08 13:16:00
Electronic Health Record Context
Ordered by Time (Earliest to Latest):
1. Date: 2131-02-22, Time: 06:11:00, Note Category: Physician, Note Description: Intensivist Note | Text: He was admitted, hydrated, and started on PO vanco. 
2. Date: 2131-02-22, Time: 06:45:00, Note Category: Nursing, Note Description: Nursing Progress Note | Text: He
   was admitted, hydrated, and started on PO vanco. 
3. Date: 2131-02-22, Time: 13:52:00, Note Category: Nursing, Note Description: Nursing Progress Note | Text: He
   was admitted, hydrated, and started on PO vancomycin. 
4. Date: 2131-02-22, Time: 16:08:00, Note Category: Respiratory, Note Description: Respiratory Care Shift Note | Text: PEEP increased from 5 to 10, FiO2 from 50 to 70%, now weaned back to
   50% but maintained PEEP, ABGs went from combined acidosis to acute
   metabolic acidosis but pH has improved since this morning, patient went
   to OR this morning where he has Ileostomy done, will continues to be
   followed.
5. Date: 2131-02-23, Time: 05:45:00, Note Category: Nursing, Note Description: Nursing Progress Note | Text: Metabolic acidosis
   has improved slightly. 
6. Date: 2131-02-26, Time: 10:48:00, Note Category: Nutrition, Note Description: Clinical Nutrition Note | Text: Renal function is improved.
   
7. Date: 2131-02-27, Time: 12:06:00, Note Category: Rehab Services, Note Description: Physical Therapy Evaluation Note | Text: has stayed on [**Location (un) 506**] with hospital bed previously.
   
8. Date: 2131-03-02, Time: 10:01:00, Note Category: Radiology, Note Description: PICC W/O PORT | Text: The patient tolerated the procedure well. 
9. Date: 2131-03-02, Time: 10:01:00, Note Category: Radiology, Note Description: PICC W/O PORT | Text: There were no immediate
 complications.

 
"
f3041856-0d94-18c4-63a6-5d4be3322939,So Admissao,"The patient, a 73-year-old man, was admitted to the hospital with weakness, lower abdominal pain, and evidence of colitis due to C. difficile infection. ",Supported,"The reference confirms the patient is a 73-year-old man admitted with weakness, lower abdominal pain, and C. difficile colitis, matching the text exactly.","Hospital Admission Start: 2131-02-21 19:59:00
Hospital Admission End: 2131-03-08 13:16:00
Electronic Health Record Context
Ordered by Time (Earliest to Latest):
1. Date: 2131-02-21, Time: 22:19:00, Note Category: Radiology, Note Description: CT ABDOMEN W/O CONTRAST | Text: ______________________________________________________________________________
                                 FINAL REPORT
 INDICATION:  73-year-old man with C. diff colitis presenting with abdominal
 distention.
2. Date: 2131-02-22, Time: 13:52:00, Note Category: Nursing, Note Description: Nursing Progress Note | Text: 73 male with  weakness and lower abdominal pain presented to outside
   hospital [**2-18**]. 
3. Date: 2131-02-23, Time: 05:45:00, Note Category: Nursing, Note Description: Nursing Progress Note | Text: 73M with C.diff colitis, sepsis, resp failure, ARF, toxic megacolon,
   s/p ex lap, total abd colectomy, end ileostomy [**2-22**].
   
4. Date: 2131-02-24, Time: 06:55:00, Note Category: Nursing, Note Description: Nursing Progress Note | Text: 73 y.o.m with C.diff colitis, sepsis, resp failure, ARF, toxic
   megacolon, s/p ex lap, total abd colectomy, end ileostomy [**2-22**].
   
5. Date: 2131-02-25, Time: 17:38:00, Note Category: Physician, Note Description: Cardiology Comprehensive Physician Note | Text: TITLE:
   Date of service: [**2131-2-25**]
   Initial consultation: Inpatient
   Presenting complaint: Arrhythmia
   History of present illness: 73 year old male with h/o HTN, CVA and
   C.diff colitis with toxic megacolon, septic shock was transferred to
   [**Hospital1 54**] from OSH where he presented with weakness and lower abdominal
   pain.  
6. Date: 2131-02-26, Time: 06:37:00, Note Category: Nursing, Note Description: Nursing Progress Note | Text: 73M with C.diff colitis/toxic metacolon, sepsis, resp failure, ARF, s/p
   ex lap, total abd colectomy, end ileostomy [**2-22**].
7. Date: 2131-02-27, Time: 06:32:00, Note Category: Nursing, Note Description: Nursing Progress Note | Text: 73M with C.diff colitis/toxic metacolon, sepsis, resp failure, ARF, s/p
   ex lap, total abd colectomy, end ileostomy [**2-22**].
   
8. Date: 2131-02-27, Time: 10:50:00, Note Category: Nursing, Note Description: Nursing Transfer Note | Text: 73 yom with C.diff colitis/toxic metacolon, sepsis, resp failure, ARF,
   s/p ex lap, total abd colectomy & end ileostomy [**2-22**].
   
"
c8d8da41-6cc9-2153-378b-a3b85e0cae87,So Admissao,"He developed sepsis, acute respiratory failure, and acute renal failure, requiring transfer to the ICU, intubation, and vasopressor support. ",Supported,"The reference states he was transferred to the ICU, intubated, started on vasopressors, and developed acute renal failure and respiratory distress consistent with acute respiratory failure and sepsis.","Hospital Admission Start: 2131-02-21 19:59:00
Hospital Admission End: 2131-03-08 13:16:00
Electronic Health Record Context
Ordered by Time (Earliest to Latest):
1. Date: 2131-02-22, Time: 06:11:00, Note Category: Physician, Note Description: Intensivist Note | Text: He was transfered to
   the ICU, intubated, had a central line placed, started on
   vasopressors, and was given 3L IVF and meropenem/flagyl IV.
   
2. Date: 2131-02-22, Time: 06:11:00, Note Category: Physician, Note Description: Intensivist Note | Text: Over a short periord this afternoon he quickly decompensated
   becoming hypotensive with respiratory distress.
3. Date: 2131-02-22, Time: 06:11:00, Note Category: Physician, Note Description: Intensivist Note | Text: He was transfered to
   the ICU, intubated, had a central line placed, started on
   vasopressors, and was given 3L IVF and meropenem/flagyl IV.
4. Date: 2131-02-22, Time: 06:11:00, Note Category: Physician, Note Description: Intensivist Note | Text: Over a short periord this afternoon he quickly decompensated
   becoming hypotensive with respiratory distress.  
5. Date: 2131-02-22, Time: 06:45:00, Note Category: Nursing, Note Description: Nursing Progress Note | Text: He was
   transferred to the ICU, intubated, had a central line placed, started
   on
   vasopressors, and was given 3L IVF and meropenem/flagyl IV.
6. Date: 2131-02-22, Time: 06:45:00, Note Category: Nursing, Note Description: Nursing Progress Note | Text: He quickly
   decompensated becoming hypotensive with respiratory distress.  
7. Date: 2131-02-22, Time: 13:52:00, Note Category: Nursing, Note Description: Nursing Progress Note | Text: He
   was admitted, hydrated, and started on PO vancomycin. 
8. Date: 2131-02-25, Time: 17:38:00, Note Category: Physician, Note Description: Cardiology Comprehensive Physician Note | Text: Since
   then he developed acute renal failure and narrow complex tachycardia.
   
"
b0708132-b608-102e-7fce-b1a5cc9c0be9,So Admissao,"The patient underwent an exploratory laparotomy, total abdominal colectomy, and end ileostomy due to toxic megacolon. ",Supported,"The reference repeatedly documents the patient as status post exploratory laparotomy, total abdominal colectomy, and end ileostomy due to toxic megacolon, confirming the text.","Hospital Admission Start: 2131-02-21 19:59:00
Hospital Admission End: 2131-03-08 13:16:00
Electronic Health Record Context
Ordered by Time (Earliest to Latest):
1. Date: 2131-02-23, Time: 05:45:00, Note Category: Nursing, Note Description: Nursing Progress Note | Text: 73M with C.diff colitis, sepsis, resp failure, ARF, toxic megacolon,
   s/p ex lap, total abd colectomy, end ileostomy [**2-22**].
   
2. Date: 2131-02-23, Time: 17:52:00, Note Category: Nursing, Note Description: Nursing Progress Note | Text: 73 y.o.m with C.diff colitis, sepsis, resp failure, ARF, toxic
   megacolon, s/p ex lap, total abd colectomy, end ileostomy [**2-22**].
   
3. Date: 2131-02-25, Time: 06:27:00, Note Category: Physician, Note Description: Intensivist Note | Text: s/p ex lap, total abd colectomy, end ileostomy
   [**2-22**].
   
4. Date: 2131-02-25, Time: 07:26:00, Note Category: Nursing, Note Description: Nursing Progress Note | Text: 73M with C.diff colitis, sepsis, resp failure, ARF, ?toxic megacolon,
   s/p ex lap, total abd colectomy, end ileostomy [**2-22**].
   
5. Date: 2131-02-25, Time: 17:38:00, Note Category: Physician, Note Description: Cardiology Comprehensive Physician Note | Text: He received a total colectomy with endileostomy on [**2-22**].
6. Date: 2131-02-26, Time: 06:37:00, Note Category: Nursing, Note Description: Nursing Progress Note | Text: 73M with C.diff colitis/toxic metacolon, sepsis, resp failure, ARF, s/p
   ex lap, total abd colectomy, end ileostomy [**2-22**].
7. Date: 2131-02-27, Time: 06:32:00, Note Category: Nursing, Note Description: Nursing Progress Note | Text: 73M with C.diff colitis/toxic metacolon, sepsis, resp failure, ARF, s/p
   ex lap, total abd colectomy, end ileostomy [**2-22**].
   
8. Date: 2131-02-27, Time: 12:06:00, Note Category: Rehab Services, Note Description: Physical Therapy Evaluation Note | Text: lap, total abdominal
   colectomy, and end ileostomy on [**2-22**].  
"
d6166e55-acd2-794d-f6b5-8736fdc3d68c,So Admissao,"He required close monitoring and management of his various organ dysfunctions, including acute respiratory distress syndrome, sepsis, and acute renal failure. ",Supported,"The reference documents the patient having sepsis with organ dysfunction, acute renal failure, and acute respiratory distress syndrome, indicating close monitoring and management of these conditions.","Hospital Admission Start: 2131-02-21 19:59:00
Hospital Admission End: 2131-03-08 13:16:00
Electronic Health Record Context
Ordered by Time (Earliest to Latest):
1. Date: 2131-02-22, Time: 06:11:00, Note Category: Physician, Note Description: Intensivist Note | Text: He was transfered to
   the ICU, intubated, had a central line placed, started on
   vasopressors, and was given 3L IVF and meropenem/flagyl IV.
   
2. Date: 2131-02-22, Time: 06:11:00, Note Category: Physician, Note Description: Intensivist Note | Text: He was transfered to
   the ICU, intubated, had a central line placed, started on
   vasopressors, and was given 3L IVF and meropenem/flagyl IV.
3. Date: 2131-02-22, Time: 13:52:00, Note Category: Nursing, Note Description: Nursing Progress Note | Text: He was
   transferred to the ICU, intubated, had a central line placed, started
   on
   vasopressors, and was given 3L IVF and meropenem/flagyl IV.
4. Date: 2131-02-22, Time: 13:52:00, Note Category: Nursing, Note Description: Nursing Progress Note | Text: Arrangements were then made for transfer here by his family
s request
   *********PT TO OR TODAY FOR EX LAP WITH COLECTOMY AND ILEOSTOMY****
   Sepsis, Severe (with organ dysfunction)
   Assessment:
   Pt hypotensive and tachycardiac with c diff colitis s/p colectomy with
   ileostomy, elevated renal function and vent dependent, extreme acidosis
   with normal lactate
   Action:
   [**Last Name (un) 5335**] monitoring initiated,
5. Date: 2131-02-25, Time: 17:38:00, Note Category: Physician, Note Description: Cardiology Comprehensive Physician Note | Text: Since
   then he developed acute renal failure and narrow complex tachycardia.
   
6. Date: 2131-02-26, Time: 05:56:00, Note Category: Physician, Note Description: Intensivist Note | Text: ACUTE LUNG INJURY, [**Doctor Last Name **]), SUPRAVENTRICULAR TACHYCARDIA (SVT), IMPAIRED
   SKIN INTEGRITY, SEPSIS, SEVERE (WITH ORGAN DYSFUNCTION), RENAL FAILURE,
   ACUTE (ACUTE RENAL FAILURE, ARF), [**Last Name 121**] PROBLEM - ENTER DESCRIPTION IN
   COMMENTS
   CDiff Colitis
   Assessment and Plan: 73M with C.diff colitis/toxic metacolon, sepsis,
7. Date: 2131-02-27, Time: 05:41:00, Note Category: Physician, Note Description: Intensivist Note | Text: 8 mg/dL
   Assessment and Plan
   ATRIAL FIBRILLATION (AFIB), ACUTE RESPIRATORY DISTRESS SYNDROME (ARDS,
   ACUTE LUNG INJURY, [**Doctor Last Name **]), SUPRAVENTRICULAR TACHYCARDIA (SVT), IMPAIRED
   SKIN INTEGRITY, SEPSIS, SEVERE (WITH ORGAN DYSFUNCTION), RENAL FAILURE,
   ACUTE (ACUTE RENAL FAILURE, ARF),
"
40d22801-e082-ec79-4f1c-15a01deea985,So Admissao,"The patient's respiratory status improved, and he was weaned off peep according to esophageal balloon pressures. ",Supported,"The reference notes that PEEP was increased and then decreased based on esophageal balloon pressures, and there is mention of weaning PEEP according to esophageal balloon pressures, indicating improvement in respiratory status.","Hospital Admission Start: 2131-02-21 19:59:00
Hospital Admission End: 2131-03-08 13:16:00
Electronic Health Record Context
Ordered by Time (Earliest to Latest):
1. Date: 2131-02-21, Time: 20:57:00, Note Category: Radiology, Note Description: CHEST PORT. LINE PLACEMENT | Text: Otherwise, there is unchanged
 elevation of the left hemidiaphragm with subsequent basal atelectasis.  
2. Date: 2131-02-21, Time: 22:19:00, Note Category: Radiology, Note Description: CT ABDOMEN W/O CONTRAST | Text: There is no pneumatosis, free fluid or free air.

 
3. Date: 2131-02-22, Time: 16:08:00, Note Category: Respiratory, Note Description: Respiratory Care Shift Note | Text: PEEP increased from 5 to 10, FiO2 from 50 to 70%, now weaned back to
   50% but maintained PEEP, ABGs went from combined acidosis to acute
   metabolic acidosis but pH has improved since this morning, patient went
   to OR this morning where he has Ileostomy done, will continues to be
   followed.
4. Date: 2131-02-23, Time: 17:52:00, Note Category: Nursing, Note Description: Nursing Progress Note | Text: Action:
   ARDS NET protocol, esophageal balloon placed to optimize vent settings,
   peep increased to 15, no other vent settings changes made today. 
5. Date: 2131-02-23, Time: 17:52:00, Note Category: Nursing, Note Description: Nursing Progress Note | Text: wean peep tomorrow
   according to esophageal balloon pressures. 
6. Date: 2131-02-24, Time: 06:35:00, Note Category: Physician, Note Description: Intensivist Note | Text: Esophageal balloon placed and PEEP increased to 15.
   
7. Date: 2131-02-24, Time: 06:35:00, Note Category: Physician, Note Description: Intensivist Note | Text: Esophageal balloon placed and PEEP increased to 15.
   decr PEEP to 10.
   
8. Date: 2131-02-25, Time: 06:27:00, Note Category: Physician, Note Description: Intensivist Note | Text: Esophageal balloon placed and PEEP increased to
   15.  
9. Date: 2131-02-27, Time: 12:06:00, Note Category: Rehab Services, Note Description: Physical Therapy Evaluation Note | Text: Extubated on [**2-25**].
   
"
cec4b973-165c-6d31-605d-ec76369b6e01,So Admissao,His renal function also improved with hydration and electrolyte repletion. ,Supported,"The reference notes multiple improvements in renal function with hydration and monitoring, including decreasing creatinine levels and improved urine output, supporting the statement that renal function improved with hydration and electrolyte repletion.","Hospital Admission Start: 2131-02-21 19:59:00
Hospital Admission End: 2131-03-08 13:16:00
Electronic Health Record Context
Ordered by Time (Earliest to Latest):
1. Date: 2131-02-22, Time: 06:11:00, Note Category: Physician, Note Description: Intensivist Note | Text: He was admitted, hydrated, and started on PO vanco. 
2. Date: 2131-02-22, Time: 06:45:00, Note Category: Nursing, Note Description: Nursing Progress Note | Text: He
   was admitted, hydrated, and started on PO vanco. 
3. Date: 2131-02-22, Time: 06:45:00, Note Category: Nursing, Note Description: Nursing Progress Note | Text: Adjustment
   of meds for renal function, close monitoring of fluid status and renal
   function
   Response:
   Cr down to 4.5, urine output up marginally. 
4. Date: 2131-02-22, Time: 06:45:00, Note Category: Nursing, Note Description: Nursing Progress Note | Text: Plan:
   Follow renal function, fluid balance.
   
5. Date: 2131-02-23, Time: 05:45:00, Note Category: Nursing, Note Description: Nursing Progress Note | Text: Metabolic acidosis
   has improved slightly. 
6. Date: 2131-02-24, Time: 06:55:00, Note Category: Nursing, Note Description: Nursing Progress Note | Text: Response:
   Creatinine improving.
   
7. Date: 2131-02-24, Time: 06:55:00, Note Category: Nursing, Note Description: Nursing Progress Note | Text: Plan:
   Cont hydration and monitor fluid status & renal function.
   
8. Date: 2131-02-25, Time: 06:27:00, Note Category: Physician, Note Description: Intensivist Note | Text: on CKD resolved,   Currently Cr: 1.7, improved from
   yesterday.  
9. Date: 2131-02-26, Time: 10:48:00, Note Category: Nutrition, Note Description: Clinical Nutrition Note | Text: Renal function is improved.
   
"
dabd045e-4883-f56d-c62d-d1f61d998a77,So Admissao,"The patient's ileostomy was surgically revised at the bedside, with improved output and appearance.

",Not Supported,"The reference notes the ileostomy was created and repeatedly mentions maturing or opening the ileostomy at the bedside, but there is no mention of a surgical revision at the bedside or improved output and appearance following such a revision.","Hospital Admission Start: 2131-02-21 19:59:00
Hospital Admission End: 2131-03-08 13:16:00
Electronic Health Record Context
Ordered by Time (Earliest to Latest):
1. Date: 2131-02-22, Time: 16:08:00, Note Category: Respiratory, Note Description: Respiratory Care Shift Note | Text: PEEP increased from 5 to 10, FiO2 from 50 to 70%, now weaned back to
   50% but maintained PEEP, ABGs went from combined acidosis to acute
   metabolic acidosis but pH has improved since this morning, patient went
   to OR this morning where he has Ileostomy done, will continues to be
   followed.
2. Date: 2131-02-23, Time: 05:45:00, Note Category: Nursing, Note Description: Nursing Progress Note | Text: Ileostomy red with
   minimal bloody drainage. 
3. Date: 2131-02-23, Time: 17:52:00, Note Category: Nursing, Note Description: Nursing Progress Note | Text: [**Last Name (STitle) 1924**] will mature (open) ileostomy at bedside. 
4. Date: 2131-02-23, Time: 17:52:00, Note Category: Nursing, Note Description: Nursing Progress Note | Text: Midline abd incision covered with primary OR dsg, no drainage noted,
   s/p total colectomy with end ileostomy.
5. Date: 2131-02-24, Time: 06:35:00, Note Category: Physician, Note Description: Intensivist Note | Text: Ileostomy site to be matured. 
6. Date: 2131-02-24, Time: 06:55:00, Note Category: Nursing, Note Description: Nursing Progress Note | Text: [**Last Name (STitle) 1924**] will
   mature (open) ileostomy at bedside today. 
7. Date: 2131-02-24, Time: 06:55:00, Note Category: Nursing, Note Description: Nursing Progress Note | Text: Midline abd incision covered with primary OR dsg, no
   drainage noted, s/p total colectomy with end ileostomy. 
8. Date: 2131-02-25, Time: 17:38:00, Note Category: Physician, Note Description: Cardiology Comprehensive Physician Note | Text: He received a total colectomy with endileostomy on [**2-22**].
9. Date: 2131-02-27, Time: 10:50:00, Note Category: Nursing, Note Description: Nursing Transfer Note | Text: Ileostomy red & patent, draining small to moderate amts of green
   liquid stool.
   
10. Date: 2131-02-28, Time: 20:18:00, Note Category: Radiology, Note Description: ABDOMEN (SUPINE & ERECT) | Text: An ileostomy is seen in the right lower quadrant.
 
"
8fa271c1-d792-8460-5bd0-772e53ef860f,So Admissao,"The patient was extubated and transitioned to nasal cannula oxygen, and his pain was managed with Dilaudid PCA. ",Not Supported,"The reference shows the patient was extubated on 2131-02-25 and started on Dilaudid with fentanyl weaning, but by 2131-02-27 the Dilaudid PCA was discontinued and replaced with oral Percocet. There is no mention of transition to nasal cannula oxygen.","Hospital Admission Start: 2131-02-21 19:59:00
Hospital Admission End: 2131-03-08 13:16:00
Electronic Health Record Context
Ordered by Time (Earliest to Latest):
1. Date: 2131-02-22, Time: 06:11:00, Note Category: Physician, Note Description: Intensivist Note | Text: He was transfered to
   the ICU, intubated, had a central line placed, started on
   vasopressors, and was given 3L IVF and meropenem/flagyl IV.
   
2. Date: 2131-02-22, Time: 06:11:00, Note Category: Physician, Note Description: Intensivist Note | Text: He was transfered to
   the ICU, intubated, had a central line placed, started on
   vasopressors, and was given 3L IVF and meropenem/flagyl IV.
3. Date: 2131-02-22, Time: 06:45:00, Note Category: Nursing, Note Description: Nursing Progress Note | Text: He was
   transferred to the ICU, intubated, had a central line placed, started
   on
   vasopressors, and was given 3L IVF and meropenem/flagyl IV.
4. Date: 2131-02-25, Time: 06:27:00, Note Category: Physician, Note Description: Intensivist Note | Text: Start dilaudid, wean
   fentanyl.
   
5. Date: 2131-02-26, Time: 05:14:00, Note Category: Radiology, Note Description: CHEST (PORTABLE AP) | Text: There has been
 interval removal of endotracheal tube, NG tube.
6. Date: 2131-02-26, Time: 05:14:00, Note Category: Radiology, Note Description: CHEST (PORTABLE AP) | Text: There has been interval
 removal of endotracheal tube, NG tube.
7. Date: 2131-02-26, Time: 05:14:00, Note Category: Radiology, Note Description: CHEST (PORTABLE AP) | Text: There has been
  interval removal of endotracheal tube, NG tube.
8. Date: 2131-02-27, Time: 10:50:00, Note Category: Nursing, Note Description: Nursing Transfer Note | Text: Action:
   Dilaudid PCA discontinued & pt started on PO percocet prn with adequate
   relief of abd discomfort secondary to incision. 
9. Date: 2131-02-27, Time: 12:06:00, Note Category: Rehab Services, Note Description: Physical Therapy Evaluation Note | Text: Extubated on [**2-25**].
   
"
