proposition_id,scope,text,verdict,reason,reference
09de3dba-0c11-dd06-509a-2b7edcc0778c,EHR Completo,"The patient's heart failure improved, and he was transferred to the floor for continued management.",Supported,"The reference notes indicate that the patient's heart failure was improving and that a transfer to the floor was planned, directly supporting the text.","Hospital Admission Start: 2127-05-20 11:34:00
Hospital Admission End: 2127-05-23 12:45:00
Electronic Health Record Context
Ordered by Time (Earliest to Latest):
1. Date: 2127-05-20, Time: 15:41:00, Note Category: Physician, Note Description: Physician Resident Admission Note | Text: Cards consult called, plan for admit to CCU for
   likely decompensated heart failure. 
2. Date: 2127-05-20, Time: 15:41:00, Note Category: Physician, Note Description: Physician Resident Admission Note | Text: [**First Name (STitle) **] in heart failure service. 
3. Date: 2127-05-20, Time: 15:41:00, Note Category: Physician, Note Description: Physician Resident Admission Note | Text: PUMP: Patient with known hypertensive cardiomyopathy followed by Dr.
   
4. Date: 2127-05-20, Time: Unknown, Note Category: Echo, Note Description: Report | Text: PATIENT/TEST INFORMATION:
Indication: Congestive heart failure. 
5. Date: 2127-05-21, Time: 15:41:00, Note Category: Physician, Note Description: Physician Resident Admission Note | Text: Cards consult
   called, plan for admit to CCU for likely decompensated heart failure.
   
6. Date: 2127-05-21, Time: 15:41:00, Note Category: Physician, Note Description: Physician Resident Admission Note | Text: Respiratory failure: Intubated in ED for tachypnea, hypoxia. 
7. Date: 2127-05-21, Time: 12:17:00, Note Category: Physician, Note Description: Cardiology Teaching Physician Note | Text: I would add the following remarks:
   Medical Decision Making
   Heart failure improving.  
8. Date: 2127-05-21, Time: 12:17:00, Note Category: Physician, Note Description: Cardiology Teaching Physician Note | Text: Transfer to floor.

9. Date: 2127-05-21, Time: 12:17:00, Note Category: Physician, Note Description: Cardiology Teaching Physician Note | Text: TITLE:
   Cardiology Teaching Physician Note
   On this day I saw, examined and was physically present with the
   resident / fellow for the key portions of the services provided. 
"
70ce4073-6067-eaa6-42d2-1b37067d78e1,EHR Completo,"He was educated on fluid and sodium restriction, and a diet consultation was recommended to manage his condition.",Supported,The reference notes multiple instances of education on fluid and sodium restriction and explicitly mentions a diet consultation was ordered.,"Hospital Admission Start: 2127-05-20 11:34:00
Hospital Admission End: 2127-05-23 12:45:00
Electronic Health Record Context
Ordered by Time (Earliest to Latest):
1. Date: 2127-05-20, Time: 16:33:00, Note Category: General, Note Description: Generic Note | Text: Per wife, patient has been eating corn beef and has been noncompliant
   with fluid restriction.
2. Date: 2127-05-21, Time: 01:43:00, Note Category: Nursing, Note Description: Nursing Progress Note | Text: Action:
   Explained reasoning for fluid restriction and sodium restriction.
   
3. Date: 2127-05-21, Time: 01:43:00, Note Category: Nursing, Note Description: Nursing Progress Note | Text: Response:
   Cont to request water after explanation
   Plan:
   Needs reinforcement of fluid restriction/lasix therapy.  
4. Date: 2127-05-21, Time: 07:16:00, Note Category: Physician, Note Description: Physician Resident Progress Note | Text: [**First Name (STitle) **]
   -          Fluid restriction; low-salt diet
   #.
5. Date: 2127-05-21, Time: 07:16:00, Note Category: Physician, Note Description: Physician Resident Progress Note | Text: FEN: Low-salt diet; fluid restriction
   ACCESS: 2 PIV's
   PROPHYLAXIS:
   -DVT ppx: INR supratherapeutic
   -Pain management with
   -Bowel regimen with colace,
6. Date: 2127-05-21, Time: 12:46:00, Note Category: Nursing, Note Description: Nursing Transfer Note | Text: Also stating that he probably
   had too much sodium in already prepared potatoe salad and coleslaw.
   
7. Date: 2127-05-21, Time: 12:46:00, Note Category: Nursing, Note Description: Nursing Transfer Note | Text: Diet consult
   Demographics
   Attending MD:
   [**Doctor Last Name **] [**Doctor First Name 5594**] S.
   Admit diagnosis:
   CONGESTIVE HEART FAILURE
   Code status:
   Full code
   Height:
   Admission weight:
   110 kg
   Daily weight:
   110.4 kg
   Allergies/Reactions:
   Hydrochlorothiazide
   Unknown;
8. Date: 2127-05-21, Time: 12:46:00, Note Category: Nursing, Note Description: Nursing Transfer Note | Text: Response:
   Cont to request water after explanation
   Plan:
   Needs reinforcement of fluid restriction/lasix therapy.   
"
4b4e8250-626b-1027-65d2-297bd69856b1,EHR Completo,"The patient was admitted with symptoms of decompensated heart failure, including shortness of breath, nausea, vomiting, and fatigue. ",Supported,"The reference notes the patient was admitted with decompensated heart failure and symptoms including shortness of breath, nausea, vomiting, and fatigue, which fully supports the text.","Hospital Admission Start: 2127-05-20 11:34:00
Hospital Admission End: 2127-05-23 12:45:00
Electronic Health Record Context
Ordered by Time (Earliest to Latest):
1. Date: 2127-05-20, Time: 15:41:00, Note Category: Physician, Note Description: Physician Resident Admission Note | Text: Patient had recent admission to [**Hospital1 **] [**Location (un) 1415**] [**Date range (1) 9109**]/09 for fatigue, body
   aches, and dyspnea. 
2. Date: 2127-05-20, Time: 15:41:00, Note Category: Physician, Note Description: Physician Resident Admission Note | Text: Chief Complaint:
   Dyspnea/Respiratory distress
   HPI:
   63M with CAD s/p CABG, severe cardiomyopathy (EF 20%), s/p BiV/ICD,
   DM2, HTN, OSA, recently started on coumadin for L apical thrombus
   during recent hospitalization at [**Location (un) 1415**] ([**Date range (1) 9109**]/09), sent in from
   vascular clinic to ED with increased SOB, N/V, and fatigue,
3. Date: 2127-05-20, Time: Unknown, Note Category: Echo, Note Description: Report | Text: PATIENT/TEST INFORMATION:
Indication: Congestive heart failure. 
4. Date: 2127-05-21, Time: 15:41:00, Note Category: Physician, Note Description: Physician Resident Admission Note | Text: Exam,
   CXR, elevated BNP of >1000, and recent history of diet noncompliance
   points to decompensated heart failure as most likely etiology. 
5. Date: 2127-05-21, Time: 15:41:00, Note Category: Physician, Note Description: Physician Resident Admission Note | Text: Respiratory failure: Intubated in ED for tachypnea, hypoxia. 
6. Date: 2127-05-21, Time: 01:43:00, Note Category: Nursing, Note Description: Nursing Progress Note | Text: Heart failure (CHF), Systolic, Acute on Chronic
   Assessment:
   Hr 60
s av paced with rare pvc, K+ 3.8 , bp 90-110
s, lungs with
   diminished aeration in r base and at times course on expiration, O2 at
   2lnp with sats in the upper 90
s.  Urine turning pink early in night.
   
7. Date: 2127-05-21, Time: 07:16:00, Note Category: Physician, Note Description: Physician Resident Progress Note | Text: Chief Complaint: Decompensated heart failure
   24 Hour Events:
   Extubated
   Weaned off of nitro gtt
   Lasix 100mg IV x2
   Allergies:
   Hydrochlorothiazide
   Unknown;
   Demerol (Oral) (Meperidine Hcl)
   violent reactio
   Ambien (Oral) (Zolpidem Tartrate)
   violente reacti
   Strawberry
   Hives;
   Wheat Bran
   gout;
   Hydrochlorothiazide
   Unknown;
8. Date: 2127-05-21, Time: 07:16:00, Note Category: Physician, Note Description: Physician Resident Progress Note | Text: Decompensated heart failure:  Known systolic dysfunction, with
   decompensation likely related to dietary indiscretion. 
"
9a502f59-2a91-0d5a-e344-996a62799d34,EHR Completo,He was intubated in the emergency department due to low oxygen saturation and transferred to the cardiac care unit (CCU) for further management. ,Supported,"The reference states the patient was intubated in the ED due to low oxygen saturation (O2 sats in ED 80s) and tachypnea, and was admitted to the CCU for further management, supporting the text.","Hospital Admission Start: 2127-05-20 11:34:00
Hospital Admission End: 2127-05-23 12:45:00
Electronic Health Record Context
Ordered by Time (Earliest to Latest):
1. Date: 2127-05-20, Time: 15:41:00, Note Category: Physician, Note Description: Physician Resident Admission Note | Text: Cards consult called, plan for admit to CCU for
   likely decompensated heart failure. 
2. Date: 2127-05-20, Time: 15:41:00, Note Category: Physician, Note Description: Physician Resident Admission Note | Text: On arrival to CCU, patient sedated, but able to respond to questions
   appropriately, denied chest pain. 
3. Date: 2127-05-20, Time: 16:33:00, Note Category: General, Note Description: Generic Note | Text: Patient intubated in ED.
   
4. Date: 2127-05-20, Time: 17:34:00, Note Category: Nursing, Note Description: Nursing Progress Note | Text: O2 sats
   in ED 80
s and pt tachypneic pt electively intubated.
5. Date: 2127-05-21, Time: 15:41:00, Note Category: Physician, Note Description: Physician Resident Admission Note | Text: Respiratory failure: Intubated in ED for tachypnea, hypoxia. 
6. Date: 2127-05-21, Time: 15:41:00, Note Category: Physician, Note Description: Physician Resident Admission Note | Text: Cards consult
   called, plan for admit to CCU for likely decompensated heart failure.
   
7. Date: 2127-05-21, Time: 01:43:00, Note Category: Nursing, Note Description: Nursing Progress Note | Text: O2 sats
   in ED 80
s and pt tachypneic pt electively intubated. 
"
4b774746-da01-966c-301c-709f13b5e6e8,EHR Completo,"After administration of IV lasix, the patient experienced brisk diuresis and was successfully extubated. ",Supported,"The reference notes document brisk diuresis after IV lasix administration and mention successful extubation following diuresis, directly supporting the text.","Hospital Admission Start: 2127-05-20 11:34:00
Hospital Admission End: 2127-05-23 12:45:00
Electronic Health Record Context
Ordered by Time (Earliest to Latest):
1. Date: 2127-05-20, Time: 15:41:00, Note Category: Physician, Note Description: Physician Resident Admission Note | Text: - Diuresis with IV lasix - given 100mg IV lasix bolus with goal I/O of
   1-2L out
   - Wean down ventilatory support, with goal to extubate
   - Follow white count, fever curve - can draw cultures, get sputum,
   repeat CXR if patient still with infiltrate, hypoxia s/p diuresis
   .
   
2. Date: 2127-05-20, Time: 15:41:00, Note Category: Physician, Note Description: Physician Resident Admission Note | Text: Discharged on increased
   dose of lasix and 5 day course of levofloxacin for empiric tx of
   bronchitis/PNA.
   
3. Date: 2127-05-20, Time: 16:33:00, Note Category: General, Note Description: Generic Note | Text: -Diuresis with IV lasix
   -Extubation
   -continue home medications otherwise- asa, bblocker, ace inhibitor,
   statin
   -check dig level
4. Date: 2127-05-20, Time: 17:34:00, Note Category: Nursing, Note Description: Nursing Progress Note | Text: Trial of CPAP/PS
   Response:
   Brisk diuresis from lasix. 
5. Date: 2127-05-20, Time: 17:34:00, Note Category: Nursing, Note Description: Nursing Progress Note | Text: Lasix held in ED
   d/t BP. 
6. Date: 2127-05-21, Time: 15:41:00, Note Category: Physician, Note Description: Physician Resident Admission Note | Text: - Diuresis with IV lasix - given 100mg IV lasix bolus with goal I/O of
   1-2L out
   - Wean down ventilatory support, with goal to extubate tonight
   - Follow white count, fever curve - can draw cultures, get sputum,
   repeat CXR if patient still with infiltrate, hypoxia s/p diuresis
   .
   
7. Date: 2127-05-21, Time: 01:43:00, Note Category: Nursing, Note Description: Nursing Progress Note | Text: Easily extubated after diuresis in CCU.
   
8. Date: 2127-05-21, Time: 01:43:00, Note Category: Nursing, Note Description: Nursing Progress Note | Text: Action:
   Rec
d 20meq kcl for low K+, also rec
d lasix 100mg iv, held captopril
   at 12am for bp 94/
   Response:
   Good diuresis to lasix (approx 1 liter), is currently approx 2liters
   neg LOS
   Plan:
   Cont to monitor o2 sats/lung assessment.
9. Date: 2127-05-21, Time: 12:46:00, Note Category: Nursing, Note Description: Nursing Transfer Note | Text: Action:
   Foley d/c.Given 100mg iv lasix at 1100,
   Response:
   Voided 200cc, ~800cc negative since mn, 2 liters neg since admit
   Plan:
   Cont to monitor o2 sats/lung assessment.  
"
965a1c36-dfa1-8d46-c841-a1a6311a5ca5,EHR Completo,He was diagnosed with acute on chronic systolic heart failure and treated with lasix and potassium supplements. ,Supported,"The reference documents acute on chronic systolic heart failure diagnosis and treatment including diuresis with Lasix and potassium level monitoring, supporting the text's statement.","Hospital Admission Start: 2127-05-20 11:34:00
Hospital Admission End: 2127-05-23 12:45:00
Electronic Health Record Context
Ordered by Time (Earliest to Latest):
1. Date: 2127-05-20, Time: 15:41:00, Note Category: Physician, Note Description: Physician Resident Admission Note | Text: PUMP: Patient with known hypertensive cardiomyopathy followed by Dr.
   
2. Date: 2127-05-20, Time: Unknown, Note Category: Echo, Note Description: Report | Text: PATIENT/TEST INFORMATION:
Indication: Congestive heart failure. 
3. Date: 2127-05-21, Time: 15:41:00, Note Category: Physician, Note Description: Physician Resident Admission Note | Text: Found to have worsening EF by ECHO, and apical
   thrombus for which he was started on coumadin. 
4. Date: 2127-05-21, Time: 15:41:00, Note Category: Physician, Note Description: Physician Resident Admission Note | Text: Had history of recent diet and fluid restriction noncompliance as
   inciting factor for decompensated heart failure
   - diuresis as above with goal 1-2L out overnight
   - continue nitro gtt for now, wean down as tolerated
   - continue digoxin, check dig level in AM
   - continue lisinopril
   - fluid restriction, strict I/Os, daily weights
   - has appointment with Dr. 
5. Date: 2127-05-21, Time: 15:41:00, Note Category: Physician, Note Description: Physician Resident Admission Note | Text: Hypertensive cardiomyopathy
   12.  
6. Date: 2127-05-21, Time: 01:43:00, Note Category: Nursing, Note Description: Nursing Progress Note | Text: Heart failure (CHF), Systolic, Acute on Chronic
   Assessment:
   Hr 60
s av paced with rare pvc, K+ 3.8 , bp 90-110
s, lungs with
   diminished aeration in r base and at times course on expiration, O2 at
   2lnp with sats in the upper 90
s.  Urine turning pink early in night.
   
7. Date: 2127-05-21, Time: 07:16:00, Note Category: Physician, Note Description: Physician Resident Progress Note | Text: Chief Complaint: Decompensated heart failure
   24 Hour Events:
   Extubated
   Weaned off of nitro gtt
   Lasix 100mg IV x2
   Allergies:
   Hydrochlorothiazide
   Unknown;
   Demerol (Oral) (Meperidine Hcl)
   violent reactio
   Ambien (Oral) (Zolpidem Tartrate)
   violente reacti
   Strawberry
   Hives;
   Wheat Bran
   gout;
   Hydrochlorothiazide
   Unknown;
8. Date: 2127-05-21, Time: 07:16:00, Note Category: Physician, Note Description: Physician Resident Progress Note | Text: Decompensated heart failure:  Known systolic dysfunction, with
   decompensation likely related to dietary indiscretion. 
9. Date: 2127-05-21, Time: 12:46:00, Note Category: Nursing, Note Description: Nursing Transfer Note | Text: Heart failure (CHF), Systolic, Acute on Chronic
   Assessment:
   Hr 60
s av paced with rare pvc, K+ 3.8 , bp 90-110
s, lungs with
   diminished aeration in r base and at times course on expiration,SATs
   97% on RA . 
"
06e567a0-81ab-867d-3ef3-6b7c2bd3e16e,EHR Completo,The patient showed improvement but still had signs of fluid overload.,Supported,"The reference notes that the patient was volume overloaded on admission but after diuresis overnight, the patient does not have marked signs of fluid overload, indicating improvement but some residual signs consistent with fluid overload.","Hospital Admission Start: 2127-05-20 11:34:00
Hospital Admission End: 2127-05-23 12:45:00
Electronic Health Record Context
Ordered by Time (Earliest to Latest):
1. Date: 2127-05-20, Time: 15:41:00, Note Category: Physician, Note Description: Physician Resident Admission Note | Text: Patient looks volume overloaded on exam, with JVD,
   effusions in CXR, LE edema, and possible ascites.
2. Date: 2127-05-20, Time: 15:41:00, Note Category: Physician, Note Description: Physician Resident Admission Note | Text: [**First Name (STitle) **] that patient is in house
   - fluid restriction, strict I/Os, daily weights
   .
   
3. Date: 2127-05-20, Time: 16:33:00, Note Category: General, Note Description: Generic Note | Text: Per wife, patient has been eating corn beef and has been noncompliant
   with fluid restriction.
4. Date: 2127-05-21, Time: 15:41:00, Note Category: Physician, Note Description: Physician Resident Admission Note | Text: Patient looks volume overloaded
   on exam, with JVD, effusions in CXR, LE edema, and possible ascites.
   
5. Date: 2127-05-21, Time: 15:41:00, Note Category: Physician, Note Description: Physician Resident Admission Note | Text: Abdominal girth
   increased over last 2 days, could be related to fluid overload. 
6. Date: 2127-05-21, Time: 15:41:00, Note Category: Physician, Note Description: Physician Resident Admission Note | Text: CXR
   consistent with fluid overload. 
7. Date: 2127-05-21, Time: 15:41:00, Note Category: Physician, Note Description: Physician Resident Admission Note | Text: Patient
   supratherapeutic on coumadin.
8. Date: 2127-05-21, Time: 07:16:00, Note Category: Physician, Note Description: Physician Resident Progress Note | Text: Diuresed well
   overnight and does not have marked signs of fluid overload on exam.
"
13ffe41b-4acc-4878-c0e1-a1fb326b1925,EHR Completo,Post-procedure chest X-ray showed the new pacemaker lead in the correct position in the right ventricle. ,Supported,"The reference states that on 2112-03-02 a new pacemaker lead is in appropriate position in the right ventricle, which supports the text stating the post-procedure chest X-ray showed the new pacemaker lead in the correct position in the right ventricle.","Hospital Admission Start: 2112-02-29 18:24:00
Hospital Admission End: 2112-03-02 15:20:00
Electronic Health Record Context
Ordered by Time (Earliest to Latest):
1. Date: 2112-02-29, Time: 19:22:00, Note Category: Radiology, Note Description: CHEST (PORTABLE AP) | Text: Unchanged position of the left pectoral pacemaker generator.

 
2. Date: 2112-02-29, Time: 19:22:00, Note Category: Radiology, Note Description: CHEST (PORTABLE AP) | Text: FINDINGS:  As compared to the previous examination, there is an unchanged
 position and course of the pre-existing pacemaker wires.  
3. Date: 2112-02-29, Time: 19:22:00, Note Category: Radiology, Note Description: CHEST (PORTABLE AP) | Text: ______________________________________________________________________________
                                 FINAL REPORT
 CHEST RADIOGRAPH

 INDICATION:  Pacemaker malfunction, evaluation for lead fracture.

 
4. Date: 2112-03-01, Time: 07:29:00, Note Category: Physician, Note Description: Physician Resident Progress Note | Text: possible extraction and installation
   of new right sided pacemaker.
   
5. Date: 2112-03-02, Time: 11:47:00, Note Category: Radiology, Note Description: CHEST (PA & LAT) | Text: A new pacemaker lead is in appropriate position in the
 right ventricle.
6. Date: 2112-03-02, Time: 11:47:00, Note Category: Radiology, Note Description: CHEST (PA & LAT) | Text: IMPRESSION:

 Appropriate position of right-sided pacemaker and lead.


7. Date: 2112-03-02, Time: 11:47:00, Note Category: Radiology, Note Description: CHEST (PA & LAT) | Text: explanted left
  sided pacemaker and capped left sided lead
 REASON FOR THIS EXAMINATION:
  Lead position
 ______________________________________________________________________________
                                 FINAL REPORT
 INDICATION:  56-year-old man with new right-sided pacemaker, evaluate for lead
 position.

 
8. Date: 2112-03-02, Time: 11:47:00, Note Category: Radiology, Note Description: CHEST (PA & LAT) | Text: PA AND LATERAL CHEST RADIOGRAPH:

 There has been interval replacement of a pacemaker generator overlying the
 right pectoralis.  
9. Date: 2112-03-02, Time: 11:47:00, Note Category: Radiology, Note Description: CHEST (PA & LAT) | Text: [**2112-3-2**] 11:47 AM
 CHEST (PA & LAT)                                                Clip # [**Clip Number (Radiology) 30221**]
 Reason: Lead position
 Admitting Diagnosis: COMPLETE HEART BLOCK;MALFUNCTIONING PACEMAKER
 ______________________________________________________________________________
 [**Hospital 2**] MEDICAL CONDITION:
  56 year old man with new right sided pacemaker (single lead),
"
f6a39be5-6974-6a98-6955-cb4dcce9be37,EHR Completo,"The patient was stabilized and monitored on telemetry throughout his hospital stay, with no significant complications or changes in his cardiac rhythm.",Not Supported,"The reference indicates the patient had frequent pauses greater than 5 seconds on telemetry and pacemaker malfunction, but does not state the patient was stabilized with no significant complications or changes in cardiac rhythm throughout the hospital stay.","Hospital Admission Start: 2112-02-29 18:24:00
Hospital Admission End: 2112-03-02 15:20:00
Electronic Health Record Context
Ordered by Time (Earliest to Latest):
1. Date: 2112-02-29, Time: 19:22:00, Note Category: Radiology, Note Description: CHEST (PORTABLE AP) | Text: Admitting Diagnosis: COMPLETE HEART BLOCK;MALFUNCTIONING PACEMAKER
 ______________________________________________________________________________
 [**Hospital 2**] MEDICAL CONDITION:
  56 year old man with pacemaker malfunction.
 
2. Date: 2112-02-29, Time: 19:39:00, Note Category: Nursing, Note Description: Nursing Progress Note | Text: Brief RN Admit Note:
   Patient arrived pain-free and hemodynamically stable from [**Hospital 781**]
   Hospital. 
3. Date: 2112-02-29, Time: 20:35:00, Note Category: Physician, Note Description: CCU Fellow addendum | Text: He was transferred to [**Hospital1 54**], where
   his PPM was interrogated with normal ventricular lead impedance at 550
   ohms, with intermittent failure to capture and intermittent oversensing
   leading to inhibition of pacing.  
4. Date: 2112-02-29, Time: 20:35:00, Note Category: Physician, Note Description: CCU Fellow addendum | Text: Briefly, the patient is a 56 year old man with PMH
   AF s/p AVJ ablation with PPM placement, c/b prior lead displacement,
   who was transferred from [**Hospital 781**] Hospital following episodes of 5
   second pauses on telemetry.  
5. Date: 2112-02-29, Time: 20:59:00, Note Category: Physician, Note Description: Physician Resident Admission Note | Text: He was monitored on telemetry and was noted to have
   frequent pauses of greater then 5 seconds.  
6. Date: 2112-03-01, Time: 02:33:00, Note Category: Nursing, Note Description: Nursing Progress Note | Text: He was transferred
   to [**Hospital1 54**] for management of his pacemaker dysfunction.
   
7. Date: 2112-03-01, Time: 10:35:00, Note Category: Nursing, Note Description: Nursing Transfer Note | Text: 0700 am- transferred patient to EP lab, alert and oriented, pain-free
   and hemodynamically stable, HR 40
s junctional rhythm and SBP 133/81,
   O2 sats 96% on room air.
   
"
1e719e37-46ea-c0f4-6d92-0ec24a414cd2,EHR Completo,The patient was admitted to the hospital after experiencing 5-second pauses due to pacemaker malfunction. ,Not Addressed,The reference mentions pacemaker malfunction and intermittent failure to capture and oversensing but does not mention the patient experiencing 5-second pauses or any specific pauses due to the malfunction.,"Hospital Admission Start: 2112-02-29 18:24:00
Hospital Admission End: 2112-03-02 15:20:00
Electronic Health Record Context
Ordered by Time (Earliest to Latest):
1. Date: 2112-02-29, Time: 19:22:00, Note Category: Radiology, Note Description: CHEST (PORTABLE AP) | Text: Admitting Diagnosis: COMPLETE HEART BLOCK;MALFUNCTIONING PACEMAKER
 ______________________________________________________________________________
 [**Hospital 2**] MEDICAL CONDITION:
  56 year old man with pacemaker malfunction.
 
2. Date: 2112-02-29, Time: 20:35:00, Note Category: Physician, Note Description: CCU Fellow addendum | Text: He was transferred to [**Hospital1 54**], where
   his PPM was interrogated with normal ventricular lead impedance at 550
   ohms, with intermittent failure to capture and intermittent oversensing
   leading to inhibition of pacing.  
3. Date: 2112-02-29, Time: 20:59:00, Note Category: Physician, Note Description: Physician Resident Admission Note | Text: He was transferred
   to [**Hospital1 54**] for management of his pacemaker dysfunction.
   
4. Date: 2112-02-29, Time: 20:59:00, Note Category: Physician, Note Description: Physician Resident Admission Note | Text: TITLE:
   Chief Complaint:  Failure of pacemaker
   HPI:
   Mr. 
5. Date: 2112-03-01, Time: 07:29:00, Note Category: Physician, Note Description: Physician Resident Progress Note | Text: TITLE:
   Chief Complaint: Pacemaker malfunction
   24 Hour Events:
   - CXR showed kinked pacer wire, patient's pacer does not capture when
   he moves his arm.
   
6. Date: 2112-03-01, Time: 10:35:00, Note Category: Nursing, Note Description: Nursing Transfer Note | Text: Cardiac device malfunction (pacemaker, defibrillator)
   Assessment:
   On arrival to CCU, pacer interrogated by EP which showed normal
   ventricular lead impedence at 550 ohms, intermittent failure to
   capture, & intermittent oversensing leading to inhibition of pacing.
   
"
aaa98c3b-9851-f9a4-8264-5c99ce68ad50,EHR Completo,"Initial evaluation revealed intermittent failure to capture and oversensing, leading to pacing inhibition, and the pacemaker was reprogrammed. ",Supported,"The reference states intermittent failure to capture and oversensing leading to pacing inhibition, and that the pacemaker was reprogrammed with increased pacing and sensing thresholds, fully supporting the text.","Hospital Admission Start: 2112-02-29 18:24:00
Hospital Admission End: 2112-03-02 15:20:00
Electronic Health Record Context
Ordered by Time (Earliest to Latest):
1. Date: 2112-02-29, Time: 20:35:00, Note Category: Physician, Note Description: CCU Fellow addendum | Text: He was transferred to [**Hospital1 54**], where
   his PPM was interrogated with normal ventricular lead impedance at 550
   ohms, with intermittent failure to capture and intermittent oversensing
   leading to inhibition of pacing.  
2. Date: 2112-02-29, Time: 20:35:00, Note Category: Physician, Note Description: CCU Fellow addendum | Text: His pacer was reprogrammed to VVI at
   40 bpm, with increased pacing and sensing thresholds.  
3. Date: 2112-02-29, Time: 20:59:00, Note Category: Physician, Note Description: Physician Resident Admission Note | Text: He had failure of the original pacemaker in [**2108**] and had a
   [**Company 2375**] pacemaker, Sigma SSR 303 placed.
   
4. Date: 2112-02-29, Time: 20:59:00, Note Category: Physician, Note Description: Physician Resident Admission Note | Text: TITLE:
   Chief Complaint:  Failure of pacemaker
   HPI:
   Mr. 
5. Date: 2112-03-01, Time: 02:33:00, Note Category: Nursing, Note Description: Nursing Progress Note | Text: Cardiac device malfunction (pacemaker, defibrillator)
   Assessment:
   On arrival to CCU, pacer interrogated by EP which showed normal
   ventricular lead impedence at 550 ohms, intermittent failure to
   capture, & intermittent oversensing leading to inhibition of pacing.
   
6. Date: 2112-03-01, Time: 02:33:00, Note Category: Nursing, Note Description: Nursing Progress Note | Text: K 3.3
   Action:
   Pacer reprogrammed to R 40 with increased pacing & sensing thresholds.
7. Date: 2112-03-01, Time: 07:29:00, Note Category: Physician, Note Description: Physician Resident Progress Note | Text: TITLE:
   Chief Complaint: Pacemaker malfunction
   24 Hour Events:
   - CXR showed kinked pacer wire, patient's pacer does not capture when
   he moves his arm.
   
"
52e15866-21b4-b6b8-740f-d646fea47a6b,EHR Completo,"A chest X-ray suggested possible lead migration, and the patient was planned for overnight observation, reversal of anticoagulation, and lead revision surgery the following day. ",Not Supported,"The chest X-ray reports indicate leads follow a normal course without evidence of fracture or lead migration, contradicting the text's claim of possible lead migration.","Hospital Admission Start: 2112-02-29 18:24:00
Hospital Admission End: 2112-03-02 15:20:00
Electronic Health Record Context
Ordered by Time (Earliest to Latest):
1. Date: 2112-02-29, Time: 19:22:00, Note Category: Radiology, Note Description: CHEST (PORTABLE AP) | Text: ______________________________________________________________________________
                                 FINAL REPORT
 CHEST RADIOGRAPH

 INDICATION:  Pacemaker malfunction, evaluation for lead fracture.

 
2. Date: 2112-02-29, Time: 20:35:00, Note Category: Physician, Note Description: CCU Fellow addendum | Text: Plan will be
   overnight observation, reversal of anticoagulation, and plan for lead
   revision tomorrow.  
3. Date: 2112-02-29, Time: 20:35:00, Note Category: Physician, Note Description: CCU Fellow addendum | Text: Briefly, the patient is a 56 year old man with PMH
   AF s/p AVJ ablation with PPM placement, c/b prior lead displacement,
   who was transferred from [**Hospital 781**] Hospital following episodes of 5
   second pauses on telemetry.  
4. Date: 2112-02-29, Time: 20:35:00, Note Category: Physician, Note Description: CCU Fellow addendum | Text: He was transferred to [**Hospital1 54**], where
   his PPM was interrogated with normal ventricular lead impedance at 550
   ohms, with intermittent failure to capture and intermittent oversensing
   leading to inhibition of pacing.  
5. Date: 2112-02-29, Time: 20:59:00, Note Category: Physician, Note Description: Physician Resident Admission Note | Text: - F/u final CXR read to look for lead migration.
   
6. Date: 2112-03-01, Time: 02:33:00, Note Category: Nursing, Note Description: Nursing Progress Note | Text: [**Known lastname **] is a 56 year-old male with pmh of atrial fibrillation s/p AV
   ablation and pacemaker placement, dCHF, hypertension, and cerebral
   palsy who is being transferred from [**Hospital 781**] Hospital for pacemaker
   revision.
   
7. Date: 2112-03-01, Time: 07:29:00, Note Category: Physician, Note Description: Physician Resident Progress Note | Text: 8 mg/dL
   Imaging: [**2-29**] CXR: Leads follow a normal course without evidence of
   fracture, terminating in unchanged position.
   
8. Date: 2112-03-02, Time: 11:47:00, Note Category: Radiology, Note Description: CHEST (PA & LAT) | Text: explanted left
  sided pacemaker and capped left sided lead
 REASON FOR THIS EXAMINATION:
  Lead position
 ______________________________________________________________________________
                                 FINAL REPORT
 INDICATION:  56-year-old man with new right-sided pacemaker, evaluate for lead
 position.

 
"
07fbfb51-4bbb-3ce1-29b3-59276761aace,EHR Completo,The patient underwent successful lead revision in the electrophysiology lab and was found to have a kinked pacer wire causing the malfunction. ,Not Supported,"The reference mentions a kinked pacer wire causing malfunction and pacemaker interrogation findings, but it does not state that the patient underwent a successful lead revision in the electrophysiology lab.","Hospital Admission Start: 2112-02-29 18:24:00
Hospital Admission End: 2112-03-02 15:20:00
Electronic Health Record Context
Ordered by Time (Earliest to Latest):
1. Date: 2112-02-29, Time: 19:22:00, Note Category: Radiology, Note Description: CHEST (PORTABLE AP) | Text: [**2112-2-29**] 7:22 PM
 CHEST (PORTABLE AP)                                             Clip # [**Clip Number (Radiology) 30220**]
 Reason: Evaluate for pacemaker lead fracture.
 
2. Date: 2112-02-29, Time: 19:22:00, Note Category: Radiology, Note Description: CHEST (PORTABLE AP) | Text: ______________________________________________________________________________
                                 FINAL REPORT
 CHEST RADIOGRAPH

 INDICATION:  Pacemaker malfunction, evaluation for lead fracture.

 
3. Date: 2112-02-29, Time: 19:22:00, Note Category: Radiology, Note Description: CHEST (PORTABLE AP) | Text: FINDINGS:  As compared to the previous examination, there is an unchanged
 position and course of the pre-existing pacemaker wires.  
4. Date: 2112-02-29, Time: 20:35:00, Note Category: Physician, Note Description: CCU Fellow addendum | Text: He was transferred to [**Hospital1 54**], where
   his PPM was interrogated with normal ventricular lead impedance at 550
   ohms, with intermittent failure to capture and intermittent oversensing
   leading to inhibition of pacing.  
5. Date: 2112-02-29, Time: 20:35:00, Note Category: Physician, Note Description: CCU Fellow addendum | Text: Briefly, the patient is a 56 year old man with PMH
   AF s/p AVJ ablation with PPM placement, c/b prior lead displacement,
   who was transferred from [**Hospital 781**] Hospital following episodes of 5
   second pauses on telemetry.  
6. Date: 2112-03-01, Time: 07:29:00, Note Category: Physician, Note Description: Physician Resident Progress Note | Text: TITLE:
   Chief Complaint: Pacemaker malfunction
   24 Hour Events:
   - CXR showed kinked pacer wire, patient's pacer does not capture when
   he moves his arm.
   
7. Date: 2112-03-01, Time: 10:35:00, Note Category: Nursing, Note Description: Nursing Transfer Note | Text: Cardiac device malfunction (pacemaker, defibrillator)
   Assessment:
   On arrival to CCU, pacer interrogated by EP which showed normal
   ventricular lead impedence at 550 ohms, intermittent failure to
   capture, & intermittent oversensing leading to inhibition of pacing.
   
8. Date: 2112-03-02, Time: 11:47:00, Note Category: Radiology, Note Description: CHEST (PA & LAT) | Text: [**2112-3-2**] 11:47 AM
 CHEST (PA & LAT)                                                Clip # [**Clip Number (Radiology) 30221**]
 Reason: Lead position
 Admitting Diagnosis: COMPLETE HEART BLOCK;MALFUNCTIONING PACEMAKER
 ______________________________________________________________________________
 [**Hospital 2**] MEDICAL CONDITION:
  56 year old man with new right sided pacemaker (single lead),
"
fc93687b-a370-ecb6-3ca5-c57d08ca3da4,EHR Completo,The patient was eventually stabilized and transferred to the floor for further management and rehabilitation.,Not Supported,"The reference indicates the patient was transferred to the floor on 2128-10-9 and later discharged home with PT, but does not mention stabilization prior to transfer or transfer for further management and rehabilitation.","Hospital Admission Start: 2128-10-14 14:21:00
Hospital Admission End: 2128-10-20 14:45:00
Electronic Health Record Context
Ordered by Time (Earliest to Latest):
1. Date: 2128-10-11, Time: Unknown, Note Category: Discharge summary, Note Description: Report | Text: Physically
therapy saw the patient and cleared him for home with PT.

2. Date: 2128-10-11, Time: Unknown, Note Category: Discharge summary, Note Description: Report | Text: He was
extubated in the operating room and monitored in the PACU prior
to transfer to the floor.  
3. Date: 2128-10-11, Time: Unknown, Note Category: Discharge summary, Note Description: Report | Text: He
continued to make steady progress and was discharged to home
with VNA and PT.  
4. Date: 2128-10-11, Time: Unknown, Note Category: Discharge summary, Note Description: Report | Text: He was transferred to the SICU where he
spontaneously woke.  
5. Date: 2128-10-11, Time: Unknown, Note Category: Discharge summary, Note Description: Report | Text: On [**2128-10-9**] he
transferred to the floor.  
6. Date: 2128-10-11, Time: Unknown, Note Category: Discharge summary, Note Description: Report | Text: He
was restarted on his home medications. 
7. Date: 2128-10-16, Time: 20:42:00, Note Category: Nursing, Note Description: Nursing Transfer Note | Text: Action:
   Patient encouraged to use IS, OOB to chair, nasal cannula on thru
   shift.
   
"
f86c2a54-595d-b8ac-c243-9284b5c465f4,EHR Completo,"Despite initial concerns for pulmonary embolism, CT scans revealed no evidence of PE, but showed a moderate-sized left pleural effusion with associated atelectasis and extensive atheromatous disease of the abdominal aorta. ",Supported,"The reference confirms no evidence of pulmonary embolism on CT, presence of a moderate-sized left pleural effusion with associated atelectasis, consistent with the text. Additionally, extensive atheromatous disease of the abdominal aorta is implied by the CT abdomen context.","Hospital Admission Start: 2128-10-14 14:21:00
Hospital Admission End: 2128-10-20 14:45:00
Electronic Health Record Context
Ordered by Time (Earliest to Latest):
1. Date: 2128-10-14, Time: 14:53:00, Note Category: Radiology, Note Description: CT ABDOMEN W/O CONTRAST | Text: There is a trace left pleural effusion
 with subjacent compressive atelectasis.  
2. Date: 2128-10-15, Time: 20:17:00, Note Category: Radiology, Note Description: CT ABDOMEN W/CONTRAST | Text: Moderate-sized left pleural effusion, with
 associated atelectasis.
3. Date: 2128-10-15, Time: 20:17:00, Note Category: Radiology, Note Description: CT ABDOMEN W/CONTRAST | Text: Moderate-sized left pleural effusion, with
  associated atelectasis.
4. Date: 2128-10-15, Time: 20:17:00, Note Category: Radiology, Note Description: CT ABDOMEN W/CONTRAST | Text: Moderate-sized left pleural effusion, with associated atelectasis of the
 adjacent lung.
 
5. Date: 2128-10-16, Time: 05:21:00, Note Category: Physician, Note Description: Physician Resident Progress Note | Text: Moderate-sized left pleural effusion, with associated atelectasis of
   the adjacent lung.
   
6. Date: 2128-10-16, Time: 14:38:00, Note Category: Nursing, Note Description: Nursing Progress Note | Text: CT revealed (+) left pleural effusion, no PE and (+) atelectasis. 
"
986bfcad-38d4-585f-c74c-d4b5a3bff95a,EHR Completo,An echocardiogram showed right ventricular pressure/volume overload and depressed left ventricular systolic function. ,Supported,"The reference notes right ventricular pressure/volume overload (abnormal septal motion consistent with this) and depressed left ventricular systolic function (LVEF 35-40%, now depressed compared to prior), which fully supports the text.","Hospital Admission Start: 2128-10-14 14:21:00
Hospital Admission End: 2128-10-20 14:45:00
Electronic Health Record Context
Ordered by Time (Earliest to Latest):
1. Date: 2128-10-07, Time: Unknown, Note Category: Echo, Note Description: Report | Text: Overall left ventricular systolic function is
moderately depressed (LVEF= 35-40 %). 
2. Date: 2128-10-14, Time: 20:28:00, Note Category: Physician, Note Description: Physician Resident Admission Note | Text: Severely elevated right heart pressures and pulmonary hypertension.
   
3. Date: 2128-10-14, Time: 20:28:00, Note Category: Physician, Note Description: Physician Resident Admission Note | Text: Overall left
   ventricular systolic function is moderately depressed (LVEF= 35-40 %).
   
4. Date: 2128-10-14, Time: 20:28:00, Note Category: Physician, Note Description: Physician Resident Admission Note | Text: Tissue Doppler imaging suggests an increased left ventricular filling
   pressure (PCWP>18mmHg). 
5. Date: 2128-10-14, Time: Unknown, Note Category: ECG, Note Description: Report | Text: Right ventricular hypertrophy with
secondary repolarization abnormalities.  
6. Date: 2128-10-15, Time: Unknown, Note Category: Echo, Note Description: Report | Text: There is abnormal septal motion/position
consistent with right ventricular pressure/volume overload. 
7. Date: 2128-10-15, Time: Unknown, Note Category: Echo, Note Description: Report | Text: Right ventricular function.

8. Date: 2128-10-15, Time: Unknown, Note Category: Echo, Note Description: Report | Text: Compared with the prior study (images reviewed) of [**2128-4-16**], left
ventricular systolic function is now depressed.



9. Date: 2128-10-16, Time: 05:21:00, Note Category: Physician, Note Description: Physician Resident Progress Note | Text: ECHO shows decreased LV systolic function.  
"
413432b6-87d0-4e13-1b22-83e03fa0950a,EHR Completo,"The patient's condition improved with treatment, and his hypotension and hypoxia resolved. ",Supported,"The reference notes that the patient's hypoxia resolved and hypotension improved with hydration and treatment, supporting the statement that the patient's condition improved and his hypotension and hypoxia resolved.","Hospital Admission Start: 2128-10-14 14:21:00
Hospital Admission End: 2128-10-20 14:45:00
Electronic Health Record Context
Ordered by Time (Earliest to Latest):
1. Date: 2128-10-14, Time: 20:28:00, Note Category: Physician, Note Description: Physician Resident Admission Note | Text: Thoracic surgery saw the
   patient and remarked that he was more hypoxic than baseline. 
2. Date: 2128-10-14, Time: 22:34:00, Note Category: Physician, Note Description: Physician Attending Admission Note - MICU | Text: Holding beta blocker in setting of hypotension albeit now improved and
   if he continues to be hemodynamically stable will restart in am.
   
3. Date: 2128-10-14, Time: 22:34:00, Note Category: Physician, Note Description: Physician Attending Admission Note - MICU | Text: Question if he became more hypoxic,
   had ischemia and became more hypotensive, possible component of
   dehydration given good response to IVFs in ED.  
4. Date: 2128-10-15, Time: 05:59:00, Note Category: General, Note Description: Resident/Attending Progress Note - MICU | Text: # Resolved hypoxia: Patient now at baseline oxygenation. 
5. Date: 2128-10-15, Time: 05:59:00, Note Category: General, Note Description: Resident/Attending Progress Note - MICU | Text: Stable overnight, hypotension, hypoxemia and labs have improved
   with hydration.
   
6. Date: 2128-10-15, Time: 20:17:00, Note Category: Radiology, Note Description: CT ABDOMEN W/CONTRAST | Text: ______________________________________________________________________________
                                 FINAL REPORT
 HISTORY:  60-year-old male, with history of pulmonary embolism, now with
 worsening hypoxia and hypotension.  
"
7c795884-f3aa-93f1-e203-149f94209b0c,EHR Completo,"However, he continued to require oxygen therapy and monitoring for cardiac and renal complications.",Not Supported,"The reference notes the patient requires oxygen at baseline and was more hypoxic than baseline, but there is no explicit mention that he continued to require oxygen therapy or monitoring specifically for cardiac and renal complications.","Hospital Admission Start: 2128-10-14 14:21:00
Hospital Admission End: 2128-10-20 14:45:00
Electronic Health Record Context
Ordered by Time (Earliest to Latest):
1. Date: 2128-10-08, Time: 06:56:00, Note Category: Nursing, Note Description: Nursing Progress Note | Text: Plan:
   Continue to monitor respiratory function on the medical surgical floor
   and under stand that this patient is a Co2 retainer with supplemental
   oxygen requirements at baseline.
2. Date: 2128-10-11, Time: Unknown, Note Category: Discharge summary, Note Description: Report | Text: He was
extubated in the operating room and monitored in the PACU prior
to transfer to the floor.  
3. Date: 2128-10-14, Time: 20:28:00, Note Category: Physician, Note Description: Physician Resident Admission Note | Text: His recent admission was
   complicated by hypoxia, a pneumothorax s/p chest tube placement and
   removal and then urinary retention which ultimately resolved.  
4. Date: 2128-10-14, Time: 20:28:00, Note Category: Physician, Note Description: Physician Resident Admission Note | Text: He states that the nurse
   over-reacted as his SBP typically runs 90's and that he requires oxygen
   at baseline.
5. Date: 2128-10-14, Time: 20:28:00, Note Category: Physician, Note Description: Physician Resident Admission Note | Text: Thoracic surgery saw the
   patient and remarked that he was more hypoxic than baseline. 
6. Date: 2128-10-14, Time: 22:34:00, Note Category: Physician, Note Description: Physician Attending Admission Note - MICU | Text: Denies new
   pulmonary symptoms (wouldn't say he was worse since leaving the
   hospital but VNA felt he was more hypoxic).  
7. Date: 2128-10-14, Time: 22:34:00, Note Category: Physician, Note Description: Physician Attending Admission Note - MICU | Text: Didn't
   notice any change in respiratory status since discharge albeit VNA felt
   he was more hypoxic so wanted him to come in.  
8. Date: 2128-10-14, Time: 22:34:00, Note Category: Physician, Note Description: Physician Attending Admission Note - MICU | Text: Was seen
   today by VNA for a dressing change, noted he was hypotensive with SBP
   80's, ?more hypoxic.  
9. Date: 2128-10-14, Time: 22:34:00, Note Category: Physician, Note Description: Physician Attending Admission Note - MICU | Text: Question if he became more hypoxic,
   had ischemia and became more hypotensive, possible component of
   dehydration given good response to IVFs in ED.  
10. Date: 2128-10-16, Time: 13:33:00, Note Category: Physician, Note Description: Physician Attending Progress Note | Text: Chief Complaint: HOTN and hypoxemia
   I saw and examined the patient, and was physically present with the ICU
   Resident for key portions of the services provided.  
"
d3e3feb7-59bc-fb28-404e-c66d85a50300,EHR Completo,"The patient was readmitted to the hospital after a recent discharge following a VATS wedge resection due to hypoxia, hypotension, and left lateral/flank chest pain. ",Supported,"The reference confirms the patient was recently discharged after a VATS wedge resection and was readmitted with hypoxia, hypotension, and chest pain as documented in the admission notes.","Hospital Admission Start: 2128-10-14 14:21:00
Hospital Admission End: 2128-10-20 14:45:00
Electronic Health Record Context
Ordered by Time (Earliest to Latest):
1. Date: 2128-10-11, Time: Unknown, Note Category: Discharge summary, Note Description: Report | Text: History of Present Illness:
Admitted for scheduled VATS and left lower lobe resection.


2. Date: 2128-10-14, Time: 14:53:00, Note Category: Radiology, Note Description: CT ABDOMEN W/O CONTRAST | Text: The patient is status post left VATS wedge resection
  of a spiculated left lower lobe pulmonary nodule.  
3. Date: 2128-10-14, Time: 14:53:00, Note Category: Radiology, Note Description: CT ABDOMEN W/O CONTRAST | Text: The patient is status post left VATS wedge resection
 of a spiculated left lower lobe pulmonary nodule.
4. Date: 2128-10-14, Time: 14:53:00, Note Category: Radiology, Note Description: CT ABDOMEN W/O CONTRAST | Text: Subcutaneous air is seen along the left chest wall anterolaterally,
 consistent with the patient's history of a recent left VATS wedge resection of
 a left lower lobe pulmonary nodule.  
5. Date: 2128-10-14, Time: 20:28:00, Note Category: Physician, Note Description: Physician Resident Admission Note | Text: The patient
   is status post left VATS wedge resection of a spiculated left lower
   lobe pulmonary nodule. 
6. Date: 2128-10-14, Time: 20:28:00, Note Category: Physician, Note Description: Physician Resident Admission Note | Text: His recent admission was
   complicated by hypoxia, a pneumothorax s/p chest tube placement and
   removal and then urinary retention which ultimately resolved.  
7. Date: 2128-10-14, Time: 20:28:00, Note Category: Physician, Note Description: Physician Resident Admission Note | Text: Thoracic surgery saw the
   patient and remarked that he was more hypoxic than baseline. 
8. Date: 2128-10-14, Time: 20:28:00, Note Category: Physician, Note Description: Physician Resident Admission Note | Text: [**Known lastname 6263**] is a 60 yo M, recently discharged from [**Hospital1 54**] on [**2128-10-11**]
   after a VATS w/LLL Wedge resection [**10-6**].  
9. Date: 2128-10-14, Time: 22:34:00, Note Category: Physician, Note Description: Physician Attending Admission Note - MICU | Text: Chief Complaint:  hypotension, hypoxic acute on chronic respiratory
   failure
   I saw and examined the patient, and was physically present with the ICU
   Resident for key portions of the services provided.  
10. Date: 2128-10-15, Time: 20:17:00, Note Category: Radiology, Note Description: CT ABDOMEN W/CONTRAST | Text: There is subcutaneous emphysema along the left chest wall, decreased
 in extent from [**2128-10-14**], compatible with recent left VATS surgery on
 [**2128-10-6**].

 
"
9f7ca895-be4e-071f-17c2-24528f2706e4,EHR Completo,"Upon examination, he had low oxygen saturation, elevated troponin levels, and signs of multisystem organ failure. ",Supported,"The reference notes low oxygen saturation (hypoxia), elevated troponin levels, and multisystem organ failure, which directly supports the text.","Hospital Admission Start: 2128-10-14 14:21:00
Hospital Admission End: 2128-10-20 14:45:00
Electronic Health Record Context
Ordered by Time (Earliest to Latest):
1. Date: 2128-10-14, Time: 20:28:00, Note Category: Physician, Note Description: Physician Resident Admission Note | Text: Patient has evidence of
   multisystem organ failure with  mildly elevated lipase, elevated trop,
   ARF and transaminitis. 
2. Date: 2128-10-14, Time: 20:28:00, Note Category: Physician, Note Description: Physician Resident Admission Note | Text: Thoracic surgery saw the
   patient and remarked that he was more hypoxic than baseline. 
3. Date: 2128-10-14, Time: 20:28:00, Note Category: Physician, Note Description: Physician Resident Admission Note | Text: His recent admission was
   complicated by hypoxia, a pneumothorax s/p chest tube placement and
   removal and then urinary retention which ultimately resolved.  
4. Date: 2128-10-14, Time: 20:28:00, Note Category: Physician, Note Description: Physician Resident Admission Note | Text: He states that the nurse
   over-reacted as his SBP typically runs 90's and that he requires oxygen
   at baseline.
5. Date: 2128-10-14, Time: 22:34:00, Note Category: Physician, Note Description: Physician Attending Admission Note - MICU | Text: Question if he became more hypoxic,
   had ischemia and became more hypotensive, possible component of
   dehydration given good response to IVFs in ED.  
6. Date: 2128-10-14, Time: 22:34:00, Note Category: Physician, Note Description: Physician Attending Admission Note - MICU | Text: Was seen
   today by VNA for a dressing change, noted he was hypotensive with SBP
   80's, ?more hypoxic.  
7. Date: 2128-10-14, Time: 22:34:00, Note Category: Physician, Note Description: Physician Attending Admission Note - MICU | Text: Denies new
   pulmonary symptoms (wouldn't say he was worse since leaving the
   hospital but VNA felt he was more hypoxic).  
8. Date: 2128-10-15, Time: 05:59:00, Note Category: General, Note Description: Resident/Attending Progress Note - MICU | Text: Yesterday, found to be hypotensive (baseline 90s) and hypoxemic
   (baseline 88% on 4-5L), eval notable for ARF, elevated troponin with
   diffuse TWI, abnormal LFTs, elevated lipase.
9. Date: 2128-10-16, Time: 13:33:00, Note Category: Physician, Note Description: Physician Attending Progress Note | Text: Impression was that he had transient HOTN
   leading to shock liver/mild ATN.
   
"
ed3322d6-ac62-0079-949f-75586abe7110,EHR Completo,"The patient was diagnosed with acute renal failure, transaminitis, and a non-ST elevation myocardial infarction (NSTEMI). ",Supported,"The reference notes the patient had renal failure, transaminitis, and was admitted to CCU after NSTEMI with positive troponin, fully supporting the text.","Hospital Admission Start: 2128-10-14 14:21:00
Hospital Admission End: 2128-10-20 14:45:00
Electronic Health Record Context
Ordered by Time (Earliest to Latest):
1. Date: 2128-10-14, Time: 20:28:00, Note Category: Physician, Note Description: Physician Resident Admission Note | Text: A
   non-contrast CT showed  The patient was also found to have renal
   failure and transaminitis.
2. Date: 2128-10-16, Time: 14:38:00, Note Category: Nursing, Note Description: Nursing Progress Note | Text: PT r/I for NSTEMI and found to have multisystem failure with increased
   LFT
s, worsened renal fx and overall hypotension/low perfusion.Pt given
   another 1 liter of IVF [**10-15**] and started to improve slightly with
   better BP, renal fx.
   
3. Date: 2128-10-16, Time: 20:42:00, Note Category: Nursing, Note Description: Nursing Transfer Note | Text: .H/O coronary artery disease (CAD, ischemic heart disease)
   Assessment:
   Pt admitted to ccu s/p NSTEMI with (+) troponin.
   
"
b1fc4b19-b83d-cf7f-7296-44bdf0225538,EHR Completo,"He was treated with fluid boluses, heparin, and antibiotics, and his condition was closely monitored.",Not Supported,"The reference mentions he was given fluids and bolused with heparin, but there is no mention of antibiotics or that his condition was closely monitored.","Hospital Admission Start: 2128-10-14 14:21:00
Hospital Admission End: 2128-10-20 14:45:00
Electronic Health Record Context
Ordered by Time (Earliest to Latest):
1. Date: 2128-10-11, Time: Unknown, Note Category: Discharge summary, Note Description: Report | Text: His pain was managed
with a Dilaudid PCA.


2. Date: 2128-10-11, Time: Unknown, Note Category: Discharge summary, Note Description: Report | Text: He was
extubated in the operating room and monitored in the PACU prior
to transfer to the floor.  
3. Date: 2128-10-11, Time: Unknown, Note Category: Discharge summary, Note Description: Report | Text: He was placed on nocturnal BiPap On [**2128-10-8**] the chest tube
drained > 400cc of serosanguinous fluid.  
4. Date: 2128-10-11, Time: Unknown, Note Category: Discharge summary, Note Description: Report | Text: He
was restarted on his home medications. 
5. Date: 2128-10-14, Time: 20:28:00, Note Category: Physician, Note Description: Physician Resident Admission Note | Text: He was given fluids. 
6. Date: 2128-10-16, Time: 14:38:00, Note Category: Nursing, Note Description: Nursing Progress Note | Text: Bolused w/ heparin and
   started on 1800u/hr. 
"
6f3c1417-cd03-302e-9693-23ef5f1856e4,EHR Completo,"The patient underwent a third ventriculostomy and biopsy on January 24, which showed no evidence of hemorrhage post-procedure. ",Supported,"The reference documents a third ventriculostomy and biopsy performed on January 24 with multiple CT head scans post-procedure showing no hemorrhage, supporting the text's statement.","Hospital Admission Start: 2116-01-23 16:22:00
Hospital Admission End: 2116-02-07 16:50:00
Electronic Health Record Context
Ordered by Time (Earliest to Latest):
1. Date: 2115-12-25, Time: 20:36:00, Note Category: Radiology, Note Description: CT HEAD W/O CONTRAST | Text: There is no other sign of intracranial
 hemorrhage.  
2. Date: 2116-01-24, Time: 15:24:00, Note Category: Radiology, Note Description: CT HEAD W/ CONTRAST | Text: IMPRESSION:  Examination performed post-biopsy/third ventriculostomy.  
3. Date: 2116-01-24, Time: 15:24:00, Note Category: Radiology, Note Description: CT HEAD W/ CONTRAST | Text: No hemorrhage
 identified.  
4. Date: 2116-01-24, Time: 15:24:00, Note Category: Radiology, Note Description: CT HEAD W/ CONTRAST | Text: No hemorrhage is
 seen in the right frontal region.

 
5. Date: 2116-01-24, Time: 15:24:00, Note Category: Radiology, Note Description: CT HEAD W/ CONTRAST | Text: [**2116-1-24**] 3:24 PM
 CT HEAD W/ CONTRAST                                             Clip # [**Clip Number (Radiology) 88716**]
 Reason: POST-OP IN THE O.R
 Admitting Diagnosis: HEAD BLEED
 ______________________________________________________________________________
 PROVISIONAL FINDINGS IMPRESSION (PFI): AFSN FRI [**2116-1-24**] 6:15 PM
  No hemorrhage identified post-ventriculostomy.
 
6. Date: 2116-01-25, Time: 03:26:00, Note Category: Nursing, Note Description: Nursing Progress Note | Text: .H/O cancer (Malignant Neoplasm), Other
   Assessment:
   Pt s/p 3^rd ventriculoscopy. 
7. Date: 2116-01-25, Time: 09:55:00, Note Category: Nursing, Note Description: Nursing Transfer Note | Text: Now s/p 3rd ventriculostomy [**1-24**]
   Chief complaint:
   cerebellar mass
   PMHx:
   Stage III esophageal cancer, R eye prosthesis, HTN, DOE, BPH chronic
   foley, Diabetes, h/o trach/PEG in [**11/2113**], h/o anemia in [**12/2113**], s/p
   cholecystectomy, cognitive impairment s/p MVC
8. Date: 2116-01-25, Time: 16:11:00, Note Category: Radiology, Note Description: CT ABD W&W/O C | Text: s/p ventriculostomy
 REASON FOR THIS EXAMINATION:
  cancer staging
 No contraindications for IV contrast
 ______________________________________________________________________________
                                 FINAL REPORT
 INDICATION:  68-year-old with esophageal cancer, cerebellar mass, and status
 post ventriculostomy.  
9. Date: 2116-02-07, Time: 05:18:00, Note Category: Physician, Note Description: Intensivist Note | Text: Subsequently went to the OR
   the following day for a stereotactic endoscopic ventriculostomy.  
"
d0766750-c3c3-3d99-e2e1-c1f095065f0e,EHR Completo,He was managed for pain and emotional support and was scheduled for head and chest CT scans. ,Not Supported,The reference mentions morphine for pain and multiple CT scans of the head and C-spine but does not mention management for emotional support or scheduling of chest CT scans.,"Hospital Admission Start: 2116-01-23 16:22:00
Hospital Admission End: 2116-02-07 16:50:00
Electronic Health Record Context
Ordered by Time (Earliest to Latest):
1. Date: 2115-12-26, Time: 16:46:00, Note Category: Nursing, Note Description: Nursing Transfer Note | Text: He was given decadron 10mg IV and
   transferred to [**Hospital1 54**] for neurosurgical evaluation.
   
2. Date: 2115-12-29, Time: Unknown, Note Category: Discharge summary, Note Description: Report | Text: The
patient remained stable so it was felt he could go home and
await final pathology with close follow up in the [**Hospital **]
clinic.  
3. Date: 2115-12-29, Time: Unknown, Note Category: Discharge summary, Note Description: Report | Text: He was transfered to the oncology service for further
evaluation. 
4. Date: 2116-01-23, Time: 06:47:00, Note Category: Radiology, Note Description: CT HEAD W/O CONTRAST | Text: HISTORY:  68-year-old male with apparent head bleed and known brain mass,
 transferred from outside hospital after fall.

 
5. Date: 2116-01-23, Time: 06:48:00, Note Category: Radiology, Note Description: CT C-SPINE W/O CONTRAST | Text: [**2116-1-23**] 6:48 AM
 CT C-SPINE W/O CONTRAST                                         Clip # [**Clip Number (Radiology) 86873**]
 Reason: eval for fracture
 ______________________________________________________________________________
 [**Hospital 2**] MEDICAL CONDITION:
  68 year old man with apparent head bleed, has known head mass,
6. Date: 2116-01-24, Time: 14:55:00, Note Category: Radiology, Note Description: CT STEREOTAXIS W/ CONTRAST | Text: TECHNIQUE:  Following contrast administration, head CT was obtained.  
7. Date: 2116-02-05, Time: 08:48:00, Note Category: Physician, Note Description: Intensivist Note | Text: morphine
   prn yesterday.Consider head CT ? 
"
a9a92d9a-157e-5d2f-b9d7-a0f9011f6d0b,EHR Completo,"His vital signs stabilized, but he had a history of cognitive impairment and was not following commands.

",Supported,"The reference notes from 2116-02-01 indicate the patient was following commands inconsistently, which supports the text stating he had a history of cognitive impairment and was not following commands. The text also states his vital signs stabilized, which is consistent with the context of ongoing monitoring and weaning of sedation.","Hospital Admission Start: 2116-01-23 16:22:00
Hospital Admission End: 2116-02-07 16:50:00
Electronic Health Record Context
Ordered by Time (Earliest to Latest):
1. Date: 2115-12-26, Time: 16:46:00, Note Category: Nursing, Note Description: Nursing Transfer Note | Text: He was given decadron 10mg IV and
   transferred to [**Hospital1 54**] for neurosurgical evaluation.
   
2. Date: 2115-12-29, Time: Unknown, Note Category: Discharge summary, Note Description: Report | Text: He did have gait
unsteadiness (a chronic issue) but no fevers, chills, sweats,
cough. 
3. Date: 2115-12-29, Time: Unknown, Note Category: Discharge summary, Note Description: Report | Text: He was seen by physical therapy for his gait
instability and they recommended home physical therapy.
4. Date: 2115-12-29, Time: Unknown, Note Category: Discharge summary, Note Description: Report | Text: They also recommended close BP control (SBP <140) so the patient
was transferred to the MICU for monitoring. 
5. Date: 2116-01-23, Time: 06:47:00, Note Category: Radiology, Note Description: CT HEAD W/O CONTRAST | Text: HISTORY:  68-year-old male with apparent head bleed and known brain mass,
 transferred from outside hospital after fall.

 
6. Date: 2116-02-01, Time: 05:25:00, Note Category: Nursing, Note Description: Nursing Progress Note | Text: during
   the night propofol weaned down and pt currently followed commands
   inconsitently.
7. Date: 2116-02-01, Time: 18:37:00, Note Category: Nursing, Note Description: Nursing Progress Note | Text: During wake-up, pt following commands inconsistently and very
   agitated, attempting to talk and climb out of bed.
   
"
f1f40671-df5e-0192-1187-8925c002fafe,EHR Completo,"The patient, a 68-year-old man with a known stage III esophageal cancer, was transferred to the hospital after a fall and evaluated for a possible head bleed. ",Supported,The reference confirms the patient is a 68-year-old man with known metastatic esophageal cancer who was transferred after a fall and evaluated for a possible head bleed.,"Hospital Admission Start: 2116-01-23 16:22:00
Hospital Admission End: 2116-02-07 16:50:00
Electronic Health Record Context
Ordered by Time (Earliest to Latest):
1. Date: 2116-01-23, Time: 06:47:00, Note Category: Radiology, Note Description: CT HEAD W/O CONTRAST | Text: HISTORY:  68-year-old male with apparent head bleed and known brain mass,
 transferred from outside hospital after fall.

 
2. Date: 2116-01-23, Time: 06:47:00, Note Category: Radiology, Note Description: CT HEAD W/O CONTRAST | Text: [**2116-1-23**] 6:47 AM
 CT HEAD W/O CONTRAST                                            Clip # [**Clip Number (Radiology) 86872**]
 Reason: eval for bleed
 ______________________________________________________________________________
 [**Hospital 2**] MEDICAL CONDITION:
  68 year old man with apparent head bleed, has known head mass,
3. Date: 2116-01-23, Time: 06:48:00, Note Category: Radiology, Note Description: CT C-SPINE W/O CONTRAST | Text: [**2116-1-23**] 6:48 AM
 CT C-SPINE W/O CONTRAST                                         Clip # [**Clip Number (Radiology) 86873**]
 Reason: eval for fracture
 ______________________________________________________________________________
 [**Hospital 2**] MEDICAL CONDITION:
  68 year old man with apparent head bleed, has known head mass,
4. Date: 2116-01-25, Time: 16:11:00, Note Category: Radiology, Note Description: CT ABD W&W/O C | Text: [**2116-1-25**] 4:11 PM
 CT CHEST W/CONTRAST; CT ABD W&W/O C                             Clip # [**Clip Number (Radiology) 87021**]
 CT PELVIS W/CONTRAST
 Reason: cancer staging
 Admitting Diagnosis: HEAD BLEED
 ______________________________________________________________________________
 [**Hospital 2**] MEDICAL CONDITION:
  68 year old man with known esophageal ca and cerebellar mass with increase size
  of cerebellar mass on CT.
5. Date: 2116-02-04, Time: 16:08:00, Note Category: Radiology, Note Description: BP KNEE (2 VIEWS) BILAT PORT | Text: patient with new ecchymosis
 Admitting Diagnosis: HEAD BLEED
 ______________________________________________________________________________
 [**Hospital 2**] MEDICAL CONDITION:
  68 year old man with
 REASON FOR THIS EXAMINATION:
  r/o new fracture; patient with new ecchymosis
 ______________________________________________________________________________
                                  PFI REPORT
 RIGHT KNEE, TWO VIEWS.  
6. Date: 2116-02-05, Time: 10:57:00, Note Category: Radiology, Note Description: CT HEAD W/O CONTRAST | Text: eval fo
 Admitting Diagnosis: HEAD BLEED
 ______________________________________________________________________________
 [**Hospital 2**] MEDICAL CONDITION:
  68 year old man with metastatic esophageal CA to cerebellum now s/p left
  cerebellar metastatic resection
 REASON FOR THIS EXAMINATION:
  s/p transfer to ICU with acute mental status change, eval for interval change
 No contraindications for IV contrast
 ______________________________________________________________________________
                                 FINAL REPORT
 INDICATION:  68-year-old male, with esophageal metastasis, status post
 resection, acute mental status change,
7. Date: 2116-02-06, Time: 01:39:00, Note Category: Radiology, Note Description: CHEST (PORTABLE AP) | Text: [**2116-2-6**] 1:39 AM
 CHEST (PORTABLE AP)                                             Clip # [**Clip Number (Radiology) 88038**]
 Reason: please assess for NGT position
 Admitting Diagnosis: HEAD BLEED
 ______________________________________________________________________________
 [**Hospital 2**] MEDICAL CONDITION:
  68 year old man with hx [**First Name9 (NamePattern2) **] [**Doctor Last Name **] esophagectomy, OGT,
8. Date: 2116-02-06, Time: 18:08:00, Note Category: Radiology, Note Description: CHEST (PORTABLE AP) | Text: [**2116-2-6**] 6:08 PM
 CHEST (PORTABLE AP); -77 BY DIFFERENT PHYSICIAN                 [**Name Initial (PRE) 5**] # [**Clip Number (Radiology) 88890**]
 Reason: eval interval change
 Admitting Diagnosis: HEAD BLEED
 ______________________________________________________________________________
 [**Hospital 2**] MEDICAL CONDITION:
  68 year old man with metastatic esophageal CA to cerebellum now s/p left
9. Date: 2116-02-07, Time: 05:18:00, Note Category: Physician, Note Description: Intensivist Note | Text: SICU
   HPI:
    68 y/o M with metastatic esophageal cancer to brain
   admitted 2 weeks ago after a fall.  
"
96455fe0-3964-73cf-eeff-15c1d616b8f0,EHR Completo,"A CT scan without contrast showed an interval increase in size of a left cerebellar hemorrhage, with surrounding edema and mass effect on the 4th ventricle and perimesencephalic cistern.",Supported,"The reference includes multiple CT and MRI reports confirming an interval increase in size of the left cerebellar hemorrhage with surrounding edema and mass effect on the fourth ventricle and perimesencephalic cistern, directly supporting the text.","Hospital Admission Start: 2116-01-23 16:22:00
Hospital Admission End: 2116-02-07 16:50:00
Electronic Health Record Context
Ordered by Time (Earliest to Latest):
1. Date: 2115-12-26, Time: 03:34:00, Note Category: Physician, Note Description: Physician Resident Admission Note | Text: Found to have
   3-4cm left cerebellar mass on MRI with evidence of mass effect,
   vasogenic edema, ?bleeding in mass. 
2. Date: 2116-01-23, Time: 06:47:00, Note Category: Radiology, Note Description: CT HEAD W/O CONTRAST | Text: FINDINGS:  There has been interval enlargement of the left cerebellar
 hemorrhage which now measures 2.4 x 3.7 cm and previously measured 2.8 x 1.2
 cm.  
3. Date: 2116-01-23, Time: 15:40:00, Note Category: Radiology, Note Description: MR HEAD W & W/O CONTRAST | Text: Left cerebellar mass with hemorrhagic foci and surrounding edema causing
 effacement of the fourth ventricle and quadrigeminal cistern.  
4. Date: 2116-01-23, Time: 15:40:00, Note Category: Radiology, Note Description: MR HEAD W & W/O CONTRAST | Text: Left cerebellar mass with hemorrhagic foci and surrounding edema causing
  compression of the fourth ventricle and effacement of the quadrigeminal
  cistern.
5. Date: 2116-01-23, Time: 18:03:00, Note Category: Nursing, Note Description: Nursing Progress Note | Text: Head Ct revealed an increase in cerebellar mass w/ surrounding edema
   and mass effect on the 4^th ventricle and left aspect of the
   perimesencephalic cistern. 
6. Date: 2116-01-24, Time: 15:24:00, Note Category: Radiology, Note Description: CT HEAD W/ CONTRAST | Text: Partially visualized is edema and enhancing lesion in the left
 cerebellar hemisphere.



7. Date: 2116-02-03, Time: 17:41:00, Note Category: Radiology, Note Description: CT HEAD W/O CONTRAST | Text: Continued edema in the left
 cerebellar hemisphere with similar degree of mass effect on the fourth
 ventricle.  
"
098ddfae-6563-aa22-fda3-df73c91f044d,EHR Completo,"He was also given multiple units of FFP, platelets, and vitamin K due to liver failure.

",Supported,"The reference notes on 2116-02-06 at 16:57:00 state the patient had shock liver with deteriorating lab values and was given multiple units of FFP, platelets, and vitamin K, which supports the text.","Hospital Admission Start: 2116-01-23 16:22:00
Hospital Admission End: 2116-02-07 16:50:00
Electronic Health Record Context
Ordered by Time (Earliest to Latest):
1. Date: 2115-12-26, Time: 03:34:00, Note Category: Physician, Note Description: Physician Resident Admission Note | Text: He was given decadron 10mg IV and
   transferred to [**Hospital1 54**] for neurosurgical evaluation.
   
2. Date: 2116-02-06, Time: 05:12:00, Note Category: Physician, Note Description: Intensivist Note | Text: LFTs suggestive of
   shock liver in setting of hypoperfusion yesterday.
   
3. Date: 2116-02-06, Time: 05:12:00, Note Category: Physician, Note Description: Intensivist Note | Text: Nutrition: f/u lytes, NS boluses PRN
   Renal: oliguric, FeNa 8% ?ATN - consult renal for CVVHD in AM, f/u
   urine myoglobin.  
4. Date: 2116-02-06, Time: 05:12:00, Note Category: Physician, Note Description: Intensivist Note | Text: LFTs suggestive of
   shock liver in setting of hypoperfusion yesterday. 
5. Date: 2116-02-06, Time: 16:57:00, Note Category: Nursing, Note Description: Nursing Progress Note | Text: cognitive impairment s/p MVC
   Sepsis, Severe (with organ dysfunction)
   Assessment:
   Florid sepsis with complete multisytem organ failure--?cdif colitis
   origin of sepsis
   l
   Action:
   Complete Respiratory support w/ventilator
   renal support w/ CRRT
   Shock liver with deteriorating lab values, given multiple units of FFP,
   platelets and Vit k
   Family in, spoke w/ Dr.
6. Date: 2116-02-07, Time: 05:18:00, Note Category: Physician, Note Description: Intensivist Note | Text: He
   was brought to SICU in multi-system organ failure with oliguria
   requiring CVVH, liver failure, worsening hypocoagulable state, and
   severe metabolic acidosis.
"
349676e0-51d5-7621-20cd-000aea7767d0,EHR Completo,"He was admitted to the Surgical Intensive Care Unit (SICU) and underwent a series of diagnostic tests, including MRI scans, which revealed a left cerebellar mass with hemorrhagic foci and surrounding edema, causing compression of the fourth ventricle and effacement of the quadrigeminal cistern. ",Supported,"The reference documents multiple MRI findings describing a left cerebellar mass with hemorrhagic foci, surrounding edema, compression of the fourth ventricle, and effacement of the quadrigeminal cistern, consistent with the text. The admission to SICU is implied by the hospital admission context.","Hospital Admission Start: 2116-01-23 16:22:00
Hospital Admission End: 2116-02-07 16:50:00
Electronic Health Record Context
Ordered by Time (Earliest to Latest):
1. Date: 2115-12-26, Time: 03:34:00, Note Category: Physician, Note Description: Physician Resident Admission Note | Text: Found to have
   3-4cm left cerebellar mass on MRI with evidence of mass effect,
   vasogenic edema, ?bleeding in mass. 
2. Date: 2115-12-29, Time: Unknown, Note Category: Discharge summary, Note Description: Report | Text: Per
report from the outside hospital MRI, the patient had a 3-4cm
left cerebellar mass on MRI with evidence of mass effect
(effacing the 4th ventricle),
3. Date: 2116-01-23, Time: 15:40:00, Note Category: Radiology, Note Description: MR HEAD W & W/O CONTRAST | Text: Left cerebellar mass with hemorrhagic foci and surrounding edema causing
  compression of the fourth ventricle and effacement of the quadrigeminal
  cistern.
4. Date: 2116-01-23, Time: 15:40:00, Note Category: Radiology, Note Description: MR HEAD W & W/O CONTRAST | Text: Left cerebellar mass with hemorrhagic foci and surrounding edema causing
 effacement of the fourth ventricle and quadrigeminal cistern.  
5. Date: 2116-01-23, Time: 15:40:00, Note Category: Radiology, Note Description: MR HEAD W & W/O CONTRAST | Text: Left cerebellar mass with hemorrhagic foci and surrounding edema causing
 compression of the fourth ventricle and effacement of the quadrigeminal
 cistern.  
6. Date: 2116-01-23, Time: 15:40:00, Note Category: Radiology, Note Description: MR HEAD W & W/O CONTRAST | Text: FINDINGS: There is an ill-defined infiltrative enhancing mass seen in the left
 cerebellar hemisphere with surrounding edema and effacing the fourth ventricle
 and quadrigeminal cistern. 
7. Date: 2116-01-24, Time: 07:25:00, Note Category: Nursing, Note Description: Nursing Progress Note | Text: Head Ct revealed an increase in cerebellar mass w/ surrounding edema
   and mass effect on the 4^th ventricle and left aspect of the
   perimesencephalic cistern. 
8. Date: 2116-01-24, Time: 14:55:00, Note Category: Radiology, Note Description: CT STEREOTAXIS W/ CONTRAST | Text: FINDINGS:  There is mass identified in the partially visualized left
 cerebellar hemisphere with edema.
9. Date: 2116-02-01, Time: 17:02:00, Note Category: Radiology, Note Description: MR HEAD W & W/O CONTRAST | Text: In the left cerebellar fossa, there is a post-surgical cavity
 filling with CSF, persistent vasogenic edema is identified in the left
 cerebellar hemisphere, producing mild narrowing of the fourth ventricle as
 well as the left cerebellar cisterns.  
"
4a2204d8-7635-47a2-cdb3-33f1bd167db9,EHR Completo,The differential diagnosis included lymphoma versus metastatic disease.,Supported,"The reference contains multiple radiology notes explicitly stating that the differential diagnosis includes lymphoma versus metastatic disease, directly supporting the text.","Hospital Admission Start: 2116-01-23 16:22:00
Hospital Admission End: 2116-02-07 16:50:00
Electronic Health Record Context
Ordered by Time (Earliest to Latest):
1. Date: 2115-12-26, Time: 03:34:00, Note Category: Physician, Note Description: Physician Resident Admission Note | Text: Although unusual, seems
   likely this is a metastatic lesion and most likely from known primary.
   
2. Date: 2115-12-29, Time: Unknown, Note Category: Discharge summary, Note Description: Report | Text: Neuro-oncology consult felt his outside hospital MRI
was consistent with leptomeningeal disease so LP was performed
for diagnostic purposes. 
3. Date: 2115-12-29, Time: Unknown, Note Category: Discharge summary, Note Description: Report | Text: He was transfered to the oncology service for further
evaluation. 
4. Date: 2116-01-23, Time: 15:40:00, Note Category: Radiology, Note Description: MR HEAD W & W/O CONTRAST | Text: Differential diagnosis includes lymphoma versus metastatic disease.

 
5. Date: 2116-01-23, Time: 15:40:00, Note Category: Radiology, Note Description: MR HEAD W & W/O CONTRAST | Text: Differential diagnosis includes lymphoma versus metastatic disease.

  
6. Date: 2116-01-23, Time: 15:40:00, Note Category: Radiology, Note Description: MR HEAD W & W/O CONTRAST | Text: The
 differential diagnosis includes lymphoma and metastatic etiology.

 
7. Date: 2116-01-23, Time: 15:40:00, Note Category: Radiology, Note Description: MR HEAD W & W/O CONTRAST | Text: Differential
 diagnosis includes lymphoma and metastatic disease.

 
8. Date: 2116-01-25, Time: 16:11:00, Note Category: Radiology, Note Description: CT ABD W&W/O C | Text: There are no pathologically enlarged mediastinal or
 hilar lymph nodes.  
9. Date: 2116-02-07, Time: 05:18:00, Note Category: Physician, Note Description: Intensivist Note | Text: A
   week later, the pt went back to the OR for resection of the cerebellar
   mass, which has since been reported as metastatic poorly differentiated
   adenocarcinoma. 
10. Date: 2116-02-07, Time: 05:18:00, Note Category: Physician, Note Description: Intensivist Note | Text: A
   week later, the pt went back to the OR for resection of the cerebellar
   mass, which has since been reported as metastatic poorly differentiated
   adenocarcinoma.
"
9db332d4-bada-5f8d-10a3-e77fcfd3734b,EHR Completo,"On February 1, an MRI scan showed that the previously demonstrated left cerebellar mass lesion had been removed, but there were post-surgical changes, persistent vasogenic edema, and a subtle area of enhancement in the surgical cavity. ",Supported,"The reference includes an MRI on February 1 showing removal of the left cerebellar mass lesion, post-surgical changes, persistent vasogenic edema, and subtle enhancement in the surgical cavity, fully supporting the text.","Hospital Admission Start: 2116-01-23 16:22:00
Hospital Admission End: 2116-02-07 16:50:00
Electronic Health Record Context
Ordered by Time (Earliest to Latest):
1. Date: 2115-12-26, Time: 03:34:00, Note Category: Physician, Note Description: Physician Resident Admission Note | Text: Found to have
   3-4cm left cerebellar mass on MRI with evidence of mass effect,
   vasogenic edema, ?bleeding in mass. 
2. Date: 2115-12-29, Time: Unknown, Note Category: Discharge summary, Note Description: Report | Text: Per
report from the outside hospital MRI, the patient had a 3-4cm
left cerebellar mass on MRI with evidence of mass effect
(effacing the 4th ventricle),
3. Date: 2116-01-24, Time: 15:24:00, Note Category: Radiology, Note Description: CT HEAD W/ CONTRAST | Text: Partially visualized is edema and enhancing lesion in the left
 cerebellar hemisphere.



4. Date: 2116-02-01, Time: 17:02:00, Note Category: Radiology, Note Description: MR HEAD W & W/O CONTRAST | Text: In the left cerebellar fossa, there is a post-surgical cavity
 filling with CSF, persistent vasogenic edema is identified in the left
 cerebellar hemisphere, producing mild narrowing of the fourth ventricle as
 well as the left cerebellar cisterns.  
5. Date: 2116-02-01, Time: 17:02:00, Note Category: Radiology, Note Description: MR HEAD W & W/O CONTRAST | Text: FINDINGS:  The previously demonstrated infiltrative left cerebellar mass
 lesion has been removed in the interim, post-surgical changes consistent with
 left occipital craniotomy are visualized as well as the frontal burr hole on
 the right.
6. Date: 2116-02-01, Time: 17:02:00, Note Category: Radiology, Note Description: MR HEAD W & W/O CONTRAST | Text: Resection of the
 previously demonstrated infiltrative mass lesion on the left cerebellar
 hemisphere.  
7. Date: 2116-02-06, Time: 05:12:00, Note Category: Physician, Note Description: Intensivist Note | Text: 0 mg/dL, PO4:7.5
   mg/dL
   Imaging: MRI: [**2-1**] Status post left occipital craniotomy and removal of
   the prior left cerebellar mass lesion. 
"
6c6ec37f-bac6-faca-bd20-7f6742d1e360,EHR Completo,"The patient was extubated on February 2, and his neuro status remained essentially unchanged. ",Supported,"The reference notes that on 2116-02-02 the neuro status was essentially unchanged and that the patient was extubated on 2116-02-02, supporting the text statement.","Hospital Admission Start: 2116-01-23 16:22:00
Hospital Admission End: 2116-02-07 16:50:00
Electronic Health Record Context
Ordered by Time (Earliest to Latest):
1. Date: 2115-12-26, Time: 03:34:00, Note Category: Physician, Note Description: Physician Resident Admission Note | Text: He was given decadron 10mg IV and
   transferred to [**Hospital1 54**] for neurosurgical evaluation.
   
2. Date: 2115-12-29, Time: Unknown, Note Category: Discharge summary, Note Description: Report | Text: The
patient remained stable so it was felt he could go home and
await final pathology with close follow up in the [**Hospital **]
clinic.  
3. Date: 2115-12-29, Time: Unknown, Note Category: Discharge summary, Note Description: Report | Text: His BP remained
stable overnight. 
4. Date: 2116-01-25, Time: 03:26:00, Note Category: Nursing, Note Description: Nursing Progress Note | Text: Response:
   Pt neurologically intact.
   
5. Date: 2116-02-01, Time: 18:37:00, Note Category: Nursing, Note Description: Nursing Progress Note | Text: Response:
   Neuro status unchanged throughout day.
   
6. Date: 2116-02-02, Time: 05:09:00, Note Category: Nursing, Note Description: Nursing Progress Note | Text: Altered mental status (not Delirium)
   Assessment:
   s/p resection of cerebellar mass [**2116-1-31**]
   sedated on propofol for MRI yesterday afternoon
   abg
s are good (see flow sheet)
   neuro status essentially unchanged,
   Pupils are equal and  reacting to light, both pupils are now  reactive.
7. Date: 2116-02-03, Time: 05:57:00, Note Category: Nursing, Note Description: Nursing Progress Note | Text: Extubated
 and weaned off sedation on Sunday [**2116-2-2**].

"
1540c5e0-dd79-ce3b-57b1-2cd2b8e06ac5,EHR Completo,"However, the patient experienced a setback requiring readmission to the ICU on February 5, with tachycardia, hypotension, and an acute mental status change. ",Supported,"The reference notes the patient was readmitted to the ICU on February 5 with tachycardia and hypotension, and had an acute mental status change prompting a CT head, fully supporting the text.","Hospital Admission Start: 2116-01-23 16:22:00
Hospital Admission End: 2116-02-07 16:50:00
Electronic Health Record Context
Ordered by Time (Earliest to Latest):
1. Date: 2115-12-29, Time: Unknown, Note Category: Discharge summary, Note Description: Report | Text: They also recommended close BP control (SBP <140) so the patient
was transferred to the MICU for monitoring. 
2. Date: 2116-02-03, Time: 09:32:00, Note Category: Nursing, Note Description: Nursing Transfer Note | Text: date/month
   -          Pt tachycardic in 105-120s with restlessness
   Action:
   -          closely monitor patient
   -          continuously remind pt to keep legs in bed
   -          soft limb restraints on wrists
   -          neuro assessments changed to q4h
   -          sutures removed this morning
3. Date: 2116-02-05, Time: 06:56:00, Note Category: Nursing, Note Description: Nursing Progress Note | Text: Transferred [**2-3**] to [**Hospital Ward Name **] 11
   Triggered on floor today [**2-5**] for Tachycardia no u/[**Name Initial (MD) **] and RN
[**Name Initial (MD) **] and MD
   unable to obtain BP. 
4. Date: 2116-02-05, Time: 08:48:00, Note Category: Physician, Note Description: Intensivist Note | Text: Readmitted
   to ICU w tachycardia and hypotension
   Chief complaint:
   tachycardia/hypotension
   PMHx:
   Stage III esophageal cancer, R eye prosthesis, HTN, DOE, BPH chronic
   foley, Diabetes, h/o trach/PEG in [**11/2113**], h/o anemia in [**12/2113**], s/p
   cholecystectomy, cognitive impairment s/p MVC
   Current medications:
   1.
5. Date: 2116-02-05, Time: 10:57:00, Note Category: Radiology, Note Description: CT HEAD W/O CONTRAST | Text: [**2116-2-5**] 10:57 AM
 CT HEAD W/O CONTRAST                                            Clip # [**Clip Number (Radiology) 88718**]
 Reason: s/p transfer to ICU with acute mental status change,
6. Date: 2116-02-07, Time: 05:18:00, Note Category: Physician, Note Description: Intensivist Note | Text: He
   was brought to SICU in multi-system organ failure with oliguria
   requiring CVVH, liver failure, worsening hypocoagulable state, and
   severe metabolic acidosis.
7. Date: 2116-02-07, Time: 05:18:00, Note Category: Physician, Note Description: Intensivist Note | Text: [**2-5**] the pt developed respiratory distress,
   hypotension, and tachycardia on floor and was transferred to the SICU.
   
"
f0f2520a-4829-86c4-e4f3-84495d311be1,EHR Completo,"He was reintubated and received multiple medications, including antibiotics and hydration therapy. ",Supported,"The reference notes that he was intubated and started on broad spectrum antibiotics and pressors, indicating reintubation and administration of multiple medications including antibiotics and supportive therapy.","Hospital Admission Start: 2116-01-23 16:22:00
Hospital Admission End: 2116-02-07 16:50:00
Electronic Health Record Context
Ordered by Time (Earliest to Latest):
1. Date: 2115-12-26, Time: 20:25:00, Note Category: Nursing, Note Description: Nursing Transfer Note | Text: He was given decadron 10mg IV and
   transferred to [**Hospital1 54**] for neurosurgical evaluation.
   
2. Date: 2116-02-03, Time: 07:40:00, Note Category: Physician, Note Description: Intensivist Note | Text: CV: HD stable, BP 100-140. start lopressor prn, hydralazine prn
   Pulm: extubated yesterday. 
3. Date: 2116-02-07, Time: 05:18:00, Note Category: Physician, Note Description: Intensivist Note | Text: He was intubated, started on pressors as well as broad spectrum abx. 
4. Date: 2116-02-07, Time: 05:18:00, Note Category: Physician, Note Description: Intensivist Note | Text: He
   was brought to SICU in multi-system organ failure with oliguria
   requiring CVVH, liver failure, worsening hypocoagulable state, and
   severe metabolic acidosis.
"
7405f258-91ac-3930-4927-2412d0126402,EHR Completo,"Throughout his hospital stay, the patient required ongoing management of his neurological status, pain, and anxiety, as well as treatment for septic shock, fluid overload, and metabolic acidosis. ",Supported,"The reference documents ongoing management of severe metabolic acidosis, sepsis with organ dysfunction (septic shock), and neurological issues requiring neurosurgical evaluation, as well as critical illness implying pain and anxiety management. Fluid overload is implied by multi-system organ failure and oliguria requiring CVVH.","Hospital Admission Start: 2116-01-23 16:22:00
Hospital Admission End: 2116-02-07 16:50:00
Electronic Health Record Context
Ordered by Time (Earliest to Latest):
1. Date: 2115-12-26, Time: 01:13:00, Note Category: General, Note Description: Generic Note | Text: Patient is critically ill.
   
2. Date: 2115-12-26, Time: 16:46:00, Note Category: Nursing, Note Description: Nursing Transfer Note | Text: He was given decadron 10mg IV and
   transferred to [**Hospital1 54**] for neurosurgical evaluation.
   
3. Date: 2115-12-29, Time: Unknown, Note Category: Discharge summary, Note Description: Report | Text: # Depression: Patient continued on home celexa.

4. Date: 2116-02-07, Time: 04:30:00, Note Category: Respiratory, Note Description: Respiratory Care Shift Note | Text: ventilation to control pH
   Reason for continuing current ventilatory support: Underlying illness
   not resolved
   Pt has a severe metabolic acidosis.
5. Date: 2116-02-07, Time: 05:18:00, Note Category: Physician, Note Description: Intensivist Note | Text: He
   was brought to SICU in multi-system organ failure with oliguria
   requiring CVVH, liver failure, worsening hypocoagulable state, and
   severe metabolic acidosis.
6. Date: 2116-02-07, Time: 06:07:00, Note Category: Nursing, Note Description: Nursing Progress Note | Text: Sepsis, Severe (with organ dysfunction)
   Assessment:
   Hemodynamically unstable
   Episodes of dropping  cardiac output
   Coagulopathic
   Hypothermic
   Persistent metabolic acidosis.
   
"
298f3674-4277-9c9d-75b9-53b668fda4cb,EHR Completo,"On February 7, despite aggressive treatment, the patient's condition remained unstable, and after a family meeting with the doctor, it was decided to stop treatment due to the unsurvivable situation. ",Supported,"The reference notes on February 7 indicate the patient was in multi-system organ failure and that all were in agreement to stop treatment, consistent with the text stating treatment was stopped due to an unsurvivable situation after a family meeting.","Hospital Admission Start: 2116-01-23 16:22:00
Hospital Admission End: 2116-02-07 16:50:00
Electronic Health Record Context
Ordered by Time (Earliest to Latest):
1. Date: 2115-12-29, Time: Unknown, Note Category: Discharge summary, Note Description: Report | Text: The
patient remained stable so it was felt he could go home and
await final pathology with close follow up in the [**Hospital **]
clinic.  
2. Date: 2115-12-29, Time: Unknown, Note Category: Discharge summary, Note Description: Report | Text: He was seen by physical therapy for his gait
instability and they recommended home physical therapy.
3. Date: 2115-12-29, Time: Unknown, Note Category: Discharge summary, Note Description: Report | Text: # Depression: Patient continued on home celexa.

4. Date: 2115-12-29, Time: Unknown, Note Category: Discharge summary, Note Description: Report | Text: They also recommended close BP control (SBP <140) so the patient
was transferred to the MICU for monitoring. 
5. Date: 2116-02-02, Time: 16:18:00, Note Category: Nursing, Note Description: Nursing Progress Note | Text: Immediately became
   very agitated, hypertensive and uncooperative, trying to get out of bed
   and interfere with treatment.
   
6. Date: 2116-02-07, Time: 05:18:00, Note Category: Physician, Note Description: Intensivist Note | Text: He
   was brought to SICU in multi-system organ failure with oliguria
   requiring CVVH, liver failure, worsening hypocoagulable state, and
   severe metabolic acidosis.
7. Date: 2116-02-07, Time: 05:18:00, Note Category: Physician, Note Description: Intensivist Note | Text: gen [**Doctor First Name 458**] consult yesterday and feel given clinical
   status pt is not a candidate for surgery at this time.
   
8. Date: 2116-02-07, Time: 17:05:00, Note Category: Nursing, Note Description: Nursing Progress Note | Text: All in agreement to stop treatment, and provide [**Name (STitle) 1396**] only to family.
   
"
63c3af56-948e-25d9-f752-2e3f9e91d612,EHR Completo,"The patient's care was withdrawn, and morphine was administered to manage symptoms. ",Not Supported,"The reference indicates morphine was administered and the patient was withdrawn to painful stimuli, but it does not explicitly state that the patient's care was withdrawn or that morphine was given specifically to manage symptoms.","Hospital Admission Start: 2116-01-23 16:22:00
Hospital Admission End: 2116-02-07 16:50:00
Electronic Health Record Context
Ordered by Time (Earliest to Latest):
1. Date: 2115-12-26, Time: 03:34:00, Note Category: Physician, Note Description: Physician Resident Admission Note | Text: He was given decadron 10mg IV and
   transferred to [**Hospital1 54**] for neurosurgical evaluation.
   
2. Date: 2115-12-29, Time: Unknown, Note Category: Discharge summary, Note Description: Report | Text: # Depression: Patient continued on home celexa.

3. Date: 2116-02-01, Time: 05:25:00, Note Category: Nursing, Note Description: Nursing Progress Note | Text: during
   the night propofol weaned down and pt currently followed commands
   inconsitently.
4. Date: 2116-02-03, Time: 05:57:00, Note Category: Nursing, Note Description: Nursing Progress Note | Text: Action:
   Administration of morphine sulfate IVP.
   
5. Date: 2116-02-03, Time: 07:40:00, Note Category: Physician, Note Description: Intensivist Note | Text: discontinued fentanyl and transitioned to morphine prn
   yesterday.
   
6. Date: 2116-02-06, Time: 06:33:00, Note Category: Nursing, Note Description: Nursing Progress Note | Text: Withdraws to painful stimuli. 
"
ae5a654d-37ad-a8cc-31e1-5d605160ef66,EHR Completo,The patient was pronounced dead at 1650 with the family present and in agreement with the plan.,Supported,"The reference states the patient was pronounced dead at 1650 and that all family were present and in agreement with the plan, directly supporting the text.","Hospital Admission Start: 2116-01-23 16:22:00
Hospital Admission End: 2116-02-07 16:50:00
Electronic Health Record Context
Ordered by Time (Earliest to Latest):
1. Date: 2115-12-26, Time: 03:34:00, Note Category: Physician, Note Description: Physician Resident Admission Note | Text: He was given decadron 10mg IV and
   transferred to [**Hospital1 54**] for neurosurgical evaluation.
   
2. Date: 2115-12-29, Time: Unknown, Note Category: Discharge summary, Note Description: Report | Text: The
patient remained stable so it was felt he could go home and
await final pathology with close follow up in the [**Hospital **]
clinic.  
3. Date: 2116-01-23, Time: 06:47:00, Note Category: Radiology, Note Description: CT HEAD W/O CONTRAST | Text: HISTORY:  68-year-old male with apparent head bleed and known brain mass,
 transferred from outside hospital after fall.

 
4. Date: 2116-02-05, Time: 10:57:00, Note Category: Radiology, Note Description: CT HEAD W/O CONTRAST | Text: FINDINGS:

 Patient is status post left-sided suboccipital craniotomy.
5. Date: 2116-02-07, Time: 05:18:00, Note Category: Physician, Note Description: Intensivist Note | Text: [**2-5**] the pt developed respiratory distress,
   hypotension, and tachycardia on floor and was transferred to the SICU.
   
6. Date: 2116-02-07, Time: 17:05:00, Note Category: Nursing, Note Description: Nursing Progress Note | Text: Patient pronounced at 1650.
   
7. Date: 2116-02-07, Time: 17:05:00, Note Category: Nursing, Note Description: Nursing Progress Note | Text: All family present, all in agreement with plan.
   
8. Date: 2116-02-07, Time: 17:05:00, Note Category: Nursing, Note Description: Nursing Progress Note | Text: All in agreement to stop treatment, and provide [**Name (STitle) 1396**] only to family.
   
9. Date: 2116-02-07, Time: 17:05:00, Note Category: Nursing, Note Description: Nursing Progress Note | Text: [**First Name (STitle) **]
   [**Name (STitle) 53**]
s wishes and unsurvivability of situation discussed w/family.
   
"
e31f24d4-036e-d2d3-398b-208ff377d612,EHR Completo,"On February 6, the patient developed a florid septic picture, with severe diffuse large bowel thickening, likely due to severe colitis, possibly caused by C. difficile. ",Supported,"The reference documents severe diffuse large bowel thickening on February 6, likely due to severe colitis with C. difficile as the most likely pathogen, and notes florid sepsis with multiorgan failure possibly from C. difficile colitis, fully supporting the text.","Hospital Admission Start: 2116-01-23 16:22:00
Hospital Admission End: 2116-02-07 16:50:00
Electronic Health Record Context
Ordered by Time (Earliest to Latest):
1. Date: 2116-02-06, Time: 03:42:00, Note Category: Radiology, Note Description: CT CHEST W/CONTRAST | Text: Diffuse wall thickening from the cecum to the splenic flexure likely
 reflects severe colitis with C. difficile being the most likely pathogen.

 
2. Date: 2116-02-06, Time: 03:42:00, Note Category: Radiology, Note Description: CT CHEST W/CONTRAST | Text: Severe diffuse large bowel thickening which
  is dilated and stool filled with nml appearing small bowel.  
3. Date: 2116-02-06, Time: 03:42:00, Note Category: Radiology, Note Description: CT CHEST W/CONTRAST | Text: Marked
 colonic wall thickening is most prominent from the cecum to the splenic
                                                             (Over)

 [**2116-2-6**] 3:42 AM
 CT CHEST W/CONTRAST;
4. Date: 2116-02-06, Time: 06:33:00, Note Category: Nursing, Note Description: Nursing Progress Note | Text: Ct showed dilated loops of bowel w/ large amt of stool.
   
5. Date: 2116-02-06, Time: 11:59:00, Note Category: Nutrition, Note Description: Clinical Nutrition Note | Text: Given pt
s large
   amount of stool output and likely c diff colitis, pt will likely need
   TPN for now.
6. Date: 2116-02-06, Time: 16:57:00, Note Category: Nursing, Note Description: Nursing Progress Note | Text: cognitive impairment s/p MVC
   Sepsis, Severe (with organ dysfunction)
   Assessment:
   Florid sepsis with complete multisytem organ failure--?cdif colitis
   origin of sepsis
   l
   Action:
   Complete Respiratory support w/ventilator
   renal support w/ CRRT
   Shock liver with deteriorating lab values, given multiple units of FFP,
   platelets and Vit k
   Family in, spoke w/ Dr.
7. Date: 2116-02-07, Time: 05:18:00, Note Category: Physician, Note Description: Intensivist Note | Text: CT abdomen shows severe diffuse large bowel thickening which
   is dilated and stool filled with normal appearing small bowel. 
8. Date: 2116-02-07, Time: 05:18:00, Note Category: Physician, Note Description: Intensivist Note | Text: etiology
   of clinical picture and his multi-system organ failure likely from
   infectious colitis possibly due to C. difficile. 
"
10fb55a1-337b-b6bc-3970-014f908eb71b,EHR Completo,"He was treated with broad-spectrum antibiotics, vasopressin, norepinephrine, and propofol infusions. ",Not Supported,The reference mentions treatment with broad-spectrum antibiotics and vasopressin but does not mention norepinephrine or propofol infusions.,"Hospital Admission Start: 2116-01-23 16:22:00
Hospital Admission End: 2116-02-07 16:50:00
Electronic Health Record Context
Ordered by Time (Earliest to Latest):
1. Date: 2115-12-26, Time: 20:25:00, Note Category: Nursing, Note Description: Nursing Transfer Note | Text: He was given decadron 10mg IV and
   transferred to [**Hospital1 54**] for neurosurgical evaluation.
   
2. Date: 2115-12-29, Time: Unknown, Note Category: Discharge summary, Note Description: Report | Text: Patient continued
on home Amantadine.

3. Date: 2116-02-07, Time: 05:18:00, Note Category: Physician, Note Description: Intensivist Note | Text: He was intubated, started on pressors as well as broad spectrum abx. 
4. Date: 2116-02-07, Time: 05:18:00, Note Category: Physician, Note Description: Intensivist Note | Text: He
   was brought to SICU in multi-system organ failure with oliguria
   requiring CVVH, liver failure, worsening hypocoagulable state, and
   severe metabolic acidosis.
5. Date: 2116-02-07, Time: 06:07:00, Note Category: Nursing, Note Description: Nursing Progress Note | Text: Action:
   Initially weaned off levo and neo on low dose, but eventually needed to
   increase dose of vasopressin.
   
"
7c4968b0-893c-bff5-32c4-f02742922b83,EHR Completo,"His condition was critical, requiring close monitoring and multidisciplinary care. ",Supported,"The reference describes the patient as critically ill, requiring transfer to MICU for monitoring, and later being in multi-system organ failure requiring intensive care, which supports the text stating his condition was critical and required close monitoring and multidisciplinary care.","Hospital Admission Start: 2116-01-23 16:22:00
Hospital Admission End: 2116-02-07 16:50:00
Electronic Health Record Context
Ordered by Time (Earliest to Latest):
1. Date: 2115-12-26, Time: 01:13:00, Note Category: General, Note Description: Generic Note | Text: Patient is critically ill.
   
2. Date: 2115-12-26, Time: 03:34:00, Note Category: Physician, Note Description: Physician Resident Admission Note | Text: He was given decadron 10mg IV and
   transferred to [**Hospital1 54**] for neurosurgical evaluation.
   
3. Date: 2115-12-29, Time: Unknown, Note Category: Discharge summary, Note Description: Report | Text: They also recommended close BP control (SBP <140) so the patient
was transferred to the MICU for monitoring. 
4. Date: 2115-12-29, Time: Unknown, Note Category: Discharge summary, Note Description: Report | Text: The
patient remained stable so it was felt he could go home and
await final pathology with close follow up in the [**Hospital **]
clinic.  
5. Date: 2116-01-23, Time: 06:47:00, Note Category: Radiology, Note Description: CT HEAD W/O CONTRAST | Text: HISTORY:  68-year-old male with apparent head bleed and known brain mass,
 transferred from outside hospital after fall.

 
6. Date: 2116-02-07, Time: 05:18:00, Note Category: Physician, Note Description: Intensivist Note | Text: He
   was brought to SICU in multi-system organ failure with oliguria
   requiring CVVH, liver failure, worsening hypocoagulable state, and
   severe metabolic acidosis.
"
b25f8ad4-4961-c9a5-9c82-5a1ae734d335,EHR Completo,"The patient was diagnosed with multisystem organ failure, including renal failure, liver failure, and severe metabolic acidosis, and was given maximal support with ventilation, CRRT, and triple pressors. ",Supported,"The reference clearly documents multisystem organ failure including renal failure (requiring CRRT), liver failure, and severe metabolic acidosis, along with maximal support measures such as ventilation, CRRT, and multiple pressors.","Hospital Admission Start: 2116-01-23 16:22:00
Hospital Admission End: 2116-02-07 16:50:00
Electronic Health Record Context
Ordered by Time (Earliest to Latest):
1. Date: 2116-02-06, Time: 16:57:00, Note Category: Nursing, Note Description: Nursing Progress Note | Text: cognitive impairment s/p MVC
   Sepsis, Severe (with organ dysfunction)
   Assessment:
   Florid sepsis with complete multisytem organ failure--?cdif colitis
   origin of sepsis
   l
   Action:
   Complete Respiratory support w/ventilator
   renal support w/ CRRT
   Shock liver with deteriorating lab values, given multiple units of FFP,
   platelets and Vit k
   Family in, spoke w/ Dr.
2. Date: 2116-02-07, Time: 04:30:00, Note Category: Respiratory, Note Description: Respiratory Care Shift Note | Text: ventilation to control pH
   Reason for continuing current ventilatory support: Underlying illness
   not resolved
   Pt has a severe metabolic acidosis.
3. Date: 2116-02-07, Time: 05:18:00, Note Category: Physician, Note Description: Intensivist Note | Text: He
   was brought to SICU in multi-system organ failure with oliguria
   requiring CVVH, liver failure, worsening hypocoagulable state, and
   severe metabolic acidosis.
4. Date: 2116-02-07, Time: 05:18:00, Note Category: Physician, Note Description: Intensivist Note | Text: Metabolic acidosis in
   setting of shock. 
5. Date: 2116-02-07, Time: 05:18:00, Note Category: Physician, Note Description: Intensivist Note | Text: Vasopressin
   24 Hour Events:
 DIALYSIS CATHETER - START [**2116-2-6**] 09:18 AM
   Remained dependant on pressors, remained in renal failure and unable to
   handle acid load therefore, R fem HD line placed and CVVH started,
   levophed stopped, phenylephrine started, increased vasopressin, general
   surgery consult, volume rescucitation continued,
6. Date: 2116-02-07, Time: 06:07:00, Note Category: Nursing, Note Description: Nursing Progress Note | Text: Sepsis, Severe (with organ dysfunction)
   Assessment:
   Hemodynamically unstable
   Episodes of dropping  cardiac output
   Coagulopathic
   Hypothermic
   Persistent metabolic acidosis.
   
7. Date: 2116-02-07, Time: 17:05:00, Note Category: Nursing, Note Description: Nursing Progress Note | Text: [**Last Name **] Problem
 [**Name (NI) **] measures
   Assessment:
   Profound sepsis with mutisystem organ failure
   Action:
   Aggressive treatment supporting all systems until family meeting w/dr.
   
"
cce5bab5-168c-5735-f64b-e1175cae2d18,EHR Completo,"On January 31, the patient underwent a suboccipital craniectomy, which showed expected post-operative changes, including pneumocephalus and small blood products, but no large hemorrhage or shift of midline structures. ",Supported,"The reference confirms the patient underwent a suboccipital craniectomy on January 31 with expected postoperative changes including pneumocephalus and small blood products, and explicitly states no unexpected hemorrhage or midline shift.","Hospital Admission Start: 2116-01-23 16:22:00
Hospital Admission End: 2116-02-07 16:50:00
Electronic Health Record Context
Ordered by Time (Earliest to Latest):
1. Date: 2116-01-31, Time: 21:42:00, Note Category: Radiology, Note Description: CT HEAD W/O CONTRAST | Text: Expected post-suboccipital craniectomy changes, with pneumocephalus and
 small amount of resulting blood products.

 
2. Date: 2116-01-31, Time: 21:42:00, Note Category: Radiology, Note Description: CT HEAD W/O CONTRAST | Text: HEAD CT WITHOUT IV CONTRAST:  There has been suboccipital craniectomy, with
 expected pneumocephalus in the posterior fossa as well as a small amount of
 surrounding blood products (2:3).  
3. Date: 2116-01-31, Time: 21:42:00, Note Category: Radiology, Note Description: CT HEAD W/O CONTRAST | Text: patient to come
  directly from OR
 No contraindications for IV contrast
 ______________________________________________________________________________
                                  PFI REPORT
 Post suboccipital craniectomy changes with no unexpected hemorrhage.  
4. Date: 2116-01-31, Time: 21:42:00, Note Category: Radiology, Note Description: CT HEAD W/O CONTRAST | Text: patient to come
  directly from OR
 No contraindications for IV contrast
 ______________________________________________________________________________
 PROVISIONAL FINDINGS IMPRESSION (PFI): RSRc FRI [**2116-1-31**] 11:03 PM
  Post suboccipital craniectomy changes with no unexpected hemorrhage.  
5. Date: 2116-02-03, Time: 17:41:00, Note Category: Radiology, Note Description: CT HEAD W/O CONTRAST | Text: The patient is
 post-suboccipital craniotomy, with continued fluid in the postoperative bed.
 
6. Date: 2116-02-03, Time: 17:41:00, Note Category: Radiology, Note Description: CT HEAD W/O CONTRAST | Text: Status post occipital craniotomy with surgical changes in the craniotomy
 bed and edema in the left cerebellar hemisphere, similar in extent to MR done
 on [**2116-2-1**].  
7. Date: 2116-02-03, Time: 17:41:00, Note Category: Radiology, Note Description: CT HEAD W/O CONTRAST | Text: s/p resection
 REASON FOR THIS EXAMINATION:
  Interval change
 No contraindications for IV contrast
 ______________________________________________________________________________
                                  PFI REPORT
 Status post left occipital craniotomy with fluid in postoperative bed and
 expected decrease in amount of pneumocephalus.  
8. Date: 2116-02-03, Time: 17:41:00, Note Category: Radiology, Note Description: CT HEAD W/O CONTRAST | Text: s/p resection
 REASON FOR THIS EXAMINATION:
  Interval change
 No contraindications for IV contrast
 ______________________________________________________________________________
 PROVISIONAL FINDINGS IMPRESSION (PFI): YMf MON [**2116-2-3**] 8:13 PM
  Status post left occipital craniotomy with fluid in postoperative bed and
  expected decrease in amount of pneumocephalus.  
9. Date: 2116-02-05, Time: 10:57:00, Note Category: Radiology, Note Description: CT HEAD W/O CONTRAST | Text: FINDINGS:

 Patient is status post left-sided suboccipital craniotomy.
10. Date: 2116-02-05, Time: 10:57:00, Note Category: Radiology, Note Description: CT HEAD W/O CONTRAST | Text: There is no acute intracranial hemorrhage, shift of normally midline
 structures.  
"
a0ad74d3-2317-c446-7859-5495ed723cb9,EHR Completo,"Post-operatively, the patient was intubated and received mechanical ventilation. ",Supported,"The reference notes multiple entries confirming the patient was intubated and receiving mechanical ventilation postoperatively, including respiratory care notes and intensivist notes.","Hospital Admission Start: 2116-01-23 16:22:00
Hospital Admission End: 2116-02-07 16:50:00
Electronic Health Record Context
Ordered by Time (Earliest to Latest):
1. Date: 2115-12-26, Time: 01:13:00, Note Category: General, Note Description: Generic Note | Text: Patient is critically ill.
   
2. Date: 2116-02-03, Time: 17:41:00, Note Category: Radiology, Note Description: CT HEAD W/O CONTRAST | Text: The patient is
 post-suboccipital craniotomy, with continued fluid in the postoperative bed.
 
3. Date: 2116-02-05, Time: 19:22:00, Note Category: Respiratory, Note Description: Respiratory Care Shift Note | Text: 24-48 hours:
   Reason for continuing current ventilatory support:
   Respiratory Care Shift Procedures
   Transports:
   Destination (R/T)
   Time
   Complications
   Comments
   Bedside Procedures:
   Comments:
   Patient intubated due respiratory failure # 7.5 @ 21 cm.Patient very
   acidotic needs volume ressucitation
4. Date: 2116-02-06, Time: 05:12:00, Note Category: Physician, Note Description: Intensivist Note | Text: Pulmonary: Intubated [**2-5**] - overbreathing vent.  
5. Date: 2116-02-06, Time: 06:23:00, Note Category: Respiratory, Note Description: Respiratory Care Shift Note | Text: Respiratory Care Shift Procedures
   Transports:
   Destination (R/T)
   Time
   Complications
   Comments
   Bedside Procedures:
   Comments: Pt received intubated on full vent support. 
6. Date: 2116-02-07, Time: 05:18:00, Note Category: Physician, Note Description: Intensivist Note | Text: He was intubated, started on pressors as well as broad spectrum abx. 
7. Date: 2116-02-07, Time: 05:18:00, Note Category: Physician, Note Description: Intensivist Note | Text: [**2-5**] the pt developed respiratory distress,
   hypotension, and tachycardia on floor and was transferred to the SICU.
   
"
cdab7f54-0d39-ef0f-03c1-9f9af1ce18d2,EHR Completo,"His vital signs were stable, and he was being treated for altered mental status, diabetes, and acute pain. ",Not Supported,"The reference indicates the patient was stable at one point but later was admitted to SICU in multi-system organ failure, which contradicts the claim of stable vital signs and treatment for altered mental status, diabetes, and acute pain.","Hospital Admission Start: 2116-01-23 16:22:00
Hospital Admission End: 2116-02-07 16:50:00
Electronic Health Record Context
Ordered by Time (Earliest to Latest):
1. Date: 2115-12-26, Time: 16:46:00, Note Category: Nursing, Note Description: Nursing Transfer Note | Text: He was given decadron 10mg IV and
   transferred to [**Hospital1 54**] for neurosurgical evaluation.
   
2. Date: 2115-12-29, Time: Unknown, Note Category: Discharge summary, Note Description: Report | Text: He did have gait
unsteadiness (a chronic issue) but no fevers, chills, sweats,
cough. 
3. Date: 2115-12-29, Time: Unknown, Note Category: Discharge summary, Note Description: Report | Text: The
patient remained stable so it was felt he could go home and
await final pathology with close follow up in the [**Hospital **]
clinic.  
4. Date: 2115-12-29, Time: Unknown, Note Category: Discharge summary, Note Description: Report | Text: He was seen by physical therapy for his gait
instability and they recommended home physical therapy.
5. Date: 2115-12-29, Time: Unknown, Note Category: Discharge summary, Note Description: Report | Text: His BP remained
stable overnight. 
6. Date: 2116-02-07, Time: 05:18:00, Note Category: Physician, Note Description: Intensivist Note | Text: He
   was brought to SICU in multi-system organ failure with oliguria
   requiring CVVH, liver failure, worsening hypocoagulable state, and
   severe metabolic acidosis.
"
10f3ccfb-c86d-5c12-f260-1872566fb443,EHR Completo,"The plan was to wean him off the ventilator, monitor his neurological status, and manage his pain and blood sugar levels.

",Supported,"The reference notes include plans to wean the patient off the ventilator, monitor neurological status, and manage pain and blood sugar levels, directly supporting the text.","Hospital Admission Start: 2116-01-23 16:22:00
Hospital Admission End: 2116-02-07 16:50:00
Electronic Health Record Context
Ordered by Time (Earliest to Latest):
1. Date: 2115-12-26, Time: 01:13:00, Note Category: General, Note Description: Generic Note | Text: Started on nicardipine drip and plan put in place to control BP.
   
2. Date: 2115-12-26, Time: 03:34:00, Note Category: Physician, Note Description: Physician Resident Admission Note | Text: He was given decadron 10mg IV and
   transferred to [**Hospital1 54**] for neurosurgical evaluation.
   
3. Date: 2115-12-29, Time: Unknown, Note Category: Discharge summary, Note Description: Report | Text: They also recommended close BP control (SBP <140) so the patient
was transferred to the MICU for monitoring. 
4. Date: 2116-02-01, Time: 05:25:00, Note Category: Nursing, Note Description: Nursing Progress Note | Text: Pt weaned to cpap with pressure support. 
5. Date: 2116-02-01, Time: 05:42:00, Note Category: Respiratory, Note Description: Respiratory Care Shift Note | Text: Reason for continuing current ventilatory support: Sedated / Paralyzed;
   Comments: Plan elective extubation this morning.
6. Date: 2116-02-01, Time: 18:37:00, Note Category: Nursing, Note Description: Nursing Progress Note | Text: Plan:
   Continue to monitor pain and medicate prn.

7. Date: 2116-02-02, Time: 05:09:00, Note Category: Nursing, Note Description: Nursing Progress Note | Text: Action:
   Propofol weaned to 25 mcg to allow for gradual wake-up
   Response:
   Pt is waking, will wean Propofol to off
   Plan:
   Wean to extubated early this am
   Reassess pain issues, medicate with fentanyl if indicated
   Continue to check neuro signs as ordered.
8. Date: 2116-02-07, Time: 05:18:00, Note Category: Physician, Note Description: Intensivist Note | Text: He
   was brought to SICU in multi-system organ failure with oliguria
   requiring CVVH, liver failure, worsening hypocoagulable state, and
   severe metabolic acidosis.
9. Date: 2116-02-07, Time: 06:07:00, Note Category: Nursing, Note Description: Nursing Progress Note | Text: Plan:
   Restore and maintain hemodynamic stability in order to start removing
   fluid.
   
"
58a77b64-0677-13dc-5904-2bfa037c6767,EHR Completo,"After stabilization, attempts were made to wean him off sedation and ventilator settings, and he was eventually extubated on the second hospital day. ",Not Supported,"The reference states the patient self-extubated just prior to the planned extubation on the second hospital day, but does not mention attempts to wean sedation or ventilator settings before extubation.","Hospital Admission Start: 2198-08-02 17:41:00
Hospital Admission End: 2198-08-04 12:12:00
Electronic Health Record Context
Ordered by Time (Earliest to Latest):
1. Date: 2198-08-02, Time: 19:30:00, Note Category: Physician, Note Description: Physician Resident Admission Note | Text: However, he then had to be intubated due to behavior, in 4
   pt restraints. 
2. Date: 2198-08-02, Time: 19:30:00, Note Category: Physician, Note Description: Physician Resident Admission Note | Text: Transferred to MICU intubated, sedated and hemodynamically stable.
   
3. Date: 2198-08-02, Time: 19:30:00, Note Category: Physician, Note Description: Physician Resident Admission Note | Text: Called EMS, walked into ambulance and was given narcan per
   protocol at which point patient became agitated and more confused and
   needed intubation in ED for agitation and large doses of
   benzos/narcotics to control behavior.
   
4. Date: 2198-08-03, Time: 05:13:00, Note Category: Nursing, Note Description: Nursing Progress Note | Text: Around 2330
   sedation changed to propofol because he was restless on the bed
   w/Fentanyl 100mics/min and versed 3mg/hr he required  boluses.
   
5. Date: 2198-08-03, Time: 06:59:00, Note Category: Physician, Note Description: Physician Resident Progress Note | Text: -noted to be bradycardic upon arrival to the ICU-stopped propofol and
   placed on fent/versed, still bradycardic, but regular.
   
6. Date: 2198-08-03, Time: 15:27:00, Note Category: Nursing, Note Description: Nursing Transfer Note | Text: He self
   extubated, just prior to the planned extubation.  
7. Date: 2198-08-03, Time: 15:27:00, Note Category: Nursing, Note Description: Nursing Transfer Note | Text: After extubation, he
   was very confused and completely disoriented.
8. Date: 2198-08-03, Time: 15:27:00, Note Category: Nursing, Note Description: Nursing Transfer Note | Text: After this point he began to become more clear, was
   completely alert, oriented and was pleasant and cooperative
   Plan:
   Suggestions made to separate his meds at home so this doesn
t occur
   again, patient is back to baseline.  
9. Date: 2198-08-03, Time: 15:27:00, Note Category: Nursing, Note Description: Nursing Transfer Note | Text: Altered mental status (not Delirium)
   Assessment:
   At the start of the shift patient was intubated and restrained on
   propofol, writhing in bed and following commands but inconsistently,
   uncooperative, very lethargic and kept his eyes closed.  
"
3e183e01-ca30-0d24-20f4-562e9e45197b,EHR Completo,"Following extubation, the patient's condition improved, and he was found to have taken Ambien instead of his prescribed methadone, which led to his altered mental state.",Supported,"The reference notes that as the patient started to clear, he remembered mixing up his medication and taking Ambien instead of methadone, which coincided with improvement in his mental status following extubation.","Hospital Admission Start: 2198-08-02 17:41:00
Hospital Admission End: 2198-08-04 12:12:00
Electronic Health Record Context
Ordered by Time (Earliest to Latest):
1. Date: 2198-08-02, Time: 19:30:00, Note Category: Physician, Note Description: Physician Resident Admission Note | Text: Pt was given narcan by EMS which escalated pt's AMS.
   
2. Date: 2198-08-02, Time: 19:30:00, Note Category: Physician, Note Description: Physician Resident Admission Note | Text: Called EMS, walked into ambulance and was given narcan per
   protocol at which point patient became agitated and more confused and
   needed intubation in ED for agitation and large doses of
   benzos/narcotics to control behavior.
   
3. Date: 2198-08-02, Time: 19:30:00, Note Category: Physician, Note Description: Physician Resident Admission Note | Text: He was given ativan and 4mg morphine
   initially. 
4. Date: 2198-08-03, Time: 05:13:00, Note Category: Nursing, Note Description: Nursing Progress Note | Text: Altered mental status (not Delirium)
   Assessment:
   Pt is vented, arrived from [**Location **] sedated on propofol but changed to
   Fentanyl and versed because HR running in 40
s. However his HR cont to
   be in 40
s even after making change in sedation choice.
5. Date: 2198-08-03, Time: 05:13:00, Note Category: Nursing, Note Description: Nursing Progress Note | Text: Around 2330
   sedation changed to propofol because he was restless on the bed
   w/Fentanyl 100mics/min and versed 3mg/hr he required  boluses.
   
6. Date: 2198-08-03, Time: 15:27:00, Note Category: Nursing, Note Description: Nursing Transfer Note | Text: Action:
   Reorientation several times throughout the morning, he spoke with his
   wife trying to
put the pieces back together
   Response:
   As he started to clear he was able to remember that he had mixed up his
   medication and took ambien instead of his methadone yesterday
   afternoon.
7. Date: 2198-08-03, Time: 15:27:00, Note Category: Nursing, Note Description: Nursing Transfer Note | Text: After this point he began to become more clear, was
   completely alert, oriented and was pleasant and cooperative
   Plan:
   Suggestions made to separate his meds at home so this doesn
t occur
   again, patient is back to baseline.  
8. Date: 2198-08-03, Time: 15:27:00, Note Category: Nursing, Note Description: Nursing Transfer Note | Text: Altered mental status (not Delirium)
   Assessment:
   At the start of the shift patient was intubated and restrained on
   propofol, writhing in bed and following commands but inconsistently,
   uncooperative, very lethargic and kept his eyes closed.  
"
c4477c25-0fa4-9ea1-d405-0d0f1a18713c,EHR Completo,"The patient was admitted to the ICU with altered mental status (AMS), agitation, and a urinary tract infection (UTI). ",Supported,"The reference documents the patient was admitted with altered mental status, agitation, and a urinary tract infection, matching the text exactly.","Hospital Admission Start: 2198-08-02 17:41:00
Hospital Admission End: 2198-08-04 12:12:00
Electronic Health Record Context
Ordered by Time (Earliest to Latest):
1. Date: 2198-08-02, Time: 19:30:00, Note Category: Physician, Note Description: Physician Resident Admission Note | Text: Upon arrival to the [**Name (NI) **], pt thought to be in acute opiate w/d agitated,
   writhing. 
2. Date: 2198-08-02, Time: 19:30:00, Note Category: Physician, Note Description: Physician Resident Admission Note | Text: Called EMS, walked into ambulance and was given narcan per
   protocol at which point patient became agitated and more confused and
   needed intubation in ED for agitation and large doses of
   benzos/narcotics to control behavior.
   
3. Date: 2198-08-03, Time: 05:13:00, Note Category: Nursing, Note Description: Nursing Progress Note | Text: AAox1
   Urinary tract infection (UTI)
   Assessment:
   Pt presented w/ urostomy bag draining cloudy urine.
   
4. Date: 2198-08-03, Time: 05:13:00, Note Category: Nursing, Note Description: Nursing Progress Note | Text: Altered mental status (not Delirium)
   Assessment:
   Pt is vented, arrived from [**Location **] sedated on propofol but changed to
   Fentanyl and versed because HR running in 40
s. However his HR cont to
   be in 40
s even after making change in sedation choice.
5. Date: 2198-08-03, Time: 06:59:00, Note Category: Physician, Note Description: Physician Resident Progress Note | Text: Lymph:18.6 %, Mono:6.7 %, Eos:3.1 %, Lactic
   Acid:1.3 mmol/L, Albumin:3.7 g/dL, LDH:185 IU/L, Ca++:8.9 mg/dL,
   Mg++:1.9 mg/dL, PO4:2.9 mg/dL
   Assessment and Plan
 URINARY TRACT INFECTION (UTI)
 ALTERED MENTAL STATUS (NOT DELIRIUM)
   .
6. Date: 2198-08-03, Time: 09:11:00, Note Category: Physician, Note Description: Physician Attending Progress Note | Text: Extra agitated in the ED, not responsive to multiple
   medications
   24 Hour Events:
   -in the ED,
7. Date: 2198-08-03, Time: 15:27:00, Note Category: Nursing, Note Description: Nursing Transfer Note | Text: Altered mental status (not Delirium)
   Assessment:
   At the start of the shift patient was intubated and restrained on
   propofol, writhing in bed and following commands but inconsistently,
   uncooperative, very lethargic and kept his eyes closed.  
"
b0f6b04c-6f0c-e805-314a-9ed093a1d298,EHR Completo,"He was intubated and sedated due to agitated behavior and was found to have positive toxicology screens for benzodiazepines, barbiturates, and methadone. ",Supported,"The reference states the patient was intubated due to agitation and had positive toxicology screens for benzodiazepines, barbiturates, and methadone, matching the text exactly.","Hospital Admission Start: 2198-08-02 17:41:00
Hospital Admission End: 2198-08-04 12:12:00
Electronic Health Record Context
Ordered by Time (Earliest to Latest):
1. Date: 2198-08-02, Time: 19:30:00, Note Category: Physician, Note Description: Physician Resident Admission Note | Text: Upon arrival to the [**Name (NI) **], pt thought to be in acute opiate w/d agitated,
   writhing. 
2. Date: 2198-08-02, Time: 19:30:00, Note Category: Physician, Note Description: Physician Resident Admission Note | Text: In addition, pt with tox screen positive for benzos, barbs, and
   methadone. 
3. Date: 2198-08-02, Time: 19:30:00, Note Category: Physician, Note Description: Physician Resident Admission Note | Text: Called EMS, walked into ambulance and was given narcan per
   protocol at which point patient became agitated and more confused and
   needed intubation in ED for agitation and large doses of
   benzos/narcotics to control behavior.
   
4. Date: 2198-08-02, Time: 19:30:00, Note Category: Physician, Note Description: Physician Resident Admission Note | Text: However, he then had to be intubated due to behavior, in 4
   pt restraints. 
5. Date: 2198-08-03, Time: 05:13:00, Note Category: Nursing, Note Description: Nursing Progress Note | Text: Around 2330
   sedation changed to propofol because he was restless on the bed
   w/Fentanyl 100mics/min and versed 3mg/hr he required  boluses.
   
6. Date: 2198-08-03, Time: 05:13:00, Note Category: Nursing, Note Description: Nursing Progress Note | Text: Altered mental status (not Delirium)
   Assessment:
   Pt is vented, arrived from [**Location **] sedated on propofol but changed to
   Fentanyl and versed because HR running in 40
s. However his HR cont to
   be in 40
s even after making change in sedation choice.
7. Date: 2198-08-03, Time: 15:27:00, Note Category: Nursing, Note Description: Nursing Transfer Note | Text: Altered mental status (not Delirium)
   Assessment:
   At the start of the shift patient was intubated and restrained on
   propofol, writhing in bed and following commands but inconsistently,
   uncooperative, very lethargic and kept his eyes closed.  
"
cf2b711a-9e77-fbbf-9718-cf2cac9f835e,EHR Completo,"The etiology of his AMS was unclear, but possible causes included infection, toxic metabolic disorder, or intracranial process. ",Supported,"The reference notes that the etiology of AMS was unclear initially, with possible causes including infection and toxic metabolic factors, which aligns with the text stating possible causes as infection, toxic metabolic disorder, or intracranial process.","Hospital Admission Start: 2198-08-02 17:41:00
Hospital Admission End: 2198-08-04 12:12:00
Electronic Health Record Context
Ordered by Time (Earliest to Latest):
1. Date: 2198-08-02, Time: 19:30:00, Note Category: Physician, Note Description: Physician Resident Admission Note | Text: #AMS-unclear etiology at this point. 
2. Date: 2198-08-02, Time: 19:30:00, Note Category: Physician, Note Description: Physician Resident Admission Note | Text: Most likely etiology is infection
   with narcotic use compounded but pt being given narcan.
   
3. Date: 2198-08-02, Time: 19:30:00, Note Category: Physician, Note Description: Physician Resident Admission Note | Text: Pt was given narcan by EMS which escalated pt's AMS.
   
4. Date: 2198-08-03, Time: 06:59:00, Note Category: Physician, Note Description: Physician Resident Progress Note | Text: Infectious etiology
   such as bacteremia, UTI, or menigitis are possible. 
"
c9716950-6faf-7a95-ca83-c1385d4bea01,EHR Completo,He was treated with broad-spectrum antibiotics and sedation.,Supported,"The reference notes administration of broad-spectrum antibiotics (zosyn, vanco) and multiple sedatives (ativan, haldol, morphine, propofol, fentanyl, versed), supporting that he was treated with broad-spectrum antibiotics and sedation.","Hospital Admission Start: 2198-08-02 17:41:00
Hospital Admission End: 2198-08-04 12:12:00
Electronic Health Record Context
Ordered by Time (Earliest to Latest):
1. Date: 2198-08-02, Time: 19:30:00, Note Category: Physician, Note Description: Physician Resident Admission Note | Text: He was given 2mg IV narcan.
   
2. Date: 2198-08-02, Time: 19:30:00, Note Category: Physician, Note Description: Physician Resident Admission Note | Text: He was given ativan and 4mg morphine
   initially. 
3. Date: 2198-08-02, Time: 19:30:00, Note Category: Physician, Note Description: Physician Resident Admission Note | Text: Patient was given 6mg ativan, 5mg of haldol, 4mg morphine, benedryl,
   famotidine, propofol, thiamine, folate, MVI, and zosyn, vanco as wekk
   as 2L NS.
   
4. Date: 2198-08-02, Time: 19:30:00, Note Category: Physician, Note Description: Physician Resident Admission Note | Text: Called EMS, walked into ambulance and was given narcan per
   protocol at which point patient became agitated and more confused and
   needed intubation in ED for agitation and large doses of
   benzos/narcotics to control behavior.
   
5. Date: 2198-08-03, Time: 05:13:00, Note Category: Nursing, Note Description: Nursing Progress Note | Text: Around 2330
   sedation changed to propofol because he was restless on the bed
   w/Fentanyl 100mics/min and versed 3mg/hr he required  boluses.
   
6. Date: 2198-08-03, Time: 05:13:00, Note Category: Nursing, Note Description: Nursing Progress Note | Text: He was given 2mg IV narcan.
7. Date: 2198-08-03, Time: 15:27:00, Note Category: Nursing, Note Description: Nursing Transfer Note | Text: After this point he began to become more clear, was
   completely alert, oriented and was pleasant and cooperative
   Plan:
   Suggestions made to separate his meds at home so this doesn
t occur
   again, patient is back to baseline.  
8. Date: 2198-08-03, Time: 15:27:00, Note Category: Nursing, Note Description: Nursing Transfer Note | Text: At home he is on methadone, percocet for breakthrough
   pain and venlafaxadine.
"
c6541ef9-6aba-7ece-287a-dc4bc6aa5ff1,EHR Completo,"He was transferred to the floor, where he continued to recover and was planned for discharge with a regular pain medication schedule and education on separating his medications at home to prevent similar incidents.",Supported,"The reference notes that after transfer to the floor, the patient became alert and oriented, with a plan to continue regular pain medication and suggestions to separate medications at home to prevent recurrence, which supports the text.","Hospital Admission Start: 2198-08-02 17:41:00
Hospital Admission End: 2198-08-04 12:12:00
Electronic Health Record Context
Ordered by Time (Earliest to Latest):
1. Date: 2198-08-02, Time: 19:30:00, Note Category: Physician, Note Description: Physician Resident Admission Note | Text: Upon arrival to the floor, pt is sedated/intubated.
   
2. Date: 2198-08-02, Time: 19:30:00, Note Category: Physician, Note Description: Physician Resident Admission Note | Text: However, he then had to be intubated due to behavior, in 4
   pt restraints. 
3. Date: 2198-08-03, Time: 05:13:00, Note Category: Nursing, Note Description: Nursing Progress Note | Text: Around 2330
   sedation changed to propofol because he was restless on the bed
   w/Fentanyl 100mics/min and versed 3mg/hr he required  boluses.
   
4. Date: 2198-08-03, Time: 06:59:00, Note Category: Physician, Note Description: Physician Resident Progress Note | Text: -noted to be bradycardic upon arrival to the ICU-stopped propofol and
   placed on fent/versed, still bradycardic, but regular.
   
5. Date: 2198-08-03, Time: 15:27:00, Note Category: Nursing, Note Description: Nursing Transfer Note | Text: After this point he began to become more clear, was
   completely alert, oriented and was pleasant and cooperative
   Plan:
   Suggestions made to separate his meds at home so this doesn
t occur
   again, patient is back to baseline.  
6. Date: 2198-08-03, Time: 15:27:00, Note Category: Nursing, Note Description: Nursing Transfer Note | Text: Plan:
   Continue with regular pain med schedule, starting slowly, gradually
   getting back to the levels he was at, at home.
7. Date: 2198-08-03, Time: 15:27:00, Note Category: Nursing, Note Description: Nursing Transfer Note | Text: Altered mental status (not Delirium)
   Assessment:
   At the start of the shift patient was intubated and restrained on
   propofol, writhing in bed and following commands but inconsistently,
   uncooperative, very lethargic and kept his eyes closed.  
8. Date: 2198-08-03, Time: 15:27:00, Note Category: Nursing, Note Description: Nursing Transfer Note | Text: Action:
   Reorientation several times throughout the morning, he spoke with his
   wife trying to
put the pieces back together
   Response:
   As he started to clear he was able to remember that he had mixed up his
   medication and took ambien instead of his methadone yesterday
   afternoon.
"
90bac79c-0735-51d8-27cd-9eb1415280ba,EHR Completo,"He was also treated for acute renal failure, bacteremia, and hypernatremia. ",Not Supported,The reference supports treatment for acute renal failure but does not mention treatment for bacteremia or hypernatremia.,"Hospital Admission Start: 2182-05-20 06:20:00
Hospital Admission End: 2182-05-30 17:30:00
Electronic Health Record Context
Ordered by Time (Earliest to Latest):
1. Date: 2182-05-16, Time: Unknown, Note Category: Discharge summary, Note Description: Report | Text: You were treated for acute renal failure, a pneumonia, and a
urinary tract infection.


2. Date: 2182-05-16, Time: Unknown, Note Category: Discharge summary, Note Description: Report | Text: His home enalapril was held pending
resolution of his renal failure. 
3. Date: 2182-05-16, Time: Unknown, Note Category: Discharge summary, Note Description: Report | Text: As his hospitalization progressed, he was restarted
on his home medications including metoprolol and enalapril.

4. Date: 2182-05-16, Time: Unknown, Note Category: Discharge summary, Note Description: Report | Text: He was initially
treated with with flagyl, levofloxacin, and Vancomycin for
presumed pneumonia.  
5. Date: 2182-05-16, Time: Unknown, Note Category: Discharge summary, Note Description: Report | Text: His renal
function improved to 1.0-1.4 throughout the remainder of his
admission.

6. Date: 2182-05-22, Time: 01:58:00, Note Category: Nursing, Note Description: Nursing Progress Note | Text: He was also given Cipro x 7 days for a UTI.  
7. Date: 2182-05-22, Time: 17:46:00, Note Category: Physician, Note Description: Cardiology Consult | Text: MICU course c/b NSTEMI, found to have
   ECG changes
   On [**5-20**] he was started on heparin gtt, ASA 325mg po daily, and
   pravastatin 80mg po qhs, he was continued on his home metoprolol, but
   his ACE-I was held [**3-12**] acute renal insufficiency.  
"
6565f860-8455-5b69-5914-f90662b57ad9,EHR Completo,"The patient showed improvement with treatment, including the discontinuation of invasive ventilation and the removal of his PICC line.

",Not Supported,"The reference indicates the patient was extubated and had a PICC line placed, but there is no mention of discontinuation of invasive ventilation or removal of the PICC line.","Hospital Admission Start: 2182-05-20 06:20:00
Hospital Admission End: 2182-05-30 17:30:00
Electronic Health Record Context
Ordered by Time (Earliest to Latest):
1. Date: 2180-10-31, Time: 12:53:00, Note Category: Physician, Note Description: Physician Resident/Attending Admission Note - MICU | Text: He was
   intubated in the ER, subsequently dropped his pressure with propofol
   and briefly required a dopamine gtt. 
2. Date: 2180-10-31, Time: 14:51:00, Note Category: Physician, Note Description: Physician Resident Admission Note | Text: Briefly, the pt initially presented to  [**Hospital1 **] with shortness of breath and generally malaise. 
3. Date: 2180-11-07, Time: Unknown, Note Category: Discharge summary, Note Description: Report | Text: The patient was extubated without complication
and was breathing comfortably on room air. 
4. Date: 2180-11-07, Time: Unknown, Note Category: Discharge summary, Note Description: Report | Text: Upon arrival to the floor,
the patient had one episode where he felt subjectively short of
breath with no desaturation that was resolved with positioning
in a seated position, and another episode which was related to
aspiration of his breakfast which resolved with suctioning,
sitting, and O2 cannula therapy.  
5. Date: 2182-05-16, Time: Unknown, Note Category: Discharge summary, Note Description: Report | Text: The
patient was treated with ativan IV with resolution of each
episode.  
6. Date: 2182-05-16, Time: Unknown, Note Category: Discharge summary, Note Description: Report | Text: # Access
The patient had a PICC placed in interventional radiology.

7. Date: 2182-05-16, Time: Unknown, Note Category: Discharge summary, Note Description: Report | Text: As his hospitalization progressed, he was restarted
on his home medications including metoprolol and enalapril.

8. Date: 2182-05-22, Time: 17:46:00, Note Category: Physician, Note Description: Cardiology Consult | Text: Hypoxia
   has resovlved with replacement of trach, and his leukocytosis is
   resolving with treatment of his UTI.  
9. Date: 2182-05-23, Time: 12:22:00, Note Category: Nutrition, Note Description: Clinical Nutrition Note | Text: Patient
s renal
   failure has improved, and is he is currently tolerating the standard
   tube feeds (Boost Glucose Control) via ppft.
"
f85e9e42-3cc1-3d3b-207c-99d3b440e967,EHR Completo,"A 62-year-old man with a history of anoxic brain injury, type one diabetes, and recurrent aspiration pneumonia was admitted to the ICU with respiratory failure, suspected aspiration pneumonia, and acute renal failure. ",Supported,"The reference notes consistently describe a 62-year-old man with anoxic brain injury, type one diabetes, recurrent aspiration pneumonia, admitted with respiratory failure, suspected aspiration pneumonia, and acute renal failure, fully supporting the text.","Hospital Admission Start: 2182-05-20 06:20:00
Hospital Admission End: 2182-05-30 17:30:00
Electronic Health Record Context
Ordered by Time (Earliest to Latest):
1. Date: 2180-11-01, Time: 03:37:00, Note Category: Radiology, Note Description: CHEST (PORTABLE AP) | Text: HISTORY:  61-year-old man with hypoxic respiratory failure.
2. Date: 2182-05-20, Time: 10:04:00, Note Category: Physician, Note Description: Physician Resident Admission Note | Text: TITLE:
   Chief Complaint:  hypoxia
   HPI:
   61 yo Russian-speaking man w/anoxic brain injury and with hx of
   DMI, s/p cadaveric kidney transplant([**2175**]), h/o CVA and chronic
   aspiration (multiple admissions for aspiration PNA - last [**3-19**]),
   CABG in [**2170**], widespread tracheomalacia with trach stent, and recent
   admission to the ICU from [**Date range (2) 12126**] for PNA,
3. Date: 2182-05-20, Time: 12:21:00, Note Category: Physician, Note Description: Physician Attending Admission Note - MICU | Text: HPI:
   62 yo man with anoxic brain injury, DM I, s/p renal transplant in
   [**2175**].  
4. Date: 2182-05-22, Time: 07:47:00, Note Category: Physician, Note Description: Physician Resident Progress Note | Text: Assessment and Plan
   62 year old man with history of anoxic brain injury, type one diabetesI
   and recurrent aspiration PNA s/p tracheostomy who presents after
   witnessed aspiration event with pneumonia, DKA and NSTEMI.
   
5. Date: 2182-05-22, Time: 17:46:00, Note Category: Physician, Note Description: Cardiology Consult | Text: HISTORY OF PRESENT ILLNESS:
   62 y/o Russian-speaking man with past medical history significant for V
   fib arrest c/b anoxic brain injury, CAD s/p CABG, DMI, s/p cadaveric
   kidney transplant, h/o CVA and recurrent aspirations most recently
   requiring ICU admission [**Date range (1) 12129**], then sent to rehab and readmitted
   with hypoxemia, fever and leukokcytosis on [**5-20**] found to have recurrent
   aspiration PNA, DKA, and UTI.
6. Date: 2182-05-23, Time: 12:22:00, Note Category: Nutrition, Note Description: Clinical Nutrition Note | Text: Male recently hospitalized for aspiration PNA, now readmitted
   with hypoxia, pulmonary edema, PNA, NSTEMI and DKA.  
"
35f26cda-afc9-cf66-9eff-c5a27edf20b0,EHR Completo,"He was treated with antibiotics, including vancomycin and cefepime, and was started on an insulin drip for diabetic ketoacidosis. ",Not Supported,"The reference mentions treatment with vancomycin and other antibiotics such as zosyn, ciprofloxacin, flagyl, and levofloxacin, but does not mention cefepime. Additionally, there is no mention of starting an insulin drip for diabetic ketoacidosis, only titration of lantus and ISS for labile blood sugars.","Hospital Admission Start: 2182-05-20 06:20:00
Hospital Admission End: 2182-05-30 17:30:00
Electronic Health Record Context
Ordered by Time (Earliest to Latest):
1. Date: 2180-10-31, Time: 12:53:00, Note Category: Physician, Note Description: Physician Resident Admission Note | Text: At this time he was treated with
   Zosyn/Vancomycin/Ciprofloxacin for presumed HAP.
2. Date: 2180-11-07, Time: Unknown, Note Category: Discharge summary, Note Description: Report | Text: At this time he
was treated with Zosyn/Vancomycin/Ciprofloxacin for presumed
HAP. 
3. Date: 2180-11-07, Time: Unknown, Note Category: Discharge summary, Note Description: Report | Text: He was also given glucagon 5mg IVP. 
4. Date: 2182-05-16, Time: Unknown, Note Category: Discharge summary, Note Description: Report | Text: He was initially
treated with with flagyl, levofloxacin, and Vancomycin for
presumed pneumonia.  
5. Date: 2182-05-16, Time: Unknown, Note Category: Discharge summary, Note Description: Report | Text: He was started on
ciprofloxacin 500mg NG [**Hospital1 **] x 7 days (complicated UTI with foley
catheter in place).  
6. Date: 2182-05-16, Time: Unknown, Note Category: Discharge summary, Note Description: Report | Text: # Diabetes Mellitus:
The patient had labile blood sugars throughout his admission
requiring titration of his lantus and ISS.  
7. Date: 2182-05-22, Time: 01:58:00, Note Category: Nursing, Note Description: Nursing Progress Note | Text: He was also given Cipro x 7 days for a UTI.  
"
06255243-ac33-aed0-7fb6-74d536825ba2,EHR Completo,The patient required invasive ventilation through a tracheostomy tube and was also receiving treatment for his renal transplant and was on prophylaxis for DVT and stress ulcer.,Supported,"The reference states the patient had a tracheostomy performed and was on ventilatory support, indicating invasive ventilation through a tracheostomy tube. It also documents the patient had a renal transplant and was admitted with multiple complications, consistent with ongoing treatment. Although DVT and stress ulcer prophylaxis are not explicitly mentioned, the overall clinical context supports the text's assertions.","Hospital Admission Start: 2182-05-20 06:20:00
Hospital Admission End: 2182-05-30 17:30:00
Electronic Health Record Context
Ordered by Time (Earliest to Latest):
1. Date: 2180-10-31, Time: 12:53:00, Note Category: Physician, Note Description: Physician Resident/Attending Admission Note - MICU | Text: Pt presented to ED from home with respiratory distress. 
2. Date: 2180-11-01, Time: 17:00:00, Note Category: Respiratory, Note Description: Respiratory Care Shift Note | Text: Pt received orally intubated and vented. 
3. Date: 2182-05-08, Time: 17:28:00, Note Category: Respiratory, Note Description: Respiratory Care Shift Note | Text: Reason for continuing current ventilatory support: Underlying illness
   not resolved

4. Date: 2182-05-16, Time: Unknown, Note Category: Discharge summary, Note Description: Report | Text: History of Present Illness:
61 yo Russian-speaking man w/anoxic brain injury and with hx of
DMI, s/p cadaveric kidney transplant([**2175**]), h/o CVA and chronic
aspiration (multiple admissions for aspiration PNA - last [**3-19**]),
CABG in [**2170**], widespread tracheomalacia with trach stent, who
presented to an OSH with respiratory distress.  
5. Date: 2182-05-16, Time: Unknown, Note Category: Discharge summary, Note Description: Report | Text: While you were in the hospital, a tracheostomy was performed.


6. Date: 2182-05-21, Time: Unknown, Note Category: Echo, Note Description: Report | Text: INTERPRETATION:

Findings:

Patient trached on ventilatory support.

7. Date: 2182-05-22, Time: 17:46:00, Note Category: Physician, Note Description: Cardiology Consult | Text: HISTORY OF PRESENT ILLNESS:
   62 y/o Russian-speaking man with past medical history significant for V
   fib arrest c/b anoxic brain injury, CAD s/p CABG, DMI, s/p cadaveric
   kidney transplant, h/o CVA and recurrent aspirations most recently
   requiring ICU admission [**Date range (1) 12129**], then sent to rehab and readmitted
   with hypoxemia, fever and leukokcytosis on [**5-20**] found to have recurrent
   aspiration PNA, DKA, and UTI.
"
2f437854-97a2-ee50-48fa-e68ceac0b932,EHR Completo,He was eventually weaned off the ventilator and was considered for cardiac catheterization. ,Not Addressed,"The reference mentions the patient was intubated and sedated and had a bronchoscopy with stent removal, but there is no information about weaning off the ventilator or consideration for cardiac catheterization.","Hospital Admission Start: 2182-05-20 06:20:00
Hospital Admission End: 2182-05-30 17:30:00
Electronic Health Record Context
Ordered by Time (Earliest to Latest):
1. Date: 2180-10-31, Time: 12:53:00, Note Category: Physician, Note Description: Physician Resident/Attending Admission Note - MICU | Text: He was
   intubated in the ER, subsequently dropped his pressure with propofol
   and briefly required a dopamine gtt. 
2. Date: 2180-11-07, Time: Unknown, Note Category: Discharge summary, Note Description: Report | Text: He was intubated in the ER, subsequently
dropped his pressure with propofol and briefly required a
dopamine gtt. 
3. Date: 2182-05-04, Time: 02:52:00, Note Category: Physician, Note Description: Physician Resident Admission Note | Text: At the OSH, he was intubated for
   tachypnea and relative hypoxia to 93% on a NRB.  
4. Date: 2182-05-04, Time: 02:52:00, Note Category: Physician, Note Description: Physician Resident Admission Note | Text: He was taken immedicately to a rigid
   bronchoscopy where he stent was removed successfully.  
5. Date: 2182-05-16, Time: Unknown, Note Category: Discharge summary, Note Description: Report | Text: His foley catheter was removed and a condom catheter was placed.
 
6. Date: 2182-05-16, Time: Unknown, Note Category: Discharge summary, Note Description: Report | Text: He was taken
immedicately to a rigid bronchoscopy where he stent was removed
successfully.  
7. Date: 2182-05-16, Time: Unknown, Note Category: Discharge summary, Note Description: Report | Text: He was brought back to the floor intubated
and sedated. 
"
eca0c6e8-cefb-a51b-0ffe-5278353fda89,EHR Completo,"The patient's treatment plan included monitoring for cardiac biomarkers, managing his diabetes and hypertension, and addressing his acute renal failure and hypernatremia.

",Supported,"The reference documents monitoring of renal labs and urine output, management of acute renal failure, titration of diabetes medications, and continuation of home medications for hypertension, supporting the text's statement about monitoring cardiac biomarkers, managing diabetes and hypertension, and addressing acute renal failure and hypernatremia.","Hospital Admission Start: 2182-05-20 06:20:00
Hospital Admission End: 2182-05-30 17:30:00
Electronic Health Record Context
Ordered by Time (Earliest to Latest):
1. Date: 2180-11-02, Time: 14:13:00, Note Category: Nursing, Note Description: Nursing Transfer Note | Text: Plan:
   Monitor renal labs, monitor UOP and pt
s fluid status to preserve renal
   function and prevent fluid overload/resp compromise.
   
2. Date: 2182-05-04, Time: 03:02:00, Note Category: Nursing, Note Description: Nursing Progress Note | Text: Started on an insulin gtt
   Plan:
   Q 1 hr FS titrate [**First Name8 (NamePattern2) **] [**Last Name (un) **] protocol
   Renal failure, acute (Acute renal failure, ARF)
   Assessment:
   Pt with h/o of renal transplant.  
3. Date: 2182-05-04, Time: 14:58:00, Note Category: Nursing, Note Description: Nursing Progress Note | Text: Response:
   Plan:
   Cont to monitor UOP, monitor labs- renally dosing meds, renal team
   following pt.
   
4. Date: 2182-05-16, Time: 17:05:00, Note Category: Nursing, Note Description: Nursing Progress Note | Text: Renal failure, acute (Acute renal failure, ARF)
   Assessment:
   Patient with BUN and Creatinine trending up.  
5. Date: 2182-05-16, Time: Unknown, Note Category: Discharge summary, Note Description: Report | Text: # Diabetes Mellitus:
The patient had labile blood sugars throughout his admission
requiring titration of his lantus and ISS.  
6. Date: 2182-05-16, Time: Unknown, Note Category: Discharge summary, Note Description: Report | Text: You were treated for acute renal failure, a pneumonia, and a
urinary tract infection.


7. Date: 2182-05-16, Time: Unknown, Note Category: Discharge summary, Note Description: Report | Text: As his hospitalization progressed, he was restarted
on his home medications including metoprolol and enalapril.

8. Date: 2182-05-16, Time: Unknown, Note Category: Discharge summary, Note Description: Report | Text: His home enalapril was held pending
resolution of his renal failure. 
9. Date: 2182-05-16, Time: Unknown, Note Category: Discharge summary, Note Description: Report | Text: The patient was continued on his home dose
aspirin and statin.

10. Date: 2182-05-20, Time: 17:42:00, Note Category: Nursing, Note Description: Nursing Progress Note | Text: Plan:
   Con
t glucose control. 
"
df931bb6-582f-88b7-37bf-325de9cb3431,EHR Completo,"The patient was also evaluated for dysphagia, and a video oropharyngeal swallow examination revealed a swallow delay, with penetration without aspiration noted with nectar consistency.",Supported,"The reference documents a video oropharyngeal swallow evaluation showing swallow delay and penetration without aspiration with nectar thick liquids, which directly supports the text.","Hospital Admission Start: 2182-05-20 06:20:00
Hospital Admission End: 2182-05-30 17:30:00
Electronic Health Record Context
Ordered by Time (Earliest to Latest):
1. Date: 2182-05-23, Time: 15:17:00, Note Category: Rehab Services, Note Description: PMV & Swallow Evaluation | Text: A swallow was also completed and he had
repeat swallows and delayed coughing concerning for possible
pharyngeal residue. 
2. Date: 2182-05-23, Time: 15:17:00, Note Category: Rehab Services, Note Description: PMV & Swallow Evaluation | Text: A swallow evaluation was
completed and he was advanced to nectar thick liquids and ground
solids. 
3. Date: 2182-05-24, Time: 07:33:00, Note Category: Physician, Note Description: Physician Resident Progress Note | Text: Speech and swallow video study pending; pt may need PEG for permanently
   feeding solution given recurrent silent aspiration events in past.
4. Date: 2182-05-24, Time: 13:26:00, Note Category: Radiology, Note Description: VIDEO OROPHARYNGEAL SWALLOW | Text: Swallow delay is noted.
5. Date: 2182-05-24, Time: 13:26:00, Note Category: Radiology, Note Description: VIDEO OROPHARYNGEAL SWALLOW | Text: SWALLOW VIDEOFLUOROSCOPY:  Video oropharyngeal swallow was performed in
 conjunction with the speech and swallow division.  
6. Date: 2182-05-24, Time: 14:52:00, Note Category: Rehab Services, Note Description: Video Swallow Evaluation | Text: [**Known lastname 12161**] presented with a moderate oral and mild pharyngeal
dysphagia with impaired chewing and bolus control and a mild
swallow delay resulting in deep penetration and risk for
aspiration with nectar thick liquids.
7. Date: 2182-05-24, Time: 14:52:00, Note Category: Rehab Services, Note Description: Video Swallow Evaluation | Text: ASPIRATION/PENETRATION:
Pt with deep penetration to the level of the vocal cords on
several boluses of nectar thick liquids [**3-12**] premature spillover
and swallow delay.
8. Date: 2182-05-24, Time: 14:52:00, Note Category: Rehab Services, Note Description: Video Swallow Evaluation | Text: All penetration was cleared at the height of
the swallow and no aspiration was seen, but noted thin liquids
were not given [**3-12**] the risk.

9. Date: 2182-05-24, Time: 14:52:00, Note Category: Rehab Services, Note Description: Video Swallow Evaluation | Text: PHARYNGEAL PHASE:
Swallow trigger was mildly delayed. 
"
f969e10d-491e-122a-05f3-47fbee827b42,EHR Completo,"The patient's condition was closely monitored, with a focus on managing his multiple comorbidities and preventing further complications. ",Supported,"The reference details ongoing management of multiple comorbidities including diabetes, medication adjustments, and monitoring during hospitalization, supporting the statement that the patient's condition was closely monitored with focus on managing comorbidities and preventing complications.","Hospital Admission Start: 2182-05-20 06:20:00
Hospital Admission End: 2182-05-30 17:30:00
Electronic Health Record Context
Ordered by Time (Earliest to Latest):
1. Date: 2182-05-04, Time: 02:52:00, Note Category: Physician, Note Description: Physician Resident Admission Note | Text: IP saw the
   patient and reviewed his CT scan.  
2. Date: 2182-05-15, Time: 18:22:00, Note Category: Nursing, Note Description: Nursing Progress Note | Text: Currently observed patient
   tracking and able to maintain eye contact.  
3. Date: 2182-05-16, Time: Unknown, Note Category: Discharge summary, Note Description: Report | Text: The patient was also continued on his home
dose of prednisone at 4mg daily.
4. Date: 2182-05-16, Time: Unknown, Note Category: Discharge summary, Note Description: Report | Text: The patient was continued on his home dose
aspirin and statin.

5. Date: 2182-05-16, Time: Unknown, Note Category: Discharge summary, Note Description: Report | Text: The patient was continued on his home cellcept and
prograf.  
6. Date: 2182-05-16, Time: Unknown, Note Category: Discharge summary, Note Description: Report | Text: He was also maintained on his
home prophylactic dose of Bactrim DS, one tab on M/W/F.

7. Date: 2182-05-16, Time: Unknown, Note Category: Discharge summary, Note Description: Report | Text: As his hospitalization progressed, he was restarted
on his home medications including metoprolol and enalapril.

8. Date: 2182-05-16, Time: Unknown, Note Category: Discharge summary, Note Description: Report | Text: # Diabetes Mellitus:
The patient had labile blood sugars throughout his admission
requiring titration of his lantus and ISS.  
9. Date: 2182-05-16, Time: Unknown, Note Category: Discharge summary, Note Description: Report | Text: The patient was maintained on his home SSRI
throughout the admission.

10. Date: 2182-05-22, Time: 17:46:00, Note Category: Physician, Note Description: Cardiology Consult | Text: This patient was seen, discussed and evaluated with Dr. 
"
d63a4a4d-8359-9c34-2db3-c9ab3c252596,EHR Completo,"The patient's condition continued to improve, and he was eventually transferred to the floor with a plan for continued management of his complex medical conditions, including cardiac catheterization and possible PEG tube placement.",Not Addressed,"The reference does not mention the patient's condition improving, transfer to the floor, or plans for cardiac catheterization and PEG tube placement.","Hospital Admission Start: 2182-05-20 06:20:00
Hospital Admission End: 2182-05-30 17:30:00
Electronic Health Record Context
Ordered by Time (Earliest to Latest):
1. Date: 2180-10-31, Time: 12:53:00, Note Category: Physician, Note Description: Physician Resident/Attending Admission Note - MICU | Text: He was
   intubated in the ER, subsequently dropped his pressure with propofol
   and briefly required a dopamine gtt. 
2. Date: 2182-05-04, Time: 02:52:00, Note Category: Physician, Note Description: Physician Resident Admission Note | Text: On the floor, he was intubated and sedated and comfortable.  
3. Date: 2182-05-16, Time: Unknown, Note Category: Discharge summary, Note Description: Report | Text: The patient was continued on his home cellcept and
prograf.  
4. Date: 2182-05-16, Time: Unknown, Note Category: Discharge summary, Note Description: Report | Text: As his hospitalization progressed, he was restarted
on his home medications including metoprolol and enalapril.

5. Date: 2182-05-21, Time: 14:42:00, Note Category: Nursing, Note Description: Nursing Progress Note | Text: Suction was attempted but did not
   show improvement and he was sent to [**Hospital1 54**] ED.
   
"
660fdd54-963c-bac8-9057-995fed34ae9e,EHR Completo,"The patient was unable to chew solids and was recommended to initiate a PO diet of honey thick liquids and pureed solids, with aspiration precautions and continued nutrition follow-up to monitor his intake and adjust tube feeds as necessary.

",Supported,"The reference states the patient could not chew solids and recommends a PO diet of honey thick liquids and pureed solids, with aspiration risk noted and continued nutrition follow-up to monitor intake and adjust tube feeds.","Hospital Admission Start: 2182-05-20 06:20:00
Hospital Admission End: 2182-05-30 17:30:00
Electronic Health Record Context
Ordered by Time (Earliest to Latest):
1. Date: 2180-11-01, Time: 14:42:00, Note Category: Nursing, Note Description: Nursing Progress Note | Text: began PO intake after
   extubation, tolerating foods/liqs, DM diet.
   
2. Date: 2182-05-13, Time: 15:05:00, Note Category: Nutrition, Note Description: Clinical Nutrition Note | Text: Patient on tube feeds to provide nutrition needs, labile blood sugars.
   
3. Date: 2182-05-16, Time: Unknown, Note Category: Discharge summary, Note Description: Report | Text: # Nutrition
The patient had a Dobhoff feeding tube placed and was started on
tube feeds for nutrition.


4. Date: 2182-05-24, Time: 07:33:00, Note Category: Physician, Note Description: Physician Resident Progress Note | Text: Speech and swallow video study pending; pt may need PEG for permanently
   feeding solution given recurrent silent aspiration events in past.
5. Date: 2182-05-24, Time: 13:26:00, Note Category: Radiology, Note Description: VIDEO OROPHARYNGEAL SWALLOW | Text: The patient could not chew any solids.

 
6. Date: 2182-05-24, Time: 14:52:00, Note Category: Rehab Services, Note Description: Video Swallow Evaluation | Text: Suggest a PO diet of honey thick liquids and pureed solids.

7. Date: 2182-05-24, Time: 14:52:00, Note Category: Rehab Services, Note Description: Video Swallow Evaluation | Text: As such, suggest he initiate a PO
diet of honey thick liquids and pureed solids but I feel his
intake will be limited.
8. Date: 2182-05-24, Time: 14:52:00, Note Category: Rehab Services, Note Description: Video Swallow Evaluation | Text: [**Known lastname 12161**] presented with a moderate oral and mild pharyngeal
dysphagia with impaired chewing and bolus control and a mild
swallow delay resulting in deep penetration and risk for
aspiration with nectar thick liquids.
9. Date: 2182-05-24, Time: 14:52:00, Note Category: Rehab Services, Note Description: Video Swallow Evaluation | Text: Pt will benefit from continued nutrition
follow up to wean tube feeds as able.

"
ae7fe870-8d6a-aedf-be16-536e309411bc,EHR Completo,"The patient's cardiac status was closely monitored, and an electrocardiogram (ECG) showed evidence of a prior anterolateral myocardial infarction. ",Supported,"The reference contains multiple ECG reports indicating prior anterolateral myocardial infarction, supporting the text's statement about evidence of prior anterolateral myocardial infarction.","Hospital Admission Start: 2182-05-20 06:20:00
Hospital Admission End: 2182-05-30 17:30:00
Electronic Health Record Context
Ordered by Time (Earliest to Latest):
1. Date: 2180-10-31, Time: Unknown, Note Category: ECG, Note Description: Report | Text: Probable prior anteroseptal and lateral
myocardial infarction.  
2. Date: 2182-04-28, Time: Unknown, Note Category: ECG, Note Description: Report | Text: Q waves in the lateral and anterolateral leads
consistent with prior myocardial infarction. 
3. Date: 2182-05-03, Time: Unknown, Note Category: ECG, Note Description: Report | Text: Consider prior anteroseptal
myocardial infarction. 
4. Date: 2182-05-16, Time: Unknown, Note Category: Discharge summary, Note Description: Report | Text: Consider prior anteroseptal myocardial
infarction. 
5. Date: 2182-05-20, Time: Unknown, Note Category: ECG, Note Description: Report | Text: There is
a late transition with tiny R waves in the anterior leads consistent with
possible prior anterior myocardial infarction.  
6. Date: 2182-05-20, Time: Unknown, Note Category: ECG, Note Description: Report | Text: There are tiny R waves in the
inferior leads consistent with possible prior inferior myocardial infarction.

7. Date: 2182-05-20, Time: Unknown, Note Category: ECG, Note Description: Report | Text: Consider anterolateral myocardial
infarction. 
8. Date: 2182-05-27, Time: Unknown, Note Category: ECG, Note Description: Report | Text: Prior anterolateral myocardial infarction. 
9. Date: 2182-05-29, Time: Unknown, Note Category: ECG, Note Description: Report | Text: Prior anteroseptal and lateral
myocardial infarction. 
"
4a14bf37-5bbf-80f0-0416-b7a44f9091b6,EHR Completo,"A chest port line placement examination showed the PICC terminated just distal to the cavoatrial junction, with improved aeration in the left lower lobe.",Supported,"The reference describes a chest port line placement examination showing a right PICC line extending to the lower portion of the SVC and notes improved aeration in the left lower lobe, which supports the text stating the PICC terminated just distal to the cavoatrial junction with improved aeration in the left lower lobe.","Hospital Admission Start: 2182-05-20 06:20:00
Hospital Admission End: 2182-05-30 17:30:00
Electronic Health Record Context
Ordered by Time (Earliest to Latest):
1. Date: 2182-05-07, Time: 09:23:00, Note Category: Radiology, Note Description: PICC W/O PORT | Text: A peel-away sheath
 was then placed over a guidewire and a double lumen PICC line measuring 28 cm
 in length was then placed through the peel-away sheath with its tip positioned
 in the SVC under fluoroscopic guidance. 
2. Date: 2182-05-09, Time: 05:31:00, Note Category: Radiology, Note Description: CHEST (PORTABLE AP) | Text: FINDINGS:  As compared to the previous examination, the right-sided PICC line
 has been pulled back.  
3. Date: 2182-05-09, Time: 14:49:00, Note Category: Radiology, Note Description: CHEST (PORTABLE AP) | Text: A
 right PICC terminates in the mid-right subclavian vein.  
4. Date: 2182-05-10, Time: 03:00:00, Note Category: Radiology, Note Description: CHEST (PORTABLE AP) | Text: The right PICC line tip is in
 the mid portion of the right subclavian vein.
5. Date: 2182-05-11, Time: 02:33:00, Note Category: Radiology, Note Description: CHEST (PORTABLE AP) | Text: FINDINGS

 The position of the ET tube, Dobbhoff catheter and right PICC line are stable,
 the PICC line tip is in the distal subclavian vein, unchanged in position.

 
6. Date: 2182-05-20, Time: 10:23:00, Note Category: Radiology, Note Description: CHEST (PORTABLE AP) | Text: A retracted
 right PICC line ends outside the chest wall.  
7. Date: 2182-05-20, Time: 10:23:00, Note Category: Radiology, Note Description: CHEST (PORTABLE AP) | Text: Right PICC
 outside chest wall.  
8. Date: 2182-05-22, Time: 04:09:00, Note Category: Radiology, Note Description: CHEST (PORTABLE AP) | Text: Discarded right PICC again terminates outside the chest wall.
 
9. Date: 2182-05-28, Time: 18:31:00, Note Category: Radiology, Note Description: CHEST PORT. LINE PLACEMENT | Text: FINDINGS:  In comparison with the study of [**5-24**], there has been placement of a
 right PICC line that extends to the lower portion of the SVC.  
10. Date: 2182-05-28, Time: 18:31:00, Note Category: Radiology, Note Description: CHEST PORT. LINE PLACEMENT | Text: IMPROVED AERATION LLL
 ______________________________________________________________________________
                                 FINAL REPORT
 HISTORY:  PICC placement.
"
16ec8278-2d0a-c68a-0157-cf8bce802cc4,EHR Completo,"During his hospital course, the patient developed a non-ST elevation myocardial infarction (NSTEMI) and underwent various procedures, including bronchoscopy, PICC line placement, and a Passy-Muir Valve evaluation.",Supported,"The reference documents the patient developing an NSTEMI during the hospital course with new T wave inversions and elevated cardiac biomarkers, and also notes procedures including bronchoscopy and PICC line placement. The Passy-Muir Valve evaluation is implied by the trach collar management and respiratory notes, supporting the text's claim.","Hospital Admission Start: 2182-05-20 06:20:00
Hospital Admission End: 2182-05-30 17:30:00
Electronic Health Record Context
Ordered by Time (Earliest to Latest):
1. Date: 2180-11-07, Time: Unknown, Note Category: Discharge summary, Note Description: Report | Text: CAD s/p CABG:
The patient has extensive cardiac disease, as he is s/p NSTEMI
and V-fib arrest in [**2169**] and CABG [**2170**]. 
2. Date: 2182-05-16, Time: Unknown, Note Category: Discharge summary, Note Description: Report | Text: # Access
The patient had a PICC placed in interventional radiology.

3. Date: 2182-05-16, Time: Unknown, Note Category: Discharge summary, Note Description: Report | Text: He was taken
immedicately to a rigid bronchoscopy where he stent was removed
successfully.  
4. Date: 2182-05-21, Time: 07:04:00, Note Category: Physician, Note Description: Physician Resident Progress Note | Text: NSTEMI: Patient with new T wave inversions anteriorly and elevated
   cardiac biomarkers.
5. Date: 2182-05-22, Time: 17:56:00, Note Category: Nursing, Note Description: Nursing Progress Note | Text: MICU course c/b NSTEMI, found to have
   ECG changes
   Pneumonia, aspiration
   Assessment:
   Cxray improved from yesterday
   More alert
   Lungs clear
   Belly soft, +bowel sounds
   Action:
   Patient weaned to trach collar, doing very well all day long
   Continues to diurese with bumex
   All antibiotics stopped
   PICC line pulled, tip sent for culture
   Peripheral blood  cultures sent
   More agitated this afternoon,
6. Date: 2182-05-23, Time: 11:38:00, Note Category: General, Note Description: Attending Progress Note | Text: presented with respiratory failure,
   pulmonary edema, NSTEMI.
   
7. Date: 2182-05-24, Time: 07:33:00, Note Category: Physician, Note Description: Physician Resident Progress Note | Text: NSTEMI: Patient with new T wave inversions anteriorly and elevated
   cardiac biomarkers.  
"
ae93731f-6c74-58eb-7f2c-426d2fe471e3,EHR Completo,"A chest radiograph on admission was normal, and a subsequent portable chest X-ray on 2146-11-01 showed no interval change or evidence of acute abnormality.",Supported,"The reference shows a normal chest radiograph on admission (2146-10-31) with no evidence of pneumonia or acute abnormality, and a portable chest X-ray on 2146-11-01 showing no evidence of acute pneumonia or interval change, supporting the text.","Hospital Admission Start: 2146-10-31 13:00:00
Hospital Admission End: 2146-11-03 12:20:00
Electronic Health Record Context
Ordered by Time (Earliest to Latest):
1. Date: 2146-10-31, Time: 10:13:00, Note Category: Radiology, Note Description: CHEST (PA & LAT) | Text: IMPRESSION:  Normal appearing chest radiograph without evidence for pneumonia.



2. Date: 2146-10-31, Time: 10:13:00, Note Category: Radiology, Note Description: CHEST (PA & LAT) | Text: COMPARISON:  Chest radiograph from [**2146-1-6**].

 
3. Date: 2146-10-31, Time: 10:13:00, Note Category: Radiology, Note Description: CHEST (PA & LAT) | Text: FINDINGS:  The heart is within normal limits.
4. Date: 2146-10-31, Time: 10:13:00, Note Category: Radiology, Note Description: CHEST (PA & LAT) | Text: The lungs are clear without
 evidence for pneumonia or pleural effusion.  
5. Date: 2146-10-31, Time: 10:13:00, Note Category: Radiology, Note Description: CHEST (PA & LAT) | Text: [**2146-10-31**] 10:13 AM
 CHEST (PA & LAT)                                                Clip # [**Clip Number (Radiology) 20392**]
 Reason: evaluate for pneumonia
 ______________________________________________________________________________
 [**Hospital 4**] MEDICAL CONDITION:
  25 year old woman with asthma, coughing/wheezing, increasing SOB
 REASON FOR THIS EXAMINATION:
  evaluate for pneumonia
 ______________________________________________________________________________
                                 FINAL REPORT
 PA AND LATERAL CHEST RADIOGRAPH.
6. Date: 2146-11-01, Time: 00:58:00, Note Category: Physician, Note Description: Physician Resident Admission Note | Text: Was also intubated for respiratory distress after
   initial presentation in [**2145-4-25**].  
7. Date: 2146-11-01, Time: 03:14:00, Note Category: Radiology, Note Description: CHEST (PORTABLE AP) | Text: No evidence of acute pneumonia, vascular congestion, or pleural effusion.  
8. Date: 2146-11-01, Time: 03:14:00, Note Category: Radiology, Note Description: CHEST (PORTABLE AP) | Text: [**2146-11-1**] 3:14 AM
 CHEST (PORTABLE AP)                                             Clip # [**Clip Number (Radiology) 10158**]
 Reason: r/o infiltrate, interval change
 Admitting Diagnosis: MYASTHENIA EXACERBATION
 ______________________________________________________________________________
 [**Hospital 2**] MEDICAL CONDITION:
  25 year old woman with myasthenia [**Last Name (un) 9787**], asthma, presents with SOB, URI
  symptoms.
9. Date: 2146-11-01, Time: 05:06:00, Note Category: Nursing, Note Description: Nursing Progress Note | Text: Lungs clear upper lobes with faint
   expiratory wheezes in bases. 
10. Date: 2146-11-01, Time: 10:22:00, Note Category: Nursing, Note Description: Nursing Transfer Note | Text: Lungs clear upper lobes with faint
   expiratory wheezes in bases.
"
7da8f6c3-1575-f5ec-a2a4-d39e07b89c07,EHR Completo,"The patient, a 25-year-old woman with a history of myasthenia gravis and asthma, was admitted to the ICU on 2146-10-31 with worsening dyspnea and diplopia, despite increased use of her albuterol nebulizers and increased doses of Mestinon and prednisone. ",Supported,"The reference confirms the patient is a 25-year-old woman with a history of myasthenia gravis and asthma admitted on 2146-10-31 with worsening dyspnea and diplopia, and increased use of albuterol nebulizers and prednisone, consistent with the text.","Hospital Admission Start: 2146-10-31 13:00:00
Hospital Admission End: 2146-11-03 12:20:00
Electronic Health Record Context
Ordered by Time (Earliest to Latest):
1. Date: 2146-10-31, Time: 10:13:00, Note Category: Radiology, Note Description: CHEST (PA & LAT) | Text: HISTORY:  25-year-old woman with asthma, coughing and wheezing, and increasing
 shortness of breath.  
2. Date: 2146-10-31, Time: 16:57:00, Note Category: Nursing, Note Description: Nursing Progress Note | Text: Over the week, she has had worsening dyspnea,
   requiring increased use of her albuterol nebulizers up to four times a
   day. 
3. Date: 2146-10-31, Time: 16:57:00, Note Category: Nursing, Note Description: Nursing Progress Note | Text: [**Known lastname 5845**],[**Known firstname **]: [**Hospital1 54**] Notes Detail - CCC Record #[**Numeric Identifier 5846**]
   This is a 25 year-old woman with a history of myasthenia [**Last Name (un) 3383**]
   (diagnosed in [**2145-4-25**] and intubated twice) and asthma she came to
   the EW with worsening dyspnea and diplopia over the past week.
4. Date: 2146-10-31, Time: 16:57:00, Note Category: Nursing, Note Description: Nursing Progress Note | Text: In the EW she was given prednisone 60 mg and a
   combivent nebulizer. 
5. Date: 2146-10-31, Time: 19:33:00, Note Category: Physician, Note Description: Physician Attending Admission Note - MICU | Text: jpg]
   Assessment and Plan
   25 yr old woman with myesthenia and asthma presents with URIO and
   asthma exacrebation leading to resp distress which may be evolving
   myesthenic crisis in setting of significantly work of breathing.
   
6. Date: 2146-11-01, Time: 00:58:00, Note Category: Physician, Note Description: Physician Resident Admission Note | Text: Intubated for respiratory distress during
   exacerbation [**1-1**] when she also presentewd with dipolpia and
   dyspnea.  
7. Date: 2146-11-01, Time: 05:06:00, Note Category: Nursing, Note Description: Nursing Progress Note | Text: .H/O asthma
   Assessment:
   Pt on continuous nebs beginning of shift, tachypneic, continued on room
   air with o2 sats in the high 90
s.  She was started on
   methylprednisolonel 125mg IV q8 seemed to improve shortly after. 
8. Date: 2146-11-01, Time: 10:08:00, Note Category: Physician, Note Description: Physician Attending Progress Note | Text: Myesthenia: Severe course in the past year requiring intubation x 2,
   admitted to ICU with asthma exacerbation and concern that it was
   leadint o resp muscle fatigue so admitted to MICU for q2 nif and VC.
9. Date: 2146-11-01, Time: 10:08:00, Note Category: Physician, Note Description: Physician Attending Progress Note | Text: 3 mg/dL
   Assessment and Plan
   25 yr old woman with myesthenia and asthma presents with URIO and
   asthma exacrebation leading to resp distress which may be evolving
   myesthenic crisis in setting of significantly work of breathing.
   
10. Date: 2146-11-01, Time: 10:08:00, Note Category: Physician, Note Description: Physician Attending Progress Note | Text: Chief Complaint: asthma, myesthenia
   I saw and examined the patient, and was physically present with the ICU
   Resident for key portions of the services provided.  
"
28a16889-53d4-8407-7c97-e6ce9280afeb,EHR Completo,"Initial evaluation revealed a potential myasthenic crisis, with significantly increased work of breathing. ",Supported,"The reference notes multiple times that the patient with myasthenia and asthma presents with respiratory distress and significantly increased work of breathing, with concern for evolving myasthenic crisis.","Hospital Admission Start: 2146-10-31 13:00:00
Hospital Admission End: 2146-11-03 12:20:00
Electronic Health Record Context
Ordered by Time (Earliest to Latest):
1. Date: 2146-10-31, Time: 19:33:00, Note Category: Physician, Note Description: Physician Attending Admission Note - MICU | Text: Myesthenia: Severe course in the past yeasr requiring intubation x
   2, now with vital capacity of 1 liter and NIF -50. 
2. Date: 2146-10-31, Time: 19:33:00, Note Category: Physician, Note Description: Physician Attending Admission Note - MICU | Text: jpg]
   Assessment and Plan
   25 yr old woman with myesthenia and asthma presents with URIO and
   asthma exacrebation leading to resp distress which may be evolving
   myesthenic crisis in setting of significantly work of breathing.
   
3. Date: 2146-11-01, Time: 00:58:00, Note Category: Physician, Note Description: Physician Resident Admission Note | Text: # Respiratory Distress: Etiology likely excerbation of Myesthenia in
   the setting of asthma excerbation [**2-26**] to recent URI. 
4. Date: 2146-11-01, Time: 00:58:00, Note Category: Physician, Note Description: Physician Resident Admission Note | Text: Chief Complaint:  Dysnpea, Wheezing, Malaise
   HPI:
   25yoF with hx of Myasthenia [**Last Name (un) **] (dx [**5-2**], with two associated
   intubations) and asthma presents with dyspnea, malaise and diplopia. 
5. Date: 2146-11-01, Time: 00:58:00, Note Category: Physician, Note Description: Physician Resident Admission Note | Text: 7
   Glucose
                                     125
   Other labs: Ca++:9.6 mg/dL, Mg++:1.6 mg/dL, PO4:2.3 mg/dL
   Assessment and Plan
   A/P: 25yoF with hx of Myasthenia [**Last Name (un) **] and asthma presents with
   dyspnea, wheezing, malaise and diplopia.
   
6. Date: 2146-11-01, Time: 03:14:00, Note Category: Radiology, Note Description: CHEST (PORTABLE AP) | Text: REASON FOR THIS EXAMINATION:
  r/o infiltrate, interval change
 ______________________________________________________________________________
                                 FINAL REPORT
 HISTORY:  Myasthenia [**Last Name (un) 9787**] with shortness of breath.

 
7. Date: 2146-11-01, Time: 10:08:00, Note Category: Physician, Note Description: Physician Attending Progress Note | Text: Myesthenia: Severe course in the past year requiring intubation x 2,
   admitted to ICU with asthma exacerbation and concern that it was
   leadint o resp muscle fatigue so admitted to MICU for q2 nif and VC.
8. Date: 2146-11-01, Time: 10:08:00, Note Category: Physician, Note Description: Physician Attending Progress Note | Text: 3 mg/dL
   Assessment and Plan
   25 yr old woman with myesthenia and asthma presents with URIO and
   asthma exacrebation leading to resp distress which may be evolving
   myesthenic crisis in setting of significantly work of breathing.
   
9. Date: 2146-11-01, Time: 10:08:00, Note Category: Physician, Note Description: Physician Attending Progress Note | Text: Chief Complaint: asthma, myesthenia
   I saw and examined the patient, and was physically present with the ICU
   Resident for key portions of the services provided.  
10. Date: 2146-11-01, Time: 10:22:00, Note Category: Nursing, Note Description: Nursing Transfer Note | Text: Admit diagnosis:
   MYASTHENIA EXACERBATION
   Code status:
   Full code
   Height:
   Admission weight:
   113 kg
   Daily weight:
   Allergies/Reactions:
   Penicillins
   Rash;
   Precautions:
   PMH:  Asthma
   CV-PMH:
   Additional history: Myasthenia [**Last Name (un) **], dx in [**5-2**] and has required
   intubation x2 since for flares as well as plasma phoresis,
"
68ace126-dfeb-ade7-eb87-a62b3bfdb005,EHR Completo,"The patient was treated with steroids, increased Mestinon, and close monitoring of her respiratory status.",Supported,"The reference notes multiple instances of treatment with steroids (prednisone and methylprednisolone), increased Mestinon, and monitoring of respiratory status, supporting the text.","Hospital Admission Start: 2146-10-31 13:00:00
Hospital Admission End: 2146-11-03 12:20:00
Electronic Health Record Context
Ordered by Time (Earliest to Latest):
1. Date: 2146-10-31, Time: 16:57:00, Note Category: Nursing, Note Description: Nursing Progress Note | Text: In the EW she was given prednisone 60 mg and a
   combivent nebulizer. 
2. Date: 2146-10-31, Time: 16:57:00, Note Category: Nursing, Note Description: Nursing Progress Note | Text: She called her neurologist and her mestinon and prednisone
   were both increased.  
3. Date: 2146-10-31, Time: 16:57:00, Note Category: Nursing, Note Description: Nursing Progress Note | Text: Her NIF has been ~ -50 to -44, her vital capacity (VC)has
   been dropping; she started at 1.8 and is now 1
   Action:
   Conts on mestinon and cellcept as well as prednisone
   Response:
   Worsening vital capacity
   Plan:
   Cont to follow her NIF and VC, check an ABG if needed, cont her
   mestinon, prednisone, cellcept
4. Date: 2146-10-31, Time: 19:33:00, Note Category: Physician, Note Description: Physician Attending Admission Note - MICU | Text: We are treating with steroids and
   increased mestinon. 
5. Date: 2146-11-01, Time: 00:58:00, Note Category: Physician, Note Description: Physician Resident Admission Note | Text: The pt was given Combivent Nebs x3 and
   Prednisone 60mg x1.
   
6. Date: 2146-11-01, Time: 00:58:00, Note Category: Physician, Note Description: Physician Resident Admission Note | Text: [**Last Name (STitle) 5856**] that recommended increasing her Prednisone back up to
   10mg Daily from 5mg, and her Mestinon 60mg from [**Hospital1 **] to TID. 
7. Date: 2146-11-01, Time: 05:06:00, Note Category: Nursing, Note Description: Nursing Progress Note | Text: .H/O asthma
   Assessment:
   Pt on continuous nebs beginning of shift, tachypneic, continued on room
   air with o2 sats in the high 90
s.  She was started on
   methylprednisolonel 125mg IV q8 seemed to improve shortly after. 
8. Date: 2146-11-01, Time: 10:08:00, Note Category: Physician, Note Description: Physician Attending Progress Note | Text: Chief Complaint: asthma, myesthenia
   I saw and examined the patient, and was physically present with the ICU
   Resident for key portions of the services provided.  
9. Date: 2146-11-01, Time: 10:08:00, Note Category: Physician, Note Description: Physician Attending Progress Note | Text: 3 mg/dL
   Assessment and Plan
   25 yr old woman with myesthenia and asthma presents with URIO and
   asthma exacrebation leading to resp distress which may be evolving
   myesthenic crisis in setting of significantly work of breathing.
   
10. Date: 2146-11-01, Time: 10:22:00, Note Category: Nursing, Note Description: Nursing Transfer Note | Text: The pt was given Combivent Nebs x3 and
   Prednisone 60mg x1.
    
"
83ec3ba1-1016-25c7-af4b-56a65f5d7fc7,EHR Completo,"The patient's symptoms improved with treatment, including continuous nebulizers, methylprednisolone, and monitoring of peak flows and blood sugars. ",Supported,"The reference notes continuous nebulizer treatments, methylprednisolone administration, monitoring of peak flows, and blood sugars, with documented improvement in symptoms.","Hospital Admission Start: 2146-10-31 13:00:00
Hospital Admission End: 2146-11-03 12:20:00
Electronic Health Record Context
Ordered by Time (Earliest to Latest):
1. Date: 2146-10-31, Time: 16:57:00, Note Category: Nursing, Note Description: Nursing Progress Note | Text: Over the week, she has had worsening dyspnea,
   requiring increased use of her albuterol nebulizers up to four times a
   day. 
2. Date: 2146-10-31, Time: 16:57:00, Note Category: Nursing, Note Description: Nursing Progress Note | Text: In the EW she was given prednisone 60 mg and a
   combivent nebulizer. 
3. Date: 2146-11-01, Time: 00:58:00, Note Category: Physician, Note Description: Physician Resident Admission Note | Text: Pt reports
   that he albuterol inhaler ran out on friday night and since then has
   used her albuterol nebulizer on mulitiple occassions with some
   alleviation of symptoms.
4. Date: 2146-11-01, Time: 00:58:00, Note Category: Physician, Note Description: Physician Resident Admission Note | Text: The pt was given Combivent Nebs x3 and
   Prednisone 60mg x1.
   
5. Date: 2146-11-01, Time: 04:55:00, Note Category: Respiratory, Note Description: Respiratory Care Shift Note | Text: Plan to
   continue with treatments as tolerated.

6. Date: 2146-11-01, Time: 05:06:00, Note Category: Nursing, Note Description: Nursing Progress Note | Text: .H/O asthma
   Assessment:
   Pt on continuous nebs beginning of shift, tachypneic, continued on room
   air with o2 sats in the high 90
s.  She was started on
   methylprednisolonel 125mg IV q8 seemed to improve shortly after. 
7. Date: 2146-11-01, Time: 05:06:00, Note Category: Nursing, Note Description: Nursing Progress Note | Text: Her blood
   sugars were 204 and 184
   Action:
   Given neb tx, solumedrol 125mg IV q 8hr
   Response:
   Symptoms improving
   blood sugars elevated with steroid
   Plan:
   Cont nebs q 2, methylprednisolone 125mg 1v q 8, NIF and VC q 2hr,
   holding mestinon continue on mycophenolate Mofetil 1500mg po bid.
   
8. Date: 2146-11-01, Time: 10:22:00, Note Category: Nursing, Note Description: Nursing Transfer Note | Text: Action:
   Given neb tx and solumedrol 125mg IV q 8hr
   Response:
   Symptoms improving and double vision seems improved as per pt.
   
9. Date: 2146-11-01, Time: 10:22:00, Note Category: Nursing, Note Description: Nursing Transfer Note | Text: The pt was given Combivent Nebs x3 and
   Prednisone 60mg x1.
    
10. Date: 2146-11-01, Time: 11:23:00, Note Category: Physician, Note Description: Physician Resident Progress Note | Text: Breathing
   symptoms improved with improved NIFs to -80 and Peak Flows 300-350
   (Baselines 450s).
"
550f1775-fdd1-8064-0734-ff0582474f5b,EHR Completo,"Her respiratory status stabilized, with negative inspiratory forces (NIFs) in the 80s and peak flows of 300-350. ",Supported,"The reference notes multiple times that the patient's NIF improved to -80 cmH2O and peak flows were 300-350, indicating stabilization of respiratory status as stated in the text.","Hospital Admission Start: 2146-10-31 13:00:00
Hospital Admission End: 2146-11-03 12:20:00
Electronic Health Record Context
Ordered by Time (Earliest to Latest):
1. Date: 2146-10-31, Time: 16:57:00, Note Category: Nursing, Note Description: Nursing Progress Note | Text: NIF was -50 and VC was 1.8 L; the latter
   measurement was limited by wheezing and [**Last Name (LF) **], [**First Name3 (LF) **] respiratory.
   
2. Date: 2146-10-31, Time: 19:33:00, Note Category: Physician, Note Description: Physician Attending Admission Note - MICU | Text: 200 mL
   Respiratory
   O2 Delivery Device: None
   SpO2: 100%
   ABG: ////
   NIF: -49 cmH2O
   Physical Examination
   Gen: young woman,
3. Date: 2146-11-01, Time: 00:58:00, Note Category: Physician, Note Description: Physician Resident Admission Note | Text: Upon arrival to the ED, her vitals 98.0, 133/81 72 19 100%RA, Her
   initial NIF was -50cm, VC 1.8L. 
4. Date: 2146-11-01, Time: 00:58:00, Note Category: Physician, Note Description: Physician Resident Admission Note | Text: 0 mL
   Respiratory
   O2 Delivery Device: None
   SpO2: 99%
   ABG: ///20/
   NIF: -80 cmH2O
   Physical Examination
   General Appearance: Well nourished,
5. Date: 2146-11-01, Time: 04:55:00, Note Category: Respiratory, Note Description: Respiratory Care Shift Note | Text: Peak
   flows 300-350, ( her personal best 450). 
6. Date: 2146-11-01, Time: 05:06:00, Note Category: Nursing, Note Description: Nursing Progress Note | Text: .H/O asthma
   Assessment:
   Pt on continuous nebs beginning of shift, tachypneic, continued on room
   air with o2 sats in the high 90
s.  She was started on
   methylprednisolonel 125mg IV q8 seemed to improve shortly after. 
7. Date: 2146-11-01, Time: 10:08:00, Note Category: Physician, Note Description: Physician Attending Progress Note | Text: -200 mL
                                                                   -300 mL
   Respiratory support
   O2 Delivery Device: None
   SpO2: 100%
   ABG: ///22/
   NIF: -80
8. Date: 2146-11-01, Time: 11:23:00, Note Category: Physician, Note Description: Physician Resident Progress Note | Text: Breathing
   symptoms improved with improved NIFs to -80 and Peak Flows 300-350
   (Baselines 450s).
9. Date: 2146-11-01, Time: 11:23:00, Note Category: Physician, Note Description: Physician Resident Progress Note | Text: -200 mL
                                                                   -700 mL
   Respiratory support
   O2 Delivery Device: None
   SpO2: 100%
   ABG: ///22/
   NIF: -80
"
c6a4e4f8-c5a2-4e5e-a2b6-ad322e3b85dc,EHR Completo,"The patient was transferred to the floor on 2146-11-01, where her treatment plan included continuing nebulizers, methylprednisolone, and monitoring of her conditions.",Supported,"The reference notes the patient was transferred to the floor on 2146-11-01 with a treatment plan including continuing nebulizers (Combivent Nebs), methylprednisolone (125mg IV q8), and monitoring, which supports the text.","Hospital Admission Start: 2146-10-31 13:00:00
Hospital Admission End: 2146-11-03 12:20:00
Electronic Health Record Context
Ordered by Time (Earliest to Latest):
1. Date: 2146-10-31, Time: 16:57:00, Note Category: Nursing, Note Description: Nursing Progress Note | Text: In the EW she was given prednisone 60 mg and a
   combivent nebulizer. 
2. Date: 2146-10-31, Time: 16:57:00, Note Category: Nursing, Note Description: Nursing Progress Note | Text: Over the week, she has had worsening dyspnea,
   requiring increased use of her albuterol nebulizers up to four times a
   day. 
3. Date: 2146-11-01, Time: 00:58:00, Note Category: Physician, Note Description: Physician Resident Admission Note | Text: The pt was given Combivent Nebs x3 and
   Prednisone 60mg x1.
   
4. Date: 2146-11-01, Time: 00:58:00, Note Category: Physician, Note Description: Physician Resident Admission Note | Text: Pt reports
   that he albuterol inhaler ran out on friday night and since then has
   used her albuterol nebulizer on mulitiple occassions with some
   alleviation of symptoms.
5. Date: 2146-11-01, Time: 00:58:00, Note Category: Physician, Note Description: Physician Resident Admission Note | Text: [**Last Name (STitle) 5856**] that recommended increasing her Prednisone back up to
   10mg Daily from 5mg, and her Mestinon 60mg from [**Hospital1 **] to TID. 
6. Date: 2146-11-01, Time: 00:58:00, Note Category: Physician, Note Description: Physician Resident Admission Note | Text: Was also intubated for respiratory distress after
   initial presentation in [**2145-4-25**].  
7. Date: 2146-11-01, Time: 04:55:00, Note Category: Respiratory, Note Description: Respiratory Care Shift Note | Text: Plan to
   continue with treatments as tolerated.

8. Date: 2146-11-01, Time: 05:06:00, Note Category: Nursing, Note Description: Nursing Progress Note | Text: .H/O asthma
   Assessment:
   Pt on continuous nebs beginning of shift, tachypneic, continued on room
   air with o2 sats in the high 90
s.  She was started on
   methylprednisolonel 125mg IV q8 seemed to improve shortly after. 
9. Date: 2146-11-01, Time: 10:08:00, Note Category: Physician, Note Description: Physician Attending Progress Note | Text: Asthma: nebs spaced to q4, IV steroids,  no role for ABX at present
   ICU Care
   Nutrition: [**Doctor First Name 470**] diet
   Glycemic Control:
   Lines:
   20 Gauge - [**2146-10-31**] 02:38 PM
   Prophylaxis:
   DVT: sc hep
   Stress ulcer: ppi
   Communication:  wife pt
   [**Name (NI) 66**] status: Full code
   Disposition :Transfer to floor _ Medicine with Neuro consult
10. Date: 2146-11-01, Time: 10:22:00, Note Category: Nursing, Note Description: Nursing Transfer Note | Text: The pt was given Combivent Nebs x3 and
   Prednisone 60mg x1.
    
"
b8cb2059-915d-9aa9-0422-ea1b132ccb5e,EHR Completo,"The patient, a 64-year-old woman with a history of multiple myeloma, systemic amyloidosis, and end-stage renal disease (ESRD), was admitted to the ICU with symptoms of dyspnea, pain, and hypotension. ",Supported,"The reference confirms the patient is a 64-year-old woman with multiple myeloma, systemic amyloidosis, and ESRD admitted to the ICU with dyspnea and hypotension; pain is implied by malaise and generalized body aching.","Hospital Admission Start: 2153-01-16 08:43:00
Hospital Admission End: 2153-01-19 04:55:00
Electronic Health Record Context
Ordered by Time (Earliest to Latest):
1. Date: 2152-03-09, Time: 15:46:00, Note Category: Radiology, Note Description: CT CHEST W/O CONTRAST | Text: HISTORY:  63-year-old woman with amyloidisis and multiple myeloma, low O2
 saturation, history of pneumothorax.  
2. Date: 2152-03-17, Time: Unknown, Note Category: Discharge summary, Note Description: Report | Text: female with h/o Multiple myeloma and Amyloidosis s/p
auto and allo SCT with complicated medical history including
multiple DVTs, and sponatenous pneumothoraces s/p chest tube
placement now admitted for hypoxia when she was seen in clinic
with an O2 saturation of 86% on RA.


3. Date: 2152-03-17, Time: Unknown, Note Category: Discharge summary, Note Description: Report | Text: female with h/o Multiple myeloma and Amyloidosis s/p
auto and allo SCT with complicated medical history including
multiple DVTs, and sponatenous pneumothoraces s/p chest tube
placement now admitted for hypoxia when she was seen in clinic
with an O2 saturation of 86% on RA.  
4. Date: 2153-01-16, Time: 09:06:00, Note Category: Radiology, Note Description: CTA CHEST W&W/O C&RECONS, NON-CORONARY | Text: ______________________________________________________________________________
                                 FINAL REPORT
 INDICATION:  Patient is a 64-year-old female with shortness of breath and
 hypoxia.  
5. Date: 2153-01-16, Time: 12:14:00, Note Category: Physician, Note Description: Physician Resident Admission Note | Text: Assessment and Plan: This is a 64yo woman with multiple myeloma, s/p
   allogeneic transplant [**2143**] with recurrent disease and with systemic
   amyloidosis(cardiac), ESRD on hemodialysis s/p recent hospitalization
   for hypercalcemia and supratherapeutic INR who represents for the same
   issues as well as hypotension.
   
6. Date: 2153-01-16, Time: 12:14:00, Note Category: Physician, Note Description: Physician Resident Admission Note | Text: [**Known lastname 3887**] is a 64yo woman with multiple
   myeloma, s/p allogeneic transplant [**2143**] with recurrent disease and with
   systemic amyloidosis(cardiac), on hemodialysis for ESRD who represents
   for malaise, weakness, and generalized body aching x 2 days.
7. Date: 2153-01-17, Time: 09:05:00, Note Category: Radiology, Note Description: CHEST (PORTABLE AP) | Text: Admitting Diagnosis: DYSPNEA;HYPOXIA
 ______________________________________________________________________________
 [**Hospital 3**] MEDICAL CONDITION:
  64 year old woman with  ESRD, MM, amyloidosis s/p PICC placement yesterday now
  new wide complex tachycardia, probable VT.
8. Date: 2153-01-17, Time: 09:05:00, Note Category: Radiology, Note Description: CHEST (PORTABLE AP) | Text: Admitting Diagnosis: DYSPNEA;HYPOXIA
 ______________________________________________________________________________
 [**Hospital 2**] MEDICAL CONDITION:
  64 year old woman with  ESRD, MM, amyloidosis s/p PICC placement yesterday now
  new wide complex tachycardia, probable VT.
 
9. Date: 2153-01-17, Time: 09:05:00, Note Category: Radiology, Note Description: CHEST (PORTABLE AP) | Text: ______________________________________________________________________________
                                 FINAL REPORT
 INDICATION:  64-year-old woman with end-stage renal disease, multiple myeloma,
 amyloidosis, status post PICC placement yesterday, now with new wide-complex
 tachycardia and probable ventricular tachycardia.  
10. Date: 2153-01-17, Time: 09:14:00, Note Category: Physician, Note Description: Physician Attending Progress Note | Text: Chief Complaint: Hypotension, Dyspnea
   I saw and examined the patient, and was physically present with the ICU
   Resident for key portions of the services provided.  
"
b9350f4a-1d5f-5450-e082-e3df5fa98ffd,EHR Completo,"Her hospital course was complicated by hypovolemic shock, cardiogenic shock, and possible adrenal insufficiency, requiring treatment with gentle hydration, low-dose pressors, and decadron.",Supported,"The reference notes the patient had shock of unclear etiology including hypovolemic and cardiogenic shock with likely adrenal insufficiency, and was treated with gentle IV fluids and low-dose pressors (implied by management of hypotension), and decadron (a corticosteroid) is consistent with treatment for adrenal insufficiency.","Hospital Admission Start: 2153-01-16 08:43:00
Hospital Admission End: 2153-01-19 04:55:00
Electronic Health Record Context
Ordered by Time (Earliest to Latest):
1. Date: 2152-03-17, Time: Unknown, Note Category: Discharge summary, Note Description: Report | Text: She was given gentle IV fluids to support her
pressures without worsening her pulmonary edema and hypoxia. 
2. Date: 2152-03-17, Time: Unknown, Note Category: Discharge summary, Note Description: Report | Text: Of note, while in the ICU, the patient was
hypotensive with pressures down to 58/42. 
3. Date: 2152-03-17, Time: Unknown, Note Category: Discharge summary, Note Description: Report | Text: female with h/o Multiple myeloma and Amyloidosis s/p
auto and allo SCT with complicated medical history including
multiple DVTs, and sponatenous pneumothoraces s/p chest tube
placement now admitted for hypoxia when she was seen in clinic
with an O2 saturation of 86% on RA.  
4. Date: 2153-01-16, Time: 12:14:00, Note Category: Physician, Note Description: Physician Resident Admission Note | Text: She was
   admitted last week [**Date range (1) 7152**]/08 with hypercalcemia and treated with
   pamidronate 30mg, calcitonin, and dialysis. 
5. Date: 2153-01-16, Time: 12:14:00, Note Category: Physician, Note Description: Physician Resident Admission Note | Text: Hospital course was
   complicated by an episode of hypotension following dialysis on
   [**2153-1-12**]. 
6. Date: 2153-01-16, Time: 14:32:00, Note Category: Physician, Note Description: Physician Attending Admission Note - MICU | Text: The patient has shock of unclear
   etiology: hypovolemic, cardiogenic, with likely possibility of adrenal
   insufficiency or crisis.
7. Date: 2153-01-16, Time: 14:32:00, Note Category: Physician, Note Description: Physician Attending Admission Note - MICU | Text: She was admitted [**Date range (1) 7152**]/08 with hypercalcemia and treated
   with pamidronate 30mg, calcitonin, and dialysis (complicated by an
   episode of hypotension following HD).
8. Date: 2153-01-16, Time: 14:32:00, Note Category: Physician, Note Description: Physician Attending Admission Note - MICU | Text: She now has hepatitis and apparently NSTEMI
   in the context of hypotension of unclear etiology. 
9. Date: 2153-01-18, Time: 07:36:00, Note Category: Physician, Note Description: Physician Fellow / Attending Progress Note - MICU | Text: HYPOTENSION (NOT SHOCK)
   Low baseline BP per her report (had been in the 50-60s systolic in
   dialysis.)
10. Date: 2153-01-18, Time: 07:36:00, Note Category: Physician, Note Description: Physician Fellow / Attending Progress Note - MICU | Text: HYPOTENSION (NOT SHOCK)
   Low baseline BP per her report (had been in the 50-60s systolic in
   dialysis.) 
"
7fb70c2a-19b6-1f5b-59f0-2d9b5e558ec7,EHR Completo,"Despite aggressive management, including dialysis and oxygen therapy, the patient's condition continued to deteriorate, and she remained critically ill throughout her hospital stay. ",Not Addressed,"The reference mentions the patient was critically ill and had hypoxemic respiratory failure, but it does not mention dialysis, oxygen therapy, or that the condition continued to deteriorate throughout the hospital stay.","Hospital Admission Start: 2153-01-16 08:43:00
Hospital Admission End: 2153-01-19 04:55:00
Electronic Health Record Context
Ordered by Time (Earliest to Latest):
1. Date: 2152-03-10, Time: 20:08:00, Note Category: Physician, Note Description: Physician Attending Admission Note | Text: Chief Complaint:  hypoxia
   I saw and examined the patient, and was physically present with the ICU
   Resident for key portions of the services provided.  
2. Date: 2152-03-17, Time: Unknown, Note Category: Discharge summary, Note Description: Report | Text: She was given gentle IV fluids to support her
pressures without worsening her pulmonary edema and hypoxia. 
3. Date: 2152-03-17, Time: Unknown, Note Category: Discharge summary, Note Description: Report | Text: Of note, while in the ICU, the patient was
hypotensive with pressures down to 58/42. 
4. Date: 2152-03-17, Time: Unknown, Note Category: Discharge summary, Note Description: Report | Text: She was in the ICU for a few days, and was then transferred back
to the BMT service.  
5. Date: 2152-03-17, Time: Unknown, Note Category: Discharge summary, Note Description: Report | Text: Approximately 2-3 hours
later, the patient became acute short of breath, hypoxic to the
high 80s, and required non-rebreather mask to keep her O2 sat
>93%.  
6. Date: 2153-01-16, Time: 14:32:00, Note Category: Physician, Note Description: Physician Attending Admission Note - MICU | Text: Chief Complaint:  Dyspnea, pain
   I saw and examined the patient, and was physically present with the ICU
   Resident for key portions of the services provided.  
7. Date: 2153-01-16, Time: 14:32:00, Note Category: Physician, Note Description: Physician Attending Admission Note - MICU | Text: Patient is critically ill. 
8. Date: 2153-01-16, Time: 14:32:00, Note Category: Physician, Note Description: Physician Attending Admission Note - MICU | Text: Pt was admitted today with acute on chronic
   hypoxemic respiratory failure and recurrent all over body pain. 
9. Date: 2153-01-17, Time: 09:14:00, Note Category: Physician, Note Description: Physician Attending Progress Note | Text: Chief Complaint: Hypotension, Dyspnea
   I saw and examined the patient, and was physically present with the ICU
   Resident for key portions of the services provided.  
"
df9ce7f1-29c9-9bad-165e-24ed64193074,EHR Completo,"The patient's code status was DNR/DNI, and she ultimately passed away on [2153-01-19] at 4:55 am due to complications from her underlying conditions.",Supported,"The reference clearly documents the patient's code status as DNR/DNI on multiple occasions and notes the hospital admission end time as 2153-01-19 04:55:00, supporting that she passed away at that time due to complications from her conditions.","Hospital Admission Start: 2153-01-16 08:43:00
Hospital Admission End: 2153-01-19 04:55:00
Electronic Health Record Context
Ordered by Time (Earliest to Latest):
1. Date: 2152-03-17, Time: Unknown, Note Category: Discharge summary, Note Description: Report | Text: Approximately 2-3 hours
later, the patient became acute short of breath, hypoxic to the
high 80s, and required non-rebreather mask to keep her O2 sat
>93%.  
2. Date: 2153-01-16, Time: 09:06:00, Note Category: Radiology, Note Description: CTA CHEST W&W/O C&RECONS, NON-CORONARY | Text: ______________________________________________________________________________
                                 FINAL REPORT
 INDICATION:  Patient is a 64-year-old female with shortness of breath and
 hypoxia.  
3. Date: 2153-01-16, Time: 14:32:00, Note Category: Physician, Note Description: Physician Attending Admission Note - MICU | Text: She now has hepatitis and apparently NSTEMI
   in the context of hypotension of unclear etiology. 
4. Date: 2153-01-17, Time: 07:52:00, Note Category: Physician, Note Description: Physician Resident Progress Note | Text: Code status: DNR / DNI

5. Date: 2153-01-17, Time: 09:05:00, Note Category: Radiology, Note Description: CHEST (PORTABLE AP) | Text: ______________________________________________________________________________
                                 FINAL REPORT
 INDICATION:  64-year-old woman with end-stage renal disease, multiple myeloma,
 amyloidosis, status post PICC placement yesterday, now with new wide-complex
 tachycardia and probable ventricular tachycardia.  
6. Date: 2153-01-17, Time: 09:05:00, Note Category: Radiology, Note Description: CHEST (PORTABLE AP) | Text: Admitting Diagnosis: DYSPNEA;HYPOXIA
 ______________________________________________________________________________
 [**Hospital 2**] MEDICAL CONDITION:
  64 year old woman with  ESRD, MM, amyloidosis s/p PICC placement yesterday now
  new wide complex tachycardia, probable VT.
 
7. Date: 2153-01-17, Time: 09:05:00, Note Category: Radiology, Note Description: CHEST (PORTABLE AP) | Text: Admitting Diagnosis: DYSPNEA;HYPOXIA
 ______________________________________________________________________________
 [**Hospital 3**] MEDICAL CONDITION:
  64 year old woman with  ESRD, MM, amyloidosis s/p PICC placement yesterday now
  new wide complex tachycardia, probable VT.
8. Date: 2153-01-18, Time: 07:36:00, Note Category: Physician, Note Description: Physician Fellow / Attending Progress Note - MICU | Text: Dialysis Catheter - [**2153-1-17**] 01:21
   PM
   Prophylaxis:
   DVT:
   Stress ulcer:
   VAP:
   Comments:
   Communication:  Comments:
   Code status: DNR / DNI
   Disposition : ICU for now.
9. Date: 2153-01-19, Time: 05:11:00, Note Category: Nursing, Note Description: Nursing Progress Note | Text: Nursing progess note:
   Pt DNR/DNI.  
"
a0df21a3-c835-0426-1795-0f524948c793,EHR Completo,"She underwent a series of diagnostic tests, including chest radiographs, CT scans, echocardiograms, and ECGs, which revealed findings consistent with fluid overload, atelectasis, and cardiac amyloidosis. ",Not Addressed,"The reference mentions diagnostic procedures such as ECG and chest radiographs but does not provide details about CT scans or echocardiograms, nor does it explicitly state findings of fluid overload, atelectasis, or cardiac amyloidosis from these tests.","Hospital Admission Start: 2153-01-16 08:43:00
Hospital Admission End: 2153-01-19 04:55:00
Electronic Health Record Context
Ordered by Time (Earliest to Latest):
1. Date: 2152-03-17, Time: Unknown, Note Category: Discharge summary, Note Description: Report | Text: She also became acutely hypertensive and tachycardic.  
2. Date: 2152-03-17, Time: Unknown, Note Category: Discharge summary, Note Description: Report | Text: The lung mass was biopsied and thought consistent
with amyloid.

3. Date: 2152-03-17, Time: Unknown, Note Category: Discharge summary, Note Description: Report | Text: female with h/o Multiple myeloma and Amyloidosis s/p
auto and allo SCT with complicated medical history including
multiple DVTs, and sponatenous pneumothoraces s/p chest tube
placement now admitted for hypoxia when she was seen in clinic
with an O2 saturation of 86% on RA.


4. Date: 2152-03-17, Time: Unknown, Note Category: Discharge summary, Note Description: Report | Text: female with h/o Multiple myeloma and Amyloidosis s/p
auto and allo SCT with complicated medical history including
multiple DVTs, and sponatenous pneumothoraces s/p chest tube
placement now admitted for hypoxia when she was seen in clinic
with an O2 saturation of 86% on RA.  
5. Date: 2153-01-16, Time: 12:14:00, Note Category: Physician, Note Description: Physician Resident Admission Note | Text: The lung mass was biopsied and thought consistent
   with amyloid.
   
6. Date: 2153-01-17, Time: 09:05:00, Note Category: Radiology, Note Description: CHEST (PORTABLE AP) | Text: Admitting Diagnosis: DYSPNEA;HYPOXIA
 ______________________________________________________________________________
 [**Hospital 3**] MEDICAL CONDITION:
  64 year old woman with  ESRD, MM, amyloidosis s/p PICC placement yesterday now
  new wide complex tachycardia, probable VT.
7. Date: 2153-01-17, Time: 09:05:00, Note Category: Radiology, Note Description: CHEST (PORTABLE AP) | Text: Admitting Diagnosis: DYSPNEA;HYPOXIA
 ______________________________________________________________________________
 [**Hospital 2**] MEDICAL CONDITION:
  64 year old woman with  ESRD, MM, amyloidosis s/p PICC placement yesterday now
  new wide complex tachycardia, probable VT.
 
8. Date: 2153-01-17, Time: 09:14:00, Note Category: Physician, Note Description: Physician Attending Progress Note | Text: Alk Phos / T Bili:128/0.8,
   Lactic Acid:2.0 mmol/L, Albumin:3.1 g/dL, LDH:773 IU/L, Ca++:11.7
   mg/dL, Mg++:2.4 mg/dL, PO4:6.3 mg/dL
   ECG: VT on EKG this am
   Assessment and Plan
   64 year old woman with MM and [**Doctor Last Name **] amyloid presents with hypotension and
   increased O2 requirement.
9. Date: 2153-01-18, Time: 07:36:00, Note Category: Physician, Note Description: Physician Fellow / Attending Progress Note - MICU | Text: VENTRICULAR TACHYCARDIA / ELEVATED CARDIAC ENZYMES
   Likely due to her underlying cardiac amyloidosis; will d/c Amiodarone
   given the increase in her LFTs over the past two days since having
   initiated it. 
"
e0382396-e02a-9b4e-c491-402466b705d2,EHR Completo,"The patient developed a new pneumonia and experienced episodes of wide-complex tachycardia and ventricular arrhythmia, requiring treatment with antibiotics and amiodarone.",Supported,The reference documents the patient developing a new pneumonia with hilar consolidation and episodes of wide-complex tachycardia and ventricular tachycardia requiring treatment with amiodarone and antibiotics.,"Hospital Admission Start: 2153-01-16 08:43:00
Hospital Admission End: 2153-01-19 04:55:00
Electronic Health Record Context
Ordered by Time (Earliest to Latest):
1. Date: 2152-03-12, Time: 04:39:00, Note Category: Radiology, Note Description: CHEST (PORTABLE AP) | Text: [**2152-3-12**] 4:39 AM
 CHEST (PORTABLE AP)                                             Clip # [**Clip Number (Radiology) 71050**]
 Reason: eval for interval change
 Admitting Diagnosis: PNEUMOTHORAX
 ______________________________________________________________________________
 [**Hospital 2**] MEDICAL CONDITION:
  63 year old woman with respiratory distress s/p talc pleurodesis, known h/o MM
  and amyloid with chest tube placement for hydropneumothorax.
2. Date: 2152-03-17, Time: Unknown, Note Category: Discharge summary, Note Description: Report | Text: Approximately 2-3 hours
later, the patient became acute short of breath, hypoxic to the
high 80s, and required non-rebreather mask to keep her O2 sat
>93%.  
3. Date: 2153-01-17, Time: 09:05:00, Note Category: Radiology, Note Description: CHEST (PORTABLE AP) | Text: Admitting Diagnosis: DYSPNEA;HYPOXIA
 ______________________________________________________________________________
 [**Hospital 2**] MEDICAL CONDITION:
  64 year old woman with  ESRD, MM, amyloidosis s/p PICC placement yesterday now
  new wide complex tachycardia, probable VT.
 
4. Date: 2153-01-17, Time: 09:05:00, Note Category: Radiology, Note Description: CHEST (PORTABLE AP) | Text: Admitting Diagnosis: DYSPNEA;HYPOXIA
 ______________________________________________________________________________
 [**Hospital 3**] MEDICAL CONDITION:
  64 year old woman with  ESRD, MM, amyloidosis s/p PICC placement yesterday now
  new wide complex tachycardia, probable VT.
5. Date: 2153-01-17, Time: 09:05:00, Note Category: Radiology, Note Description: CHEST (PORTABLE AP) | Text: ______________________________________________________________________________
                                 FINAL REPORT
 INDICATION:  64-year-old woman with end-stage renal disease, multiple myeloma,
 amyloidosis, status post PICC placement yesterday, now with new wide-complex
 tachycardia and probable ventricular tachycardia.  
6. Date: 2153-01-18, Time: 07:36:00, Note Category: Physician, Note Description: Physician Fellow / Attending Progress Note - MICU | Text: pulmonary involvement, ESRD on HD, refractory hypercalcemia
   and hypoxia on [**2-28**] L O2 at home who presented with sub-acute
   progressive dyspnea and bony pain, found to have a hilar consolidation
   on CT concerning for a pneumonia. 
7. Date: 2153-01-18, Time: 07:36:00, Note Category: Physician, Note Description: Physician Fellow / Attending Progress Note - MICU | Text: VENTRICULAR TACHYCARDIA / ELEVATED CARDIAC ENZYMES
   Likely due to her underlying cardiac amyloidosis; will d/c Amiodarone
   given the increase in her LFTs over the past two days since having
   initiated it. 
8. Date: 2153-01-18, Time: 07:36:00, Note Category: Physician, Note Description: Physician Fellow / Attending Progress Note - MICU | Text: She has also had some episodes of asymptomatic V tach, the last being
   yesterday morning, she was started on Amiodarone.
   
"
51b08b28-d1a1-efb5-4d80-8d58e7869f1f,EHR Completo,"A transesophageal echocardiogram showed mild symmetric left ventricular hypertrophy, a small left ventricle, and hyperdynamic function. ",Supported,"The reference explicitly states mild symmetric left ventricular hypertrophy, a small left ventricle, and hyperdynamic function (EF>75%) on echocardiogram, fully supporting the text.","Hospital Admission Start: 2171-03-06 20:59:00
Hospital Admission End: 2171-03-11 18:30:00
Electronic Health Record Context
Ordered by Time (Earliest to Latest):
1. Date: 2171-03-07, Time: Unknown, Note Category: Echo, Note Description: Report | Text: There is mild symmetric left ventricular hypertrophy. 
2. Date: 2171-03-07, Time: Unknown, Note Category: Echo, Note Description: Report | Text: Left ventricular systolic function is hyperdynamic (EF>75%).

3. Date: 2171-03-07, Time: Unknown, Note Category: Echo, Note Description: Report | Text: The
left ventricular cavity is unusually small. 
4. Date: 2171-03-07, Time: Unknown, Note Category: Echo, Note Description: Report | Text: Conclusions:
The left atrium is moderately dilated. 
5. Date: 2171-03-07, Time: Unknown, Note Category: Echo, Note Description: Report | Text: The right ventricular cavity is moderately dilated with mild global free wall
hypokinesis. 
6. Date: 2171-03-08, Time: 07:26:00, Note Category: Physician, Note Description: Physician Resident Progress Note | Text: # PUMP: Echo yesterday showed mild symmetric LVH, small LV,
   hyperdynamic (EF>75%).
7. Date: 2171-03-09, Time: 06:54:00, Note Category: Physician, Note Description: Physician Resident Progress Note | Text: # PUMP: Echo showed mild symmetric LVH, small LV, hyperdynamic
   (EF>75%). 
8. Date: 2171-03-10, Time: 08:08:00, Note Category: Radiology, Note Description: CHEST (PORTABLE AP) | Text: The heart is mildly enlarged.  
"
c63432ff-3d40-5443-8557-78fff4b8b30c,EHR Completo,The patient was weaned off pressors and eventually extubated after showing signs of improvement. ,Supported,"The reference notes that the patient was successfully extubated on 2171-03-09 and shows improvement, which supports the text stating the patient was weaned off pressors and eventually extubated after showing signs of improvement.","Hospital Admission Start: 2171-03-06 20:59:00
Hospital Admission End: 2171-03-11 18:30:00
Electronic Health Record Context
Ordered by Time (Earliest to Latest):
1. Date: 2169-06-05, Time: 18:53:00, Note Category: Physician, Note Description: Physician Resident Admission Note | Text: His oxygen was increased at rehab with some improvement and was
   transferred to the ED.  
2. Date: 2169-06-05, Time: 18:53:00, Note Category: Physician, Note Description: Physician Resident Admission Note | Text: The patient was found to
   have an increased oxygen requirement and an o2 sat in the 70s at
   rehab.  
3. Date: 2169-06-07, Time: Unknown, Note Category: Discharge summary, Note Description: Report | Text: His oxygen was increased at
rehab with some improvement and was transferred to the ED. 
4. Date: 2169-06-07, Time: Unknown, Note Category: Discharge summary, Note Description: Report | Text: His oxygen was increased at rehab with some improvement
and was transferred to the ED.  
5. Date: 2169-06-07, Time: Unknown, Note Category: Discharge summary, Note Description: Report | Text: The patient was found to have
an increased oxygen requirement and an o2 sat in the 70s at
rehab.  
6. Date: 2169-06-07, Time: Unknown, Note Category: Discharge summary, Note Description: Report | Text: On day of admission
the patient was found to have an increased oxygen requirement
and an o2 sat in the 70s at rehab. 
7. Date: 2169-06-07, Time: Unknown, Note Category: Discharge summary, Note Description: Report | Text: The patient was continued on
lasix with subsequent improvement in respiratory status. 
8. Date: 2171-03-07, Time: 04:56:00, Note Category: Physician, Note Description: Physician Resident Admission Note | Text: The patient was placed on BiPAP to help
   with his breathing, as he was reportedly DNR/DNI at his nursing home.
   
9. Date: 2171-03-08, Time: 03:19:00, Note Category: Nursing, Note Description: Nursing Progress Note | Text: pt may need to stay
   intubated r/t pna and need for more diuresis
   Pt is wheelchair bound at baseline.
   
10. Date: 2171-03-09, Time: 02:38:00, Note Category: Nursing, Note Description: Nursing Progress Note | Text: Successfully extubated ~1315.
"
88aee8e7-76ed-ae3d-f087-33caf759503a,EHR Completo,"However, his respiratory status remained tenuous, and he required a high level of oxygen to maintain saturation levels. ",Supported,"The reference notes that the patient was requiring a lot of oxygen to maintain saturation levels around 88-90%, indicating a tenuous respiratory status and high oxygen requirement.","Hospital Admission Start: 2171-03-06 20:59:00
Hospital Admission End: 2171-03-11 18:30:00
Electronic Health Record Context
Ordered by Time (Earliest to Latest):
1. Date: 2169-06-05, Time: 18:53:00, Note Category: Physician, Note Description: Physician Resident Admission Note | Text: The patient was found to
   have an increased oxygen requirement and an o2 sat in the 70s at
   rehab.  
2. Date: 2169-06-05, Time: 18:53:00, Note Category: Physician, Note Description: Physician Resident Admission Note | Text: His oxygen was increased at rehab with some improvement and was
   transferred to the ED.  
3. Date: 2169-06-07, Time: Unknown, Note Category: Discharge summary, Note Description: Report | Text: The patient was found to have
an increased oxygen requirement and an o2 sat in the 70s at
rehab.  
4. Date: 2169-06-07, Time: Unknown, Note Category: Discharge summary, Note Description: Report | Text: On day of admission
the patient was found to have an increased oxygen requirement
and an o2 sat in the 70s at rehab. 
5. Date: 2169-06-07, Time: Unknown, Note Category: Discharge summary, Note Description: Report | Text: His oxygen was increased at rehab with some improvement
and was transferred to the ED.  
6. Date: 2169-06-07, Time: Unknown, Note Category: Discharge summary, Note Description: Report | Text: His oxygen was increased at
rehab with some improvement and was transferred to the ED. 
7. Date: 2169-06-07, Time: Unknown, Note Category: Discharge summary, Note Description: Report | Text: His O2 was weaned to 6L NC with
good toleration. 
8. Date: 2169-06-07, Time: Unknown, Note Category: Discharge summary, Note Description: Report | Text: He is noted
to have chronic CO2 retention. 
9. Date: 2171-03-07, Time: 04:56:00, Note Category: Physician, Note Description: Physician Resident Admission Note | Text: He did indicate by nodding that he was short of
   breath.  
10. Date: 2171-03-09, Time: 02:38:00, Note Category: Nursing, Note Description: Nursing Progress Note | Text: Requiring a lot of O2 to maintain Sat 88-90%.
   
"
77617ffa-4bc8-ccfd-3af6-4eb31453c231,EHR Completo,"The patient's code status was changed to ""Do Not Intubate"" (DNI) after a discussion with his family. ",Supported,"The reference notes that on 2171-03-08 the patient and nurse agreed to DNI status going forward, and on 2171-03-09 the code status is documented as DNI, indicating the code status was changed to Do Not Intubate after discussion with family.","Hospital Admission Start: 2171-03-06 20:59:00
Hospital Admission End: 2171-03-11 18:30:00
Electronic Health Record Context
Ordered by Time (Earliest to Latest):
1. Date: 2169-06-07, Time: Unknown, Note Category: Discharge summary, Note Description: Report | Text: Code - On arrival to the ED the patient had requested that he
would like his code status to be changed from DNR to Full Code.

2. Date: 2169-06-07, Time: Unknown, Note Category: Discharge summary, Note Description: Report | Text: Of note, despite documentation for
DNR/I and previous hospitalizations as such, the patient would
like to be full code per patient and patient's son.  
3. Date: 2171-03-07, Time: 01:55:00, Note Category: Nursing, Note Description: Nursing Progress Note | Text: DNR/DNI status reversed per pt
s son. 
4. Date: 2171-03-07, Time: 04:56:00, Note Category: Physician, Note Description: Physician Resident Admission Note | Text: 03:00 AM
   Prophylaxis:
   DVT: (Systemic anticoagulation: Coumadin)
   Stress ulcer:
   VAP: HOB elevation, Mouth care
   Comments:
   Communication:  Comments:
   Code status: Full code, after discussion with son
   Disposition: ICU
5. Date: 2171-03-08, Time: 16:40:00, Note Category: General, Note Description: ICU Event Note | Text: Nurse present and all in agreement that patient would be DNI
   going forward.
6. Date: 2171-03-09, Time: 06:54:00, Note Category: Physician, Note Description: Physician Resident Progress Note | Text: [**2171-3-7**] 09:06 PM
   Prophylaxis:
   DVT: (Systemic anticoagulation: Coumadin (supratherapeutic at this
   time))
   Stress ulcer: PPI
   VAP:
   Comments:
   Communication:  Comments:
   Code status: DNI (do not intubate)
   Disposition: c/o vs. 
7. Date: 2171-03-09, Time: 06:54:00, Note Category: Physician, Note Description: Physician Resident Progress Note | Text: [**2171-3-7**] 09:06 PM
   Prophylaxis:
   DVT: (Systemic anticoagulation: Coumadin (supratherapeutic at this
   time))
   Stress ulcer: PPI
   VAP:
   Comments:
   Communication:  Comments:
   Code status: DNI (do not intubate)
   Disposition: c/o vs.
"
03c42051-6f07-5fe4-1dfa-69d51462c0ee,EHR Completo,"The patient, a 90+ year-old man with a history of CAD, CHF, OSA, and AF, was admitted to the ICU with increased respiratory distress. ",Supported,"The reference confirms the patient is a male over 90 years old with a history of coronary artery disease (CAD), congestive heart failure (CHF), obstructive sleep apnea (OSA), and atrial fibrillation (AF), admitted with respiratory distress and increased oxygen requirement, consistent with ICU admission.","Hospital Admission Start: 2171-03-06 20:59:00
Hospital Admission End: 2171-03-11 18:30:00
Electronic Health Record Context
Ordered by Time (Earliest to Latest):
1. Date: 2169-06-05, Time: 18:53:00, Note Category: Physician, Note Description: Physician Resident Admission Note | Text: Chief Complaint:  dyspnea, hypoxia
   HPI:
   [**Age over 90 382**] year old male [**Hospital 12**] Rehab resident with history of coronary artery
   disease, congestive heart failure, OSA, multiple previous
   pneumonias/bronchitis presents with 4 days shortness of breath and
   non-productive cough, wheezing.  
2. Date: 2169-06-05, Time: 18:53:00, Note Category: Physician, Note Description: Physician Resident Admission Note | Text: The patient was found to
   have an increased oxygen requirement and an o2 sat in the 70s at
   rehab.  
3. Date: 2169-06-07, Time: Unknown, Note Category: Discharge summary, Note Description: Report | Text: On day of admission
the patient was found to have an increased oxygen requirement
and an o2 sat in the 70s at rehab. 
4. Date: 2169-06-07, Time: Unknown, Note Category: Discharge summary, Note Description: Report | Text: On
arrival to ICU the pt was sating in mid 90s on FM. 
5. Date: 2171-03-07, Time: 04:56:00, Note Category: Physician, Note Description: Physician Resident Admission Note | Text: Chief Complaint:  Respiratory Distress
   HPI:
   The pt is a [**Age over 90 323**] y/o M with PMHx significant for mild diastolic heart
   failure, COPD, atrial fibrillation sent from [**Hospital 12**] Rehab for
   respiratory distress, with O2 sats in the 70s.  
6. Date: 2171-03-07, Time: 04:56:00, Note Category: Physician, Note Description: Physician Resident Admission Note | Text: 8 mmol/L
   Assessment and Plan
   [**Age over 90 323**] y/o M with history of CHF, ?COPD who was sent to the ED from [**Hospital 12**]
   Rehab for respiratory distress.
7. Date: 2171-03-08, Time: 07:26:00, Note Category: Physician, Note Description: Physician Resident Progress Note | Text: 7 mg/dL
   Assessment and Plan
   [**Age over 90 323**] y/o M with history of CHF, ?COPD who was sent to the ED from [**Hospital 12**]
   Rehab for respiratory distress.
   
8. Date: 2171-03-09, Time: 06:54:00, Note Category: Physician, Note Description: Physician Resident Progress Note | Text: 3 mg/dL
   Assessment and Plan
   [**Age over 90 323**] y/o M with history of CHF, ?COPD who was sent to the ED from [**Hospital 12**]
   Rehab for respiratory distress.
   
"
02806104-d643-9e2c-49dc-6afe7e155979,EHR Completo,"Initial evaluation revealed moderate cardiomegaly, low lung volumes, a small left pleural effusion, and increased interstitial lung markings consistent with mild pulmonary edema. ",Supported,"The reference describes increased interstitial lung markings consistent with mild pulmonary edema, a small left pleural effusion, and findings consistent with pulmonary edema, which supports the text's description of moderate cardiomegaly, low lung volumes, small left pleural effusion, and mild pulmonary edema.","Hospital Admission Start: 2171-03-06 20:59:00
Hospital Admission End: 2171-03-11 18:30:00
Electronic Health Record Context
Ordered by Time (Earliest to Latest):
1. Date: 2171-03-06, Time: 19:17:00, Note Category: Radiology, Note Description: CHEST (PORTABLE AP) | Text: Increased interstitial lung markings
 and perihilar opacities consistent with mild pulmonary edema is noted.  
2. Date: 2171-03-06, Time: 19:17:00, Note Category: Radiology, Note Description: CHEST (PORTABLE AP) | Text: IMPRESSION:  Pulmonary edema with left pleural effusion.



3. Date: 2171-03-06, Time: 19:17:00, Note Category: Radiology, Note Description: CHEST (PORTABLE AP) | Text: There is a small left pleural
 effusion with associated atelectasis.
4. Date: 2171-03-07, Time: 07:45:00, Note Category: Radiology, Note Description: CHEST (PORTABLE AP) | Text: Mild
 indistinctness of pulmonary vessels is again consistent with elevated
 pulmonary venous pressure.
5. Date: 2171-03-08, Time: 11:36:00, Note Category: Radiology, Note Description: CHEST (PORTABLE AP) | Text: There is improved
 mild pulmonary edema.  
6. Date: 2171-03-08, Time: 11:36:00, Note Category: Radiology, Note Description: CHEST (PORTABLE AP) | Text: IMPRESSION:

 Improvement in mild pulmonary edema with unchanged left lower lobe
 atelectasis.



7. Date: 2171-03-08, Time: 21:08:00, Note Category: Radiology, Note Description: CHEST (PORTABLE AP) | Text: There are continued bilateral pleural
 effusions, left greater than right, with bibasilar atelectasis and mild
 congestive failure, not appreciably changed since the prior study.



8. Date: 2171-03-10, Time: 08:08:00, Note Category: Radiology, Note Description: CHEST (PORTABLE AP) | Text: REASON FOR THIS EXAMINATION:
  Evaluate for worsening pulmonary edema.
9. Date: 2171-03-10, Time: 08:08:00, Note Category: Radiology, Note Description: CHEST (PORTABLE AP) | Text: [**2171-3-10**] 8:08 AM
 CHEST (PORTABLE AP)                                             Clip # [**Clip Number (Radiology) 54627**]
 Reason: Evaluate for worsening pulmonary edema.
 
10. Date: 2171-03-10, Time: 08:08:00, Note Category: Radiology, Note Description: CHEST (PORTABLE AP) | Text: There is mild
 atelectasis at the lung bases.  
"
b505de32-fd7e-b7b7-e524-0f7da5c4130b,EHR Completo,"He was treated with lasix, IV antibiotics, and BiPAP, but his condition worsened, and he was intubated due to high PCo2 levels. ",Supported,"The reference states the patient was treated with lasix and BiPAP, had worsening respiratory status leading to intubation, and had high PCo2 levels (93) on repeat ABG, fully supporting the text.","Hospital Admission Start: 2171-03-06 20:59:00
Hospital Admission End: 2171-03-11 18:30:00
Electronic Health Record Context
Ordered by Time (Earliest to Latest):
1. Date: 2169-06-05, Time: 18:53:00, Note Category: Physician, Note Description: Physician Resident Admission Note | Text: The patient was found to
   have an increased oxygen requirement and an o2 sat in the 70s at
   rehab.  
2. Date: 2169-06-07, Time: Unknown, Note Category: Discharge summary, Note Description: Report | Text: The patient was found to have
an increased oxygen requirement and an o2 sat in the 70s at
rehab.  
3. Date: 2169-06-07, Time: Unknown, Note Category: Discharge summary, Note Description: Report | Text: On day of admission
the patient was found to have an increased oxygen requirement
and an o2 sat in the 70s at rehab. 
4. Date: 2171-03-07, Time: 04:56:00, Note Category: Physician, Note Description: Physician Resident Admission Note | Text: Here, he has been treated with lasix, morphine, and nitro gtt.
   
5. Date: 2171-03-07, Time: 04:56:00, Note Category: Physician, Note Description: Physician Resident Admission Note | Text: On arrival to the floor, the patient's VS were T= 97.6; BP= 123/63; HR=
   90; RR= 27; O2 sat= 98% on BiPAP.
6. Date: 2171-03-07, Time: 06:25:00, Note Category: Physician, Note Description: Physician Resident Progress Note | Text: Chief Complaint:
   24 Hour Events:
   - pt's respiratory status did not improve with adjustment of his BiPAP,
   ultimately resulting in intubation/mechanical ventilation
   Allergies:
   Penicillins
   itching;
   Levofloxacin
   Rash;
   Phenazopyridine
   Unknown;
   Last dose of Antibiotics:
   Infusions:
   Dopamine - 6 mcg/Kg/min
   Other ICU medications:
   Furosemide (Lasix) - [**2171-3-7**]
7. Date: 2171-03-07, Time: 10:15:00, Note Category: Nursing, Note Description: Nursing Progress Note | Text: Repeat ABG: PCo2 still 93
   Intubated at 0445, Sxn
d for thick secretions. 
"
0aeffdfc-7aa0-e9ef-17dd-4d16806886d1,EHR Completo,"The patient was then placed on mechanical ventilation, sedation, and peripheral dopamine for BP support. ",Not Supported,"The reference indicates the patient was placed on BiPAP and peripheral dopamine for BP support, but there is no mention of mechanical ventilation or sedation.","Hospital Admission Start: 2171-03-06 20:59:00
Hospital Admission End: 2171-03-11 18:30:00
Electronic Health Record Context
Ordered by Time (Earliest to Latest):
1. Date: 2169-06-05, Time: 18:53:00, Note Category: Physician, Note Description: Physician Resident Admission Note | Text: The patient was found to
   have an increased oxygen requirement and an o2 sat in the 70s at
   rehab.  
2. Date: 2169-06-07, Time: Unknown, Note Category: Discharge summary, Note Description: Report | Text: In
the Ed the patient was found to have t 101.8 An ABG showed CO2
retention and was then started on CPAP.  
3. Date: 2169-06-07, Time: Unknown, Note Category: Discharge summary, Note Description: Report | Text: The patient was found to have
an increased oxygen requirement and an o2 sat in the 70s at
rehab.  
4. Date: 2171-03-07, Time: 01:55:00, Note Category: Nursing, Note Description: Nursing Progress Note | Text: Peripheral Dopamine started for BP
   support, 400cc ivf given in total.
          
5. Date: 2171-03-07, Time: 04:56:00, Note Category: Physician, Note Description: Physician Resident Admission Note | Text: The patient was placed on BiPAP to help
   with his breathing, as he was reportedly DNR/DNI at his nursing home.
   
6. Date: 2171-03-07, Time: 04:56:00, Note Category: Physician, Note Description: Physician Resident Admission Note | Text: On arrival to the floor, the patient's VS were T= 97.6; BP= 123/63; HR=
   90; RR= 27; O2 sat= 98% on BiPAP.
7. Date: 2171-03-07, Time: 04:56:00, Note Category: Physician, Note Description: Physician Resident Admission Note | Text: Here, he has been treated with lasix, morphine, and nitro gtt.
   
8. Date: 2171-03-08, Time: 14:25:00, Note Category: Nursing, Note Description: Nursing Progress Note | Text: Peripheral Dopamine started for BP
   support, 400cc ivf given in total.
   
9. Date: 2171-03-09, Time: 02:38:00, Note Category: Nursing, Note Description: Nursing Progress Note | Text: Peripheral Dopamine started for BP
   support, 400cc ivf given in total.
"
efc45fc9-4a7e-c9ac-ad08-6611448f19fd,EHR Completo,"He was treated for a urinary tract infection with nitrofurantoin and was being monitored for fluid balance, cardiac function, and renal function. ",Not Addressed,"The reference mentions treatment with nitro gtt, lasix, morphine, and other medications but does not mention treatment with nitrofurantoin or monitoring for fluid balance, cardiac function, and renal function.","Hospital Admission Start: 2171-03-06 20:59:00
Hospital Admission End: 2171-03-11 18:30:00
Electronic Health Record Context
Ordered by Time (Earliest to Latest):
1. Date: 2169-06-05, Time: 18:53:00, Note Category: Physician, Note Description: Physician Resident Admission Note | Text: Additionally he was given
   vancomycin, cefepime, albuterol, atrovent, and methylprednisolone
   125mg.  
2. Date: 2169-06-05, Time: 18:53:00, Note Category: Physician, Note Description: Physician Resident Admission Note | Text: Of note he has recently been treated
   with Rocephin 4 days x 2 courses.
3. Date: 2169-06-07, Time: Unknown, Note Category: Discharge summary, Note Description: Report | Text: Additionally he
was given vancomycin, cefepime, albuterol, atrovent, and
methylprednisolone 125mg.  
4. Date: 2169-06-07, Time: Unknown, Note Category: Discharge summary, Note Description: Report | Text: Additionally he was given vancomycin,
cefepime, albuterol, atrovent, and methylprednisolone 125mg. 
5. Date: 2169-06-07, Time: Unknown, Note Category: Discharge summary, Note Description: Report | Text: He was continued on his home
medications of digoxin. 
6. Date: 2169-06-07, Time: Unknown, Note Category: Discharge summary, Note Description: Report | Text: Of note he has recently
been treated with Rocephin 4 days x 2 courses.  
7. Date: 2169-06-07, Time: Unknown, Note Category: Discharge summary, Note Description: Report | Text: His antibiotics were discontinued as the pt had
a normal WBC and no fever. 
8. Date: 2171-03-07, Time: 04:56:00, Note Category: Physician, Note Description: Physician Resident Admission Note | Text: Here, he has been treated with lasix, morphine, and nitro gtt.
   
9. Date: 2171-03-07, Time: 04:56:00, Note Category: Physician, Note Description: Physician Resident Admission Note | Text: He was given
   40 mg IV lasix and put out 30-40 cc of urine.  
10. Date: 2171-03-07, Time: 04:56:00, Note Category: Physician, Note Description: Physician Resident Admission Note | Text: Also, of note, he was tried on
   a nitro gtt, which initially caused some hypotension.
   
"
821a8468-cfa8-b9d3-6892-d147ed1d246e,EHR Completo,"The patient's disposition was pending, with consideration for discharge or continued care.",Not Supported,"The reference indicates the patient was discharged to extended care and had a DNI status, but does not mention that the disposition was pending or under consideration for discharge or continued care.","Hospital Admission Start: 2171-03-06 20:59:00
Hospital Admission End: 2171-03-11 18:30:00
Electronic Health Record Context
Ordered by Time (Earliest to Latest):
1. Date: 2169-06-05, Time: 18:10:00, Note Category: Physician, Note Description: Physician Attending Admission Note | Text: Chief Complaint:  Hypoxemia
   I saw and examined the patient, and was physically present with the ICU
   Resident for key portions of the services provided.  
2. Date: 2169-06-07, Time: 07:23:00, Note Category: Physician, Note Description: Physician Resident Progress Note | Text: Given pt
s tenious status
   and likely aspiration
 continued on Vanc/cefepime. 
3. Date: 2169-06-07, Time: 10:56:00, Note Category: Physician, Note Description: Physician Attending Progress Note | Text: Chief Complaint: Respiratory failure
   I saw and examined the patient, and was physically present with the ICU
   Resident for key portions of the services provided.  
4. Date: 2169-06-07, Time: Unknown, Note Category: Discharge summary, Note Description: Report | Text: Discharge Disposition:
Extended Care

Facility:
[**Hospital6 459**] for the Aged - LTC

Discharge Diagnosis:
Primary:
1. 
5. Date: 2169-06-07, Time: Unknown, Note Category: Discharge summary, Note Description: Report | Text: The
patient remained afebrile throughout his hospitalization. 
6. Date: 2171-03-07, Time: 04:56:00, Note Category: Physician, Note Description: Physician Resident Admission Note | Text: The patient was placed on BiPAP to help
   with his breathing, as he was reportedly DNR/DNI at his nursing home.
   
7. Date: 2171-03-07, Time: 04:56:00, Note Category: Physician, Note Description: Physician Resident Admission Note | Text: On arrival to the floor, the patient's VS were T= 97.6; BP= 123/63; HR=
   90; RR= 27; O2 sat= 98% on BiPAP.
8. Date: 2171-03-08, Time: 16:40:00, Note Category: General, Note Description: ICU Event Note | Text: Nurse present and all in agreement that patient would be DNI
   going forward.
"
3d70847e-d1c1-0159-2610-3982a6824064,EHR Completo,He was able to tolerate sips of clear liquids and eventually advanced to a more solid diet. ,Supported,"The reference notes indicate the patient was tolerating sips of clear liquids on 2131-02-26 and was later tolerating clear/full liquids well and encouraged to eat solids on 2131-02-27, supporting the text statement.","Hospital Admission Start: 2131-02-21 19:59:00
Hospital Admission End: 2131-03-08 13:16:00
Electronic Health Record Context
Ordered by Time (Earliest to Latest):
1. Date: 2131-02-22, Time: 06:11:00, Note Category: Physician, Note Description: Intensivist Note | Text: He was admitted, hydrated, and started on PO vanco. 
2. Date: 2131-02-22, Time: 06:45:00, Note Category: Nursing, Note Description: Nursing Progress Note | Text: He
   was admitted, hydrated, and started on PO vanco. 
3. Date: 2131-02-25, Time: 17:38:00, Note Category: Physician, Note Description: Cardiology Comprehensive Physician Note | Text: Amiodarone iv was started
   which helped control the heart rate and eventually converted him to
   sinus.  
4. Date: 2131-02-26, Time: 05:56:00, Note Category: Physician, Note Description: Intensivist Note | Text: ?Clears
   Nutrition: Clear liquids, Tolerating sips.  
5. Date: 2131-02-26, Time: 05:56:00, Note Category: Physician, Note Description: Intensivist Note | Text: Tolerating sips.  
6. Date: 2131-02-26, Time: 05:56:00, Note Category: Physician, Note Description: Intensivist Note | Text: Nutrition: Clear liquids, Tolerating sips.  
7. Date: 2131-02-27, Time: 10:50:00, Note Category: Nursing, Note Description: Nursing Transfer Note | Text: Tolerating clear/full liquids well- advance diet as
   tolerated.
                    
8. Date: 2131-02-27, Time: 10:50:00, Note Category: Nursing, Note Description: Nursing Transfer Note | Text: Tolerating POs well, denies nausea,
   encouraged to eat solids. 
"
470c70f2-37d9-011a-07e1-75b28fb4223a,EHR Completo,"The patient's atrial fibrillation was managed with amiodarone and lopressor, and his heart rate and blood pressure were stabilized. ",Supported,"The reference notes administration of amiodarone and lopressor for atrial fibrillation, with heart rate and blood pressure monitored and stabilized, supporting the text's statement.","Hospital Admission Start: 2131-02-21 19:59:00
Hospital Admission End: 2131-03-08 13:16:00
Electronic Health Record Context
Ordered by Time (Earliest to Latest):
1. Date: 2131-02-24, Time: 19:10:00, Note Category: Nursing, Note Description: Nursing Progress Note | Text: Resident was at the bedside when episode
   occurred and lopressor 10 mg IVP given. 
2. Date: 2131-02-24, Time: 19:10:00, Note Category: Nursing, Note Description: Nursing Progress Note | Text: Atrial fibrillation (Afib)
   Assessment:
   Pt  was in NSR until run of rapid Afib into 170s at 1500. 
3. Date: 2131-02-25, Time: 07:26:00, Note Category: Nursing, Note Description: Nursing Progress Note | Text: Atrial fibrillation (Afib)
   Assessment:
   Pt turned at the beginning of the shift and HR increased to 140-150 in
   afib, BP remained stable with BP from 100/64
 140/68.
4. Date: 2131-02-25, Time: 17:38:00, Note Category: Physician, Note Description: Cardiology Comprehensive Physician Note | Text: Atrial tachycardia: start lopressor 25 QID PO and uptitrate if
   patient
s BP tolerates the beta blocker, continue amiodarone 400 [**Hospital1 **]
   for now, no anticoagulation needed for now since atrial tachycardia not
   Afib, if patient develops Afib consider coumadin since CHADS score 2,
   would check another Echo to assess for structural abnormalities.
5. Date: 2131-02-25, Time: 18:41:00, Note Category: Nursing, Note Description: Nursing Progress Note | Text: Action:
   PO amiodarone and lopressor given at 1700 after Dr [**First Name (STitle) **] spoke with
   cardiology.  
6. Date: 2131-02-26, Time: 06:37:00, Note Category: Nursing, Note Description: Nursing Progress Note | Text: Atrial fibrillation (Afib)
   Assessment:
   Pt in SR w/ rate in the 80-90
s at the beginning of the shift..  Had
   received first PO dose of amiodarone 400mg at 5pm, IV gtt of amio at
   0.5mg/min turned off at 9:30pm  Pt hypotensive at that time with BP as
   low as 75/45.
7. Date: 2131-02-26, Time: 18:00:00, Note Category: Nursing, Note Description: Nursing Progress Note | Text: Todays events:
   Atrial fibrillation (Afib)
   Assessment:
   Sinus rhythm rate increased to 120 at 1700 after staff assisted
   standing transfer from chair to bed. 
8. Date: 2131-02-27, Time: 05:41:00, Note Category: Physician, Note Description: Intensivist Note | Text: Cardiovascular: Aspirin, Beta-blocker
 increase to 50 mg tid, Statins,
   Post op AF
 Patient currently in sinus Rhythm. 
9. Date: 2131-02-27, Time: 06:32:00, Note Category: Nursing, Note Description: Nursing Progress Note | Text: Amiodarone 400mg [**Hospital1 **].
   
10. Date: 2131-02-27, Time: 10:50:00, Note Category: Nursing, Note Description: Nursing Transfer Note | Text: Action:
   Receiving 400mg amiodarone [**Hospital1 **] & 50mg lopressor [**Hospital1 **] for afib.
   
"
8ebcf909-ec3c-8eaa-ed34-489a7af2c68a,EHR Completo,He received physical therapy and antibiotic coverage for his surgical site. ,Not Supported,The reference mentions antibiotic coverage (meropenem/flagyl IV and PO vancomycin) and wound dressing changes but does not mention the patient receiving physical therapy.,"Hospital Admission Start: 2131-02-21 19:59:00
Hospital Admission End: 2131-03-08 13:16:00
Electronic Health Record Context
Ordered by Time (Earliest to Latest):
1. Date: 2131-02-22, Time: 06:11:00, Note Category: Physician, Note Description: Intensivist Note | Text: He was transfered to
   the ICU, intubated, had a central line placed, started on
   vasopressors, and was given 3L IVF and meropenem/flagyl IV.
   
2. Date: 2131-02-22, Time: 06:45:00, Note Category: Nursing, Note Description: Nursing Progress Note | Text: He was
   transferred to the ICU, intubated, had a central line placed, started
   on
   vasopressors, and was given 3L IVF and meropenem/flagyl IV.
3. Date: 2131-02-22, Time: 13:52:00, Note Category: Nursing, Note Description: Nursing Progress Note | Text: He
   was admitted, hydrated, and started on PO vancomycin. 
4. Date: 2131-02-22, Time: 13:52:00, Note Category: Nursing, Note Description: Nursing Progress Note | Text: 73 male with  weakness and lower abdominal pain presented to outside
   hospital [**2-18**]. 
5. Date: 2131-02-25, Time: 17:38:00, Note Category: Physician, Note Description: Cardiology Comprehensive Physician Note | Text: He received a total colectomy with endileostomy on [**2-22**].
6. Date: 2131-02-27, Time: 06:32:00, Note Category: Nursing, Note Description: Nursing Progress Note | Text: Action:
   Abdominal wound dressing changed. 
7. Date: 2131-02-27, Time: 10:50:00, Note Category: Nursing, Note Description: Nursing Transfer Note | Text: Action:
   Dilaudid PCA discontinued & pt started on PO percocet prn with adequate
   relief of abd discomfort secondary to incision. 
8. Date: 2131-03-02, Time: 10:01:00, Note Category: Radiology, Note Description: PICC W/O PORT | Text: The patient tolerated the procedure well. 
"
80d33852-8e45-43b1-408c-e9a049b6c682,EHR Completo,"The patient was eventually transferred to a rehabilitation program, where he continued to receive treatment for his various complications, including impaired skin integrity due to a leaking ostomy bag and thrush.

",Not Supported,"The reference mentions impaired skin integrity related to a leaking ostomy bag and thrush during hospitalization, but there is no mention of the patient being transferred to a rehabilitation program to continue treatment.","Hospital Admission Start: 2131-02-21 19:59:00
Hospital Admission End: 2131-03-08 13:16:00
Electronic Health Record Context
Ordered by Time (Earliest to Latest):
1. Date: 2131-02-22, Time: 06:11:00, Note Category: Physician, Note Description: Intensivist Note | Text: He was transfered to
   the ICU, intubated, had a central line placed, started on
   vasopressors, and was given 3L IVF and meropenem/flagyl IV.
   
2. Date: 2131-02-22, Time: 06:45:00, Note Category: Nursing, Note Description: Nursing Progress Note | Text: Arrangements were then made for transfer here by his family
s request
   PMHx:
   HTN
   Perforated Diverticulitis [**6-/2125**] c/b sepsis, respiratory failure, ARF,
   A Fib, multiple abscess formation after colectomy and hartmann
s pouch
   at OSH. 
3. Date: 2131-02-22, Time: 13:52:00, Note Category: Nursing, Note Description: Nursing Progress Note | Text: He was
   transferred to the ICU, intubated, had a central line placed, started
   on
   vasopressors, and was given 3L IVF and meropenem/flagyl IV.
4. Date: 2131-02-22, Time: 13:52:00, Note Category: Nursing, Note Description: Nursing Progress Note | Text: He
   was admitted, hydrated, and started on PO vancomycin. 
5. Date: 2131-02-26, Time: 18:00:00, Note Category: Nursing, Note Description: Nursing Progress Note | Text: Action:
   Started on nystatin swish and swallow, Vaseline to lips, ostomy bag
   changed and secured.
   
6. Date: 2131-02-26, Time: 18:00:00, Note Category: Nursing, Note Description: Nursing Progress Note | Text: Impaired Skin Integrity
   Assessment:
   Complains of tongue
burning
 and lips
chapped
, hx of thrush with
   last intubation. 
7. Date: 2131-02-27, Time: 06:32:00, Note Category: Nursing, Note Description: Nursing Progress Note | Text: Impaired Skin Integrity
   Assessment:
   Abdominal wound dressing to lower aspect of wound with serosanginous
   drainage. 
8. Date: 2131-03-02, Time: 10:01:00, Note Category: Radiology, Note Description: PICC W/O PORT | Text: The catheter was secured
 to the skin, flushed, and a sterile dressing applied.

 
"
0fdc44f3-34e8-dbf8-82f2-ea42e40665f0,EHR Completo,"During his hospital stay, the patient underwent several imaging studies, including chest X-rays, abdominal X-rays, and an echocardiogram. ",Supported,"The reference documents multiple imaging studies during the hospital stay, including chest X-rays on 2131-02-22 and 2131-03-01, abdominal X-rays on 2131-02-28, and an echocardiogram is implied by the mention of fluoroscopic spot film of the chest for catheter placement on 2131-03-02.","Hospital Admission Start: 2131-02-21 19:59:00
Hospital Admission End: 2131-03-08 13:16:00
Electronic Health Record Context
Ordered by Time (Earliest to Latest):
1. Date: 2131-02-22, Time: 06:11:00, Note Category: Physician, Note Description: Intensivist Note | Text: He was transfered to
   the ICU, intubated, had a central line placed, started on
   vasopressors, and was given 3L IVF and meropenem/flagyl IV.
   
2. Date: 2131-02-22, Time: 11:28:00, Note Category: Radiology, Note Description: CHEST (PORTABLE AP) | Text: [**Doctor First Name 108**] TSICU                 [**2131-2-22**] 11:28 AM
 CHEST (PORTABLE AP); -77 BY DIFFERENT PHYSICIAN                 [**Name Initial (PRE) 73**] # [**Clip Number (Radiology) 96727**]
 Reason: eval for worsening pulm edema.
3. Date: 2131-02-22, Time: 13:52:00, Note Category: Nursing, Note Description: Nursing Progress Note | Text: He was
   transferred to the ICU, intubated, had a central line placed, started
   on
   vasopressors, and was given 3L IVF and meropenem/flagyl IV.
4. Date: 2131-02-27, Time: 12:06:00, Note Category: Rehab Services, Note Description: Physical Therapy Evaluation Note | Text: percocet
   Radiology: CXR [**2-26**]- possible effusion and consolidation within the left
   lung base
   Labs:
   28.2
   10.0
   262
   14.0
         [image002.jpg]
   Other labs:
   INR 1.9
   PTT 51.8
   Activity Orders: Activity as tolerated
   Social / Occupational History: lives with his wife, has 10 kids, 8 live
   nearby and are very supportive.
5. Date: 2131-02-28, Time: 20:18:00, Note Category: Radiology, Note Description: ABDOMEN (SUPINE & ERECT) | Text: FINDINGS:  Abdominal radiograph, supine and upright views.  
6. Date: 2131-03-01, Time: 12:05:00, Note Category: Radiology, Note Description: CHEST PORT. LINE PLACEMENT | Text: COMPARISON:  Prior chest radiographs, most recently one day prior ([**2131-2-28**]) dating back to [**2125-7-16**].

 
7. Date: 2131-03-02, Time: 10:01:00, Note Category: Radiology, Note Description: PICC W/O PORT | Text: Hard copies of ultrasound images were obtained before and immediately after
 establishing intravenous access. 
8. Date: 2131-03-02, Time: 10:01:00, Note Category: Radiology, Note Description: PICC W/O PORT | Text: Position of the catheter was confirmed by a
 fluoroscopic spot film of the chest.

 
"
56ceb3e1-ae47-feff-809c-cfc4675e63d8,EHR Completo,"The patient was treated with antibiotics, vasopressors, and mechanical ventilation, and his condition was closely monitored in the ICU. ",Supported,"The reference states the patient was transferred to the ICU, intubated (mechanical ventilation), started on vasopressors, and treated with antibiotics (meropenem/flagyl and vancomycin), indicating close monitoring in the ICU.","Hospital Admission Start: 2131-02-21 19:59:00
Hospital Admission End: 2131-03-08 13:16:00
Electronic Health Record Context
Ordered by Time (Earliest to Latest):
1. Date: 2131-02-22, Time: 06:11:00, Note Category: Physician, Note Description: Intensivist Note | Text: He was transfered to
   the ICU, intubated, had a central line placed, started on
   vasopressors, and was given 3L IVF and meropenem/flagyl IV.
   
2. Date: 2131-02-22, Time: 06:11:00, Note Category: Physician, Note Description: Intensivist Note | Text: 18 mcg/Kg/min
   Other ICU medications:
   Other medications:
   Flowsheet Data as of  [**2131-2-22**] 06:10 AM
   Vital signs
   Hemodynamic monitoring
   Fluid balance
                                                                  24 hours
                                                             Since [**33**] a.m.
   
3. Date: 2131-02-22, Time: 06:45:00, Note Category: Nursing, Note Description: Nursing Progress Note | Text: He was
   transferred to the ICU, intubated, had a central line placed, started
   on
   vasopressors, and was given 3L IVF and meropenem/flagyl IV.
4. Date: 2131-02-22, Time: 13:52:00, Note Category: Nursing, Note Description: Nursing Progress Note | Text: He
   was admitted, hydrated, and started on PO vancomycin. 
5. Date: 2131-02-23, Time: 04:14:00, Note Category: Physician, Note Description: Intensivist Note | Text: 14 mcg/Kg/min
   Propofol - 20 mcg/Kg/min
   Amiodarone - 1 mg/min
   Other ICU medications:
   Sodium Bicarbonate 8.4% (Amp) - [**2131-2-22**] 05:24 PM
   Midazolam (Versed) - [**2131-2-22**] 07:58 PM
   Famotidine (Pepcid) - [**2131-2-23**] 12:00 AM
   Heparin Sodium
6. Date: 2131-02-24, Time: 19:10:00, Note Category: Nursing, Note Description: Nursing Progress Note | Text: Resident was at the bedside when episode
   occurred and lopressor 10 mg IVP given. 
"
6440902e-c077-ee3c-c9e7-7d990607e4d6,EHR Completo,"He experienced several complications, including atrial fibrillation and supraventricular tachycardia, but was successfully converted to a normal sinus rhythm with treatment. ",Supported,"The reference documents the patient experiencing atrial fibrillation and supraventricular tachycardia, with treatment including amiodarone leading to conversion to sinus rhythm, supporting the text's statement.","Hospital Admission Start: 2131-02-21 19:59:00
Hospital Admission End: 2131-03-08 13:16:00
Electronic Health Record Context
Ordered by Time (Earliest to Latest):
1. Date: 2131-02-21, Time: Unknown, Note Category: ECG, Note Description: Report | Text: Sinus rhythm with borderline sinus tachycardia and atrial premature beats.

2. Date: 2131-02-24, Time: 19:10:00, Note Category: Nursing, Note Description: Nursing Progress Note | Text: Atrial fibrillation (Afib)
   Assessment:
   Pt  was in NSR until run of rapid Afib into 170s at 1500. 
3. Date: 2131-02-25, Time: 17:38:00, Note Category: Physician, Note Description: Cardiology Comprehensive Physician Note | Text: Amiodarone iv was started
   which helped control the heart rate and eventually converted him to
   sinus.  
4. Date: 2131-02-25, Time: 17:38:00, Note Category: Physician, Note Description: Cardiology Comprehensive Physician Note | Text: Sinus tachycardia: continue pain medication and rehydration with
   crystalline solutions
   For his wheezing likely due to history of recent intubation please
   avoid beta2 agonist and use ipatropium inhalers
   Cardiovascular risk profile: consider starting ASA 81 mg and check
   lipids to assess need for statin therapy
5. Date: 2131-02-25, Time: 17:38:00, Note Category: Physician, Note Description: Cardiology Comprehensive Physician Note | Text: We were consulted to help with the management of this supraventricular
   tachycardia.  
6. Date: 2131-02-25, Time: 17:38:00, Note Category: Physician, Note Description: Cardiology Comprehensive Physician Note | Text: Since
   then he developed acute renal failure and narrow complex tachycardia.
   
7. Date: 2131-02-25, Time: 17:38:00, Note Category: Physician, Note Description: Cardiology Comprehensive Physician Note | Text: TITLE:
   Date of service: [**2131-2-25**]
   Initial consultation: Inpatient
   Presenting complaint: Arrhythmia
   History of present illness: 73 year old male with h/o HTN, CVA and
   C.diff colitis with toxic megacolon, septic shock was transferred to
   [**Hospital1 54**] from OSH where he presented with weakness and lower abdominal
   pain.  
8. Date: 2131-02-26, Time: 18:00:00, Note Category: Nursing, Note Description: Nursing Progress Note | Text: Todays events:
   Atrial fibrillation (Afib)
   Assessment:
   Sinus rhythm rate increased to 120 at 1700 after staff assisted
   standing transfer from chair to bed. 
9. Date: 2131-02-27, Time: 05:41:00, Note Category: Physician, Note Description: Intensivist Note | Text: Cardiovascular: Aspirin, Beta-blocker
 increase to 50 mg tid, Statins,
   Post op AF
 Patient currently in sinus Rhythm. 
10. Date: 2131-03-02, Time: Unknown, Note Category: ECG, Note Description: Report | Text: Sinus rhythm
Consider left atrial abnormality although is nondiagnostic and tracing may be
within normal limits
Since previous tracing of _


"
6d2953ec-9991-971b-a839-a7f35055e62a,EHR Completo,"These studies revealed findings consistent with small-bowel obstruction, left pleural effusion, and mildly thickened aortic and mitral valve leaflets. ",Supported,"The reference notes confirm small-bowel obstruction with dilated loops and stepladder air-fluid levels, left pleural effusion with moderate extent, and mildly thickened aortic and mitral valve leaflets.","Hospital Admission Start: 2131-02-21 19:59:00
Hospital Admission End: 2131-03-08 13:16:00
Electronic Health Record Context
Ordered by Time (Earliest to Latest):
1. Date: 2131-02-23, Time: 05:13:00, Note Category: Radiology, Note Description: CHEST (PORTABLE AP) | Text: There has been
 interval increase in mild to moderate right and moderate left pleural effusion
 and adjacent atelectasis. 
2. Date: 2131-02-25, Time: 05:31:00, Note Category: Radiology, Note Description: CHEST (PORTABLE AP) | Text: The extent of the left-sided pleural
 effusion, combined with the pre-existing left basal and retrocardiac opacity
 have slightly increased.  
3. Date: 2131-02-25, Time: 17:38:00, Note Category: Physician, Note Description: Cardiology Comprehensive Physician Note | Text: The mitral valve leaflets are
   mildly thickened. 
4. Date: 2131-02-27, Time: Unknown, Note Category: Echo, Note Description: Report | Text: AORTIC VALVE: Mildly thickened aortic valve leaflets (3). 
5. Date: 2131-02-27, Time: Unknown, Note Category: Echo, Note Description: Report | Text: The mitral valve leaflets are mildly thickened.

6. Date: 2131-02-28, Time: 20:18:00, Note Category: Radiology, Note Description: ABDOMEN (SUPINE & ERECT) | Text: IMPRESSION:

 Dilated loops of small bowels with ""stepladder"" air-fluid levels, consistent
 with early small-bowel obstruction.  
7. Date: 2131-02-28, Time: 20:18:00, Note Category: Radiology, Note Description: ABDOMEN (SUPINE & ERECT) | Text: Multiple loops of dilated small bowels with step-ladder air-fluid levels,
 concerning for early small bowel obstruction.

 
8. Date: 2131-02-28, Time: 20:18:00, Note Category: Radiology, Note Description: ABDOMEN (SUPINE & ERECT) | Text: Multiple loops of dilated small bowels with step-ladder air-fluid levels,
  concerning for early small bowel obstruction.

  
9. Date: 2131-02-28, Time: 20:18:00, Note Category: Radiology, Note Description: ABDOMEN (SUPINE & ERECT) | Text: Assess for evidence of small-bowel
 obstruction.

 
10. Date: 2131-02-28, Time: 20:18:00, Note Category: Radiology, Note Description: ABDOMEN (SUPINE & ERECT) | Text: There are dilated
 loops of small bowel with ""stepladder"" air-fluid levels.  
"
ee7cb69e-eb5e-5fe0-8feb-93096ada1190,EHR Completo,"The patient also had a PICC line placed for TPN administration, which was initially misplaced but later corrected. ",Supported,"The reference documents a failed initial PICC placement with the catheter curling into the axilla, followed by a successful placement of a double-lumen PICC line with correct tip positioning, supporting the text that the PICC line was initially misplaced but later corrected.","Hospital Admission Start: 2131-02-21 19:59:00
Hospital Admission End: 2131-03-08 13:16:00
Electronic Health Record Context
Ordered by Time (Earliest to Latest):
1. Date: 2131-02-22, Time: 06:11:00, Note Category: Physician, Note Description: Intensivist Note | Text: He was transfered to
   the ICU, intubated, had a central line placed, started on
   vasopressors, and was given 3L IVF and meropenem/flagyl IV.
   
2. Date: 2131-02-22, Time: 06:45:00, Note Category: Nursing, Note Description: Nursing Progress Note | Text: He was
   transferred to the ICU, intubated, had a central line placed, started
   on
   vasopressors, and was given 3L IVF and meropenem/flagyl IV.
3. Date: 2131-03-01, Time: 12:05:00, Note Category: Radiology, Note Description: CHEST PORT. LINE PLACEMENT | Text: PICC placement was discussed by Dr. 
4. Date: 2131-03-01, Time: 12:05:00, Note Category: Radiology, Note Description: CHEST PORT. LINE PLACEMENT | Text: LINE PLACEMENT                                      Clip # [**Clip Number (Radiology) 96730**]
 Reason: r dl picc 45cm
 Admitting Diagnosis: ACUTE RENAL FAILURE
 ______________________________________________________________________________
 [**Hospital 4**] MEDICAL CONDITION:
  73 year old man with picc
 REASON FOR THIS EXAMINATION:
  r dl picc 45cm
 ______________________________________________________________________________
                                  PFI REPORT
 Right PICC catheter coursing towards the lung and then curving around to and
 is directed again laterally terminating in the right axilla.
5. Date: 2131-03-01, Time: 12:05:00, Note Category: Radiology, Note Description: CHEST PORT. LINE PLACEMENT | Text: EXAMINATION:
  r dl picc 45cm
 ______________________________________________________________________________
 PROVISIONAL FINDINGS IMPRESSION (PFI): [**First Name9 (NamePattern2) 1237**] [**Doctor First Name 38**] [**2131-3-1**] 4:14 PM
  Right PICC catheter coursing towards the lung and then curving around to and
  is directed again laterally terminating in the right axilla.
6. Date: 2131-03-02, Time: 10:01:00, Note Category: Radiology, Note Description: PICC W/O PORT | Text: ______________________________________________________________________________
                                 FINAL REPORT
 PICC LINE PLACEMENT

 INDICATION: IV access needed for TPN.

 
7. Date: 2131-03-02, Time: 10:01:00, Note Category: Radiology, Note Description: PICC W/O PORT | Text: Failed bedside PICC placement, curls into axilla.
 
8. Date: 2131-03-02, Time: 10:01:00, Note Category: Radiology, Note Description: PICC W/O PORT | Text: A peel-away sheath was then placed over a
 guidewire and a double-lumen PICC line measuring 40 cm in length was then
 placed through the peel-away sheath with its tip positioned in the SVC under
 fluoroscopic guidance. 
"
6f6a9ac3-fb6c-48d7-f5e8-5f06a4741863,EHR Completo,"The patient's condition continued to improve, and he was eventually discharged from the hospital.",Not Addressed,"The reference context details the patient's admission, ICU transfer, treatments, and procedures but does not mention any improvement in condition or discharge from the hospital.","Hospital Admission Start: 2131-02-21 19:59:00
Hospital Admission End: 2131-03-08 13:16:00
Electronic Health Record Context
Ordered by Time (Earliest to Latest):
1. Date: 2131-02-22, Time: 06:11:00, Note Category: Physician, Note Description: Intensivist Note | Text: He was transfered to
   the ICU, intubated, had a central line placed, started on
   vasopressors, and was given 3L IVF and meropenem/flagyl IV.
   
2. Date: 2131-02-22, Time: 06:45:00, Note Category: Nursing, Note Description: Nursing Progress Note | Text: He
   was admitted, hydrated, and started on PO vanco. 
3. Date: 2131-02-22, Time: 13:52:00, Note Category: Nursing, Note Description: Nursing Progress Note | Text: He was
   transferred to the ICU, intubated, had a central line placed, started
   on
   vasopressors, and was given 3L IVF and meropenem/flagyl IV.
4. Date: 2131-02-22, Time: 13:52:00, Note Category: Nursing, Note Description: Nursing Progress Note | Text: He
   was admitted, hydrated, and started on PO vancomycin. 
5. Date: 2131-02-22, Time: 13:52:00, Note Category: Nursing, Note Description: Nursing Progress Note | Text: 73 male with  weakness and lower abdominal pain presented to outside
   hospital [**2-18**]. 
6. Date: 2131-02-22, Time: 16:08:00, Note Category: Respiratory, Note Description: Respiratory Care Shift Note | Text: PEEP increased from 5 to 10, FiO2 from 50 to 70%, now weaned back to
   50% but maintained PEEP, ABGs went from combined acidosis to acute
   metabolic acidosis but pH has improved since this morning, patient went
   to OR this morning where he has Ileostomy done, will continues to be
   followed.
7. Date: 2131-03-01, Time: 12:05:00, Note Category: Radiology, Note Description: CHEST PORT. LINE PLACEMENT | Text: ______________________________________________________________________________
                                 FINAL REPORT
 HISTORY:  73-year-old male with PICC catheter.

 
8. Date: 2131-03-02, Time: 10:01:00, Note Category: Radiology, Note Description: PICC W/O PORT | Text: The patient tolerated the procedure well. 
"
f3041856-0d94-18c4-63a6-5d4be3322939,EHR Completo,"The patient, a 73-year-old man, was admitted to the hospital with weakness, lower abdominal pain, and evidence of colitis due to C. difficile infection. ",Supported,"The reference confirms the patient is a 73-year-old man admitted with weakness, lower abdominal pain, and evidence of colitis due to C. difficile infection.","Hospital Admission Start: 2131-02-21 19:59:00
Hospital Admission End: 2131-03-08 13:16:00
Electronic Health Record Context
Ordered by Time (Earliest to Latest):
1. Date: 2131-02-21, Time: 22:19:00, Note Category: Radiology, Note Description: CT ABDOMEN W/O CONTRAST | Text: ______________________________________________________________________________
                                 FINAL REPORT
 INDICATION:  73-year-old man with C. diff colitis presenting with abdominal
 distention.
2. Date: 2131-02-22, Time: 06:45:00, Note Category: Nursing, Note Description: Nursing Progress Note | Text: CT
   scan showed evidence of colitis and stool was positive for C Diff. 
3. Date: 2131-02-22, Time: 13:52:00, Note Category: Nursing, Note Description: Nursing Progress Note | Text: 73 male with  weakness and lower abdominal pain presented to outside
   hospital [**2-18**]. 
4. Date: 2131-02-23, Time: 17:52:00, Note Category: Nursing, Note Description: Nursing Progress Note | Text: 73 y.o.m with C.diff colitis, sepsis, resp failure, ARF, toxic
   megacolon, s/p ex lap, total abd colectomy, end ileostomy [**2-22**].
   
5. Date: 2131-02-25, Time: 17:38:00, Note Category: Physician, Note Description: Cardiology Comprehensive Physician Note | Text: Assessment and Plan
   Mr [**Known lastname 8268**] is a 73 year old man with h/o severe C.diff colitis s/p total
   colectomy with jejunostomie now with atrial tachycardia responsive to
   amiodarone.
6. Date: 2131-02-25, Time: 17:38:00, Note Category: Physician, Note Description: Cardiology Comprehensive Physician Note | Text: TITLE:
   Date of service: [**2131-2-25**]
   Initial consultation: Inpatient
   Presenting complaint: Arrhythmia
   History of present illness: 73 year old male with h/o HTN, CVA and
   C.diff colitis with toxic megacolon, septic shock was transferred to
   [**Hospital1 54**] from OSH where he presented with weakness and lower abdominal
   pain.  
7. Date: 2131-02-27, Time: 12:06:00, Note Category: Rehab Services, Note Description: Physical Therapy Evaluation Note | Text: Attending Physician: [**Name10 (NameIs) 1924**]
   Referral date: [**2131-2-26**]
   Medical Diagnosis / ICD 9: sepsis / 038.9
   Reason of referral: Eval & treat
   History of Present Illness / Subjective Complaint: 73 yo M  admitted to
   OSH on [**2-18**] with weakness and lower abdominal pain, CT showing colitis
   with +c.diff,
8. Date: 2131-02-28, Time: 20:18:00, Note Category: Radiology, Note Description: ABDOMEN (SUPINE & ERECT) | Text: ______________________________________________________________________________
                                 FINAL REPORT
 HISTORY:  73-year-old man with complicated C. diff colitis, now status post
 total colectomy and end ileostomy.  
"
c8d8da41-6cc9-2153-378b-a3b85e0cae87,EHR Completo,"He developed sepsis, acute respiratory failure, and acute renal failure, requiring transfer to the ICU, intubation, and vasopressor support. ",Supported,"The reference notes that the patient was transferred to the ICU, intubated, started on vasopressors, and had acute renal failure and sepsis documented, supporting the text's statement.","Hospital Admission Start: 2131-02-21 19:59:00
Hospital Admission End: 2131-03-08 13:16:00
Electronic Health Record Context
Ordered by Time (Earliest to Latest):
1. Date: 2131-02-22, Time: 06:11:00, Note Category: Physician, Note Description: Intensivist Note | Text: He was transfered to
   the ICU, intubated, had a central line placed, started on
   vasopressors, and was given 3L IVF and meropenem/flagyl IV.
   
2. Date: 2131-02-22, Time: 06:11:00, Note Category: Physician, Note Description: Intensivist Note | Text: Over a short periord this afternoon he quickly decompensated
   becoming hypotensive with respiratory distress.  
3. Date: 2131-02-22, Time: 06:45:00, Note Category: Nursing, Note Description: Nursing Progress Note | Text: He was
   transferred to the ICU, intubated, had a central line placed, started
   on
   vasopressors, and was given 3L IVF and meropenem/flagyl IV.
4. Date: 2131-02-22, Time: 06:45:00, Note Category: Nursing, Note Description: Nursing Progress Note | Text: He quickly
   decompensated becoming hypotensive with respiratory distress.  
5. Date: 2131-02-22, Time: 11:28:00, Note Category: Radiology, Note Description: CHEST (PORTABLE AP) | Text: Admitting Diagnosis: ACUTE RENAL FAILURE
 ______________________________________________________________________________
 [**Hospital 4**] MEDICAL CONDITION:
  73 year old man with sepsis, acute desat, acidosis.
 
6. Date: 2131-02-22, Time: 11:28:00, Note Category: Radiology, Note Description: CHEST (PORTABLE AP) | Text: Admitting Diagnosis: ACUTE RENAL FAILURE
 ______________________________________________________________________________
 [**Hospital 4**] MEDICAL CONDITION:
  73 year old man with sepsis, acute desat, acidosis.
"
b0708132-b608-102e-7fce-b1a5cc9c0be9,EHR Completo,"The patient underwent an exploratory laparotomy, total abdominal colectomy, and end ileostomy due to toxic megacolon. ",Supported,"The reference clearly states the patient underwent exploratory laparotomy, total abdominal colectomy, and end ileostomy due to toxic megacolon on 2-22, which fully supports the text.","Hospital Admission Start: 2131-02-21 19:59:00
Hospital Admission End: 2131-03-08 13:16:00
Electronic Health Record Context
Ordered by Time (Earliest to Latest):
1. Date: 2131-02-23, Time: 05:45:00, Note Category: Nursing, Note Description: Nursing Progress Note | Text: 73M with C.diff colitis, sepsis, resp failure, ARF, toxic megacolon,
   s/p ex lap, total abd colectomy, end ileostomy [**2-22**].
   
2. Date: 2131-02-24, Time: 06:55:00, Note Category: Nursing, Note Description: Nursing Progress Note | Text: 73 y.o.m with C.diff colitis, sepsis, resp failure, ARF, toxic
   megacolon, s/p ex lap, total abd colectomy, end ileostomy [**2-22**].
   
3. Date: 2131-02-25, Time: 07:26:00, Note Category: Nursing, Note Description: Nursing Progress Note | Text: 73M with C.diff colitis, sepsis, resp failure, ARF, ?toxic megacolon,
   s/p ex lap, total abd colectomy, end ileostomy [**2-22**].
   
4. Date: 2131-02-25, Time: 17:38:00, Note Category: Physician, Note Description: Cardiology Comprehensive Physician Note | Text: He received a total colectomy with endileostomy on [**2-22**].
5. Date: 2131-02-26, Time: 06:37:00, Note Category: Nursing, Note Description: Nursing Progress Note | Text: 73M with C.diff colitis/toxic metacolon, sepsis, resp failure, ARF, s/p
   ex lap, total abd colectomy, end ileostomy [**2-22**].
6. Date: 2131-02-27, Time: 06:32:00, Note Category: Nursing, Note Description: Nursing Progress Note | Text: 73M with C.diff colitis/toxic metacolon, sepsis, resp failure, ARF, s/p
   ex lap, total abd colectomy, end ileostomy [**2-22**].
   
7. Date: 2131-02-27, Time: 12:06:00, Note Category: Rehab Services, Note Description: Physical Therapy Evaluation Note | Text: developed ARF with acute abdominal distrension and
   respiratory distress requiring intubation and pressors, transferred to
   [**Hospital1 54**] with toxic megacolon,  underwent ex. 
8. Date: 2131-02-27, Time: 12:06:00, Note Category: Rehab Services, Note Description: Physical Therapy Evaluation Note | Text: lap, total abdominal
   colectomy, and end ileostomy on [**2-22**].  
"
d6166e55-acd2-794d-f6b5-8736fdc3d68c,EHR Completo,"He required close monitoring and management of his various organ dysfunctions, including acute respiratory distress syndrome, sepsis, and acute renal failure. ",Supported,"The reference documents acute respiratory distress syndrome, sepsis with organ dysfunction, and acute renal failure, confirming the need for close monitoring and management of these conditions.","Hospital Admission Start: 2131-02-21 19:59:00
Hospital Admission End: 2131-03-08 13:16:00
Electronic Health Record Context
Ordered by Time (Earliest to Latest):
1. Date: 2131-02-21, Time: 20:57:00, Note Category: Radiology, Note Description: CHEST PORT. LINE PLACEMENT | Text: Admitting Diagnosis: ACUTE RENAL FAILURE
 ______________________________________________________________________________
 [**Hospital 4**] MEDICAL CONDITION:
  73 year old man with resp failure.
 
2. Date: 2131-02-22, Time: 06:11:00, Note Category: Physician, Note Description: Intensivist Note | Text: Over a short periord this afternoon he quickly decompensated
   becoming hypotensive with respiratory distress.  
3. Date: 2131-02-22, Time: 06:45:00, Note Category: Nursing, Note Description: Nursing Progress Note | Text: He quickly
   decompensated becoming hypotensive with respiratory distress.  
4. Date: 2131-02-22, Time: 11:28:00, Note Category: Radiology, Note Description: CHEST (PORTABLE AP) | Text: Admitting Diagnosis: ACUTE RENAL FAILURE
 ______________________________________________________________________________
 [**Hospital 4**] MEDICAL CONDITION:
  73 year old man with sepsis, acute desat, acidosis.
 
5. Date: 2131-02-22, Time: 11:28:00, Note Category: Radiology, Note Description: CHEST (PORTABLE AP) | Text: Admitting Diagnosis: ACUTE RENAL FAILURE
 ______________________________________________________________________________
 [**Hospital 4**] MEDICAL CONDITION:
  73 year old man with sepsis, acute desat, acidosis.
6. Date: 2131-02-24, Time: 06:35:00, Note Category: Physician, Note Description: Intensivist Note | Text: 1 mg/dL,
   Mg:2.5 mg/dL, PO4:5.8 mg/dL
   Assessment and Plan
   ACUTE RESPIRATORY DISTRESS SYNDROME (ARDS, ACUTE LUNG INJURY, [**Doctor Last Name **]),
   SUPRAVENTRICULAR TACHYCARDIA (SVT), IMPAIRED SKIN INTEGRITY, SEPSIS,
   SEVERE (WITH ORGAN DYSFUNCTION), RENAL FAILURE, ACUTE (ACUTE RENAL
   FAILURE, ARF),
7. Date: 2131-02-25, Time: 17:38:00, Note Category: Physician, Note Description: Cardiology Comprehensive Physician Note | Text: Since
   then he developed acute renal failure and narrow complex tachycardia.
   
"
40d22801-e082-ec79-4f1c-15a01deea985,EHR Completo,"The patient's respiratory status improved, and he was weaned off peep according to esophageal balloon pressures. ",Not Supported,"The reference shows PEEP was increased and then planned to be weaned according to esophageal balloon pressures, but there is no clear documentation that the patient was actually weaned off PEEP or that respiratory status improved as stated.","Hospital Admission Start: 2131-02-21 19:59:00
Hospital Admission End: 2131-03-08 13:16:00
Electronic Health Record Context
Ordered by Time (Earliest to Latest):
1. Date: 2131-02-22, Time: 16:08:00, Note Category: Respiratory, Note Description: Respiratory Care Shift Note | Text: PEEP increased from 5 to 10, FiO2 from 50 to 70%, now weaned back to
   50% but maintained PEEP, ABGs went from combined acidosis to acute
   metabolic acidosis but pH has improved since this morning, patient went
   to OR this morning where he has Ileostomy done, will continues to be
   followed.
2. Date: 2131-02-23, Time: 04:14:00, Note Category: Physician, Note Description: Intensivist Note | Text: Esophageal balloon for closer monitoring.
   
3. Date: 2131-02-23, Time: 17:52:00, Note Category: Nursing, Note Description: Nursing Progress Note | Text: Action:
   ARDS NET protocol, esophageal balloon placed to optimize vent settings,
   peep increased to 15, no other vent settings changes made today. 
4. Date: 2131-02-24, Time: 06:35:00, Note Category: Physician, Note Description: Intensivist Note | Text: Esophageal balloon placed and PEEP increased to 15.
   
5. Date: 2131-02-24, Time: 06:35:00, Note Category: Physician, Note Description: Intensivist Note | Text: Esophageal balloon placed and PEEP increased to 15.
   decr PEEP to 10.
   
6. Date: 2131-02-24, Time: 06:55:00, Note Category: Nursing, Note Description: Nursing Progress Note | Text: wean peep tomorrow
   according to esophageal balloon pressures. 
7. Date: 2131-02-25, Time: 06:27:00, Note Category: Physician, Note Description: Intensivist Note | Text: Esophageal balloon placed and PEEP increased to
   15.  
8. Date: 2131-02-25, Time: 06:27:00, Note Category: Physician, Note Description: Intensivist Note | Text: Pulmonary: improved oxygenation down to CPAP/PSV 5/5.  
"
cec4b973-165c-6d31-605d-ec76369b6e01,EHR Completo,His renal function also improved with hydration and electrolyte repletion. ,Supported,"The reference notes indicate that the patient received hydration and electrolyte management, with documented improvement in renal function and urine output.","Hospital Admission Start: 2131-02-21 19:59:00
Hospital Admission End: 2131-03-08 13:16:00
Electronic Health Record Context
Ordered by Time (Earliest to Latest):
1. Date: 2131-02-22, Time: 06:11:00, Note Category: Physician, Note Description: Intensivist Note | Text: Nutrition: NPO
   Renal: Marginal Urine output, resolving ARF prerenal progressing to ATN
   improving urine output
   Hematology: stable anemia secondary to dilution
   Endocrine: RISS
   Infectious Disease: meropenem, vancomycin, flagyl cultures pending.
   
2. Date: 2131-02-22, Time: 06:45:00, Note Category: Nursing, Note Description: Nursing Progress Note | Text: Plan:
   Follow renal function, fluid balance.
   
3. Date: 2131-02-22, Time: 06:45:00, Note Category: Nursing, Note Description: Nursing Progress Note | Text: Adjustment
   of meds for renal function, close monitoring of fluid status and renal
   function
   Response:
   Cr down to 4.5, urine output up marginally.
4. Date: 2131-02-22, Time: 06:45:00, Note Category: Nursing, Note Description: Nursing Progress Note | Text: Received 3000L fluid pta
   Action:
   Gentle hydration with 3 fluid boluses and maintenance fluid.
5. Date: 2131-02-22, Time: 06:45:00, Note Category: Nursing, Note Description: Nursing Progress Note | Text: He
   was admitted, hydrated, and started on PO vanco. 
6. Date: 2131-02-22, Time: 16:08:00, Note Category: Respiratory, Note Description: Respiratory Care Shift Note | Text: PEEP increased from 5 to 10, FiO2 from 50 to 70%, now weaned back to
   50% but maintained PEEP, ABGs went from combined acidosis to acute
   metabolic acidosis but pH has improved since this morning, patient went
   to OR this morning where he has Ileostomy done, will continues to be
   followed.
7. Date: 2131-02-23, Time: 17:52:00, Note Category: Nursing, Note Description: Nursing Progress Note | Text: Plan:
   Cont hydration with fluid resuscitation, [**Last Name (un) **] fluid status & renal
   function. 
8. Date: 2131-02-24, Time: 06:55:00, Note Category: Nursing, Note Description: Nursing Progress Note | Text: Plan:
   Cont hydration and monitor fluid status & renal function.
   
9. Date: 2131-02-26, Time: 10:48:00, Note Category: Nutrition, Note Description: Clinical Nutrition Note | Text: Renal function is improved.
   
"
dabd045e-4883-f56d-c62d-d1f61d998a77,EHR Completo,"The patient's ileostomy was surgically revised at the bedside, with improved output and appearance.

",Supported,"The reference notes that Drs opened and sutured the ileostomy at bedside, indicating surgical revision, which supports the text stating the ileostomy was surgically revised at bedside.","Hospital Admission Start: 2131-02-21 19:59:00
Hospital Admission End: 2131-03-08 13:16:00
Electronic Health Record Context
Ordered by Time (Earliest to Latest):
1. Date: 2131-02-22, Time: 16:08:00, Note Category: Respiratory, Note Description: Respiratory Care Shift Note | Text: PEEP increased from 5 to 10, FiO2 from 50 to 70%, now weaned back to
   50% but maintained PEEP, ABGs went from combined acidosis to acute
   metabolic acidosis but pH has improved since this morning, patient went
   to OR this morning where he has Ileostomy done, will continues to be
   followed.
2. Date: 2131-02-23, Time: 05:45:00, Note Category: Nursing, Note Description: Nursing Progress Note | Text: Ileostomy red with
   minimal bloody drainage. 
3. Date: 2131-02-23, Time: 17:52:00, Note Category: Nursing, Note Description: Nursing Progress Note | Text: [**Last Name (STitle) 1924**] will mature (open) ileostomy at bedside.
4. Date: 2131-02-23, Time: 17:52:00, Note Category: Nursing, Note Description: Nursing Progress Note | Text: Immature ileostomy red,
   sanguinous drainage oozing from around ileostomy site.
   
5. Date: 2131-02-24, Time: 06:35:00, Note Category: Physician, Note Description: Intensivist Note | Text: Ileostomy site to be matured. 
6. Date: 2131-02-24, Time: 06:55:00, Note Category: Nursing, Note Description: Nursing Progress Note | Text: [**Last Name (STitle) 1924**] will
   mature (open) ileostomy at bedside today. 
7. Date: 2131-02-24, Time: 19:10:00, Note Category: Nursing, Note Description: Nursing Progress Note | Text: Action:
   Dr [**Last Name (STitle) 1924**] and Dr [**First Name (STitle) **] opened and sutured ilieosomy at bedside.
   
8. Date: 2131-02-25, Time: 07:26:00, Note Category: Nursing, Note Description: Nursing Progress Note | Text: Midline incision D+I,
   ileostomy red and edematous.  
9. Date: 2131-02-27, Time: 06:32:00, Note Category: Nursing, Note Description: Nursing Progress Note | Text: Action:
   Abdominal wound dressing changed. 
10. Date: 2131-02-28, Time: 20:18:00, Note Category: Radiology, Note Description: ABDOMEN (SUPINE & ERECT) | Text: An ileostomy is seen in the right lower quadrant.
 
"
8fa271c1-d792-8460-5bd0-772e53ef860f,EHR Completo,"The patient was extubated and transitioned to nasal cannula oxygen, and his pain was managed with Dilaudid PCA. ",Not Supported,"The reference notes indicate the patient was intubated and later had pain managed with Dilaudid PCA, which was then discontinued and switched to oral Percocet. There is no mention of the patient being extubated or transitioned to nasal cannula oxygen.","Hospital Admission Start: 2131-02-21 19:59:00
Hospital Admission End: 2131-03-08 13:16:00
Electronic Health Record Context
Ordered by Time (Earliest to Latest):
1. Date: 2131-02-22, Time: 06:11:00, Note Category: Physician, Note Description: Intensivist Note | Text: He was transfered to
   the ICU, intubated, had a central line placed, started on
   vasopressors, and was given 3L IVF and meropenem/flagyl IV.
   
2. Date: 2131-02-22, Time: 06:45:00, Note Category: Nursing, Note Description: Nursing Progress Note | Text: He was
   transferred to the ICU, intubated, had a central line placed, started
   on
   vasopressors, and was given 3L IVF and meropenem/flagyl IV.
3. Date: 2131-02-24, Time: 19:10:00, Note Category: Nursing, Note Description: Nursing Progress Note | Text: Resident was at the bedside when episode
   occurred and lopressor 10 mg IVP given. 
4. Date: 2131-02-26, Time: 05:56:00, Note Category: Physician, Note Description: Intensivist Note | Text: Neurologic: Pain controlled, Dilaudid PCA.
   
5. Date: 2131-02-27, Time: 05:41:00, Note Category: Physician, Note Description: Intensivist Note | Text: Neurologic: Pain controlled, Continue Diluadid PCA
   Cardiovascular: Aspirin, Beta-blocker, Statins, Patient currently in
   sinus Rhythm. 
6. Date: 2131-02-27, Time: 05:41:00, Note Category: Physician, Note Description: Intensivist Note | Text: Neurologic: Pain well controlled, Change Diluadid PCA to percocet PO.
7. Date: 2131-02-27, Time: 10:50:00, Note Category: Nursing, Note Description: Nursing Transfer Note | Text: Action:
   Dilaudid PCA discontinued & pt started on PO percocet prn with adequate
   relief of abd discomfort secondary to incision. 
"
09de3dba-0c11-dd06-509a-2b7edcc0778c,So Admissao,"The patient's heart failure improved, and he was transferred to the floor for continued management.",Supported,The reference notes indicate that the patient's heart failure was improving and that there was a plan to transfer the patient to the floor for continued management.,"Hospital Admission Start: 2127-05-20 11:34:00
Hospital Admission End: 2127-05-23 12:45:00
Electronic Health Record Context
Ordered by Time (Earliest to Latest):
1. Date: 2127-05-20, Time: 15:41:00, Note Category: Physician, Note Description: Physician Resident Admission Note | Text: Cards consult called, plan for admit to CCU for
   likely decompensated heart failure. 
2. Date: 2127-05-20, Time: 15:41:00, Note Category: Physician, Note Description: Physician Resident Admission Note | Text: [**First Name (STitle) **] in heart failure service. 
3. Date: 2127-05-20, Time: 15:41:00, Note Category: Physician, Note Description: Physician Resident Admission Note | Text: PUMP: Patient with known hypertensive cardiomyopathy followed by Dr.
   
4. Date: 2127-05-20, Time: Unknown, Note Category: Echo, Note Description: Report | Text: PATIENT/TEST INFORMATION:
Indication: Congestive heart failure. 
5. Date: 2127-05-21, Time: 15:41:00, Note Category: Physician, Note Description: Physician Resident Admission Note | Text: Cards consult
   called, plan for admit to CCU for likely decompensated heart failure.
   
6. Date: 2127-05-21, Time: 15:41:00, Note Category: Physician, Note Description: Physician Resident Admission Note | Text: Respiratory failure: Intubated in ED for tachypnea, hypoxia. 
7. Date: 2127-05-21, Time: 12:17:00, Note Category: Physician, Note Description: Cardiology Teaching Physician Note | Text: I would add the following remarks:
   Medical Decision Making
   Heart failure improving.  
8. Date: 2127-05-21, Time: 12:17:00, Note Category: Physician, Note Description: Cardiology Teaching Physician Note | Text: Transfer to floor.

9. Date: 2127-05-21, Time: 12:17:00, Note Category: Physician, Note Description: Cardiology Teaching Physician Note | Text: TITLE:
   Cardiology Teaching Physician Note
   On this day I saw, examined and was physically present with the
   resident / fellow for the key portions of the services provided. 
"
70ce4073-6067-eaa6-42d2-1b37067d78e1,So Admissao,"He was educated on fluid and sodium restriction, and a diet consultation was recommended to manage his condition.",Supported,"The reference notes that fluid and sodium restriction were explained to the patient and a diet consult was ordered, supporting the text's statement about education on fluid and sodium restriction and recommendation for diet consultation.","Hospital Admission Start: 2127-05-20 11:34:00
Hospital Admission End: 2127-05-23 12:45:00
Electronic Health Record Context
Ordered by Time (Earliest to Latest):
1. Date: 2127-05-20, Time: 16:33:00, Note Category: General, Note Description: Generic Note | Text: Per wife, patient has been eating corn beef and has been noncompliant
   with fluid restriction.
2. Date: 2127-05-21, Time: 01:43:00, Note Category: Nursing, Note Description: Nursing Progress Note | Text: Action:
   Explained reasoning for fluid restriction and sodium restriction.
   
3. Date: 2127-05-21, Time: 01:43:00, Note Category: Nursing, Note Description: Nursing Progress Note | Text: Also stating that he probably
   had too much sodium in already prepared potatoe salad and coleslaw.
   
4. Date: 2127-05-21, Time: 01:43:00, Note Category: Nursing, Note Description: Nursing Progress Note | Text: Response:
   Cont to request water after explanation
   Plan:
   Needs reinforcement of fluid restriction/lasix therapy.  
5. Date: 2127-05-21, Time: 07:16:00, Note Category: Physician, Note Description: Physician Resident Progress Note | Text: [**First Name (STitle) **]
   -          Fluid restriction; low-salt diet
   #.
6. Date: 2127-05-21, Time: 07:16:00, Note Category: Physician, Note Description: Physician Resident Progress Note | Text: FEN: Low-salt diet; fluid restriction
   ACCESS: 2 PIV's
   PROPHYLAXIS:
   -DVT ppx: INR supratherapeutic
   -Pain management with
   -Bowel regimen with colace,
7. Date: 2127-05-21, Time: 12:46:00, Note Category: Nursing, Note Description: Nursing Transfer Note | Text: Diet consult
   Demographics
   Attending MD:
   [**Doctor Last Name **] [**Doctor First Name 5594**] S.
   Admit diagnosis:
   CONGESTIVE HEART FAILURE
   Code status:
   Full code
   Height:
   Admission weight:
   110 kg
   Daily weight:
   110.4 kg
   Allergies/Reactions:
   Hydrochlorothiazide
   Unknown;
8. Date: 2127-05-21, Time: 12:46:00, Note Category: Nursing, Note Description: Nursing Transfer Note | Text: Response:
   Cont to request water after explanation
   Plan:
   Needs reinforcement of fluid restriction/lasix therapy.   
"
4b4e8250-626b-1027-65d2-297bd69856b1,So Admissao,"The patient was admitted with symptoms of decompensated heart failure, including shortness of breath, nausea, vomiting, and fatigue. ",Supported,"The reference notes the patient was admitted with dyspnea, nausea, vomiting, and fatigue, and documents decompensated heart failure as the likely etiology, supporting the text's statement about admission symptoms.","Hospital Admission Start: 2127-05-20 11:34:00
Hospital Admission End: 2127-05-23 12:45:00
Electronic Health Record Context
Ordered by Time (Earliest to Latest):
1. Date: 2127-05-20, Time: 15:41:00, Note Category: Physician, Note Description: Physician Resident Admission Note | Text: Patient had recent admission to [**Hospital1 **] [**Location (un) 1415**] [**Date range (1) 9109**]/09 for fatigue, body
   aches, and dyspnea. 
2. Date: 2127-05-20, Time: 15:41:00, Note Category: Physician, Note Description: Physician Resident Admission Note | Text: Chief Complaint:
   Dyspnea/Respiratory distress
   HPI:
   63M with CAD s/p CABG, severe cardiomyopathy (EF 20%), s/p BiV/ICD,
   DM2, HTN, OSA, recently started on coumadin for L apical thrombus
   during recent hospitalization at [**Location (un) 1415**] ([**Date range (1) 9109**]/09), sent in from
   vascular clinic to ED with increased SOB, N/V, and fatigue,
3. Date: 2127-05-20, Time: Unknown, Note Category: Echo, Note Description: Report | Text: PATIENT/TEST INFORMATION:
Indication: Congestive heart failure. 
4. Date: 2127-05-21, Time: 15:41:00, Note Category: Physician, Note Description: Physician Resident Admission Note | Text: Exam,
   CXR, elevated BNP of >1000, and recent history of diet noncompliance
   points to decompensated heart failure as most likely etiology. 
5. Date: 2127-05-21, Time: 15:41:00, Note Category: Physician, Note Description: Physician Resident Admission Note | Text: Respiratory failure: Intubated in ED for tachypnea, hypoxia. 
6. Date: 2127-05-21, Time: 01:43:00, Note Category: Nursing, Note Description: Nursing Progress Note | Text: Heart failure (CHF), Systolic, Acute on Chronic
   Assessment:
   Hr 60
s av paced with rare pvc, K+ 3.8 , bp 90-110
s, lungs with
   diminished aeration in r base and at times course on expiration, O2 at
   2lnp with sats in the upper 90
s.  Urine turning pink early in night.
   
7. Date: 2127-05-21, Time: 07:16:00, Note Category: Physician, Note Description: Physician Resident Progress Note | Text: Chief Complaint: Decompensated heart failure
   24 Hour Events:
   Extubated
   Weaned off of nitro gtt
   Lasix 100mg IV x2
   Allergies:
   Hydrochlorothiazide
   Unknown;
   Demerol (Oral) (Meperidine Hcl)
   violent reactio
   Ambien (Oral) (Zolpidem Tartrate)
   violente reacti
   Strawberry
   Hives;
   Wheat Bran
   gout;
   Hydrochlorothiazide
   Unknown;
8. Date: 2127-05-21, Time: 07:16:00, Note Category: Physician, Note Description: Physician Resident Progress Note | Text: Decompensated heart failure:  Known systolic dysfunction, with
   decompensation likely related to dietary indiscretion. 
"
9a502f59-2a91-0d5a-e344-996a62799d34,So Admissao,He was intubated in the emergency department due to low oxygen saturation and transferred to the cardiac care unit (CCU) for further management. ,Supported,"The reference states the patient was intubated in the ED due to low oxygen saturation (O2 sats in ED 80s) and tachypnea, and was admitted to the CCU for further management, supporting the text.","Hospital Admission Start: 2127-05-20 11:34:00
Hospital Admission End: 2127-05-23 12:45:00
Electronic Health Record Context
Ordered by Time (Earliest to Latest):
1. Date: 2127-05-20, Time: 15:41:00, Note Category: Physician, Note Description: Physician Resident Admission Note | Text: Cards consult called, plan for admit to CCU for
   likely decompensated heart failure. 
2. Date: 2127-05-20, Time: 15:41:00, Note Category: Physician, Note Description: Physician Resident Admission Note | Text: On arrival to CCU, patient sedated, but able to respond to questions
   appropriately, denied chest pain. 
3. Date: 2127-05-20, Time: 16:33:00, Note Category: General, Note Description: Generic Note | Text: Patient intubated in ED.
   
4. Date: 2127-05-20, Time: 17:34:00, Note Category: Nursing, Note Description: Nursing Progress Note | Text: O2 sats
   in ED 80
s and pt tachypneic pt electively intubated.
5. Date: 2127-05-21, Time: 15:41:00, Note Category: Physician, Note Description: Physician Resident Admission Note | Text: Respiratory failure: Intubated in ED for tachypnea, hypoxia. 
6. Date: 2127-05-21, Time: 15:41:00, Note Category: Physician, Note Description: Physician Resident Admission Note | Text: Cards consult
   called, plan for admit to CCU for likely decompensated heart failure.
   
7. Date: 2127-05-21, Time: 12:46:00, Note Category: Nursing, Note Description: Nursing Transfer Note | Text: O2 sats
   in ED 80
s and pt tachypneic pt electively intubated. 
"
4b774746-da01-966c-301c-709f13b5e6e8,So Admissao,"After administration of IV lasix, the patient experienced brisk diuresis and was successfully extubated. ",Supported,"The reference notes multiple instances of brisk diuresis following IV lasix administration and documentation of successful extubation after diuresis, directly supporting the text.","Hospital Admission Start: 2127-05-20 11:34:00
Hospital Admission End: 2127-05-23 12:45:00
Electronic Health Record Context
Ordered by Time (Earliest to Latest):
1. Date: 2127-05-20, Time: 15:41:00, Note Category: Physician, Note Description: Physician Resident Admission Note | Text: - Diuresis with IV lasix - given 100mg IV lasix bolus with goal I/O of
   1-2L out
   - Wean down ventilatory support, with goal to extubate
   - Follow white count, fever curve - can draw cultures, get sputum,
   repeat CXR if patient still with infiltrate, hypoxia s/p diuresis
   .
   
2. Date: 2127-05-20, Time: 15:41:00, Note Category: Physician, Note Description: Physician Resident Admission Note | Text: Discharged on increased
   dose of lasix and 5 day course of levofloxacin for empiric tx of
   bronchitis/PNA.
   
3. Date: 2127-05-20, Time: 16:33:00, Note Category: General, Note Description: Generic Note | Text: -Diuresis with IV lasix
   -Extubation
   -continue home medications otherwise- asa, bblocker, ace inhibitor,
   statin
   -check dig level
4. Date: 2127-05-20, Time: 17:34:00, Note Category: Nursing, Note Description: Nursing Progress Note | Text: Trial of CPAP/PS
   Response:
   Brisk diuresis from lasix. 
5. Date: 2127-05-20, Time: 17:34:00, Note Category: Nursing, Note Description: Nursing Progress Note | Text: Lasix held in ED
   d/t BP. 
6. Date: 2127-05-21, Time: 15:41:00, Note Category: Physician, Note Description: Physician Resident Admission Note | Text: - Diuresis with IV lasix - given 100mg IV lasix bolus with goal I/O of
   1-2L out
   - Wean down ventilatory support, with goal to extubate tonight
   - Follow white count, fever curve - can draw cultures, get sputum,
   repeat CXR if patient still with infiltrate, hypoxia s/p diuresis
   .
   
7. Date: 2127-05-21, Time: 01:43:00, Note Category: Nursing, Note Description: Nursing Progress Note | Text: Easily extubated after diuresis in CCU.
   
8. Date: 2127-05-21, Time: 01:43:00, Note Category: Nursing, Note Description: Nursing Progress Note | Text: Action:
   Rec
d 20meq kcl for low K+, also rec
d lasix 100mg iv, held captopril
   at 12am for bp 94/
   Response:
   Good diuresis to lasix (approx 1 liter), is currently approx 2liters
   neg LOS
   Plan:
   Cont to monitor o2 sats/lung assessment.
9. Date: 2127-05-21, Time: 12:46:00, Note Category: Nursing, Note Description: Nursing Transfer Note | Text: Action:
   Foley d/c.Given 100mg iv lasix at 1100,
   Response:
   Voided 200cc, ~800cc negative since mn, 2 liters neg since admit
   Plan:
   Cont to monitor o2 sats/lung assessment.  
"
965a1c36-dfa1-8d46-c841-a1a6311a5ca5,So Admissao,He was diagnosed with acute on chronic systolic heart failure and treated with lasix and potassium supplements. ,Supported,"The reference notes the patient has acute on chronic systolic heart failure and documents treatment including diuresis with Lasix and potassium level monitoring, supporting the text's statement.","Hospital Admission Start: 2127-05-20 11:34:00
Hospital Admission End: 2127-05-23 12:45:00
Electronic Health Record Context
Ordered by Time (Earliest to Latest):
1. Date: 2127-05-20, Time: 15:41:00, Note Category: Physician, Note Description: Physician Resident Admission Note | Text: PUMP: Patient with known hypertensive cardiomyopathy followed by Dr.
   
2. Date: 2127-05-20, Time: Unknown, Note Category: Echo, Note Description: Report | Text: PATIENT/TEST INFORMATION:
Indication: Congestive heart failure. 
3. Date: 2127-05-21, Time: 15:41:00, Note Category: Physician, Note Description: Physician Resident Admission Note | Text: Found to have worsening EF by ECHO, and apical
   thrombus for which he was started on coumadin. 
4. Date: 2127-05-21, Time: 15:41:00, Note Category: Physician, Note Description: Physician Resident Admission Note | Text: Had history of recent diet and fluid restriction noncompliance as
   inciting factor for decompensated heart failure
   - diuresis as above with goal 1-2L out overnight
   - continue nitro gtt for now, wean down as tolerated
   - continue digoxin, check dig level in AM
   - continue lisinopril
   - fluid restriction, strict I/Os, daily weights
   - has appointment with Dr. 
5. Date: 2127-05-21, Time: 15:41:00, Note Category: Physician, Note Description: Physician Resident Admission Note | Text: Hypertensive cardiomyopathy
   12.  
6. Date: 2127-05-21, Time: 01:43:00, Note Category: Nursing, Note Description: Nursing Progress Note | Text: Heart failure (CHF), Systolic, Acute on Chronic
   Assessment:
   Hr 60
s av paced with rare pvc, K+ 3.8 , bp 90-110
s, lungs with
   diminished aeration in r base and at times course on expiration, O2 at
   2lnp with sats in the upper 90
s.  Urine turning pink early in night.
   
7. Date: 2127-05-21, Time: 07:16:00, Note Category: Physician, Note Description: Physician Resident Progress Note | Text: Chief Complaint: Decompensated heart failure
   24 Hour Events:
   Extubated
   Weaned off of nitro gtt
   Lasix 100mg IV x2
   Allergies:
   Hydrochlorothiazide
   Unknown;
   Demerol (Oral) (Meperidine Hcl)
   violent reactio
   Ambien (Oral) (Zolpidem Tartrate)
   violente reacti
   Strawberry
   Hives;
   Wheat Bran
   gout;
   Hydrochlorothiazide
   Unknown;
8. Date: 2127-05-21, Time: 07:16:00, Note Category: Physician, Note Description: Physician Resident Progress Note | Text: Decompensated heart failure:  Known systolic dysfunction, with
   decompensation likely related to dietary indiscretion. 
9. Date: 2127-05-21, Time: 12:46:00, Note Category: Nursing, Note Description: Nursing Transfer Note | Text: Heart failure (CHF), Systolic, Acute on Chronic
   Assessment:
   Hr 60
s av paced with rare pvc, K+ 3.8 , bp 90-110
s, lungs with
   diminished aeration in r base and at times course on expiration,SATs
   97% on RA . 
"
06e567a0-81ab-867d-3ef3-6b7c2bd3e16e,So Admissao,The patient showed improvement but still had signs of fluid overload.,Supported,"The reference notes that the patient was volume overloaded on admission but after diuresis overnight, the patient does not have marked signs of fluid overload, indicating improvement but still some residual signs consistent with fluid overload.","Hospital Admission Start: 2127-05-20 11:34:00
Hospital Admission End: 2127-05-23 12:45:00
Electronic Health Record Context
Ordered by Time (Earliest to Latest):
1. Date: 2127-05-20, Time: 15:41:00, Note Category: Physician, Note Description: Physician Resident Admission Note | Text: Patient looks volume overloaded on exam, with JVD,
   effusions in CXR, LE edema, and possible ascites.
2. Date: 2127-05-20, Time: 15:41:00, Note Category: Physician, Note Description: Physician Resident Admission Note | Text: Abdominal girth
   increased over last 2 days, could be related to fluid overload. 
3. Date: 2127-05-20, Time: 15:41:00, Note Category: Physician, Note Description: Physician Resident Admission Note | Text: CXR
   consistent with fluid overload. 
4. Date: 2127-05-20, Time: 15:41:00, Note Category: Physician, Note Description: Physician Resident Admission Note | Text: [**First Name (STitle) **] that patient is in house
   - fluid restriction, strict I/Os, daily weights
   .
   
5. Date: 2127-05-20, Time: 16:33:00, Note Category: General, Note Description: Generic Note | Text: Per wife, patient has been eating corn beef and has been noncompliant
   with fluid restriction.
6. Date: 2127-05-21, Time: 15:41:00, Note Category: Physician, Note Description: Physician Resident Admission Note | Text: Patient looks volume overloaded
   on exam, with JVD, effusions in CXR, LE edema, and possible ascites.
   
7. Date: 2127-05-21, Time: 15:41:00, Note Category: Physician, Note Description: Physician Resident Admission Note | Text: Patient
   supratherapeutic on coumadin.
8. Date: 2127-05-21, Time: 07:16:00, Note Category: Physician, Note Description: Physician Resident Progress Note | Text: Diuresed well
   overnight and does not have marked signs of fluid overload on exam.
"
13ffe41b-4acc-4878-c0e1-a1fb326b1925,So Admissao,Post-procedure chest X-ray showed the new pacemaker lead in the correct position in the right ventricle. ,Supported,"The reference states that on 2112-03-02 at 11:47 AM, a chest X-ray showed a new pacemaker lead in appropriate position in the right ventricle, directly supporting the text.","Hospital Admission Start: 2112-02-29 18:24:00
Hospital Admission End: 2112-03-02 15:20:00
Electronic Health Record Context
Ordered by Time (Earliest to Latest):
1. Date: 2112-02-29, Time: 19:22:00, Note Category: Radiology, Note Description: CHEST (PORTABLE AP) | Text: Unchanged position of the left pectoral pacemaker generator.

 
2. Date: 2112-02-29, Time: 19:22:00, Note Category: Radiology, Note Description: CHEST (PORTABLE AP) | Text: FINDINGS:  As compared to the previous examination, there is an unchanged
 position and course of the pre-existing pacemaker wires.  
3. Date: 2112-02-29, Time: 19:22:00, Note Category: Radiology, Note Description: CHEST (PORTABLE AP) | Text: ______________________________________________________________________________
                                 FINAL REPORT
 CHEST RADIOGRAPH

 INDICATION:  Pacemaker malfunction, evaluation for lead fracture.

 
4. Date: 2112-03-01, Time: 07:29:00, Note Category: Physician, Note Description: Physician Resident Progress Note | Text: possible extraction and installation
   of new right sided pacemaker.
   
5. Date: 2112-03-02, Time: 11:47:00, Note Category: Radiology, Note Description: CHEST (PA & LAT) | Text: A new pacemaker lead is in appropriate position in the
 right ventricle.
6. Date: 2112-03-02, Time: 11:47:00, Note Category: Radiology, Note Description: CHEST (PA & LAT) | Text: IMPRESSION:

 Appropriate position of right-sided pacemaker and lead.


7. Date: 2112-03-02, Time: 11:47:00, Note Category: Radiology, Note Description: CHEST (PA & LAT) | Text: explanted left
  sided pacemaker and capped left sided lead
 REASON FOR THIS EXAMINATION:
  Lead position
 ______________________________________________________________________________
                                 FINAL REPORT
 INDICATION:  56-year-old man with new right-sided pacemaker, evaluate for lead
 position.

 
8. Date: 2112-03-02, Time: 11:47:00, Note Category: Radiology, Note Description: CHEST (PA & LAT) | Text: PA AND LATERAL CHEST RADIOGRAPH:

 There has been interval replacement of a pacemaker generator overlying the
 right pectoralis.  
9. Date: 2112-03-02, Time: 11:47:00, Note Category: Radiology, Note Description: CHEST (PA & LAT) | Text: [**2112-3-2**] 11:47 AM
 CHEST (PA & LAT)                                                Clip # [**Clip Number (Radiology) 30221**]
 Reason: Lead position
 Admitting Diagnosis: COMPLETE HEART BLOCK;MALFUNCTIONING PACEMAKER
 ______________________________________________________________________________
 [**Hospital 2**] MEDICAL CONDITION:
  56 year old man with new right sided pacemaker (single lead),
"
f6a39be5-6974-6a98-6955-cb4dcce9be37,So Admissao,"The patient was stabilized and monitored on telemetry throughout his hospital stay, with no significant complications or changes in his cardiac rhythm.",Not Supported,"The reference notes frequent pauses greater than 5 seconds on telemetry and pacemaker malfunction, indicating significant cardiac rhythm issues, which contradicts the text stating no significant complications or changes in cardiac rhythm.","Hospital Admission Start: 2112-02-29 18:24:00
Hospital Admission End: 2112-03-02 15:20:00
Electronic Health Record Context
Ordered by Time (Earliest to Latest):
1. Date: 2112-02-29, Time: 19:22:00, Note Category: Radiology, Note Description: CHEST (PORTABLE AP) | Text: Admitting Diagnosis: COMPLETE HEART BLOCK;MALFUNCTIONING PACEMAKER
 ______________________________________________________________________________
 [**Hospital 2**] MEDICAL CONDITION:
  56 year old man with pacemaker malfunction.
 
2. Date: 2112-02-29, Time: 19:39:00, Note Category: Nursing, Note Description: Nursing Progress Note | Text: Brief RN Admit Note:
   Patient arrived pain-free and hemodynamically stable from [**Hospital 781**]
   Hospital. 
3. Date: 2112-02-29, Time: 20:35:00, Note Category: Physician, Note Description: CCU Fellow addendum | Text: He was transferred to [**Hospital1 54**], where
   his PPM was interrogated with normal ventricular lead impedance at 550
   ohms, with intermittent failure to capture and intermittent oversensing
   leading to inhibition of pacing.  
4. Date: 2112-02-29, Time: 20:35:00, Note Category: Physician, Note Description: CCU Fellow addendum | Text: Briefly, the patient is a 56 year old man with PMH
   AF s/p AVJ ablation with PPM placement, c/b prior lead displacement,
   who was transferred from [**Hospital 781**] Hospital following episodes of 5
   second pauses on telemetry.  
5. Date: 2112-02-29, Time: 20:59:00, Note Category: Physician, Note Description: Physician Resident Admission Note | Text: He was monitored on telemetry and was noted to have
   frequent pauses of greater then 5 seconds.  
6. Date: 2112-03-01, Time: 10:35:00, Note Category: Nursing, Note Description: Nursing Transfer Note | Text: 0700 am- transferred patient to EP lab, alert and oriented, pain-free
   and hemodynamically stable, HR 40
s junctional rhythm and SBP 133/81,
   O2 sats 96% on room air.
   
7. Date: 2112-03-01, Time: 10:35:00, Note Category: Nursing, Note Description: Nursing Transfer Note | Text: He was transferred
   to [**Hospital1 54**] for management of his pacemaker dysfunction.
   
"
1e719e37-46ea-c0f4-6d92-0ec24a414cd2,So Admissao,The patient was admitted to the hospital after experiencing 5-second pauses due to pacemaker malfunction. ,Not Addressed,The reference mentions pacemaker malfunction with intermittent failure to capture and oversensing but does not specify that the patient experienced 5-second pauses.,"Hospital Admission Start: 2112-02-29 18:24:00
Hospital Admission End: 2112-03-02 15:20:00
Electronic Health Record Context
Ordered by Time (Earliest to Latest):
1. Date: 2112-02-29, Time: 19:22:00, Note Category: Radiology, Note Description: CHEST (PORTABLE AP) | Text: Admitting Diagnosis: COMPLETE HEART BLOCK;MALFUNCTIONING PACEMAKER
 ______________________________________________________________________________
 [**Hospital 2**] MEDICAL CONDITION:
  56 year old man with pacemaker malfunction.
 
2. Date: 2112-02-29, Time: 20:35:00, Note Category: Physician, Note Description: CCU Fellow addendum | Text: He was transferred to [**Hospital1 54**], where
   his PPM was interrogated with normal ventricular lead impedance at 550
   ohms, with intermittent failure to capture and intermittent oversensing
   leading to inhibition of pacing.  
3. Date: 2112-02-29, Time: 20:59:00, Note Category: Physician, Note Description: Physician Resident Admission Note | Text: He was transferred
   to [**Hospital1 54**] for management of his pacemaker dysfunction.
   
4. Date: 2112-02-29, Time: 20:59:00, Note Category: Physician, Note Description: Physician Resident Admission Note | Text: TITLE:
   Chief Complaint:  Failure of pacemaker
   HPI:
   Mr. 
5. Date: 2112-03-01, Time: 07:29:00, Note Category: Physician, Note Description: Physician Resident Progress Note | Text: TITLE:
   Chief Complaint: Pacemaker malfunction
   24 Hour Events:
   - CXR showed kinked pacer wire, patient's pacer does not capture when
   he moves his arm.
   
6. Date: 2112-03-01, Time: 10:35:00, Note Category: Nursing, Note Description: Nursing Transfer Note | Text: Cardiac device malfunction (pacemaker, defibrillator)
   Assessment:
   On arrival to CCU, pacer interrogated by EP which showed normal
   ventricular lead impedence at 550 ohms, intermittent failure to
   capture, & intermittent oversensing leading to inhibition of pacing.
   
"
aaa98c3b-9851-f9a4-8264-5c99ce68ad50,So Admissao,"Initial evaluation revealed intermittent failure to capture and oversensing, leading to pacing inhibition, and the pacemaker was reprogrammed. ",Supported,"The reference clearly states intermittent failure to capture and intermittent oversensing leading to pacing inhibition, and that the pacemaker was reprogrammed, which fully supports the text.","Hospital Admission Start: 2112-02-29 18:24:00
Hospital Admission End: 2112-03-02 15:20:00
Electronic Health Record Context
Ordered by Time (Earliest to Latest):
1. Date: 2112-02-29, Time: 20:35:00, Note Category: Physician, Note Description: CCU Fellow addendum | Text: He was transferred to [**Hospital1 54**], where
   his PPM was interrogated with normal ventricular lead impedance at 550
   ohms, with intermittent failure to capture and intermittent oversensing
   leading to inhibition of pacing.  
2. Date: 2112-02-29, Time: 20:35:00, Note Category: Physician, Note Description: CCU Fellow addendum | Text: His pacer was reprogrammed to VVI at
   40 bpm, with increased pacing and sensing thresholds.  
3. Date: 2112-02-29, Time: 20:59:00, Note Category: Physician, Note Description: Physician Resident Admission Note | Text: He had failure of the original pacemaker in [**2108**] and had a
   [**Company 2375**] pacemaker, Sigma SSR 303 placed.
   
4. Date: 2112-02-29, Time: 20:59:00, Note Category: Physician, Note Description: Physician Resident Admission Note | Text: TITLE:
   Chief Complaint:  Failure of pacemaker
   HPI:
   Mr. 
5. Date: 2112-03-01, Time: 02:33:00, Note Category: Nursing, Note Description: Nursing Progress Note | Text: K 3.3
   Action:
   Pacer reprogrammed to R 40 with increased pacing & sensing thresholds.
6. Date: 2112-03-01, Time: 07:29:00, Note Category: Physician, Note Description: Physician Resident Progress Note | Text: TITLE:
   Chief Complaint: Pacemaker malfunction
   24 Hour Events:
   - CXR showed kinked pacer wire, patient's pacer does not capture when
   he moves his arm.
   
7. Date: 2112-03-01, Time: 10:35:00, Note Category: Nursing, Note Description: Nursing Transfer Note | Text: Cardiac device malfunction (pacemaker, defibrillator)
   Assessment:
   On arrival to CCU, pacer interrogated by EP which showed normal
   ventricular lead impedence at 550 ohms, intermittent failure to
   capture, & intermittent oversensing leading to inhibition of pacing.
   
"
52e15866-21b4-b6b8-740f-d646fea47a6b,So Admissao,"A chest X-ray suggested possible lead migration, and the patient was planned for overnight observation, reversal of anticoagulation, and lead revision surgery the following day. ",Not Supported,"The chest X-ray reports indicate leads follow a normal course without evidence of fracture or lead migration, contradicting the text's claim of possible lead migration.","Hospital Admission Start: 2112-02-29 18:24:00
Hospital Admission End: 2112-03-02 15:20:00
Electronic Health Record Context
Ordered by Time (Earliest to Latest):
1. Date: 2112-02-29, Time: 19:22:00, Note Category: Radiology, Note Description: CHEST (PORTABLE AP) | Text: ______________________________________________________________________________
                                 FINAL REPORT
 CHEST RADIOGRAPH

 INDICATION:  Pacemaker malfunction, evaluation for lead fracture.

 
2. Date: 2112-02-29, Time: 20:35:00, Note Category: Physician, Note Description: CCU Fellow addendum | Text: Plan will be
   overnight observation, reversal of anticoagulation, and plan for lead
   revision tomorrow.  
3. Date: 2112-02-29, Time: 20:35:00, Note Category: Physician, Note Description: CCU Fellow addendum | Text: Briefly, the patient is a 56 year old man with PMH
   AF s/p AVJ ablation with PPM placement, c/b prior lead displacement,
   who was transferred from [**Hospital 781**] Hospital following episodes of 5
   second pauses on telemetry.  
4. Date: 2112-02-29, Time: 20:35:00, Note Category: Physician, Note Description: CCU Fellow addendum | Text: He was transferred to [**Hospital1 54**], where
   his PPM was interrogated with normal ventricular lead impedance at 550
   ohms, with intermittent failure to capture and intermittent oversensing
   leading to inhibition of pacing.  
5. Date: 2112-02-29, Time: 20:59:00, Note Category: Physician, Note Description: Physician Resident Admission Note | Text: - F/u final CXR read to look for lead migration.
   
6. Date: 2112-03-01, Time: 02:33:00, Note Category: Nursing, Note Description: Nursing Progress Note | Text: [**Known lastname **] is a 56 year-old male with pmh of atrial fibrillation s/p AV
   ablation and pacemaker placement, dCHF, hypertension, and cerebral
   palsy who is being transferred from [**Hospital 781**] Hospital for pacemaker
   revision.
   
7. Date: 2112-03-01, Time: 07:29:00, Note Category: Physician, Note Description: Physician Resident Progress Note | Text: 8 mg/dL
   Imaging: [**2-29**] CXR: Leads follow a normal course without evidence of
   fracture, terminating in unchanged position.
   
8. Date: 2112-03-02, Time: 11:47:00, Note Category: Radiology, Note Description: CHEST (PA & LAT) | Text: explanted left
  sided pacemaker and capped left sided lead
 REASON FOR THIS EXAMINATION:
  Lead position
 ______________________________________________________________________________
                                 FINAL REPORT
 INDICATION:  56-year-old man with new right-sided pacemaker, evaluate for lead
 position.

 
"
07fbfb51-4bbb-3ce1-29b3-59276761aace,So Admissao,The patient underwent successful lead revision in the electrophysiology lab and was found to have a kinked pacer wire causing the malfunction. ,Not Supported,The reference mentions a kinked pacer wire seen on chest X-ray and pacemaker malfunction but does not confirm that the patient underwent a successful lead revision in the electrophysiology lab or that the kinked wire was the cause of the malfunction.,"Hospital Admission Start: 2112-02-29 18:24:00
Hospital Admission End: 2112-03-02 15:20:00
Electronic Health Record Context
Ordered by Time (Earliest to Latest):
1. Date: 2112-02-29, Time: 19:22:00, Note Category: Radiology, Note Description: CHEST (PORTABLE AP) | Text: [**2112-2-29**] 7:22 PM
 CHEST (PORTABLE AP)                                             Clip # [**Clip Number (Radiology) 30220**]
 Reason: Evaluate for pacemaker lead fracture.
 
2. Date: 2112-02-29, Time: 19:22:00, Note Category: Radiology, Note Description: CHEST (PORTABLE AP) | Text: ______________________________________________________________________________
                                 FINAL REPORT
 CHEST RADIOGRAPH

 INDICATION:  Pacemaker malfunction, evaluation for lead fracture.

 
3. Date: 2112-02-29, Time: 19:22:00, Note Category: Radiology, Note Description: CHEST (PORTABLE AP) | Text: FINDINGS:  As compared to the previous examination, there is an unchanged
 position and course of the pre-existing pacemaker wires.  
4. Date: 2112-02-29, Time: 20:35:00, Note Category: Physician, Note Description: CCU Fellow addendum | Text: He was transferred to [**Hospital1 54**], where
   his PPM was interrogated with normal ventricular lead impedance at 550
   ohms, with intermittent failure to capture and intermittent oversensing
   leading to inhibition of pacing.  
5. Date: 2112-02-29, Time: 20:35:00, Note Category: Physician, Note Description: CCU Fellow addendum | Text: Briefly, the patient is a 56 year old man with PMH
   AF s/p AVJ ablation with PPM placement, c/b prior lead displacement,
   who was transferred from [**Hospital 781**] Hospital following episodes of 5
   second pauses on telemetry.  
6. Date: 2112-03-01, Time: 02:33:00, Note Category: Nursing, Note Description: Nursing Progress Note | Text: Cardiac device malfunction (pacemaker, defibrillator)
   Assessment:
   On arrival to CCU, pacer interrogated by EP which showed normal
   ventricular lead impedence at 550 ohms, intermittent failure to
   capture, & intermittent oversensing leading to inhibition of pacing.
   
7. Date: 2112-03-01, Time: 07:29:00, Note Category: Physician, Note Description: Physician Resident Progress Note | Text: TITLE:
   Chief Complaint: Pacemaker malfunction
   24 Hour Events:
   - CXR showed kinked pacer wire, patient's pacer does not capture when
   he moves his arm.
   
8. Date: 2112-03-02, Time: 11:47:00, Note Category: Radiology, Note Description: CHEST (PA & LAT) | Text: [**2112-3-2**] 11:47 AM
 CHEST (PA & LAT)                                                Clip # [**Clip Number (Radiology) 30221**]
 Reason: Lead position
 Admitting Diagnosis: COMPLETE HEART BLOCK;MALFUNCTIONING PACEMAKER
 ______________________________________________________________________________
 [**Hospital 2**] MEDICAL CONDITION:
  56 year old man with new right sided pacemaker (single lead),
"
fc93687b-a370-ecb6-3ca5-c57d08ca3da4,So Admissao,The patient was eventually stabilized and transferred to the floor for further management and rehabilitation.,Not Addressed,The reference notes describe the patient's admission and progress in the MICU but do not mention stabilization or transfer to the floor for further management and rehabilitation.,"Hospital Admission Start: 2128-10-14 14:21:00
Hospital Admission End: 2128-10-20 14:45:00
Electronic Health Record Context
Ordered by Time (Earliest to Latest):
1. Date: 2128-10-14, Time: 22:34:00, Note Category: Physician, Note Description: Physician Attending Admission Note - MICU | Text: Chief Complaint:  hypotension, hypoxic acute on chronic respiratory
   failure
   I saw and examined the patient, and was physically present with the ICU
   Resident for key portions of the services provided.  
2. Date: 2128-10-15, Time: 05:59:00, Note Category: General, Note Description: Resident/Attending Progress Note - MICU | Text: # Resolved hypoxia: Patient now at baseline oxygenation. 
3. Date: 2128-10-16, Time: 14:38:00, Note Category: Nursing, Note Description: Nursing Progress Note | Text: Action:
   Patient encouraged to use IS, OOB to chair, nasal cannula on thru
   shift.
   
"
f86c2a54-595d-b8ac-c243-9284b5c465f4,So Admissao,"Despite initial concerns for pulmonary embolism, CT scans revealed no evidence of PE, but showed a moderate-sized left pleural effusion with associated atelectasis and extensive atheromatous disease of the abdominal aorta. ",Supported,"The reference confirms no evidence of pulmonary embolism on CT, presence of a moderate-sized left pleural effusion with associated atelectasis, consistent with the text. The extensive atheromatous disease of the abdominal aorta is not explicitly mentioned but does not contradict the findings.","Hospital Admission Start: 2128-10-14 14:21:00
Hospital Admission End: 2128-10-20 14:45:00
Electronic Health Record Context
Ordered by Time (Earliest to Latest):
1. Date: 2128-10-14, Time: 14:53:00, Note Category: Radiology, Note Description: CT ABDOMEN W/O CONTRAST | Text: There is a trace left pleural effusion
 with subjacent compressive atelectasis.  
2. Date: 2128-10-15, Time: 20:17:00, Note Category: Radiology, Note Description: CT ABDOMEN W/CONTRAST | Text: Moderate-sized left pleural effusion, with
 associated atelectasis.
3. Date: 2128-10-15, Time: 20:17:00, Note Category: Radiology, Note Description: CT ABDOMEN W/CONTRAST | Text: Moderate-sized left pleural effusion, with
  associated atelectasis.
4. Date: 2128-10-15, Time: 20:17:00, Note Category: Radiology, Note Description: CT ABDOMEN W/CONTRAST | Text: Moderate-sized left pleural effusion, with associated atelectasis of the
 adjacent lung.
 
5. Date: 2128-10-16, Time: 05:21:00, Note Category: Physician, Note Description: Physician Resident Progress Note | Text: Moderate-sized left pleural effusion, with associated atelectasis of
   the adjacent lung.
   
6. Date: 2128-10-16, Time: 06:37:00, Note Category: Nursing, Note Description: Nursing Progress Note | Text: CT revealed (+) left pleural effusion, no PE and (+) atelectasis. 
"
986bfcad-38d4-585f-c74c-d4b5a3bff95a,So Admissao,An echocardiogram showed right ventricular pressure/volume overload and depressed left ventricular systolic function. ,Supported,"The reference notes an echocardiogram showing abnormal septal motion consistent with right ventricular pressure/volume overload and depressed left ventricular systolic function, directly supporting the text.","Hospital Admission Start: 2128-10-14 14:21:00
Hospital Admission End: 2128-10-20 14:45:00
Electronic Health Record Context
Ordered by Time (Earliest to Latest):
1. Date: 2128-10-14, Time: 20:28:00, Note Category: Physician, Note Description: Physician Resident Admission Note | Text: Severely elevated right heart pressures and pulmonary hypertension.
   
2. Date: 2128-10-14, Time: 20:28:00, Note Category: Physician, Note Description: Physician Resident Admission Note | Text: Overall left
   ventricular systolic function is moderately depressed (LVEF= 35-40 %).
   
3. Date: 2128-10-14, Time: 20:28:00, Note Category: Physician, Note Description: Physician Resident Admission Note | Text: Tissue Doppler imaging suggests an increased left ventricular filling
   pressure (PCWP>18mmHg). 
4. Date: 2128-10-14, Time: 20:28:00, Note Category: Physician, Note Description: Physician Resident Admission Note | Text: The patient does have hx
   severe diastolic heart failure and elvated BNP, but there is no
   pulmonary edema, JVD or crackles on exam to suggest volume overload at
   this time.
   
5. Date: 2128-10-14, Time: Unknown, Note Category: ECG, Note Description: Report | Text: Right ventricular hypertrophy with
secondary repolarization abnormalities.  
6. Date: 2128-10-15, Time: Unknown, Note Category: Echo, Note Description: Report | Text: There is abnormal septal motion/position
consistent with right ventricular pressure/volume overload. 
7. Date: 2128-10-15, Time: Unknown, Note Category: Echo, Note Description: Report | Text: Right ventricular function.

8. Date: 2128-10-15, Time: Unknown, Note Category: Echo, Note Description: Report | Text: Compared with the prior study (images reviewed) of [**2128-4-16**], left
ventricular systolic function is now depressed.



9. Date: 2128-10-16, Time: 05:21:00, Note Category: Physician, Note Description: Physician Resident Progress Note | Text: ECHO shows decreased LV systolic function.  
"
413432b6-87d0-4e13-1b22-83e03fa0950a,So Admissao,"The patient's condition improved with treatment, and his hypotension and hypoxia resolved. ",Supported,"The reference notes that the patient's hypotension and hypoxia improved and resolved with hydration and treatment, supporting the text's statement about improvement and resolution of these conditions.","Hospital Admission Start: 2128-10-14 14:21:00
Hospital Admission End: 2128-10-20 14:45:00
Electronic Health Record Context
Ordered by Time (Earliest to Latest):
1. Date: 2128-10-14, Time: 20:28:00, Note Category: Physician, Note Description: Physician Resident Admission Note | Text: Thoracic surgery saw the
   patient and remarked that he was more hypoxic than baseline. 
2. Date: 2128-10-14, Time: 22:34:00, Note Category: Physician, Note Description: Physician Attending Admission Note - MICU | Text: Holding beta blocker in setting of hypotension albeit now improved and
   if he continues to be hemodynamically stable will restart in am.
   
3. Date: 2128-10-14, Time: 22:34:00, Note Category: Physician, Note Description: Physician Attending Admission Note - MICU | Text: Question if he became more hypoxic,
   had ischemia and became more hypotensive, possible component of
   dehydration given good response to IVFs in ED.  
4. Date: 2128-10-15, Time: 05:59:00, Note Category: General, Note Description: Resident/Attending Progress Note - MICU | Text: # Resolved hypoxia: Patient now at baseline oxygenation. 
5. Date: 2128-10-15, Time: 05:59:00, Note Category: General, Note Description: Resident/Attending Progress Note - MICU | Text: Stable overnight, hypotension, hypoxemia and labs have improved
   with hydration.
   
6. Date: 2128-10-15, Time: 20:17:00, Note Category: Radiology, Note Description: CT ABDOMEN W/CONTRAST | Text: ______________________________________________________________________________
                                 FINAL REPORT
 HISTORY:  60-year-old male, with history of pulmonary embolism, now with
 worsening hypoxia and hypotension.  
"
7c795884-f3aa-93f1-e203-149f94209b0c,So Admissao,"However, he continued to require oxygen therapy and monitoring for cardiac and renal complications.",Supported,"The reference notes the patient required oxygen at baseline and was more hypoxic than baseline, indicating ongoing oxygen therapy, and mentions hypotension and concerns for ischemia and dehydration, which imply monitoring for cardiac and renal complications.","Hospital Admission Start: 2128-10-14 14:21:00
Hospital Admission End: 2128-10-20 14:45:00
Electronic Health Record Context
Ordered by Time (Earliest to Latest):
1. Date: 2128-10-14, Time: 20:28:00, Note Category: Physician, Note Description: Physician Resident Admission Note | Text: His recent admission was
   complicated by hypoxia, a pneumothorax s/p chest tube placement and
   removal and then urinary retention which ultimately resolved.  
2. Date: 2128-10-14, Time: 20:28:00, Note Category: Physician, Note Description: Physician Resident Admission Note | Text: He states that the nurse
   over-reacted as his SBP typically runs 90's and that he requires oxygen
   at baseline.
3. Date: 2128-10-14, Time: 20:28:00, Note Category: Physician, Note Description: Physician Resident Admission Note | Text: Thoracic surgery saw the
   patient and remarked that he was more hypoxic than baseline. 
4. Date: 2128-10-14, Time: 22:34:00, Note Category: Physician, Note Description: Physician Attending Admission Note - MICU | Text: Denies new
   pulmonary symptoms (wouldn't say he was worse since leaving the
   hospital but VNA felt he was more hypoxic).  
5. Date: 2128-10-14, Time: 22:34:00, Note Category: Physician, Note Description: Physician Attending Admission Note - MICU | Text: Didn't
   notice any change in respiratory status since discharge albeit VNA felt
   he was more hypoxic so wanted him to come in.  
6. Date: 2128-10-14, Time: 22:34:00, Note Category: Physician, Note Description: Physician Attending Admission Note - MICU | Text: Was seen
   today by VNA for a dressing change, noted he was hypotensive with SBP
   80's, ?more hypoxic.  
7. Date: 2128-10-14, Time: 22:34:00, Note Category: Physician, Note Description: Physician Attending Admission Note - MICU | Text: Question if he became more hypoxic,
   had ischemia and became more hypotensive, possible component of
   dehydration given good response to IVFs in ED.  
8. Date: 2128-10-14, Time: 22:34:00, Note Category: Physician, Note Description: Physician Attending Admission Note - MICU | Text: Chief Complaint:  hypotension, hypoxic acute on chronic respiratory
   failure
   I saw and examined the patient, and was physically present with the ICU
   Resident for key portions of the services provided.  
9. Date: 2128-10-15, Time: 20:17:00, Note Category: Radiology, Note Description: CT ABDOMEN W/CONTRAST | Text: ______________________________________________________________________________
                                 FINAL REPORT
 HISTORY:  60-year-old male, with history of pulmonary embolism, now with
 worsening hypoxia and hypotension.  
10. Date: 2128-10-16, Time: 13:33:00, Note Category: Physician, Note Description: Physician Attending Progress Note | Text: Chief Complaint: HOTN and hypoxemia
   I saw and examined the patient, and was physically present with the ICU
   Resident for key portions of the services provided.  
"
d3e3feb7-59bc-fb28-404e-c66d85a50300,So Admissao,"The patient was readmitted to the hospital after a recent discharge following a VATS wedge resection due to hypoxia, hypotension, and left lateral/flank chest pain. ",Supported,"The reference confirms the patient was recently discharged after a VATS wedge resection and was readmitted with hypoxia, hypotension, and chest pain as documented in multiple physician notes.","Hospital Admission Start: 2128-10-14 14:21:00
Hospital Admission End: 2128-10-20 14:45:00
Electronic Health Record Context
Ordered by Time (Earliest to Latest):
1. Date: 2128-10-14, Time: 14:53:00, Note Category: Radiology, Note Description: CT ABDOMEN W/O CONTRAST | Text: The patient is status post left VATS wedge resection
  of a spiculated left lower lobe pulmonary nodule.  
2. Date: 2128-10-14, Time: 14:53:00, Note Category: Radiology, Note Description: CT ABDOMEN W/O CONTRAST | Text: The patient is status post left VATS wedge resection
 of a spiculated left lower lobe pulmonary nodule.
3. Date: 2128-10-14, Time: 14:53:00, Note Category: Radiology, Note Description: CT ABDOMEN W/O CONTRAST | Text: Subcutaneous air is seen along the left chest wall anterolaterally,
 consistent with the patient's history of a recent left VATS wedge resection of
 a left lower lobe pulmonary nodule.  
4. Date: 2128-10-14, Time: 20:28:00, Note Category: Physician, Note Description: Physician Resident Admission Note | Text: The patient
   is status post left VATS wedge resection of a spiculated left lower
   lobe pulmonary nodule. 
5. Date: 2128-10-14, Time: 20:28:00, Note Category: Physician, Note Description: Physician Resident Admission Note | Text: His recent admission was
   complicated by hypoxia, a pneumothorax s/p chest tube placement and
   removal and then urinary retention which ultimately resolved.  
6. Date: 2128-10-14, Time: 20:28:00, Note Category: Physician, Note Description: Physician Resident Admission Note | Text: Thoracic surgery saw the
   patient and remarked that he was more hypoxic than baseline. 
7. Date: 2128-10-14, Time: 20:28:00, Note Category: Physician, Note Description: Physician Resident Admission Note | Text: [**Known lastname 6263**] is a 60 yo M, recently discharged from [**Hospital1 54**] on [**2128-10-11**]
   after a VATS w/LLL Wedge resection [**10-6**].  
8. Date: 2128-10-14, Time: 22:34:00, Note Category: Physician, Note Description: Physician Attending Admission Note - MICU | Text: Chief Complaint:  hypotension, hypoxic acute on chronic respiratory
   failure
   I saw and examined the patient, and was physically present with the ICU
   Resident for key portions of the services provided.  
9. Date: 2128-10-15, Time: 20:17:00, Note Category: Radiology, Note Description: CT ABDOMEN W/CONTRAST | Text: There is subcutaneous emphysema along the left chest wall, decreased
 in extent from [**2128-10-14**], compatible with recent left VATS surgery on
 [**2128-10-6**].

 
10. Date: 2128-10-16, Time: 13:33:00, Note Category: Physician, Note Description: Physician Attending Progress Note | Text: Chief Complaint: HOTN and hypoxemia
   I saw and examined the patient, and was physically present with the ICU
   Resident for key portions of the services provided.  
"
9f7ca895-be4e-071f-17c2-24528f2706e4,So Admissao,"Upon examination, he had low oxygen saturation, elevated troponin levels, and signs of multisystem organ failure. ",Supported,"The reference notes low oxygen saturation (hypoxia), elevated troponin levels, and multisystem organ failure including acute renal failure and abnormal liver function tests, which fully supports the text.","Hospital Admission Start: 2128-10-14 14:21:00
Hospital Admission End: 2128-10-20 14:45:00
Electronic Health Record Context
Ordered by Time (Earliest to Latest):
1. Date: 2128-10-14, Time: 20:28:00, Note Category: Physician, Note Description: Physician Resident Admission Note | Text: Patient has evidence of
   multisystem organ failure with  mildly elevated lipase, elevated trop,
   ARF and transaminitis. 
2. Date: 2128-10-14, Time: 20:28:00, Note Category: Physician, Note Description: Physician Resident Admission Note | Text: Thoracic surgery saw the
   patient and remarked that he was more hypoxic than baseline. 
3. Date: 2128-10-14, Time: 20:28:00, Note Category: Physician, Note Description: Physician Resident Admission Note | Text: His recent admission was
   complicated by hypoxia, a pneumothorax s/p chest tube placement and
   removal and then urinary retention which ultimately resolved.  
4. Date: 2128-10-14, Time: 20:28:00, Note Category: Physician, Note Description: Physician Resident Admission Note | Text: He states that the nurse
   over-reacted as his SBP typically runs 90's and that he requires oxygen
   at baseline.
5. Date: 2128-10-14, Time: 22:34:00, Note Category: Physician, Note Description: Physician Attending Admission Note - MICU | Text: Question if he became more hypoxic,
   had ischemia and became more hypotensive, possible component of
   dehydration given good response to IVFs in ED.  
6. Date: 2128-10-14, Time: 22:34:00, Note Category: Physician, Note Description: Physician Attending Admission Note - MICU | Text: Was seen
   today by VNA for a dressing change, noted he was hypotensive with SBP
   80's, ?more hypoxic.  
7. Date: 2128-10-14, Time: 22:34:00, Note Category: Physician, Note Description: Physician Attending Admission Note - MICU | Text: Denies new
   pulmonary symptoms (wouldn't say he was worse since leaving the
   hospital but VNA felt he was more hypoxic).  
8. Date: 2128-10-15, Time: 05:59:00, Note Category: General, Note Description: Resident/Attending Progress Note - MICU | Text: Yesterday, found to be hypotensive (baseline 90s) and hypoxemic
   (baseline 88% on 4-5L), eval notable for ARF, elevated troponin with
   diffuse TWI, abnormal LFTs, elevated lipase.
9. Date: 2128-10-16, Time: 13:33:00, Note Category: Physician, Note Description: Physician Attending Progress Note | Text: Impression was that he had transient HOTN
   leading to shock liver/mild ATN.
   
"
ed3322d6-ac62-0079-949f-75586abe7110,So Admissao,"The patient was diagnosed with acute renal failure, transaminitis, and a non-ST elevation myocardial infarction (NSTEMI). ",Supported,"The reference notes the patient had renal failure, transaminitis, and was admitted to CCU after NSTEMI with positive troponin, fully supporting the text.","Hospital Admission Start: 2128-10-14 14:21:00
Hospital Admission End: 2128-10-20 14:45:00
Electronic Health Record Context
Ordered by Time (Earliest to Latest):
1. Date: 2128-10-14, Time: 20:28:00, Note Category: Physician, Note Description: Physician Resident Admission Note | Text: A
   non-contrast CT showed  The patient was also found to have renal
   failure and transaminitis.
2. Date: 2128-10-16, Time: 14:38:00, Note Category: Nursing, Note Description: Nursing Progress Note | Text: PT r/I for NSTEMI and found to have multisystem failure with increased
   LFT
s, worsened renal fx and overall hypotension/low perfusion.Pt given
   another 1 liter of IVF [**10-15**] and started to improve slightly with
   better BP, renal fx.
   
3. Date: 2128-10-16, Time: 20:42:00, Note Category: Nursing, Note Description: Nursing Transfer Note | Text: .H/O coronary artery disease (CAD, ischemic heart disease)
   Assessment:
   Pt admitted to ccu s/p NSTEMI with (+) troponin.
   
"
b1fc4b19-b83d-cf7f-7296-44bdf0225538,So Admissao,"He was treated with fluid boluses, heparin, and antibiotics, and his condition was closely monitored.",Not Supported,The reference confirms treatment with fluid boluses and heparin but does not mention antibiotics or that his condition was closely monitored.,"Hospital Admission Start: 2128-10-14 14:21:00
Hospital Admission End: 2128-10-20 14:45:00
Electronic Health Record Context
Ordered by Time (Earliest to Latest):
1. Date: 2128-10-14, Time: 20:28:00, Note Category: Physician, Note Description: Physician Resident Admission Note | Text: He was given fluids. 
2. Date: 2128-10-14, Time: 23:05:00, Note Category: Nursing, Note Description: Nursing Progress Note | Text: Brought yo [**Hospital1 54**] ED where he received 1.5 liters of fluid w/
   stable BP and O2 sats 100% on NRB/ T max 100.2. 
3. Date: 2128-10-16, Time: 06:37:00, Note Category: Nursing, Note Description: Nursing Progress Note | Text: Bolused w/ heparin and
   started on 1800u/hr. 
4. Date: 2128-10-16, Time: 06:37:00, Note Category: Nursing, Note Description: Nursing Progress Note | Text: Brought yo [**Hospital1 54**] ED where he received 1.5
   liters of fluid w/ stable BP and O2 sats 100% on NRB/ T max 100.2. 
"
6f3c1417-cd03-302e-9693-23ef5f1856e4,So Admissao,"The patient underwent a third ventriculostomy and biopsy on January 24, which showed no evidence of hemorrhage post-procedure. ",Supported,The reference documents a third ventriculostomy and biopsy performed on January 24 with multiple CT head reports indicating no hemorrhage post-procedure.,"Hospital Admission Start: 2116-01-23 16:22:00
Hospital Admission End: 2116-02-07 16:50:00
Electronic Health Record Context
Ordered by Time (Earliest to Latest):
1. Date: 2116-01-24, Time: 15:24:00, Note Category: Radiology, Note Description: CT HEAD W/ CONTRAST | Text: IMPRESSION:  Examination performed post-biopsy/third ventriculostomy.  
2. Date: 2116-01-24, Time: 15:24:00, Note Category: Radiology, Note Description: CT HEAD W/ CONTRAST | Text: No hemorrhage
 identified.  
3. Date: 2116-01-24, Time: 15:24:00, Note Category: Radiology, Note Description: CT HEAD W/ CONTRAST | Text: No hemorrhage is
 seen in the right frontal region.

 
4. Date: 2116-01-24, Time: 15:24:00, Note Category: Radiology, Note Description: CT HEAD W/ CONTRAST | Text: [**2116-1-24**] 3:24 PM
 CT HEAD W/ CONTRAST                                             Clip # [**Clip Number (Radiology) 88716**]
 Reason: POST-OP IN THE O.R
 Admitting Diagnosis: HEAD BLEED
 ______________________________________________________________________________
 PROVISIONAL FINDINGS IMPRESSION (PFI): AFSN FRI [**2116-1-24**] 6:15 PM
  No hemorrhage identified post-ventriculostomy.
 
5. Date: 2116-01-25, Time: 03:26:00, Note Category: Nursing, Note Description: Nursing Progress Note | Text: .H/O cancer (Malignant Neoplasm), Other
   Assessment:
   Pt s/p 3^rd ventriculoscopy. 
6. Date: 2116-01-25, Time: 09:55:00, Note Category: Nursing, Note Description: Nursing Transfer Note | Text: Now s/p 3rd ventriculostomy [**1-24**]
   Chief complaint:
   cerebellar mass
   PMHx:
   Stage III esophageal cancer, R eye prosthesis, HTN, DOE, BPH chronic
   foley, Diabetes, h/o trach/PEG in [**11/2113**], h/o anemia in [**12/2113**], s/p
   cholecystectomy, cognitive impairment s/p MVC
7. Date: 2116-01-25, Time: 16:11:00, Note Category: Radiology, Note Description: CT ABD W&W/O C | Text: s/p ventriculostomy
 REASON FOR THIS EXAMINATION:
  cancer staging
 No contraindications for IV contrast
 ______________________________________________________________________________
                                 FINAL REPORT
 INDICATION:  68-year-old with esophageal cancer, cerebellar mass, and status
 post ventriculostomy.  
8. Date: 2116-02-07, Time: 05:18:00, Note Category: Physician, Note Description: Intensivist Note | Text: Subsequently went to the OR
   the following day for a stereotactic endoscopic ventriculostomy.  
"
d0766750-c3c3-3d99-e2e1-c1f095065f0e,So Admissao,He was managed for pain and emotional support and was scheduled for head and chest CT scans. ,Supported,"The reference shows that the patient was managed with morphine for pain and emotional support and had CT scans of the head and chest performed, consistent with the text.","Hospital Admission Start: 2116-01-23 16:22:00
Hospital Admission End: 2116-02-07 16:50:00
Electronic Health Record Context
Ordered by Time (Earliest to Latest):
1. Date: 2116-01-23, Time: 06:47:00, Note Category: Radiology, Note Description: CT HEAD W/O CONTRAST | Text: HISTORY:  68-year-old male with apparent head bleed and known brain mass,
 transferred from outside hospital after fall.

 
2. Date: 2116-01-23, Time: 06:48:00, Note Category: Radiology, Note Description: CT C-SPINE W/O CONTRAST | Text: [**2116-1-23**] 6:48 AM
 CT C-SPINE W/O CONTRAST                                         Clip # [**Clip Number (Radiology) 86873**]
 Reason: eval for fracture
 ______________________________________________________________________________
 [**Hospital 2**] MEDICAL CONDITION:
  68 year old man with apparent head bleed, has known head mass,
3. Date: 2116-01-24, Time: 14:55:00, Note Category: Radiology, Note Description: CT STEREOTAXIS W/ CONTRAST | Text: TECHNIQUE:  Following contrast administration, head CT was obtained.  
4. Date: 2116-01-25, Time: 16:11:00, Note Category: Radiology, Note Description: CT ABD W&W/O C | Text: [**2116-1-25**] 4:11 PM
 CT CHEST W/CONTRAST; CT ABD W&W/O C                             Clip # [**Clip Number (Radiology) 87021**]
 CT PELVIS W/CONTRAST
 Reason: cancer staging
 Admitting Diagnosis: HEAD BLEED
 ______________________________________________________________________________
 [**Hospital 2**] MEDICAL CONDITION:
  68 year old man with known esophageal ca and cerebellar mass with increase size
  of cerebellar mass on CT.
5. Date: 2116-01-25, Time: 18:03:00, Note Category: Nursing, Note Description: Nursing Progress Note | Text: Bs clear,  room air sats >100
   Action:
   Neuro status monitored,  ct scan of chest and torso done with contrast.
   
6. Date: 2116-01-27, Time: 17:22:00, Note Category: Radiology, Note Description: CTA HEAD W&W/O C & RECONS | Text: [**2116-1-27**] 5:22 PM
 CTA HEAD W&W/O C & RECONS                                       Clip # [**Clip Number (Radiology) 87022**]
 Reason: CTA/CTV to assess sinuses
 Admitting Diagnosis: HEAD BLEED
 ______________________________________________________________________________
 [**Hospital 2**] MEDICAL CONDITION:
  68 year old man w/ cerebellar mass
7. Date: 2116-02-01, Time: 17:02:00, Note Category: Radiology, Note Description: MR HEAD W & W/O CONTRAST | Text: COMPARISON:  Multiple prior examinations of the head, the last one a CT of the
 head without contrast dated [**2116-1-31**], and multiple prior MRIs, the
 last one [**2116-1-31**].

 
8. Date: 2116-02-01, Time: 18:37:00, Note Category: Nursing, Note Description: Nursing Progress Note | Text: Altered mental status (not Delirium)
   Assessment:
   Pt s/p craniotomy for tumor resection.  
9. Date: 2116-02-05, Time: 08:48:00, Note Category: Physician, Note Description: Intensivist Note | Text: morphine
   prn yesterday.Consider head CT ? 
10. Date: 2116-02-06, Time: 01:39:00, Note Category: Radiology, Note Description: CHEST (PORTABLE AP) | Text: [**2116-2-6**] 1:39 AM
 CHEST (PORTABLE AP)                                             Clip # [**Clip Number (Radiology) 88038**]
 Reason: please assess for NGT position
 Admitting Diagnosis: HEAD BLEED
 ______________________________________________________________________________
 [**Hospital 2**] MEDICAL CONDITION:
  68 year old man with hx [**First Name9 (NamePattern2) **] [**Doctor Last Name **] esophagectomy, OGT,
"
a9a92d9a-157e-5d2f-b9d7-a0f9011f6d0b,So Admissao,"His vital signs stabilized, but he had a history of cognitive impairment and was not following commands.

",Supported,"The reference notes that the patient had cognitive impairment and was following commands inconsistently, which supports the text stating he had a history of cognitive impairment and was not following commands. Additionally, the reference mentions vital signs stabilization indirectly through the clinical context without contradiction.","Hospital Admission Start: 2116-01-23 16:22:00
Hospital Admission End: 2116-02-07 16:50:00
Electronic Health Record Context
Ordered by Time (Earliest to Latest):
1. Date: 2116-01-23, Time: 06:47:00, Note Category: Radiology, Note Description: CT HEAD W/O CONTRAST | Text: HISTORY:  68-year-old male with apparent head bleed and known brain mass,
 transferred from outside hospital after fall.

 
2. Date: 2116-02-01, Time: 05:25:00, Note Category: Nursing, Note Description: Nursing Progress Note | Text: during
   the night propofol weaned down and pt currently followed commands
   inconsitently.
3. Date: 2116-02-01, Time: 05:25:00, Note Category: Nursing, Note Description: Nursing Progress Note | Text: cognitive impairment s/p MVA
   Altered mental status (not Delirium)
   Assessment:
   pt s/p craniotomy for cerebellar  mass. 
4. Date: 2116-02-01, Time: 18:37:00, Note Category: Nursing, Note Description: Nursing Progress Note | Text: During wake-up, pt following commands inconsistently and very
   agitated, attempting to talk and climb out of bed.
   
5. Date: 2116-02-02, Time: 16:18:00, Note Category: Nursing, Note Description: Nursing Progress Note | Text: Immediately became
   very agitated, hypertensive and uncooperative, trying to get out of bed
   and interfere with treatment.
   
6. Date: 2116-02-07, Time: 05:18:00, Note Category: Physician, Note Description: Intensivist Note | Text: He
   was brought to SICU in multi-system organ failure with oliguria
   requiring CVVH, liver failure, worsening hypocoagulable state, and
   severe metabolic acidosis.
7. Date: 2116-02-07, Time: 05:18:00, Note Category: Physician, Note Description: Intensivist Note | Text: He was intubated, started on pressors as well as broad spectrum abx. 
8. Date: 2116-02-07, Time: Unknown, Note Category: Echo, Note Description: Report | Text: Suboptimal
image quality - patient unable to cooperate. 
"
f1f40671-df5e-0192-1187-8925c002fafe,So Admissao,"The patient, a 68-year-old man with a known stage III esophageal cancer, was transferred to the hospital after a fall and evaluated for a possible head bleed. ",Supported,The reference confirms the patient is a 68-year-old man with metastatic esophageal cancer who was transferred after a fall and evaluated for a possible head bleed.,"Hospital Admission Start: 2116-01-23 16:22:00
Hospital Admission End: 2116-02-07 16:50:00
Electronic Health Record Context
Ordered by Time (Earliest to Latest):
1. Date: 2116-01-23, Time: 06:47:00, Note Category: Radiology, Note Description: CT HEAD W/O CONTRAST | Text: HISTORY:  68-year-old male with apparent head bleed and known brain mass,
 transferred from outside hospital after fall.

 
2. Date: 2116-01-23, Time: 06:47:00, Note Category: Radiology, Note Description: CT HEAD W/O CONTRAST | Text: [**2116-1-23**] 6:47 AM
 CT HEAD W/O CONTRAST                                            Clip # [**Clip Number (Radiology) 86872**]
 Reason: eval for bleed
 ______________________________________________________________________________
 [**Hospital 2**] MEDICAL CONDITION:
  68 year old man with apparent head bleed, has known head mass,
3. Date: 2116-01-23, Time: 06:48:00, Note Category: Radiology, Note Description: CT C-SPINE W/O CONTRAST | Text: [**2116-1-23**] 6:48 AM
 CT C-SPINE W/O CONTRAST                                         Clip # [**Clip Number (Radiology) 86873**]
 Reason: eval for fracture
 ______________________________________________________________________________
 [**Hospital 2**] MEDICAL CONDITION:
  68 year old man with apparent head bleed, has known head mass,
4. Date: 2116-01-25, Time: 16:11:00, Note Category: Radiology, Note Description: CT ABD W&W/O C | Text: [**2116-1-25**] 4:11 PM
 CT CHEST W/CONTRAST; CT ABD W&W/O C                             Clip # [**Clip Number (Radiology) 87021**]
 CT PELVIS W/CONTRAST
 Reason: cancer staging
 Admitting Diagnosis: HEAD BLEED
 ______________________________________________________________________________
 [**Hospital 2**] MEDICAL CONDITION:
  68 year old man with known esophageal ca and cerebellar mass with increase size
  of cerebellar mass on CT.
5. Date: 2116-02-04, Time: 16:08:00, Note Category: Radiology, Note Description: BP KNEE (2 VIEWS) BILAT PORT | Text: patient with new ecchymosis
 Admitting Diagnosis: HEAD BLEED
 ______________________________________________________________________________
 [**Hospital 2**] MEDICAL CONDITION:
  68 year old man with
 REASON FOR THIS EXAMINATION:
  r/o new fracture; patient with new ecchymosis
 ______________________________________________________________________________
                                  PFI REPORT
 RIGHT KNEE, TWO VIEWS.  
6. Date: 2116-02-05, Time: 10:57:00, Note Category: Radiology, Note Description: CT HEAD W/O CONTRAST | Text: eval fo
 Admitting Diagnosis: HEAD BLEED
 ______________________________________________________________________________
 [**Hospital 2**] MEDICAL CONDITION:
  68 year old man with metastatic esophageal CA to cerebellum now s/p left
  cerebellar metastatic resection
 REASON FOR THIS EXAMINATION:
  s/p transfer to ICU with acute mental status change, eval for interval change
 No contraindications for IV contrast
 ______________________________________________________________________________
                                 FINAL REPORT
 INDICATION:  68-year-old male, with esophageal metastasis, status post
 resection, acute mental status change,
7. Date: 2116-02-06, Time: 01:39:00, Note Category: Radiology, Note Description: CHEST (PORTABLE AP) | Text: [**2116-2-6**] 1:39 AM
 CHEST (PORTABLE AP)                                             Clip # [**Clip Number (Radiology) 88038**]
 Reason: please assess for NGT position
 Admitting Diagnosis: HEAD BLEED
 ______________________________________________________________________________
 [**Hospital 2**] MEDICAL CONDITION:
  68 year old man with hx [**First Name9 (NamePattern2) **] [**Doctor Last Name **] esophagectomy, OGT,
8. Date: 2116-02-06, Time: 18:08:00, Note Category: Radiology, Note Description: CHEST (PORTABLE AP) | Text: [**2116-2-6**] 6:08 PM
 CHEST (PORTABLE AP); -77 BY DIFFERENT PHYSICIAN                 [**Name Initial (PRE) 5**] # [**Clip Number (Radiology) 88890**]
 Reason: eval interval change
 Admitting Diagnosis: HEAD BLEED
 ______________________________________________________________________________
 [**Hospital 2**] MEDICAL CONDITION:
  68 year old man with metastatic esophageal CA to cerebellum now s/p left
9. Date: 2116-02-07, Time: 05:18:00, Note Category: Physician, Note Description: Intensivist Note | Text: SICU
   HPI:
    68 y/o M with metastatic esophageal cancer to brain
   admitted 2 weeks ago after a fall.  
"
96455fe0-3964-73cf-eeff-15c1d616b8f0,So Admissao,"A CT scan without contrast showed an interval increase in size of a left cerebellar hemorrhage, with surrounding edema and mass effect on the 4th ventricle and perimesencephalic cistern.",Supported,"The reference documents an interval increase in size of the left cerebellar hemorrhage on CT without contrast, with surrounding edema and mass effect on the fourth ventricle and perimesencephalic cistern, matching the text exactly.","Hospital Admission Start: 2116-01-23 16:22:00
Hospital Admission End: 2116-02-07 16:50:00
Electronic Health Record Context
Ordered by Time (Earliest to Latest):
1. Date: 2116-01-23, Time: 06:47:00, Note Category: Radiology, Note Description: CT HEAD W/O CONTRAST | Text: FINDINGS:  There has been interval enlargement of the left cerebellar
 hemorrhage which now measures 2.4 x 3.7 cm and previously measured 2.8 x 1.2
 cm.  
2. Date: 2116-01-23, Time: 06:47:00, Note Category: Radiology, Note Description: CT HEAD W/O CONTRAST | Text: IMPRESSION:

 Interval increase in size of patient's known left cerebellar hemorrhagic mass
 with surrounding vasogenic edema.
3. Date: 2116-01-23, Time: 15:40:00, Note Category: Radiology, Note Description: MR HEAD W & W/O CONTRAST | Text: Left cerebellar mass with hemorrhagic foci and surrounding edema causing
 effacement of the fourth ventricle and quadrigeminal cistern.  
4. Date: 2116-01-23, Time: 15:40:00, Note Category: Radiology, Note Description: MR HEAD W & W/O CONTRAST | Text: Left cerebellar mass with hemorrhagic foci and surrounding edema causing
  compression of the fourth ventricle and effacement of the quadrigeminal
  cistern.
5. Date: 2116-01-23, Time: 15:40:00, Note Category: Radiology, Note Description: MR HEAD W & W/O CONTRAST | Text: FINDINGS: There is an ill-defined infiltrative enhancing mass seen in the left
 cerebellar hemisphere with surrounding edema and effacing the fourth ventricle
 and quadrigeminal cistern. 
6. Date: 2116-01-24, Time: 07:25:00, Note Category: Nursing, Note Description: Nursing Progress Note | Text: Head Ct revealed an increase in cerebellar mass w/ surrounding edema
   and mass effect on the 4^th ventricle and left aspect of the
   perimesencephalic cistern. 
7. Date: 2116-01-24, Time: 14:55:00, Note Category: Radiology, Note Description: CT STEREOTAXIS W/ CONTRAST | Text: FINDINGS:  There is mass identified in the partially visualized left
 cerebellar hemisphere with edema.
8. Date: 2116-01-24, Time: 15:24:00, Note Category: Radiology, Note Description: CT HEAD W/ CONTRAST | Text: Partially visualized is edema and enhancing lesion in the left
 cerebellar hemisphere.



9. Date: 2116-02-03, Time: 17:41:00, Note Category: Radiology, Note Description: CT HEAD W/O CONTRAST | Text: Continued edema in the left
 cerebellar hemisphere with similar degree of mass effect on the fourth
 ventricle.  
"
098ddfae-6563-aa22-fda3-df73c91f044d,So Admissao,"He was also given multiple units of FFP, platelets, and vitamin K due to liver failure.

",Supported,"The reference notes multiple units of FFP, platelets, and vitamin K were given due to liver failure and worsening hypocoagulable state, directly supporting the text.","Hospital Admission Start: 2116-01-23 16:22:00
Hospital Admission End: 2116-02-07 16:50:00
Electronic Health Record Context
Ordered by Time (Earliest to Latest):
1. Date: 2116-02-03, Time: 16:46:00, Note Category: Nursing, Note Description: Nursing Transfer Note | Text: 7 mg/dL
   [**2116-2-3**] 12:29 AM
   Glucose:
   84 mg/dL
   [**2116-2-3**] 12:29 AM
   Hematocrit:
   35.4 %
   [**2116-2-3**] 12:29 AM
   Finger Stick Glucose:
   141
   [**2116-2-3**] 10:00 AM
   Valuables / Signature
   Patient valuables: None
2. Date: 2116-02-06, Time: 03:42:00, Note Category: Radiology, Note Description: CT CHEST W/CONTRAST | Text: Patchy liver perfusion is
 nonspecific.  
3. Date: 2116-02-06, Time: 05:12:00, Note Category: Physician, Note Description: Intensivist Note | Text: Serial CBC/Coags - transfuse for Hct < 30,
   Plt < 75, Fibrinogen < 100
   Endocrine: RISS, dexamethasone
   Infectious Disease: Florid sepsis.  
4. Date: 2116-02-06, Time: 05:12:00, Note Category: Physician, Note Description: Intensivist Note | Text: LFTs suggestive of
   shock liver in setting of hypoperfusion yesterday.
   
5. Date: 2116-02-06, Time: 05:12:00, Note Category: Physician, Note Description: Intensivist Note | Text: Nutrition: f/u lytes, NS boluses PRN
   Renal: oliguric, FeNa 8% ?ATN - consult renal for CVVHD in AM, f/u
   urine myoglobin.  
6. Date: 2116-02-06, Time: 05:12:00, Note Category: Physician, Note Description: Intensivist Note | Text: LFTs suggestive of
   shock liver in setting of hypoperfusion yesterday. 
7. Date: 2116-02-06, Time: 16:57:00, Note Category: Nursing, Note Description: Nursing Progress Note | Text: cognitive impairment s/p MVC
   Sepsis, Severe (with organ dysfunction)
   Assessment:
   Florid sepsis with complete multisytem organ failure--?cdif colitis
   origin of sepsis
   l
   Action:
   Complete Respiratory support w/ventilator
   renal support w/ CRRT
   Shock liver with deteriorating lab values, given multiple units of FFP,
   platelets and Vit k
   Family in, spoke w/ Dr.
8. Date: 2116-02-07, Time: 05:18:00, Note Category: Physician, Note Description: Intensivist Note | Text: He
   was brought to SICU in multi-system organ failure with oliguria
   requiring CVVH, liver failure, worsening hypocoagulable state, and
   severe metabolic acidosis.
9. Date: 2116-02-07, Time: 06:07:00, Note Category: Nursing, Note Description: Nursing Progress Note | Text: Transfused with total 2bags platelets and 3units FFP.
   
"
349676e0-51d5-7621-20cd-000aea7767d0,So Admissao,"He was admitted to the Surgical Intensive Care Unit (SICU) and underwent a series of diagnostic tests, including MRI scans, which revealed a left cerebellar mass with hemorrhagic foci and surrounding edema, causing compression of the fourth ventricle and effacement of the quadrigeminal cistern. ",Supported,"The reference documents MRI findings of a left cerebellar mass with hemorrhagic foci and surrounding edema causing compression of the fourth ventricle and effacement of the quadrigeminal cistern, consistent with the text. The admission to SICU is implied by the intensivist note.","Hospital Admission Start: 2116-01-23 16:22:00
Hospital Admission End: 2116-02-07 16:50:00
Electronic Health Record Context
Ordered by Time (Earliest to Latest):
1. Date: 2116-01-23, Time: 15:40:00, Note Category: Radiology, Note Description: MR HEAD W & W/O CONTRAST | Text: Left cerebellar mass with hemorrhagic foci and surrounding edema causing
  compression of the fourth ventricle and effacement of the quadrigeminal
  cistern.
2. Date: 2116-01-23, Time: 15:40:00, Note Category: Radiology, Note Description: MR HEAD W & W/O CONTRAST | Text: Left cerebellar mass with hemorrhagic foci and surrounding edema causing
 effacement of the fourth ventricle and quadrigeminal cistern.  
3. Date: 2116-01-23, Time: 15:40:00, Note Category: Radiology, Note Description: MR HEAD W & W/O CONTRAST | Text: Left cerebellar mass with hemorrhagic foci and surrounding edema causing
 compression of the fourth ventricle and effacement of the quadrigeminal
 cistern.  
4. Date: 2116-01-23, Time: 15:40:00, Note Category: Radiology, Note Description: MR HEAD W & W/O CONTRAST | Text: FINDINGS: There is an ill-defined infiltrative enhancing mass seen in the left
 cerebellar hemisphere with surrounding edema and effacing the fourth ventricle
 and quadrigeminal cistern. 
5. Date: 2116-01-23, Time: 18:03:00, Note Category: Nursing, Note Description: Nursing Progress Note | Text: Head Ct revealed an increase in cerebellar mass w/ surrounding edema
   and mass effect on the 4^th ventricle and left aspect of the
   perimesencephalic cistern. 
6. Date: 2116-01-24, Time: 14:55:00, Note Category: Radiology, Note Description: CT STEREOTAXIS W/ CONTRAST | Text: FINDINGS:  There is mass identified in the partially visualized left
 cerebellar hemisphere with edema.
7. Date: 2116-02-01, Time: 17:02:00, Note Category: Radiology, Note Description: MR HEAD W & W/O CONTRAST | Text: In the left cerebellar fossa, there is a post-surgical cavity
 filling with CSF, persistent vasogenic edema is identified in the left
 cerebellar hemisphere, producing mild narrowing of the fourth ventricle as
 well as the left cerebellar cisterns.  
8. Date: 2116-02-07, Time: 05:18:00, Note Category: Physician, Note Description: Intensivist Note | Text: Workup revealed a left cerebellar
   mass causing an obstructive hydrocephalus.  
"
4a2204d8-7635-47a2-cdb3-33f1bd167db9,So Admissao,The differential diagnosis included lymphoma versus metastatic disease.,Supported,"The reference contains multiple radiology notes explicitly stating that the differential diagnosis includes lymphoma versus metastatic disease, directly supporting the text.","Hospital Admission Start: 2116-01-23 16:22:00
Hospital Admission End: 2116-02-07 16:50:00
Electronic Health Record Context
Ordered by Time (Earliest to Latest):
1. Date: 2116-01-23, Time: 15:40:00, Note Category: Radiology, Note Description: MR HEAD W & W/O CONTRAST | Text: Differential diagnosis includes lymphoma versus metastatic disease.

 
2. Date: 2116-01-23, Time: 15:40:00, Note Category: Radiology, Note Description: MR HEAD W & W/O CONTRAST | Text: Differential diagnosis includes lymphoma versus metastatic disease.

  
3. Date: 2116-01-23, Time: 15:40:00, Note Category: Radiology, Note Description: MR HEAD W & W/O CONTRAST | Text: The
 differential diagnosis includes lymphoma and metastatic etiology.

 
4. Date: 2116-01-23, Time: 15:40:00, Note Category: Radiology, Note Description: MR HEAD W & W/O CONTRAST | Text: Differential
 diagnosis includes lymphoma and metastatic disease.

 
5. Date: 2116-01-25, Time: 09:55:00, Note Category: Nursing, Note Description: Nursing Transfer Note | Text: .H/O cancer (Malignant Neoplasm), Other
   Assessment:
   Alert and oriented x 3,  mae to command although left side is slightly
   weaker than right.  
6. Date: 2116-01-25, Time: 16:11:00, Note Category: Radiology, Note Description: CT ABD W&W/O C | Text: There are no pathologically enlarged mediastinal or
 hilar lymph nodes.  
7. Date: 2116-02-07, Time: 05:18:00, Note Category: Physician, Note Description: Intensivist Note | Text: A
   week later, the pt went back to the OR for resection of the cerebellar
   mass, which has since been reported as metastatic poorly differentiated
   adenocarcinoma. 
8. Date: 2116-02-07, Time: 05:18:00, Note Category: Physician, Note Description: Intensivist Note | Text: A
   week later, the pt went back to the OR for resection of the cerebellar
   mass, which has since been reported as metastatic poorly differentiated
   adenocarcinoma.
"
9db332d4-bada-5f8d-10a3-e77fcfd3734b,So Admissao,"On February 1, an MRI scan showed that the previously demonstrated left cerebellar mass lesion had been removed, but there were post-surgical changes, persistent vasogenic edema, and a subtle area of enhancement in the surgical cavity. ",Supported,"The reference includes MRI findings on February 1 showing removal of the left cerebellar mass lesion, post-surgical changes, persistent vasogenic edema, and subtle enhancement in the surgical cavity, fully supporting the text.","Hospital Admission Start: 2116-01-23 16:22:00
Hospital Admission End: 2116-02-07 16:50:00
Electronic Health Record Context
Ordered by Time (Earliest to Latest):
1. Date: 2116-01-23, Time: 18:03:00, Note Category: Nursing, Note Description: Nursing Progress Note | Text: Head Ct revealed an increase in cerebellar mass w/ surrounding edema
   and mass effect on the 4^th ventricle and left aspect of the
   perimesencephalic cistern. 
2. Date: 2116-01-24, Time: 14:55:00, Note Category: Radiology, Note Description: CT STEREOTAXIS W/ CONTRAST | Text: FINDINGS:  There is mass identified in the partially visualized left
 cerebellar hemisphere with edema.
3. Date: 2116-01-24, Time: 15:24:00, Note Category: Radiology, Note Description: CT HEAD W/ CONTRAST | Text: Partially visualized is edema and enhancing lesion in the left
 cerebellar hemisphere.



4. Date: 2116-02-01, Time: 17:02:00, Note Category: Radiology, Note Description: MR HEAD W & W/O CONTRAST | Text: In the left cerebellar fossa, there is a post-surgical cavity
 filling with CSF, persistent vasogenic edema is identified in the left
 cerebellar hemisphere, producing mild narrowing of the fourth ventricle as
 well as the left cerebellar cisterns.  
5. Date: 2116-02-01, Time: 17:02:00, Note Category: Radiology, Note Description: MR HEAD W & W/O CONTRAST | Text: FINDINGS:  The previously demonstrated infiltrative left cerebellar mass
 lesion has been removed in the interim, post-surgical changes consistent with
 left occipital craniotomy are visualized as well as the frontal burr hole on
 the right.
6. Date: 2116-02-01, Time: 17:02:00, Note Category: Radiology, Note Description: MR HEAD W & W/O CONTRAST | Text: Resection of the
 previously demonstrated infiltrative mass lesion on the left cerebellar
 hemisphere.  
7. Date: 2116-02-06, Time: 05:12:00, Note Category: Physician, Note Description: Intensivist Note | Text: 0 mg/dL, PO4:7.5
   mg/dL
   Imaging: MRI: [**2-1**] Status post left occipital craniotomy and removal of
   the prior left cerebellar mass lesion. 
"
6c6ec37f-bac6-faca-bd20-7f6742d1e360,So Admissao,"The patient was extubated on February 2, and his neuro status remained essentially unchanged. ",Supported,The reference notes that the patient was extubated on February 2 and that the neuro status remained essentially unchanged around that time.,"Hospital Admission Start: 2116-01-23 16:22:00
Hospital Admission End: 2116-02-07 16:50:00
Electronic Health Record Context
Ordered by Time (Earliest to Latest):
1. Date: 2116-01-24, Time: 17:58:00, Note Category: Nursing, Note Description: Nursing Progress Note | Text: Action:
   Vs monitored post-operatively,  neuro signs q1hr
   Response:
   Hemodynamically stable post-op,  no change in neuro status
   Plan:
   Continue to monitor neuro status,  repeat head ct in am,  chest ct in
   am

2. Date: 2116-01-25, Time: 03:26:00, Note Category: Nursing, Note Description: Nursing Progress Note | Text: Response:
   Pt neurologically intact.
   
3. Date: 2116-01-25, Time: 03:26:00, Note Category: Nursing, Note Description: Nursing Progress Note | Text: Plan:
   Continue to monitor neuro status for changes. 
4. Date: 2116-02-01, Time: 18:37:00, Note Category: Nursing, Note Description: Nursing Progress Note | Text: Response:
   Neuro status unchanged throughout day.
   
5. Date: 2116-02-02, Time: 05:09:00, Note Category: Nursing, Note Description: Nursing Progress Note | Text: Altered mental status (not Delirium)
   Assessment:
   s/p resection of cerebellar mass [**2116-1-31**]
   sedated on propofol for MRI yesterday afternoon
   abg
s are good (see flow sheet)
   neuro status essentially unchanged,
   Pupils are equal and  reacting to light, both pupils are now  reactive.
6. Date: 2116-02-03, Time: 05:57:00, Note Category: Nursing, Note Description: Nursing Progress Note | Text: Extubated
 and weaned off sedation on Sunday [**2116-2-2**].

7. Date: 2116-02-03, Time: 07:40:00, Note Category: Physician, Note Description: Intensivist Note | Text: CV: HD stable, BP 100-140. start lopressor prn, hydralazine prn
   Pulm: extubated yesterday. 
8. Date: 2116-02-03, Time: 09:32:00, Note Category: Nursing, Note Description: Nursing Transfer Note | Text: by neuron [**Doctor First Name 458**]
   Response:
   -          pt continues to be restless
   -          orientation remains unchanged
   Plan:
   -          continue to closely monitor pt
   -          continue to remind pt to keep legs in bed
   -          pt may get Haldol prn
   -          transfer to
9. Date: 2116-02-07, Time: 05:18:00, Note Category: Physician, Note Description: Intensivist Note | Text: Neuro: sedated.  
"
1540c5e0-dd79-ce3b-57b1-2cd2b8e06ac5,So Admissao,"However, the patient experienced a setback requiring readmission to the ICU on February 5, with tachycardia, hypotension, and an acute mental status change. ",Supported,"The reference documents the patient's readmission to the ICU on February 5 with tachycardia, hypotension, and an acute mental status change, directly supporting the text.","Hospital Admission Start: 2116-01-23 16:22:00
Hospital Admission End: 2116-02-07 16:50:00
Electronic Health Record Context
Ordered by Time (Earliest to Latest):
1. Date: 2116-02-03, Time: 09:32:00, Note Category: Nursing, Note Description: Nursing Transfer Note | Text: date/month
   -          Pt tachycardic in 105-120s with restlessness
   Action:
   -          closely monitor patient
   -          continuously remind pt to keep legs in bed
   -          soft limb restraints on wrists
   -          neuro assessments changed to q4h
   -          sutures removed this morning
2. Date: 2116-02-05, Time: 06:56:00, Note Category: Nursing, Note Description: Nursing Progress Note | Text: Transferred [**2-3**] to [**Hospital Ward Name **] 11
   Triggered on floor today [**2-5**] for Tachycardia no u/[**Name Initial (MD) **] and RN
[**Name Initial (MD) **] and MD
   unable to obtain BP. 
3. Date: 2116-02-05, Time: 08:48:00, Note Category: Physician, Note Description: Intensivist Note | Text: Readmitted
   to ICU w tachycardia and hypotension
   Chief complaint:
   tachycardia/hypotension
   PMHx:
   Stage III esophageal cancer, R eye prosthesis, HTN, DOE, BPH chronic
   foley, Diabetes, h/o trach/PEG in [**11/2113**], h/o anemia in [**12/2113**], s/p
   cholecystectomy, cognitive impairment s/p MVC
   Current medications:
   1.
4. Date: 2116-02-05, Time: 10:57:00, Note Category: Radiology, Note Description: CT HEAD W/O CONTRAST | Text: [**2116-2-5**] 10:57 AM
 CT HEAD W/O CONTRAST                                            Clip # [**Clip Number (Radiology) 88718**]
 Reason: s/p transfer to ICU with acute mental status change,
5. Date: 2116-02-06, Time: 05:12:00, Note Category: Physician, Note Description: Intensivist Note | Text: Readmitted to ICU w florid sepsis.
   
6. Date: 2116-02-07, Time: 05:18:00, Note Category: Physician, Note Description: Intensivist Note | Text: He
   was brought to SICU in multi-system organ failure with oliguria
   requiring CVVH, liver failure, worsening hypocoagulable state, and
   severe metabolic acidosis.
7. Date: 2116-02-07, Time: 05:18:00, Note Category: Physician, Note Description: Intensivist Note | Text: [**2-5**] the pt developed respiratory distress,
   hypotension, and tachycardia on floor and was transferred to the SICU.
   
"
f0f2520a-4829-86c4-e4f3-84495d311be1,So Admissao,"He was reintubated and received multiple medications, including antibiotics and hydration therapy. ",Supported,"The reference notes that the patient was intubated and started on broad spectrum antibiotics and pressors, indicating reintubation and administration of multiple medications including antibiotics and supportive therapy.","Hospital Admission Start: 2116-01-23 16:22:00
Hospital Admission End: 2116-02-07 16:50:00
Electronic Health Record Context
Ordered by Time (Earliest to Latest):
1. Date: 2116-01-24, Time: 08:10:00, Note Category: Physician, Note Description: Intensivist Note | Text: Pt c/o pain in bilat ribs, lidocaine patch to
   both sides., Foley draining mod amounts of blood tinged urine.
2. Date: 2116-02-03, Time: 05:57:00, Note Category: Nursing, Note Description: Nursing Progress Note | Text: Extubated
 and weaned off sedation on Sunday [**2116-2-2**].

3. Date: 2116-02-03, Time: 07:40:00, Note Category: Physician, Note Description: Intensivist Note | Text: CV: HD stable, BP 100-140. start lopressor prn, hydralazine prn
   Pulm: extubated yesterday. 
4. Date: 2116-02-07, Time: 05:18:00, Note Category: Physician, Note Description: Intensivist Note | Text: He was intubated, started on pressors as well as broad spectrum abx. 
5. Date: 2116-02-07, Time: 05:18:00, Note Category: Physician, Note Description: Intensivist Note | Text: He
   was brought to SICU in multi-system organ failure with oliguria
   requiring CVVH, liver failure, worsening hypocoagulable state, and
   severe metabolic acidosis.
6. Date: 2116-02-07, Time: 06:07:00, Note Category: Nursing, Note Description: Nursing Progress Note | Text: High rate replacement and dialysis fluids tolerated for 4hours before
   exacerbating hypothermia.
   
"
7405f258-91ac-3930-4927-2412d0126402,So Admissao,"Throughout his hospital stay, the patient required ongoing management of his neurological status, pain, and anxiety, as well as treatment for septic shock, fluid overload, and metabolic acidosis. ",Supported,"The reference documents ongoing management of severe sepsis with multiorgan failure, metabolic acidosis, shock, respiratory distress, and critical illness requiring ventilatory and renal support, which supports the text's statement about management of neurological status, pain, anxiety, septic shock, fluid overload, and metabolic acidosis.","Hospital Admission Start: 2116-01-23 16:22:00
Hospital Admission End: 2116-02-07 16:50:00
Electronic Health Record Context
Ordered by Time (Earliest to Latest):
1. Date: 2116-02-06, Time: 05:12:00, Note Category: Physician, Note Description: Intensivist Note | Text: Boots
   Stress ulcer: H2 blocker
   VAP bundle: HOB elevation, Mouth care, Daily wake up, RSBI
   Comments:
   Communication: Patient discussed on interdisciplinary rounds , Family
   meeting held  Comments: Spent >1 hour speaking with family about
   patient
s status
   Code status: Full code
   Disposition: ICU
   Total time spent: 40 minutes
   Patient is critically ill
2. Date: 2116-02-06, Time: 16:57:00, Note Category: Nursing, Note Description: Nursing Progress Note | Text: cognitive impairment s/p MVC
   Sepsis, Severe (with organ dysfunction)
   Assessment:
   Florid sepsis with complete multisytem organ failure--?cdif colitis
   origin of sepsis
   l
   Action:
   Complete Respiratory support w/ventilator
   renal support w/ CRRT
   Shock liver with deteriorating lab values, given multiple units of FFP,
   platelets and Vit k
   Family in, spoke w/ Dr.
3. Date: 2116-02-07, Time: 04:30:00, Note Category: Respiratory, Note Description: Respiratory Care Shift Note | Text: ventilation to control pH
   Reason for continuing current ventilatory support: Underlying illness
   not resolved
   Pt has a severe metabolic acidosis.
4. Date: 2116-02-07, Time: 05:18:00, Note Category: Physician, Note Description: Intensivist Note | Text: He
   was brought to SICU in multi-system organ failure with oliguria
   requiring CVVH, liver failure, worsening hypocoagulable state, and
   severe metabolic acidosis.
5. Date: 2116-02-07, Time: 05:18:00, Note Category: Physician, Note Description: Intensivist Note | Text: Metabolic acidosis in
   setting of shock. 
6. Date: 2116-02-07, Time: 05:18:00, Note Category: Physician, Note Description: Intensivist Note | Text: [**2-5**] the pt developed respiratory distress,
   hypotension, and tachycardia on floor and was transferred to the SICU.
   
7. Date: 2116-02-07, Time: 06:07:00, Note Category: Nursing, Note Description: Nursing Progress Note | Text: Sepsis, Severe (with organ dysfunction)
   Assessment:
   Hemodynamically unstable
   Episodes of dropping  cardiac output
   Coagulopathic
   Hypothermic
   Persistent metabolic acidosis.
   
"
298f3674-4277-9c9d-75b9-53b668fda4cb,So Admissao,"On February 7, despite aggressive treatment, the patient's condition remained unstable, and after a family meeting with the doctor, it was decided to stop treatment due to the unsurvivable situation. ",Supported,"The reference notes the patient remained unstable on February 7 with multi-system organ failure and that after a family meeting with the doctor, all agreed to stop treatment, which supports the text's statement.","Hospital Admission Start: 2116-01-23 16:22:00
Hospital Admission End: 2116-02-07 16:50:00
Electronic Health Record Context
Ordered by Time (Earliest to Latest):
1. Date: 2116-02-01, Time: 05:25:00, Note Category: Nursing, Note Description: Nursing Progress Note | Text: during
   the night propofol weaned down and pt currently followed commands
   inconsitently.
2. Date: 2116-02-02, Time: 16:18:00, Note Category: Nursing, Note Description: Nursing Progress Note | Text: Immediately became
   very agitated, hypertensive and uncooperative, trying to get out of bed
   and interfere with treatment.
   
3. Date: 2116-02-03, Time: 05:57:00, Note Category: Nursing, Note Description: Nursing Progress Note | Text: Extubated
 and weaned off sedation on Sunday [**2116-2-2**].

4. Date: 2116-02-07, Time: 05:18:00, Note Category: Physician, Note Description: Intensivist Note | Text: He
   was brought to SICU in multi-system organ failure with oliguria
   requiring CVVH, liver failure, worsening hypocoagulable state, and
   severe metabolic acidosis.
5. Date: 2116-02-07, Time: 05:18:00, Note Category: Physician, Note Description: Intensivist Note | Text: gen [**Doctor First Name 458**] consult yesterday and feel given clinical
   status pt is not a candidate for surgery at this time.
   
6. Date: 2116-02-07, Time: 06:07:00, Note Category: Nursing, Note Description: Nursing Progress Note | Text: Response:
   Remains overall unstable, with episodes of dipping bp and cardiac
   output, with elevated svv.
   
7. Date: 2116-02-07, Time: 17:05:00, Note Category: Nursing, Note Description: Nursing Progress Note | Text: All in agreement to stop treatment, and provide [**Name (STitle) 1396**] only to family.
   
8. Date: 2116-02-07, Time: 17:05:00, Note Category: Nursing, Note Description: Nursing Progress Note | Text: [**Last Name **] Problem
 [**Name (NI) **] measures
   Assessment:
   Profound sepsis with mutisystem organ failure
   Action:
   Aggressive treatment supporting all systems until family meeting w/dr.
   
"
63c3af56-948e-25d9-f752-2e3f9e91d612,So Admissao,"The patient's care was withdrawn, and morphine was administered to manage symptoms. ",Not Supported,The reference notes administration of morphine and withdrawal of sedation but does not explicitly state that the patient's care was withdrawn or that morphine was given specifically to manage symptoms in the context of care withdrawal.,"Hospital Admission Start: 2116-01-23 16:22:00
Hospital Admission End: 2116-02-07 16:50:00
Electronic Health Record Context
Ordered by Time (Earliest to Latest):
1. Date: 2116-01-23, Time: 06:47:00, Note Category: Radiology, Note Description: CT HEAD W/O CONTRAST | Text: HISTORY:  68-year-old male with apparent head bleed and known brain mass,
 transferred from outside hospital after fall.

 
2. Date: 2116-01-24, Time: 17:58:00, Note Category: Nursing, Note Description: Nursing Progress Note | Text: Medicated with
   dilaudid 1mg for pain.  
3. Date: 2116-02-01, Time: 05:25:00, Note Category: Nursing, Note Description: Nursing Progress Note | Text: during
   the night propofol weaned down and pt currently followed commands
   inconsitently.
4. Date: 2116-02-01, Time: 05:25:00, Note Category: Nursing, Note Description: Nursing Progress Note | Text: Pt weaned to cpap with pressure support. 
5. Date: 2116-02-01, Time: 18:37:00, Note Category: Nursing, Note Description: Nursing Progress Note | Text: Action:
   Medicated with iv fentanyl.
   
6. Date: 2116-02-03, Time: 05:57:00, Note Category: Nursing, Note Description: Nursing Progress Note | Text: Action:
   Administration of morphine sulfate IVP.
   
7. Date: 2116-02-03, Time: 05:57:00, Note Category: Nursing, Note Description: Nursing Progress Note | Text: Extubated
 and weaned off sedation on Sunday [**2116-2-2**].

8. Date: 2116-02-03, Time: 07:40:00, Note Category: Physician, Note Description: Intensivist Note | Text: discontinued fentanyl and transitioned to morphine prn
   yesterday.
   
9. Date: 2116-02-06, Time: 06:33:00, Note Category: Nursing, Note Description: Nursing Progress Note | Text: Withdraws to painful stimuli. 
"
ae5a654d-37ad-a8cc-31e1-5d605160ef66,So Admissao,The patient was pronounced dead at 1650 with the family present and in agreement with the plan.,Supported,"The reference notes the patient was pronounced dead at 1650 and that all family were present and in agreement with the plan, directly supporting the text.","Hospital Admission Start: 2116-01-23 16:22:00
Hospital Admission End: 2116-02-07 16:50:00
Electronic Health Record Context
Ordered by Time (Earliest to Latest):
1. Date: 2116-01-23, Time: 06:47:00, Note Category: Radiology, Note Description: CT HEAD W/O CONTRAST | Text: HISTORY:  68-year-old male with apparent head bleed and known brain mass,
 transferred from outside hospital after fall.

 
2. Date: 2116-01-23, Time: 15:40:00, Note Category: Radiology, Note Description: MR HEAD W & W/O CONTRAST | Text: Findings were discussed with [**Doctor First Name **] Oleander, PA at 5:20 p.m. 
3. Date: 2116-01-24, Time: 07:25:00, Note Category: Nursing, Note Description: Nursing Progress Note | Text: Pt  arrived to SICU from ED, A&Ox2, MAE, following all commands,
   appropriate in conversation.
4. Date: 2116-02-05, Time: 10:57:00, Note Category: Radiology, Note Description: CT HEAD W/O CONTRAST | Text: FINDINGS:

 Patient is status post left-sided suboccipital craniotomy.
5. Date: 2116-02-07, Time: 05:18:00, Note Category: Physician, Note Description: Intensivist Note | Text: [**2-5**] the pt developed respiratory distress,
   hypotension, and tachycardia on floor and was transferred to the SICU.
   
6. Date: 2116-02-07, Time: 17:05:00, Note Category: Nursing, Note Description: Nursing Progress Note | Text: Patient pronounced at 1650.
   
7. Date: 2116-02-07, Time: 17:05:00, Note Category: Nursing, Note Description: Nursing Progress Note | Text: All family present, all in agreement with plan.
   
8. Date: 2116-02-07, Time: 17:05:00, Note Category: Nursing, Note Description: Nursing Progress Note | Text: All in agreement to stop treatment, and provide [**Name (STitle) 1396**] only to family.
   
9. Date: 2116-02-07, Time: 17:05:00, Note Category: Nursing, Note Description: Nursing Progress Note | Text: [**First Name (STitle) **]
   [**Name (STitle) 53**]
s wishes and unsurvivability of situation discussed w/family.
   
"
e31f24d4-036e-d2d3-398b-208ff377d612,So Admissao,"On February 6, the patient developed a florid septic picture, with severe diffuse large bowel thickening, likely due to severe colitis, possibly caused by C. difficile. ",Supported,"The reference documents severe diffuse large bowel thickening on February 6, likely due to severe colitis with C. difficile as the most likely pathogen, and notes florid sepsis with multiorgan failure possibly originating from C. difficile colitis, fully supporting the text.","Hospital Admission Start: 2116-01-23 16:22:00
Hospital Admission End: 2116-02-07 16:50:00
Electronic Health Record Context
Ordered by Time (Earliest to Latest):
1. Date: 2116-02-06, Time: 03:42:00, Note Category: Radiology, Note Description: CT CHEST W/CONTRAST | Text: Diffuse wall thickening from the cecum to the splenic flexure likely
 reflects severe colitis with C. difficile being the most likely pathogen.

 
2. Date: 2116-02-06, Time: 03:42:00, Note Category: Radiology, Note Description: CT CHEST W/CONTRAST | Text: Severe diffuse large bowel thickening which
  is dilated and stool filled with nml appearing small bowel.  
3. Date: 2116-02-06, Time: 03:42:00, Note Category: Radiology, Note Description: CT CHEST W/CONTRAST | Text: Marked
 colonic wall thickening is most prominent from the cecum to the splenic
                                                             (Over)

 [**2116-2-6**] 3:42 AM
 CT CHEST W/CONTRAST;
4. Date: 2116-02-06, Time: 06:33:00, Note Category: Nursing, Note Description: Nursing Progress Note | Text: Ct showed dilated loops of bowel w/ large amt of stool.
   
5. Date: 2116-02-06, Time: 11:59:00, Note Category: Nutrition, Note Description: Clinical Nutrition Note | Text: Given pt
s large
   amount of stool output and likely c diff colitis, pt will likely need
   TPN for now.
6. Date: 2116-02-06, Time: 16:57:00, Note Category: Nursing, Note Description: Nursing Progress Note | Text: cognitive impairment s/p MVC
   Sepsis, Severe (with organ dysfunction)
   Assessment:
   Florid sepsis with complete multisytem organ failure--?cdif colitis
   origin of sepsis
   l
   Action:
   Complete Respiratory support w/ventilator
   renal support w/ CRRT
   Shock liver with deteriorating lab values, given multiple units of FFP,
   platelets and Vit k
   Family in, spoke w/ Dr.
7. Date: 2116-02-07, Time: 05:18:00, Note Category: Physician, Note Description: Intensivist Note | Text: CT abdomen shows severe diffuse large bowel thickening which
   is dilated and stool filled with normal appearing small bowel. 
8. Date: 2116-02-07, Time: 05:18:00, Note Category: Physician, Note Description: Intensivist Note | Text: etiology
   of clinical picture and his multi-system organ failure likely from
   infectious colitis possibly due to C. difficile. 
"
10fb55a1-337b-b6bc-3970-014f908eb71b,So Admissao,"He was treated with broad-spectrum antibiotics, vasopressin, norepinephrine, and propofol infusions. ",Supported,"The reference notes the patient was started on broad-spectrum antibiotics, vasopressin, norepinephrine (Levophed), and propofol infusions, which fully supports the text.","Hospital Admission Start: 2116-01-23 16:22:00
Hospital Admission End: 2116-02-07 16:50:00
Electronic Health Record Context
Ordered by Time (Earliest to Latest):
1. Date: 2116-02-01, Time: 05:25:00, Note Category: Nursing, Note Description: Nursing Progress Note | Text: during
   the night propofol weaned down and pt currently followed commands
   inconsitently.
2. Date: 2116-02-01, Time: 05:25:00, Note Category: Nursing, Note Description: Nursing Progress Note | Text: Pt on propofol  at 60mcg/kg/min.  
3. Date: 2116-02-05, Time: 08:48:00, Note Category: Physician, Note Description: Intensivist Note | Text: of Antibiotics:
   Levofloxacin - [**2116-2-3**] 04:00 AM
   Infusions:
   Other ICU medications:
   Metoprolol - [**2116-2-5**] 06:25 AM
   Other medications:
   Flowsheet Data as of  [**2116-2-5**] 08:48 AM
   Vital signs
   Hemodynamic monitoring
   Fluid balance
4. Date: 2116-02-06, Time: 11:59:00, Note Category: Nutrition, Note Description: Clinical Nutrition Note | Text: Pertinent medications: Levophed, Vasopressin, propofol, D5 c/ Bicarb
   @100cc/hr,
5. Date: 2116-02-07, Time: 05:18:00, Note Category: Physician, Note Description: Intensivist Note | Text: He was intubated, started on pressors as well as broad spectrum abx. 
6. Date: 2116-02-07, Time: 05:18:00, Note Category: Physician, Note Description: Intensivist Note | Text: He
   was brought to SICU in multi-system organ failure with oliguria
   requiring CVVH, liver failure, worsening hypocoagulable state, and
   severe metabolic acidosis.
7. Date: 2116-02-07, Time: 06:07:00, Note Category: Nursing, Note Description: Nursing Progress Note | Text: Action:
   Initially weaned off levo and neo on low dose, but eventually needed to
   increase dose of vasopressin.
   
"
7c4968b0-893c-bff5-32c4-f02742922b83,So Admissao,"His condition was critical, requiring close monitoring and multidisciplinary care. ",Supported,"The reference describes the patient as critically ill with multiorgan failure, requiring respiratory and renal support, pressors, broad spectrum antibiotics, and multidisciplinary care including family meetings, which supports the text stating the condition was critical and required close monitoring and multidisciplinary care.","Hospital Admission Start: 2116-01-23 16:22:00
Hospital Admission End: 2116-02-07 16:50:00
Electronic Health Record Context
Ordered by Time (Earliest to Latest):
1. Date: 2116-01-23, Time: 06:47:00, Note Category: Radiology, Note Description: CT HEAD W/O CONTRAST | Text: HISTORY:  68-year-old male with apparent head bleed and known brain mass,
 transferred from outside hospital after fall.

 
2. Date: 2116-02-06, Time: 16:57:00, Note Category: Nursing, Note Description: Nursing Progress Note | Text: cognitive impairment s/p MVC
   Sepsis, Severe (with organ dysfunction)
   Assessment:
   Florid sepsis with complete multisytem organ failure--?cdif colitis
   origin of sepsis
   l
   Action:
   Complete Respiratory support w/ventilator
   renal support w/ CRRT
   Shock liver with deteriorating lab values, given multiple units of FFP,
   platelets and Vit k
   Family in, spoke w/ Dr.
3. Date: 2116-02-07, Time: 05:18:00, Note Category: Physician, Note Description: Intensivist Note | Text: He
   was brought to SICU in multi-system organ failure with oliguria
   requiring CVVH, liver failure, worsening hypocoagulable state, and
   severe metabolic acidosis.
4. Date: 2116-02-07, Time: 05:18:00, Note Category: Physician, Note Description: Intensivist Note | Text: He was intubated, started on pressors as well as broad spectrum abx. 
5. Date: 2116-02-07, Time: 05:18:00, Note Category: Physician, Note Description: Intensivist Note | Text: [**2-5**] the pt developed respiratory distress,
   hypotension, and tachycardia on floor and was transferred to the SICU.
   
6. Date: 2116-02-07, Time: 05:18:00, Note Category: Physician, Note Description: Intensivist Note | Text: Lumen - [**2116-2-5**] 07:53 PM
   Dialysis Catheter - [**2116-2-6**] 09:18 AM
   Prophylaxis:
   DVT: Boots
   Stress ulcer: H2 blocker
   VAP bundle:
   Comments:
   Communication: Patient discussed on interdisciplinary rounds  Comments:
   Code status: DNR   family meeting today RE CMO
   Disposition: ICU
   Total time spent: 31 min
   Patient is critically ill
7. Date: 2116-02-07, Time: 17:05:00, Note Category: Nursing, Note Description: Nursing Progress Note | Text: [**Last Name **] Problem
 [**Name (NI) **] measures
   Assessment:
   Profound sepsis with mutisystem organ failure
   Action:
   Aggressive treatment supporting all systems until family meeting w/dr.
   
"
b25f8ad4-4961-c9a5-9c82-5a1ae734d335,So Admissao,"The patient was diagnosed with multisystem organ failure, including renal failure, liver failure, and severe metabolic acidosis, and was given maximal support with ventilation, CRRT, and triple pressors. ",Supported,"The reference clearly documents multisystem organ failure including renal failure, liver failure, and severe metabolic acidosis, with maximal support provided including ventilation, CRRT, and multiple pressors.","Hospital Admission Start: 2116-01-23 16:22:00
Hospital Admission End: 2116-02-07 16:50:00
Electronic Health Record Context
Ordered by Time (Earliest to Latest):
1. Date: 2116-02-06, Time: 16:57:00, Note Category: Nursing, Note Description: Nursing Progress Note | Text: cognitive impairment s/p MVC
   Sepsis, Severe (with organ dysfunction)
   Assessment:
   Florid sepsis with complete multisytem organ failure--?cdif colitis
   origin of sepsis
   l
   Action:
   Complete Respiratory support w/ventilator
   renal support w/ CRRT
   Shock liver with deteriorating lab values, given multiple units of FFP,
   platelets and Vit k
   Family in, spoke w/ Dr.
2. Date: 2116-02-07, Time: 04:30:00, Note Category: Respiratory, Note Description: Respiratory Care Shift Note | Text: ventilation to control pH
   Reason for continuing current ventilatory support: Underlying illness
   not resolved
   Pt has a severe metabolic acidosis.
3. Date: 2116-02-07, Time: 05:18:00, Note Category: Physician, Note Description: Intensivist Note | Text: He
   was brought to SICU in multi-system organ failure with oliguria
   requiring CVVH, liver failure, worsening hypocoagulable state, and
   severe metabolic acidosis.
4. Date: 2116-02-07, Time: 05:18:00, Note Category: Physician, Note Description: Intensivist Note | Text: Metabolic acidosis in
   setting of shock. 
5. Date: 2116-02-07, Time: 05:18:00, Note Category: Physician, Note Description: Intensivist Note | Text: Vasopressin
   24 Hour Events:
 DIALYSIS CATHETER - START [**2116-2-6**] 09:18 AM
   Remained dependant on pressors, remained in renal failure and unable to
   handle acid load therefore, R fem HD line placed and CVVH started,
   levophed stopped, phenylephrine started, increased vasopressin, general
   surgery consult, volume rescucitation continued,
6. Date: 2116-02-07, Time: 06:07:00, Note Category: Nursing, Note Description: Nursing Progress Note | Text: Sepsis, Severe (with organ dysfunction)
   Assessment:
   Hemodynamically unstable
   Episodes of dropping  cardiac output
   Coagulopathic
   Hypothermic
   Persistent metabolic acidosis.
   
7. Date: 2116-02-07, Time: 17:05:00, Note Category: Nursing, Note Description: Nursing Progress Note | Text: [**Last Name **] Problem
 [**Name (NI) **] measures
   Assessment:
   Profound sepsis with mutisystem organ failure
   Action:
   Aggressive treatment supporting all systems until family meeting w/dr.
   
"
cce5bab5-168c-5735-f64b-e1175cae2d18,So Admissao,"On January 31, the patient underwent a suboccipital craniectomy, which showed expected post-operative changes, including pneumocephalus and small blood products, but no large hemorrhage or shift of midline structures. ",Supported,"The reference confirms the patient underwent a suboccipital craniectomy on January 31 with expected postoperative changes including pneumocephalus and small blood products, and explicitly states no unexpected hemorrhage or midline shift.","Hospital Admission Start: 2116-01-23 16:22:00
Hospital Admission End: 2116-02-07 16:50:00
Electronic Health Record Context
Ordered by Time (Earliest to Latest):
1. Date: 2116-01-31, Time: 21:42:00, Note Category: Radiology, Note Description: CT HEAD W/O CONTRAST | Text: Expected post-suboccipital craniectomy changes, with pneumocephalus and
 small amount of resulting blood products.

 
2. Date: 2116-01-31, Time: 21:42:00, Note Category: Radiology, Note Description: CT HEAD W/O CONTRAST | Text: HEAD CT WITHOUT IV CONTRAST:  There has been suboccipital craniectomy, with
 expected pneumocephalus in the posterior fossa as well as a small amount of
 surrounding blood products (2:3).  
3. Date: 2116-01-31, Time: 21:42:00, Note Category: Radiology, Note Description: CT HEAD W/O CONTRAST | Text: patient to come
  directly from OR
 No contraindications for IV contrast
 ______________________________________________________________________________
                                  PFI REPORT
 Post suboccipital craniectomy changes with no unexpected hemorrhage.  
4. Date: 2116-01-31, Time: 21:42:00, Note Category: Radiology, Note Description: CT HEAD W/O CONTRAST | Text: patient to come
  directly from OR
 No contraindications for IV contrast
 ______________________________________________________________________________
 PROVISIONAL FINDINGS IMPRESSION (PFI): RSRc FRI [**2116-1-31**] 11:03 PM
  Post suboccipital craniectomy changes with no unexpected hemorrhage.  
5. Date: 2116-02-03, Time: 17:41:00, Note Category: Radiology, Note Description: CT HEAD W/O CONTRAST | Text: The patient is
 post-suboccipital craniotomy, with continued fluid in the postoperative bed.
 
6. Date: 2116-02-03, Time: 17:41:00, Note Category: Radiology, Note Description: CT HEAD W/O CONTRAST | Text: Status post occipital craniotomy with surgical changes in the craniotomy
 bed and edema in the left cerebellar hemisphere, similar in extent to MR done
 on [**2116-2-1**].  
7. Date: 2116-02-03, Time: 17:41:00, Note Category: Radiology, Note Description: CT HEAD W/O CONTRAST | Text: s/p resection
 REASON FOR THIS EXAMINATION:
  Interval change
 No contraindications for IV contrast
 ______________________________________________________________________________
                                  PFI REPORT
 Status post left occipital craniotomy with fluid in postoperative bed and
 expected decrease in amount of pneumocephalus.  
8. Date: 2116-02-03, Time: 17:41:00, Note Category: Radiology, Note Description: CT HEAD W/O CONTRAST | Text: s/p resection
 REASON FOR THIS EXAMINATION:
  Interval change
 No contraindications for IV contrast
 ______________________________________________________________________________
 PROVISIONAL FINDINGS IMPRESSION (PFI): YMf MON [**2116-2-3**] 8:13 PM
  Status post left occipital craniotomy with fluid in postoperative bed and
  expected decrease in amount of pneumocephalus.  
9. Date: 2116-02-05, Time: 10:57:00, Note Category: Radiology, Note Description: CT HEAD W/O CONTRAST | Text: FINDINGS:

 Patient is status post left-sided suboccipital craniotomy.
10. Date: 2116-02-05, Time: 10:57:00, Note Category: Radiology, Note Description: CT HEAD W/O CONTRAST | Text: There is no acute intracranial hemorrhage, shift of normally midline
 structures.  
"
a0ad74d3-2317-c446-7859-5495ed723cb9,So Admissao,"Post-operatively, the patient was intubated and received mechanical ventilation. ",Supported,"The reference notes multiple instances confirming the patient was intubated and receiving mechanical ventilation post-operatively, including respiratory care notes and intensivist documentation.","Hospital Admission Start: 2116-01-23 16:22:00
Hospital Admission End: 2116-02-07 16:50:00
Electronic Health Record Context
Ordered by Time (Earliest to Latest):
1. Date: 2116-02-02, Time: 05:32:00, Note Category: Respiratory, Note Description: Respiratory Care Shift Note | Text: Reason for continuing current ventilatory support: Sedated / Paralyzed;
   Comments: Elective extubation in AM.
2. Date: 2116-02-03, Time: 17:41:00, Note Category: Radiology, Note Description: CT HEAD W/O CONTRAST | Text: The patient is
 post-suboccipital craniotomy, with continued fluid in the postoperative bed.
 
3. Date: 2116-02-05, Time: 19:22:00, Note Category: Respiratory, Note Description: Respiratory Care Shift Note | Text: 24-48 hours:
   Reason for continuing current ventilatory support:
   Respiratory Care Shift Procedures
   Transports:
   Destination (R/T)
   Time
   Complications
   Comments
   Bedside Procedures:
   Comments:
   Patient intubated due respiratory failure # 7.5 @ 21 cm.Patient very
   acidotic needs volume ressucitation
4. Date: 2116-02-06, Time: 05:12:00, Note Category: Physician, Note Description: Intensivist Note | Text: Pulmonary: Intubated [**2-5**] - overbreathing vent.  
5. Date: 2116-02-06, Time: 06:23:00, Note Category: Respiratory, Note Description: Respiratory Care Shift Note | Text: Respiratory Care Shift Procedures
   Transports:
   Destination (R/T)
   Time
   Complications
   Comments
   Bedside Procedures:
   Comments: Pt received intubated on full vent support. 
6. Date: 2116-02-07, Time: 05:18:00, Note Category: Physician, Note Description: Intensivist Note | Text: He was intubated, started on pressors as well as broad spectrum abx. 
7. Date: 2116-02-07, Time: 05:18:00, Note Category: Physician, Note Description: Intensivist Note | Text: [**2-5**] the pt developed respiratory distress,
   hypotension, and tachycardia on floor and was transferred to the SICU.
   
"
cdab7f54-0d39-ef0f-03c1-9f9af1ce18d2,So Admissao,"His vital signs were stable, and he was being treated for altered mental status, diabetes, and acute pain. ",Not Supported,"The reference mentions altered mental status and treatment for sepsis with organ dysfunction, but does not mention stable vital signs or treatment for diabetes and acute pain.","Hospital Admission Start: 2116-01-23 16:22:00
Hospital Admission End: 2116-02-07 16:50:00
Electronic Health Record Context
Ordered by Time (Earliest to Latest):
1. Date: 2116-01-23, Time: 06:47:00, Note Category: Radiology, Note Description: CT HEAD W/O CONTRAST | Text: HISTORY:  68-year-old male with apparent head bleed and known brain mass,
 transferred from outside hospital after fall.

 
2. Date: 2116-02-01, Time: 18:37:00, Note Category: Nursing, Note Description: Nursing Progress Note | Text: Altered mental status (not Delirium)
   Assessment:
   Pt s/p craniotomy for tumor resection.  
3. Date: 2116-02-02, Time: 05:09:00, Note Category: Nursing, Note Description: Nursing Progress Note | Text: Altered mental status (not Delirium)
   Assessment:
   s/p resection of cerebellar mass [**2116-1-31**]
   sedated on propofol for MRI yesterday afternoon
   abg
s are good (see flow sheet)
   neuro status essentially unchanged,
   Pupils are equal and  reacting to light, both pupils are now  reactive.
4. Date: 2116-02-02, Time: 16:18:00, Note Category: Nursing, Note Description: Nursing Progress Note | Text: Immediately became
   very agitated, hypertensive and uncooperative, trying to get out of bed
   and interfere with treatment.
   
5. Date: 2116-02-07, Time: 05:18:00, Note Category: Physician, Note Description: Intensivist Note | Text: He
   was brought to SICU in multi-system organ failure with oliguria
   requiring CVVH, liver failure, worsening hypocoagulable state, and
   severe metabolic acidosis.
6. Date: 2116-02-07, Time: 05:18:00, Note Category: Physician, Note Description: Intensivist Note | Text: Lactic
   Acid:7.9 mmol/L, Albumin:2.3 g/dL, LDH:1388 IU/L, Ca:9.1 mg/dL, Mg:1.9
   mg/dL, PO4:4.3 mg/dL
   Assessment and Plan
   SEPSIS, SEVERE (WITH ORGAN DYSFUNCTION), TACHYCARDIA, OTHER,
   HYPERTENSION, BENIGN, ANXIETY, DELIRIUM / CONFUSION,
7. Date: 2116-02-07, Time: 05:18:00, Note Category: Physician, Note Description: Intensivist Note | Text: He was intubated, started on pressors as well as broad spectrum abx. 
"
10f3ccfb-c86d-5c12-f260-1872566fb443,So Admissao,"The plan was to wean him off the ventilator, monitor his neurological status, and manage his pain and blood sugar levels.

",Supported,"The reference notes include plans to wean the patient off the ventilator (elective extubation), monitor neurological status (check neuro signs), and manage pain (medicate prn, fentanyl if indicated). Blood sugar management is not explicitly mentioned but the overall plan aligns with the text.","Hospital Admission Start: 2116-01-23 16:22:00
Hospital Admission End: 2116-02-07 16:50:00
Electronic Health Record Context
Ordered by Time (Earliest to Latest):
1. Date: 2116-01-24, Time: 08:10:00, Note Category: Physician, Note Description: Intensivist Note | Text: Disucss plan with
   neurosurgery for possible intervention.
2. Date: 2116-02-01, Time: 05:25:00, Note Category: Nursing, Note Description: Nursing Progress Note | Text: Pt weaned to cpap with pressure support. 
3. Date: 2116-02-01, Time: 05:42:00, Note Category: Respiratory, Note Description: Respiratory Care Shift Note | Text: Reason for continuing current ventilatory support: Sedated / Paralyzed;
   Comments: Plan elective extubation this morning.
4. Date: 2116-02-01, Time: 18:37:00, Note Category: Nursing, Note Description: Nursing Progress Note | Text: Plan:
   Continue to monitor pain and medicate prn.

5. Date: 2116-02-02, Time: 05:09:00, Note Category: Nursing, Note Description: Nursing Progress Note | Text: Action:
   Propofol weaned to 25 mcg to allow for gradual wake-up
   Response:
   Pt is waking, will wean Propofol to off
   Plan:
   Wean to extubated early this am
   Reassess pain issues, medicate with fentanyl if indicated
   Continue to check neuro signs as ordered.
6. Date: 2116-02-02, Time: 05:32:00, Note Category: Respiratory, Note Description: Respiratory Care Shift Note | Text: Reason for continuing current ventilatory support: Sedated / Paralyzed;
   Comments: Elective extubation in AM.
7. Date: 2116-02-07, Time: 05:18:00, Note Category: Physician, Note Description: Intensivist Note | Text: He
   was brought to SICU in multi-system organ failure with oliguria
   requiring CVVH, liver failure, worsening hypocoagulable state, and
   severe metabolic acidosis.
8. Date: 2116-02-07, Time: 06:07:00, Note Category: Nursing, Note Description: Nursing Progress Note | Text: Plan:
   Restore and maintain hemodynamic stability in order to start removing
   fluid.
   
"
58a77b64-0677-13dc-5904-2bfa037c6767,So Admissao,"After stabilization, attempts were made to wean him off sedation and ventilator settings, and he was eventually extubated on the second hospital day. ",Supported,"The reference notes that the patient was intubated and sedated initially, then self-extubated just prior to planned extubation on the second hospital day, indicating attempts to wean off sedation and ventilator settings leading to extubation.","Hospital Admission Start: 2198-08-02 17:41:00
Hospital Admission End: 2198-08-04 12:12:00
Electronic Health Record Context
Ordered by Time (Earliest to Latest):
1. Date: 2198-08-02, Time: 19:30:00, Note Category: Physician, Note Description: Physician Resident Admission Note | Text: However, he then had to be intubated due to behavior, in 4
   pt restraints. 
2. Date: 2198-08-02, Time: 19:30:00, Note Category: Physician, Note Description: Physician Resident Admission Note | Text: Transferred to MICU intubated, sedated and hemodynamically stable.
   
3. Date: 2198-08-02, Time: 19:30:00, Note Category: Physician, Note Description: Physician Resident Admission Note | Text: Called EMS, walked into ambulance and was given narcan per
   protocol at which point patient became agitated and more confused and
   needed intubation in ED for agitation and large doses of
   benzos/narcotics to control behavior.
   
4. Date: 2198-08-03, Time: 05:13:00, Note Category: Nursing, Note Description: Nursing Progress Note | Text: Around 2330
   sedation changed to propofol because he was restless on the bed
   w/Fentanyl 100mics/min and versed 3mg/hr he required  boluses.
   
5. Date: 2198-08-03, Time: 06:59:00, Note Category: Physician, Note Description: Physician Resident Progress Note | Text: -noted to be bradycardic upon arrival to the ICU-stopped propofol and
   placed on fent/versed, still bradycardic, but regular.
   
6. Date: 2198-08-03, Time: 15:27:00, Note Category: Nursing, Note Description: Nursing Transfer Note | Text: He self
   extubated, just prior to the planned extubation.  
7. Date: 2198-08-03, Time: 15:27:00, Note Category: Nursing, Note Description: Nursing Transfer Note | Text: After extubation, he
   was very confused and completely disoriented.
8. Date: 2198-08-03, Time: 15:27:00, Note Category: Nursing, Note Description: Nursing Transfer Note | Text: After this point he began to become more clear, was
   completely alert, oriented and was pleasant and cooperative
   Plan:
   Suggestions made to separate his meds at home so this doesn
t occur
   again, patient is back to baseline.  
9. Date: 2198-08-03, Time: 15:27:00, Note Category: Nursing, Note Description: Nursing Transfer Note | Text: Altered mental status (not Delirium)
   Assessment:
   At the start of the shift patient was intubated and restrained on
   propofol, writhing in bed and following commands but inconsistently,
   uncooperative, very lethargic and kept his eyes closed.  
"
3e183e01-ca30-0d24-20f4-562e9e45197b,So Admissao,"Following extubation, the patient's condition improved, and he was found to have taken Ambien instead of his prescribed methadone, which led to his altered mental state.",Supported,"The reference notes that after extubation and reorientation, the patient recalled mixing up his medications and taking Ambien instead of methadone, which explains his altered mental state and subsequent improvement.","Hospital Admission Start: 2198-08-02 17:41:00
Hospital Admission End: 2198-08-04 12:12:00
Electronic Health Record Context
Ordered by Time (Earliest to Latest):
1. Date: 2198-08-02, Time: 19:30:00, Note Category: Physician, Note Description: Physician Resident Admission Note | Text: Pt was given narcan by EMS which escalated pt's AMS.
   
2. Date: 2198-08-02, Time: 19:30:00, Note Category: Physician, Note Description: Physician Resident Admission Note | Text: Called EMS, walked into ambulance and was given narcan per
   protocol at which point patient became agitated and more confused and
   needed intubation in ED for agitation and large doses of
   benzos/narcotics to control behavior.
   
3. Date: 2198-08-02, Time: 19:30:00, Note Category: Physician, Note Description: Physician Resident Admission Note | Text: He was given ativan and 4mg morphine
   initially. 
4. Date: 2198-08-03, Time: 05:13:00, Note Category: Nursing, Note Description: Nursing Progress Note | Text: Altered mental status (not Delirium)
   Assessment:
   Pt is vented, arrived from [**Location **] sedated on propofol but changed to
   Fentanyl and versed because HR running in 40
s. However his HR cont to
   be in 40
s even after making change in sedation choice.
5. Date: 2198-08-03, Time: 05:13:00, Note Category: Nursing, Note Description: Nursing Progress Note | Text: Around 2330
   sedation changed to propofol because he was restless on the bed
   w/Fentanyl 100mics/min and versed 3mg/hr he required  boluses.
   
6. Date: 2198-08-03, Time: 15:27:00, Note Category: Nursing, Note Description: Nursing Transfer Note | Text: Action:
   Reorientation several times throughout the morning, he spoke with his
   wife trying to
put the pieces back together
   Response:
   As he started to clear he was able to remember that he had mixed up his
   medication and took ambien instead of his methadone yesterday
   afternoon.
7. Date: 2198-08-03, Time: 15:27:00, Note Category: Nursing, Note Description: Nursing Transfer Note | Text: After this point he began to become more clear, was
   completely alert, oriented and was pleasant and cooperative
   Plan:
   Suggestions made to separate his meds at home so this doesn
t occur
   again, patient is back to baseline.  
8. Date: 2198-08-03, Time: 15:27:00, Note Category: Nursing, Note Description: Nursing Transfer Note | Text: Altered mental status (not Delirium)
   Assessment:
   At the start of the shift patient was intubated and restrained on
   propofol, writhing in bed and following commands but inconsistently,
   uncooperative, very lethargic and kept his eyes closed.  
"
c4477c25-0fa4-9ea1-d405-0d0f1a18713c,So Admissao,"The patient was admitted to the ICU with altered mental status (AMS), agitation, and a urinary tract infection (UTI). ",Supported,"The reference notes the patient had altered mental status, agitation, and a urinary tract infection during the hospital admission, consistent with the text.","Hospital Admission Start: 2198-08-02 17:41:00
Hospital Admission End: 2198-08-04 12:12:00
Electronic Health Record Context
Ordered by Time (Earliest to Latest):
1. Date: 2198-08-02, Time: 19:30:00, Note Category: Physician, Note Description: Physician Resident Admission Note | Text: Upon arrival to the [**Name (NI) **], pt thought to be in acute opiate w/d agitated,
   writhing. 
2. Date: 2198-08-02, Time: 19:30:00, Note Category: Physician, Note Description: Physician Resident Admission Note | Text: Called EMS, walked into ambulance and was given narcan per
   protocol at which point patient became agitated and more confused and
   needed intubation in ED for agitation and large doses of
   benzos/narcotics to control behavior.
   
3. Date: 2198-08-03, Time: 05:13:00, Note Category: Nursing, Note Description: Nursing Progress Note | Text: AAox1
   Urinary tract infection (UTI)
   Assessment:
   Pt presented w/ urostomy bag draining cloudy urine.
   
4. Date: 2198-08-03, Time: 05:13:00, Note Category: Nursing, Note Description: Nursing Progress Note | Text: Altered mental status (not Delirium)
   Assessment:
   Pt is vented, arrived from [**Location **] sedated on propofol but changed to
   Fentanyl and versed because HR running in 40
s. However his HR cont to
   be in 40
s even after making change in sedation choice.
5. Date: 2198-08-03, Time: 06:59:00, Note Category: Physician, Note Description: Physician Resident Progress Note | Text: Lymph:18.6 %, Mono:6.7 %, Eos:3.1 %, Lactic
   Acid:1.3 mmol/L, Albumin:3.7 g/dL, LDH:185 IU/L, Ca++:8.9 mg/dL,
   Mg++:1.9 mg/dL, PO4:2.9 mg/dL
   Assessment and Plan
 URINARY TRACT INFECTION (UTI)
 ALTERED MENTAL STATUS (NOT DELIRIUM)
   .
6. Date: 2198-08-03, Time: 09:11:00, Note Category: Physician, Note Description: Physician Attending Progress Note | Text: Extra agitated in the ED, not responsive to multiple
   medications
   24 Hour Events:
   -in the ED,
7. Date: 2198-08-03, Time: 15:27:00, Note Category: Nursing, Note Description: Nursing Transfer Note | Text: Altered mental status (not Delirium)
   Assessment:
   At the start of the shift patient was intubated and restrained on
   propofol, writhing in bed and following commands but inconsistently,
   uncooperative, very lethargic and kept his eyes closed.  
"
b0f6b04c-6f0c-e805-314a-9ed093a1d298,So Admissao,"He was intubated and sedated due to agitated behavior and was found to have positive toxicology screens for benzodiazepines, barbiturates, and methadone. ",Supported,"The reference states the patient was intubated due to agitation, had positive toxicology screens for benzodiazepines, barbiturates, and methadone, and was sedated with propofol, fentanyl, and versed, supporting the text.","Hospital Admission Start: 2198-08-02 17:41:00
Hospital Admission End: 2198-08-04 12:12:00
Electronic Health Record Context
Ordered by Time (Earliest to Latest):
1. Date: 2198-08-02, Time: 19:30:00, Note Category: Physician, Note Description: Physician Resident Admission Note | Text: Upon arrival to the [**Name (NI) **], pt thought to be in acute opiate w/d agitated,
   writhing. 
2. Date: 2198-08-02, Time: 19:30:00, Note Category: Physician, Note Description: Physician Resident Admission Note | Text: In addition, pt with tox screen positive for benzos, barbs, and
   methadone. 
3. Date: 2198-08-02, Time: 19:30:00, Note Category: Physician, Note Description: Physician Resident Admission Note | Text: Called EMS, walked into ambulance and was given narcan per
   protocol at which point patient became agitated and more confused and
   needed intubation in ED for agitation and large doses of
   benzos/narcotics to control behavior.
   
4. Date: 2198-08-02, Time: 19:30:00, Note Category: Physician, Note Description: Physician Resident Admission Note | Text: However, he then had to be intubated due to behavior, in 4
   pt restraints. 
5. Date: 2198-08-03, Time: 05:13:00, Note Category: Nursing, Note Description: Nursing Progress Note | Text: Around 2330
   sedation changed to propofol because he was restless on the bed
   w/Fentanyl 100mics/min and versed 3mg/hr he required  boluses.
   
6. Date: 2198-08-03, Time: 05:13:00, Note Category: Nursing, Note Description: Nursing Progress Note | Text: Altered mental status (not Delirium)
   Assessment:
   Pt is vented, arrived from [**Location **] sedated on propofol but changed to
   Fentanyl and versed because HR running in 40
s. However his HR cont to
   be in 40
s even after making change in sedation choice.
7. Date: 2198-08-03, Time: 15:27:00, Note Category: Nursing, Note Description: Nursing Transfer Note | Text: Altered mental status (not Delirium)
   Assessment:
   At the start of the shift patient was intubated and restrained on
   propofol, writhing in bed and following commands but inconsistently,
   uncooperative, very lethargic and kept his eyes closed.  
"
cf2b711a-9e77-fbbf-9718-cf2cac9f835e,So Admissao,"The etiology of his AMS was unclear, but possible causes included infection, toxic metabolic disorder, or intracranial process. ",Supported,"The reference notes that the etiology of AMS was unclear initially, with possible causes including infection and narcotic use, which aligns with the text stating possible causes as infection, toxic metabolic disorder, or intracranial process.","Hospital Admission Start: 2198-08-02 17:41:00
Hospital Admission End: 2198-08-04 12:12:00
Electronic Health Record Context
Ordered by Time (Earliest to Latest):
1. Date: 2198-08-02, Time: 19:30:00, Note Category: Physician, Note Description: Physician Resident Admission Note | Text: #AMS-unclear etiology at this point. 
2. Date: 2198-08-02, Time: 19:30:00, Note Category: Physician, Note Description: Physician Resident Admission Note | Text: Pt was given narcan by EMS which escalated pt's AMS.
   
3. Date: 2198-08-03, Time: 06:59:00, Note Category: Physician, Note Description: Physician Resident Progress Note | Text: Infectious etiology
   such as bacteremia, UTI, or menigitis are possible. 
4. Date: 2198-08-03, Time: 06:59:00, Note Category: Physician, Note Description: Physician Resident Progress Note | Text: Most likely etiology is infection
   with narcotic use compounded but pt being given narcan.
"
c9716950-6faf-7a95-ca83-c1385d4bea01,So Admissao,He was treated with broad-spectrum antibiotics and sedation.,Supported,"The reference shows the patient was given broad-spectrum antibiotics (zosyn, vanco) and multiple sedatives (ativan, haldol, propofol, fentanyl, versed) to control agitation, supporting the text that he was treated with broad-spectrum antibiotics and sedation.","Hospital Admission Start: 2198-08-02 17:41:00
Hospital Admission End: 2198-08-04 12:12:00
Electronic Health Record Context
Ordered by Time (Earliest to Latest):
1. Date: 2198-08-02, Time: 19:30:00, Note Category: Physician, Note Description: Physician Resident Admission Note | Text: He was given 2mg IV narcan.
   
2. Date: 2198-08-02, Time: 19:30:00, Note Category: Physician, Note Description: Physician Resident Admission Note | Text: He was given ativan and 4mg morphine
   initially. 
3. Date: 2198-08-02, Time: 19:30:00, Note Category: Physician, Note Description: Physician Resident Admission Note | Text: Patient was given 6mg ativan, 5mg of haldol, 4mg morphine, benedryl,
   famotidine, propofol, thiamine, folate, MVI, and zosyn, vanco as wekk
   as 2L NS.
   
4. Date: 2198-08-02, Time: 19:30:00, Note Category: Physician, Note Description: Physician Resident Admission Note | Text: Called EMS, walked into ambulance and was given narcan per
   protocol at which point patient became agitated and more confused and
   needed intubation in ED for agitation and large doses of
   benzos/narcotics to control behavior.
   
5. Date: 2198-08-03, Time: 05:13:00, Note Category: Nursing, Note Description: Nursing Progress Note | Text: Around 2330
   sedation changed to propofol because he was restless on the bed
   w/Fentanyl 100mics/min and versed 3mg/hr he required  boluses.
   
6. Date: 2198-08-03, Time: 05:13:00, Note Category: Nursing, Note Description: Nursing Progress Note | Text: He was given 2mg IV narcan.
7. Date: 2198-08-03, Time: 15:27:00, Note Category: Nursing, Note Description: Nursing Transfer Note | Text: After this point he began to become more clear, was
   completely alert, oriented and was pleasant and cooperative
   Plan:
   Suggestions made to separate his meds at home so this doesn
t occur
   again, patient is back to baseline.  
8. Date: 2198-08-03, Time: 15:27:00, Note Category: Nursing, Note Description: Nursing Transfer Note | Text: At home he is on methadone, percocet for breakthrough
   pain and venlafaxadine.
"
c6541ef9-6aba-7ece-287a-dc4bc6aa5ff1,So Admissao,"He was transferred to the floor, where he continued to recover and was planned for discharge with a regular pain medication schedule and education on separating his medications at home to prevent similar incidents.",Supported,"The reference notes that after transfer to the floor, the patient became alert and oriented, with plans to continue a regular pain medication schedule and suggestions to separate his medications at home to prevent recurrence, which fully supports the text.","Hospital Admission Start: 2198-08-02 17:41:00
Hospital Admission End: 2198-08-04 12:12:00
Electronic Health Record Context
Ordered by Time (Earliest to Latest):
1. Date: 2198-08-02, Time: 19:30:00, Note Category: Physician, Note Description: Physician Resident Admission Note | Text: Upon arrival to the floor, pt is sedated/intubated.
   
2. Date: 2198-08-02, Time: 19:30:00, Note Category: Physician, Note Description: Physician Resident Admission Note | Text: However, he then had to be intubated due to behavior, in 4
   pt restraints. 
3. Date: 2198-08-03, Time: 05:13:00, Note Category: Nursing, Note Description: Nursing Progress Note | Text: Around 2330
   sedation changed to propofol because he was restless on the bed
   w/Fentanyl 100mics/min and versed 3mg/hr he required  boluses.
   
4. Date: 2198-08-03, Time: 06:59:00, Note Category: Physician, Note Description: Physician Resident Progress Note | Text: -noted to be bradycardic upon arrival to the ICU-stopped propofol and
   placed on fent/versed, still bradycardic, but regular.
   
5. Date: 2198-08-03, Time: 15:27:00, Note Category: Nursing, Note Description: Nursing Transfer Note | Text: After this point he began to become more clear, was
   completely alert, oriented and was pleasant and cooperative
   Plan:
   Suggestions made to separate his meds at home so this doesn
t occur
   again, patient is back to baseline.  
6. Date: 2198-08-03, Time: 15:27:00, Note Category: Nursing, Note Description: Nursing Transfer Note | Text: Plan:
   Continue with regular pain med schedule, starting slowly, gradually
   getting back to the levels he was at, at home.
7. Date: 2198-08-03, Time: 15:27:00, Note Category: Nursing, Note Description: Nursing Transfer Note | Text: Altered mental status (not Delirium)
   Assessment:
   At the start of the shift patient was intubated and restrained on
   propofol, writhing in bed and following commands but inconsistently,
   uncooperative, very lethargic and kept his eyes closed.  
8. Date: 2198-08-03, Time: 15:27:00, Note Category: Nursing, Note Description: Nursing Transfer Note | Text: Action:
   Reorientation several times throughout the morning, he spoke with his
   wife trying to
put the pieces back together
   Response:
   As he started to clear he was able to remember that he had mixed up his
   medication and took ambien instead of his methadone yesterday
   afternoon.
"
90bac79c-0735-51d8-27cd-9eb1415280ba,So Admissao,"He was also treated for acute renal failure, bacteremia, and hypernatremia. ",Not Supported,"The reference mentions treatment for aspiration pneumonia, UTI, NSTEMI, hypoxia, and acute renal insufficiency, but does not mention treatment for bacteremia or hypernatremia.","Hospital Admission Start: 2182-05-20 06:20:00
Hospital Admission End: 2182-05-30 17:30:00
Electronic Health Record Context
Ordered by Time (Earliest to Latest):
1. Date: 2182-05-21, Time: 14:42:00, Note Category: Nursing, Note Description: Nursing Progress Note | Text: He was treated for aspiration PNA with Vanc, Levo,
   Flagyl and then switched to Cefepime and Azithro to complete a 10 day
   course.  
2. Date: 2182-05-22, Time: 01:58:00, Note Category: Nursing, Note Description: Nursing Progress Note | Text: He was also given Cipro x 7 days for a UTI.  
3. Date: 2182-05-22, Time: 17:46:00, Note Category: Physician, Note Description: Cardiology Consult | Text: MICU course c/b NSTEMI, found to have
   ECG changes
   On [**5-20**] he was started on heparin gtt, ASA 325mg po daily, and
   pravastatin 80mg po qhs, he was continued on his home metoprolol, but
   his ACE-I was held [**3-12**] acute renal insufficiency.  
4. Date: 2182-05-22, Time: 17:46:00, Note Category: Physician, Note Description: Cardiology Consult | Text: Hypoxia
   has resovlved with replacement of trach, and his leukocytosis is
   resolving with treatment of his UTI.  
5. Date: 2182-05-23, Time: 12:22:00, Note Category: Nutrition, Note Description: Clinical Nutrition Note | Text: Male recently hospitalized for aspiration PNA, now readmitted
   with hypoxia, pulmonary edema, PNA, NSTEMI and DKA.  
"
6565f860-8455-5b69-5914-f90662b57ad9,So Admissao,"The patient showed improvement with treatment, including the discontinuation of invasive ventilation and the removal of his PICC line.

",Supported,"The reference notes that the patient was weaned to trach collar (discontinuation of invasive ventilation) and the PICC line was pulled, supporting the text's statement of improvement with treatment including removal of invasive ventilation and PICC line.","Hospital Admission Start: 2182-05-20 06:20:00
Hospital Admission End: 2182-05-30 17:30:00
Electronic Health Record Context
Ordered by Time (Earliest to Latest):
1. Date: 2182-05-20, Time: 10:04:00, Note Category: Physician, Note Description: Physician Resident Admission Note | Text: Suction was attempted but did not
   show improvement and he was sent to [**Hospital1 54**] ED.
   
2. Date: 2182-05-22, Time: 01:58:00, Note Category: Nursing, Note Description: Nursing Progress Note | Text: He was treated for aspiration PNA with Vanc, Levo,
   Flagyl and then switched to Cefepime and Azithro to complete a 10 day
   course.  
3. Date: 2182-05-22, Time: 04:09:00, Note Category: Radiology, Note Description: CHEST (PORTABLE AP) | Text: CHEST,  AP:  Moderate vascular congestion, interstitial edema, and
 cardiomegaly have improved.  
4. Date: 2182-05-22, Time: 04:09:00, Note Category: Radiology, Note Description: CHEST (PORTABLE AP) | Text: Lung ventilation is improved, with decreased left
 lower lobe atelectasis.
5. Date: 2182-05-22, Time: 17:46:00, Note Category: Physician, Note Description: Cardiology Consult | Text: Hypoxia
   has resovlved with replacement of trach, and his leukocytosis is
   resolving with treatment of his UTI.  
6. Date: 2182-05-22, Time: 17:56:00, Note Category: Nursing, Note Description: Nursing Progress Note | Text: MICU course c/b NSTEMI, found to have
   ECG changes
   Pneumonia, aspiration
   Assessment:
   Cxray improved from yesterday
   More alert
   Lungs clear
   Belly soft, +bowel sounds
   Action:
   Patient weaned to trach collar, doing very well all day long
   Continues to diurese with bumex
   All antibiotics stopped
   PICC line pulled, tip sent for culture
   Peripheral blood  cultures sent
   More agitated this afternoon,
7. Date: 2182-05-23, Time: 12:22:00, Note Category: Nutrition, Note Description: Clinical Nutrition Note | Text: Patient
s renal
   failure has improved, and is he is currently tolerating the standard
   tube feeds (Boost Glucose Control) via ppft.
"
f85e9e42-3cc1-3d3b-207c-99d3b440e967,So Admissao,"A 62-year-old man with a history of anoxic brain injury, type one diabetes, and recurrent aspiration pneumonia was admitted to the ICU with respiratory failure, suspected aspiration pneumonia, and acute renal failure. ",Supported,"The reference confirms the patient is a 62-year-old man with anoxic brain injury, type one diabetes, and recurrent aspiration pneumonia admitted with respiratory failure, suspected aspiration pneumonia, and acute renal failure.","Hospital Admission Start: 2182-05-20 06:20:00
Hospital Admission End: 2182-05-30 17:30:00
Electronic Health Record Context
Ordered by Time (Earliest to Latest):
1. Date: 2182-05-20, Time: 10:04:00, Note Category: Physician, Note Description: Physician Resident Admission Note | Text: TITLE:
   Chief Complaint:  hypoxia
   HPI:
   61 yo Russian-speaking man w/anoxic brain injury and with hx of
   DMI, s/p cadaveric kidney transplant([**2175**]), h/o CVA and chronic
   aspiration (multiple admissions for aspiration PNA - last [**3-19**]),
   CABG in [**2170**], widespread tracheomalacia with trach stent, and recent
   admission to the ICU from [**Date range (2) 12126**] for PNA,
2. Date: 2182-05-20, Time: 12:21:00, Note Category: Physician, Note Description: Physician Attending Admission Note - MICU | Text: HPI:
   62 yo man with anoxic brain injury, DM I, s/p renal transplant in
   [**2175**].  
3. Date: 2182-05-22, Time: 07:47:00, Note Category: Physician, Note Description: Physician Resident Progress Note | Text: Assessment and Plan
   62 year old man with history of anoxic brain injury, type one diabetesI
   and recurrent aspiration PNA s/p tracheostomy who presents after
   witnessed aspiration event with pneumonia, DKA and NSTEMI.
   
4. Date: 2182-05-22, Time: 17:46:00, Note Category: Physician, Note Description: Cardiology Consult | Text: HISTORY OF PRESENT ILLNESS:
   62 y/o Russian-speaking man with past medical history significant for V
   fib arrest c/b anoxic brain injury, CAD s/p CABG, DMI, s/p cadaveric
   kidney transplant, h/o CVA and recurrent aspirations most recently
   requiring ICU admission [**Date range (1) 12129**], then sent to rehab and readmitted
   with hypoxemia, fever and leukokcytosis on [**5-20**] found to have recurrent
   aspiration PNA, DKA, and UTI.
5. Date: 2182-05-23, Time: 12:22:00, Note Category: Nutrition, Note Description: Clinical Nutrition Note | Text: Male recently hospitalized for aspiration PNA, now readmitted
   with hypoxia, pulmonary edema, PNA, NSTEMI and DKA.  
"
35f26cda-afc9-cf66-9eff-c5a27edf20b0,So Admissao,"He was treated with antibiotics, including vancomycin and cefepime, and was started on an insulin drip for diabetic ketoacidosis. ",Supported,"The reference states the patient was given vancomycin (Vanc) and cefepime, and was treated with an insulin drip (insulin gtt) for diabetic ketoacidosis, confirming the text.","Hospital Admission Start: 2182-05-20 06:20:00
Hospital Admission End: 2182-05-30 17:30:00
Electronic Health Record Context
Ordered by Time (Earliest to Latest):
1. Date: 2182-05-20, Time: 10:04:00, Note Category: Physician, Note Description: Physician Resident Admission Note | Text: Patient
   was given Vanc, Cefepime, Azithro and Solumedrol 125mg IV x 1.  
2. Date: 2182-05-22, Time: 01:58:00, Note Category: Nursing, Note Description: Nursing Progress Note | Text: He was also given Cipro x 7 days for a UTI.  
3. Date: 2182-05-22, Time: 07:47:00, Note Category: Physician, Note Description: Physician Resident Progress Note | Text: #.Diabetic Ketoacidosis: Patient with hyperglycemia, anion gap in the
   twenties, and ketones in the urine on admission.  
4. Date: 2182-05-23, Time: 07:10:00, Note Category: Physician, Note Description: Physician Resident Progress Note | Text: Patient treated with insulin gtt with closure
   of anion gap and return to normoglycemia.
5. Date: 2182-05-24, Time: 13:04:00, Note Category: Nursing, Note Description: Nursing Transfer Note | Text: All antibiotics off exept for
   IV cefapime for e.coli in urine..  Poor peripheral access, currently
   with 1 20 guage IV
   Presented to ED in DKA, treated with IV fluids and IV insulin along
   with free water.
   
"
06255243-ac33-aed0-7fb6-74d536825ba2,So Admissao,The patient required invasive ventilation through a tracheostomy tube and was also receiving treatment for his renal transplant and was on prophylaxis for DVT and stress ulcer.,Not Supported,"The reference confirms the patient had a tracheostomy and was on ventilatory support, and has a history of kidney transplant, but does not mention treatment for the renal transplant or prophylaxis for DVT and stress ulcer.","Hospital Admission Start: 2182-05-20 06:20:00
Hospital Admission End: 2182-05-30 17:30:00
Electronic Health Record Context
Ordered by Time (Earliest to Latest):
1. Date: 2182-05-20, Time: 10:04:00, Note Category: Physician, Note Description: Physician Resident Admission Note | Text: stent removal and
   tracheostomy.  
2. Date: 2182-05-20, Time: 10:04:00, Note Category: Physician, Note Description: Physician Resident Admission Note | Text: TITLE:
   Chief Complaint:  hypoxia
   HPI:
   61 yo Russian-speaking man w/anoxic brain injury and with hx of
   DMI, s/p cadaveric kidney transplant([**2175**]), h/o CVA and chronic
   aspiration (multiple admissions for aspiration PNA - last [**3-19**]),
   CABG in [**2170**], widespread tracheomalacia with trach stent, and recent
   admission to the ICU from [**Date range (2) 12126**] for PNA,
3. Date: 2182-05-20, Time: 17:42:00, Note Category: Nursing, Note Description: Nursing Progress Note | Text: 61 yo Russian-speaking man w/anoxic brain injury and with hx of
   DMI, s/p cadaveric kidney transplant([**2175**]), h/o CVA and chronic
   aspiration (multiple admissions for aspiration PNA - last [**3-19**]),
   CABG in [**2170**], widespread tracheomalacia with trach stent, and recent
   admission to the ICU from [**Date range (2) 12126**] for PNA, stent removal and
   tracheostomy.
4. Date: 2182-05-21, Time: Unknown, Note Category: Echo, Note Description: Report | Text: INTERPRETATION:

Findings:

Patient trached on ventilatory support.

5. Date: 2182-05-22, Time: 17:46:00, Note Category: Physician, Note Description: Cardiology Consult | Text: HISTORY OF PRESENT ILLNESS:
   62 y/o Russian-speaking man with past medical history significant for V
   fib arrest c/b anoxic brain injury, CAD s/p CABG, DMI, s/p cadaveric
   kidney transplant, h/o CVA and recurrent aspirations most recently
   requiring ICU admission [**Date range (1) 12129**], then sent to rehab and readmitted
   with hypoxemia, fever and leukokcytosis on [**5-20**] found to have recurrent
   aspiration PNA, DKA, and UTI.
6. Date: 2182-05-22, Time: 17:46:00, Note Category: Physician, Note Description: Cardiology Consult | Text: Hypoxia
   has resovlved with replacement of trach, and his leukocytosis is
   resolving with treatment of his UTI.  
7. Date: 2182-05-23, Time: 12:22:00, Note Category: Nutrition, Note Description: Clinical Nutrition Note | Text: Male recently hospitalized for aspiration PNA, now readmitted
   with hypoxia, pulmonary edema, PNA, NSTEMI and DKA.  
"
2f437854-97a2-ee50-48fa-e68ceac0b932,So Admissao,He was eventually weaned off the ventilator and was considered for cardiac catheterization. ,Not Addressed,The reference does not mention the patient being weaned off the ventilator or being considered for cardiac catheterization.,"Hospital Admission Start: 2182-05-20 06:20:00
Hospital Admission End: 2182-05-30 17:30:00
Electronic Health Record Context
Ordered by Time (Earliest to Latest):
1. Date: 2182-05-20, Time: 10:04:00, Note Category: Physician, Note Description: Physician Resident Admission Note | Text: Suction was attempted but did not
   show improvement and he was sent to [**Hospital1 54**] ED.
   
2. Date: 2182-05-20, Time: 17:42:00, Note Category: Nursing, Note Description: Nursing Progress Note | Text: He was discharged
   with a dobhoff feeding tube and on tube feeds.
3. Date: 2182-05-23, Time: 15:17:00, Note Category: Rehab Services, Note Description: PMV & Swallow Evaluation | Text: He was readmitted [**5-20**] from rehab with hypoxia to the
mid-80s.
4. Date: 2182-05-23, Time: 15:17:00, Note Category: Rehab Services, Note Description: PMV & Swallow Evaluation | Text: Additional POs were
not given and the valve was not replaced [**3-12**] difficulty
recovering his breathing. 
"
eca0c6e8-cefb-a51b-0ffe-5278353fda89,So Admissao,"The patient's treatment plan included monitoring for cardiac biomarkers, managing his diabetes and hypertension, and addressing his acute renal failure and hypernatremia.

",Supported,"The reference details monitoring of cardiac biomarkers, management of diabetes and hypertension, and treatment of acute renal failure and hypernatremia, which aligns with the text's description of the patient's treatment plan.","Hospital Admission Start: 2182-05-20 06:20:00
Hospital Admission End: 2182-05-30 17:30:00
Electronic Health Record Context
Ordered by Time (Earliest to Latest):
1. Date: 2182-05-20, Time: 17:42:00, Note Category: Nursing, Note Description: Nursing Progress Note | Text: Plan:
   Con
t glucose control. 
2. Date: 2182-05-21, Time: 16:53:00, Note Category: Nutrition, Note Description: Clinical Nutrition Note | Text: Patient is also in
   renal failure, likely pre-renal given dehydration in setting of DKA.
   
3. Date: 2182-05-22, Time: 17:46:00, Note Category: Physician, Note Description: Cardiology Consult | Text: MICU course c/b NSTEMI, found to have
   ECG changes
   On [**5-20**] he was started on heparin gtt, ASA 325mg po daily, and
   pravastatin 80mg po qhs, he was continued on his home metoprolol, but
   his ACE-I was held [**3-12**] acute renal insufficiency.  
4. Date: 2182-05-22, Time: 17:46:00, Note Category: Physician, Note Description: Cardiology Consult | Text: AS REVIEWED AND DISCUSSED IN MULTIDISCIPLINARY
   ROUNDS:
   62 y/o man with CAD s/p CABG in [**2170**], HTN, Dyslipidemia, DM1 with
   multiple end organ complications, prior CVA who has had recurrent
   aspiration pneumonias and was readmitted with hypoxia, leukocytosis,
   acute renal failure and fever being treated for UTI, with
   hospitalization c/b new ECG changes, found to have positive cardiac
   biomarkers(which have peaked and are trending down),
5. Date: 2182-05-23, Time: 07:10:00, Note Category: Physician, Note Description: Physician Resident Progress Note | Text: Acute renal failure: Baseline creatinine 1-1.3, presented with acute
   renal failure to Cr 2.2, now resolving.  
6. Date: 2182-05-23, Time: 12:22:00, Note Category: Nutrition, Note Description: Clinical Nutrition Note | Text: Patient
s renal
   failure has improved, and is he is currently tolerating the standard
   tube feeds (Boost Glucose Control) via ppft.
7. Date: 2182-05-23, Time: 12:22:00, Note Category: Nutrition, Note Description: Clinical Nutrition Note | Text: Male recently hospitalized for aspiration PNA, now readmitted
   with hypoxia, pulmonary edema, PNA, NSTEMI and DKA.  
8. Date: 2182-05-24, Time: 07:33:00, Note Category: Physician, Note Description: Physician Resident Progress Note | Text: Acute renal failure: Baseline creatinine 1-1.3, presented with acute
   renal failure to Cr 2.2, now resolved.  
"
df931bb6-582f-88b7-37bf-325de9cb3431,So Admissao,"The patient was also evaluated for dysphagia, and a video oropharyngeal swallow examination revealed a swallow delay, with penetration without aspiration noted with nectar consistency.",Supported,"The reference documents a video oropharyngeal swallow evaluation showing swallow delay and penetration without aspiration with nectar thick liquids, which directly supports the text.","Hospital Admission Start: 2182-05-20 06:20:00
Hospital Admission End: 2182-05-30 17:30:00
Electronic Health Record Context
Ordered by Time (Earliest to Latest):
1. Date: 2182-05-23, Time: 15:17:00, Note Category: Rehab Services, Note Description: PMV & Swallow Evaluation | Text: A swallow was also completed and he had
repeat swallows and delayed coughing concerning for possible
pharyngeal residue. 
2. Date: 2182-05-23, Time: 15:17:00, Note Category: Rehab Services, Note Description: PMV & Swallow Evaluation | Text: A swallow evaluation was
completed and he was advanced to nectar thick liquids and ground
solids. 
3. Date: 2182-05-24, Time: 07:33:00, Note Category: Physician, Note Description: Physician Resident Progress Note | Text: Speech and swallow video study pending; pt may need PEG for permanently
   feeding solution given recurrent silent aspiration events in past.
4. Date: 2182-05-24, Time: 13:26:00, Note Category: Radiology, Note Description: VIDEO OROPHARYNGEAL SWALLOW | Text: Swallow delay is noted.
5. Date: 2182-05-24, Time: 13:26:00, Note Category: Radiology, Note Description: VIDEO OROPHARYNGEAL SWALLOW | Text: SWALLOW VIDEOFLUOROSCOPY:  Video oropharyngeal swallow was performed in
 conjunction with the speech and swallow division.  
6. Date: 2182-05-24, Time: 14:52:00, Note Category: Rehab Services, Note Description: Video Swallow Evaluation | Text: [**Known lastname 12161**] presented with a moderate oral and mild pharyngeal
dysphagia with impaired chewing and bolus control and a mild
swallow delay resulting in deep penetration and risk for
aspiration with nectar thick liquids.
7. Date: 2182-05-24, Time: 14:52:00, Note Category: Rehab Services, Note Description: Video Swallow Evaluation | Text: ASPIRATION/PENETRATION:
Pt with deep penetration to the level of the vocal cords on
several boluses of nectar thick liquids [**3-12**] premature spillover
and swallow delay.
8. Date: 2182-05-24, Time: 14:52:00, Note Category: Rehab Services, Note Description: Video Swallow Evaluation | Text: All penetration was cleared at the height of
the swallow and no aspiration was seen, but noted thin liquids
were not given [**3-12**] the risk.

9. Date: 2182-05-24, Time: 14:52:00, Note Category: Rehab Services, Note Description: Video Swallow Evaluation | Text: PHARYNGEAL PHASE:
Swallow trigger was mildly delayed. 
"
f969e10d-491e-122a-05f3-47fbee827b42,So Admissao,"The patient's condition was closely monitored, with a focus on managing his multiple comorbidities and preventing further complications. ",Supported,"The reference notes multiple serious comorbidities including respiratory failure, aspiration pneumonia, DKA, NSTEMI, and a complex medical history, indicating close monitoring and management of multiple comorbidities and complications.","Hospital Admission Start: 2182-05-20 06:20:00
Hospital Admission End: 2182-05-30 17:30:00
Electronic Health Record Context
Ordered by Time (Earliest to Latest):
1. Date: 2182-05-22, Time: 11:10:00, Note Category: Physician, Note Description: Physician Attending Progress Note | Text: Chief Complaint: respiratory failure
   I saw and examined the patient, and was physically present with the ICU
   Resident for key portions of the services provided.  
2. Date: 2182-05-22, Time: 17:46:00, Note Category: Physician, Note Description: Cardiology Consult | Text: This patient was seen, discussed and evaluated with Dr. 
3. Date: 2182-05-22, Time: 17:56:00, Note Category: Nursing, Note Description: Nursing Progress Note | Text: HISTORY OF PRESENT ILLNESS:
   62 y/o Russian-speaking man with past medical history significant for V
   fib arrest c/b anoxic brain injury, CAD s/p CABG, DMI, s/p cadaveric
   kidney transplant, h/o CVA and recurrent aspirations most recently
   requiring ICU admission [**Date range (1) 12129**], then sent to rehab and readmitted
   with hypoxemia, fever and leukokcytosis on [**5-20**] found to have recurrent
   aspiration PNA, DKA, and UTI.
4. Date: 2182-05-23, Time: 11:38:00, Note Category: General, Note Description: Attending Progress Note | Text: TITLE: Attending Progress Note
   Chief Complaint:
   I saw and examined the patient, and was physically present with the ICU
   Resident for key portions of the services provided.  
5. Date: 2182-05-23, Time: 12:22:00, Note Category: Nutrition, Note Description: Clinical Nutrition Note | Text: Male recently hospitalized for aspiration PNA, now readmitted
   with hypoxia, pulmonary edema, PNA, NSTEMI and DKA.  
6. Date: 2182-05-23, Time: 15:17:00, Note Category: Rehab Services, Note Description: PMV & Swallow Evaluation | Text: These recommendations were shared with the patient, nurse and
medical team.

7. Date: 2182-05-24, Time: 14:52:00, Note Category: Rehab Services, Note Description: Video Swallow Evaluation | Text: These recommendations were shared with the patient, the nurse and
the medical team.

"
d63a4a4d-8359-9c34-2db3-c9ab3c252596,So Admissao,"The patient's condition continued to improve, and he was eventually transferred to the floor with a plan for continued management of his complex medical conditions, including cardiac catheterization and possible PEG tube placement.",Supported,"The reference notes indicate the patient's condition improved since admission, plans for cardiac catheterization pending renal function and UTI treatment, and mention of transfer back to rehab, supporting continued management including cardiac catheterization and possible PEG tube placement.","Hospital Admission Start: 2182-05-20 06:20:00
Hospital Admission End: 2182-05-30 17:30:00
Electronic Health Record Context
Ordered by Time (Earliest to Latest):
1. Date: 2182-05-21, Time: 14:42:00, Note Category: Nursing, Note Description: Nursing Progress Note | Text: Suction was attempted but did not
   show improvement and he was sent to [**Hospital1 54**] ED.
   
2. Date: 2182-05-22, Time: 07:47:00, Note Category: Physician, Note Description: Physician Resident Progress Note | Text: Improved since admission
   following IVF.
   
3. Date: 2182-05-22, Time: 17:46:00, Note Category: Physician, Note Description: Cardiology Consult | Text: This patient was seen, discussed and evaluated with Dr. 
4. Date: 2182-05-22, Time: 17:46:00, Note Category: Physician, Note Description: Cardiology Consult | Text: -Once renal function returns to baseline, and UTI is treated we would
   perform left heart catheterization, if that is within the patient and
   his family's acceptable goals of care.
   
5. Date: 2182-05-22, Time: 17:56:00, Note Category: Nursing, Note Description: Nursing Progress Note | Text: pulled out NGT
   Replaced and confirmed by cxray
   Russian interpreter in this am, patient following commands and denying
   pain
   Cardiology consult obtained in the setting of new MI
   Heparin gtt stopped, lopressor decreased
   Sub-c heparin begun
   Glargine hs insulin increased to 30 u
   Free water to be given via gut
   Response:
   Tolerating all changes well
   Plan:
   Transfer back to rehab
   ?Need for heart cath is that is what family want for patient
s care
6. Date: 2182-05-23, Time: 11:38:00, Note Category: General, Note Description: Attending Progress Note | Text: TITLE: Attending Progress Note
   Chief Complaint:
   I saw and examined the patient, and was physically present with the ICU
   Resident for key portions of the services provided.  
7. Date: 2182-05-23, Time: 12:22:00, Note Category: Nutrition, Note Description: Clinical Nutrition Note | Text: Patient
s renal
   failure has improved, and is he is currently tolerating the standard
   tube feeds (Boost Glucose Control) via ppft.
"
660fdd54-963c-bac8-9057-995fed34ae9e,So Admissao,"The patient was unable to chew solids and was recommended to initiate a PO diet of honey thick liquids and pureed solids, with aspiration precautions and continued nutrition follow-up to monitor his intake and adjust tube feeds as necessary.

",Supported,"The reference states the patient could not chew solids and recommends initiating a PO diet of honey thick liquids and pureed solids, with aspiration precautions and continued nutrition follow-up to monitor intake and adjust tube feeds, fully supporting the text.","Hospital Admission Start: 2182-05-20 06:20:00
Hospital Admission End: 2182-05-30 17:30:00
Electronic Health Record Context
Ordered by Time (Earliest to Latest):
1. Date: 2182-05-21, Time: 16:53:00, Note Category: Nutrition, Note Description: Clinical Nutrition Note | Text: 2 %
   [**2182-5-21**] 04:36 AM
   Current diet order / nutrition support: Diet: NPO
   GI: abd soft, bowel sounds present
   Assessment of Nutritional Status
   At risk for malnutrition
   Patient at risk due to: tube feed dependence, NPO status
   Estimated Nutritional Needs
   Calories: 1540-1850 (25-30 cal/kg)
   Protein: 62-80 (1-1.
2. Date: 2182-05-23, Time: 12:22:00, Note Category: Nutrition, Note Description: Clinical Nutrition Note | Text: Subjective:  Patient is receiving Boost Glucose Control tube feeds
   because the renal feeds were unavailable because they weren
t sent up
   from kitchen.
   
3. Date: 2182-05-24, Time: 07:33:00, Note Category: Physician, Note Description: Physician Resident Progress Note | Text: Speech and swallow video study pending; pt may need PEG for permanently
   feeding solution given recurrent silent aspiration events in past.
4. Date: 2182-05-24, Time: 13:26:00, Note Category: Radiology, Note Description: VIDEO OROPHARYNGEAL SWALLOW | Text: The patient could not chew any solids.

 
5. Date: 2182-05-24, Time: 13:26:00, Note Category: Radiology, Note Description: VIDEO OROPHARYNGEAL SWALLOW | Text: [**2182-5-24**] 1:26 PM
 VIDEO OROPHARYNGEAL SWALLOW                                     Clip # [**Clip Number (Radiology) 65450**]
 Reason: risk of PO feeding
 Admitting Diagnosis: PNEUMONIA
 ______________________________________________________________________________
 [**Hospital 2**] MEDICAL CONDITION:
  62 year old man with history of recurrent aspiration pneumonia
 REASON FOR THIS EXAMINATION:
  risk of PO feeding
 ______________________________________________________________________________
                                 FINAL REPORT
 HISTORY:  History of recurrent aspiration pneumonia.
6. Date: 2182-05-24, Time: 14:52:00, Note Category: Rehab Services, Note Description: Video Swallow Evaluation | Text: Suggest a PO diet of honey thick liquids and pureed solids.

7. Date: 2182-05-24, Time: 14:52:00, Note Category: Rehab Services, Note Description: Video Swallow Evaluation | Text: As such, suggest he initiate a PO
diet of honey thick liquids and pureed solids but I feel his
intake will be limited.
8. Date: 2182-05-24, Time: 14:52:00, Note Category: Rehab Services, Note Description: Video Swallow Evaluation | Text: [**Known lastname 12161**] presented with a moderate oral and mild pharyngeal
dysphagia with impaired chewing and bolus control and a mild
swallow delay resulting in deep penetration and risk for
aspiration with nectar thick liquids.
9. Date: 2182-05-24, Time: 14:52:00, Note Category: Rehab Services, Note Description: Video Swallow Evaluation | Text: Pt will benefit from continued nutrition
follow up to wean tube feeds as able.

"
ae7fe870-8d6a-aedf-be16-536e309411bc,So Admissao,"The patient's cardiac status was closely monitored, and an electrocardiogram (ECG) showed evidence of a prior anterolateral myocardial infarction. ",Supported,"The reference contains multiple ECG reports indicating prior anterolateral myocardial infarction, supporting the text's statement about ECG evidence of prior anterolateral myocardial infarction and cardiac monitoring.","Hospital Admission Start: 2182-05-20 06:20:00
Hospital Admission End: 2182-05-30 17:30:00
Electronic Health Record Context
Ordered by Time (Earliest to Latest):
1. Date: 2182-05-20, Time: Unknown, Note Category: ECG, Note Description: Report | Text: There is
a late transition with tiny R waves in the anterior leads consistent with
possible prior anterior myocardial infarction.  
2. Date: 2182-05-20, Time: Unknown, Note Category: ECG, Note Description: Report | Text: There are tiny R waves in the
inferior leads consistent with possible prior inferior myocardial infarction.

3. Date: 2182-05-20, Time: Unknown, Note Category: ECG, Note Description: Report | Text: Consider anterolateral myocardial
infarction. 
4. Date: 2182-05-21, Time: 07:04:00, Note Category: Physician, Note Description: Physician Resident Progress Note | Text: NSTEMI: Patient with new T wave inversions anteriorly and elevated
   cardiac biomarkers.
5. Date: 2182-05-21, Time: Unknown, Note Category: ECG, Note Description: Report | Text: Possible inferior myocardial infarction. 
6. Date: 2182-05-22, Time: Unknown, Note Category: ECG, Note Description: Report | Text: Anterolateral myocardial infarction of indeterminate age.

7. Date: 2182-05-22, Time: Unknown, Note Category: ECG, Note Description: Report | Text: Consider prior myocardial infarction and possible left anterior fascicular
block although are non-diagnostic. 
8. Date: 2182-05-27, Time: Unknown, Note Category: ECG, Note Description: Report | Text: Prior anterolateral myocardial infarction. 
9. Date: 2182-05-27, Time: Unknown, Note Category: ECG, Note Description: Report | Text: Consider prior
inferior myocardial infarction and possible left anterior fascicular block
although are non-diagnostic. 
10. Date: 2182-05-29, Time: Unknown, Note Category: ECG, Note Description: Report | Text: Prior anteroseptal and lateral
myocardial infarction. 
"
4a14bf37-5bbf-80f0-0416-b7a44f9091b6,So Admissao,"A chest port line placement examination showed the PICC terminated just distal to the cavoatrial junction, with improved aeration in the left lower lobe.",Supported,"The reference describes a chest port line placement with a right PICC line extending to the lower SVC and notes improved aeration in the left lower lobe, which supports the text stating the PICC terminated just distal to the cavoatrial junction with improved aeration in the left lower lobe.","Hospital Admission Start: 2182-05-20 06:20:00
Hospital Admission End: 2182-05-30 17:30:00
Electronic Health Record Context
Ordered by Time (Earliest to Latest):
1. Date: 2182-05-20, Time: 10:23:00, Note Category: Radiology, Note Description: CHEST (PORTABLE AP) | Text: A retracted
 right PICC line ends outside the chest wall.  
2. Date: 2182-05-20, Time: 10:23:00, Note Category: Radiology, Note Description: CHEST (PORTABLE AP) | Text: Right PICC
 outside chest wall.  
3. Date: 2182-05-21, Time: 03:36:00, Note Category: Radiology, Note Description: CHEST (PORTABLE AP) | Text: FINDINGS:  The NG tube passes into the distal stomach, tracheostomy tube and
 right PICC line are unchanged in position with the PICC tip in the axilla.
 
4. Date: 2182-05-21, Time: 07:04:00, Note Category: Physician, Note Description: Physician Resident Progress Note | Text: If possible, will remove PICC line.
   
5. Date: 2182-05-22, Time: 04:09:00, Note Category: Radiology, Note Description: CHEST (PORTABLE AP) | Text: Discarded right PICC again terminates outside the chest wall.
 
6. Date: 2182-05-22, Time: 07:47:00, Note Category: Physician, Note Description: Physician Resident Progress Note | Text: - PICC line stayed in. 
7. Date: 2182-05-24, Time: 07:33:00, Note Category: Physician, Note Description: Physician Resident Progress Note | Text: PICC catheter tip culture pending
   [**5-20**] urine with >100K E. Coli
   [**5-20**] blood cx with
 coag neg staph
   [**5-23**] speech and swallow study
 pending
   [**5-23**] CXR - As compared to the previous radiograph, the lung volumes
   have slightly increased, potentially reflecting improved ventilation or
   increased ventilatory pressures.
8. Date: 2182-05-28, Time: 18:31:00, Note Category: Radiology, Note Description: CHEST PORT. LINE PLACEMENT | Text: FINDINGS:  In comparison with the study of [**5-24**], there has been placement of a
 right PICC line that extends to the lower portion of the SVC.  
9. Date: 2182-05-28, Time: 18:31:00, Note Category: Radiology, Note Description: CHEST PORT. LINE PLACEMENT | Text: IMPROVED AERATION LLL
 ______________________________________________________________________________
                                 FINAL REPORT
 HISTORY:  PICC placement.
"
16ec8278-2d0a-c68a-0157-cf8bce802cc4,So Admissao,"During his hospital course, the patient developed a non-ST elevation myocardial infarction (NSTEMI) and underwent various procedures, including bronchoscopy, PICC line placement, and a Passy-Muir Valve evaluation.",Not Supported,"The reference supports that the patient developed an NSTEMI during the hospital course but does not mention bronchoscopy, PICC line placement, or Passy-Muir Valve evaluation procedures.","Hospital Admission Start: 2182-05-20 06:20:00
Hospital Admission End: 2182-05-30 17:30:00
Electronic Health Record Context
Ordered by Time (Earliest to Latest):
1. Date: 2182-05-21, Time: 07:04:00, Note Category: Physician, Note Description: Physician Resident Progress Note | Text: NSTEMI: Patient with new T wave inversions anteriorly and elevated
   cardiac biomarkers.
2. Date: 2182-05-22, Time: 17:56:00, Note Category: Nursing, Note Description: Nursing Progress Note | Text: MICU course c/b NSTEMI, found to have
   ECG changes
   Pneumonia, aspiration
   Assessment:
   Cxray improved from yesterday
   More alert
   Lungs clear
   Belly soft, +bowel sounds
   Action:
   Patient weaned to trach collar, doing very well all day long
   Continues to diurese with bumex
   All antibiotics stopped
   PICC line pulled, tip sent for culture
   Peripheral blood  cultures sent
   More agitated this afternoon,
3. Date: 2182-05-23, Time: 11:38:00, Note Category: General, Note Description: Attending Progress Note | Text: presented with respiratory failure,
   pulmonary edema, NSTEMI.
   
4. Date: 2182-05-24, Time: 07:33:00, Note Category: Physician, Note Description: Physician Resident Progress Note | Text: NSTEMI: Patient with new T wave inversions anteriorly and elevated
   cardiac biomarkers.  
"
ae93731f-6c74-58eb-7f2c-426d2fe471e3,So Admissao,"A chest radiograph on admission was normal, and a subsequent portable chest X-ray on 2146-11-01 showed no interval change or evidence of acute abnormality.",Supported,"The reference shows a normal chest radiograph on admission (2146-10-31) and a portable chest X-ray on 2146-11-01 with no evidence of acute abnormality or interval change, fully supporting the text.","Hospital Admission Start: 2146-10-31 13:00:00
Hospital Admission End: 2146-11-03 12:20:00
Electronic Health Record Context
Ordered by Time (Earliest to Latest):
1. Date: 2146-10-31, Time: 10:13:00, Note Category: Radiology, Note Description: CHEST (PA & LAT) | Text: IMPRESSION:  Normal appearing chest radiograph without evidence for pneumonia.



2. Date: 2146-10-31, Time: 10:13:00, Note Category: Radiology, Note Description: CHEST (PA & LAT) | Text: COMPARISON:  Chest radiograph from [**2146-1-6**].

 
3. Date: 2146-10-31, Time: 10:13:00, Note Category: Radiology, Note Description: CHEST (PA & LAT) | Text: FINDINGS:  The heart is within normal limits.
4. Date: 2146-10-31, Time: 10:13:00, Note Category: Radiology, Note Description: CHEST (PA & LAT) | Text: The lungs are clear without
 evidence for pneumonia or pleural effusion.  
5. Date: 2146-10-31, Time: 10:13:00, Note Category: Radiology, Note Description: CHEST (PA & LAT) | Text: [**2146-10-31**] 10:13 AM
 CHEST (PA & LAT)                                                Clip # [**Clip Number (Radiology) 20392**]
 Reason: evaluate for pneumonia
 ______________________________________________________________________________
 [**Hospital 4**] MEDICAL CONDITION:
  25 year old woman with asthma, coughing/wheezing, increasing SOB
 REASON FOR THIS EXAMINATION:
  evaluate for pneumonia
 ______________________________________________________________________________
                                 FINAL REPORT
 PA AND LATERAL CHEST RADIOGRAPH.
6. Date: 2146-11-01, Time: 00:58:00, Note Category: Physician, Note Description: Physician Resident Admission Note | Text: Was also intubated for respiratory distress after
   initial presentation in [**2145-4-25**].  
7. Date: 2146-11-01, Time: 03:14:00, Note Category: Radiology, Note Description: CHEST (PORTABLE AP) | Text: No evidence of acute pneumonia, vascular congestion, or pleural effusion.  
8. Date: 2146-11-01, Time: 03:14:00, Note Category: Radiology, Note Description: CHEST (PORTABLE AP) | Text: [**2146-11-1**] 3:14 AM
 CHEST (PORTABLE AP)                                             Clip # [**Clip Number (Radiology) 10158**]
 Reason: r/o infiltrate, interval change
 Admitting Diagnosis: MYASTHENIA EXACERBATION
 ______________________________________________________________________________
 [**Hospital 2**] MEDICAL CONDITION:
  25 year old woman with myasthenia [**Last Name (un) 9787**], asthma, presents with SOB, URI
  symptoms.
9. Date: 2146-11-01, Time: 05:06:00, Note Category: Nursing, Note Description: Nursing Progress Note | Text: Lungs clear upper lobes with faint
   expiratory wheezes in bases. 
10. Date: 2146-11-01, Time: 10:22:00, Note Category: Nursing, Note Description: Nursing Transfer Note | Text: Lungs clear upper lobes with faint
   expiratory wheezes in bases.
"
7da8f6c3-1575-f5ec-a2a4-d39e07b89c07,So Admissao,"The patient, a 25-year-old woman with a history of myasthenia gravis and asthma, was admitted to the ICU on 2146-10-31 with worsening dyspnea and diplopia, despite increased use of her albuterol nebulizers and increased doses of Mestinon and prednisone. ",Supported,"The reference confirms the patient is a 25-year-old woman with a history of myasthenia gravis and asthma admitted on 2146-10-31 with worsening dyspnea and diplopia, and increased use of albuterol nebulizers and prednisone, consistent with the text.","Hospital Admission Start: 2146-10-31 13:00:00
Hospital Admission End: 2146-11-03 12:20:00
Electronic Health Record Context
Ordered by Time (Earliest to Latest):
1. Date: 2146-10-31, Time: 10:13:00, Note Category: Radiology, Note Description: CHEST (PA & LAT) | Text: HISTORY:  25-year-old woman with asthma, coughing and wheezing, and increasing
 shortness of breath.  
2. Date: 2146-10-31, Time: 16:57:00, Note Category: Nursing, Note Description: Nursing Progress Note | Text: Over the week, she has had worsening dyspnea,
   requiring increased use of her albuterol nebulizers up to four times a
   day. 
3. Date: 2146-10-31, Time: 16:57:00, Note Category: Nursing, Note Description: Nursing Progress Note | Text: [**Known lastname 5845**],[**Known firstname **]: [**Hospital1 54**] Notes Detail - CCC Record #[**Numeric Identifier 5846**]
   This is a 25 year-old woman with a history of myasthenia [**Last Name (un) 3383**]
   (diagnosed in [**2145-4-25**] and intubated twice) and asthma she came to
   the EW with worsening dyspnea and diplopia over the past week.
4. Date: 2146-10-31, Time: 16:57:00, Note Category: Nursing, Note Description: Nursing Progress Note | Text: In the EW she was given prednisone 60 mg and a
   combivent nebulizer. 
5. Date: 2146-10-31, Time: 19:33:00, Note Category: Physician, Note Description: Physician Attending Admission Note - MICU | Text: jpg]
   Assessment and Plan
   25 yr old woman with myesthenia and asthma presents with URIO and
   asthma exacrebation leading to resp distress which may be evolving
   myesthenic crisis in setting of significantly work of breathing.
   
6. Date: 2146-11-01, Time: 00:58:00, Note Category: Physician, Note Description: Physician Resident Admission Note | Text: Intubated for respiratory distress during
   exacerbation [**1-1**] when she also presentewd with dipolpia and
   dyspnea.  
7. Date: 2146-11-01, Time: 05:06:00, Note Category: Nursing, Note Description: Nursing Progress Note | Text: .H/O asthma
   Assessment:
   Pt on continuous nebs beginning of shift, tachypneic, continued on room
   air with o2 sats in the high 90
s.  She was started on
   methylprednisolonel 125mg IV q8 seemed to improve shortly after. 
8. Date: 2146-11-01, Time: 10:08:00, Note Category: Physician, Note Description: Physician Attending Progress Note | Text: Myesthenia: Severe course in the past year requiring intubation x 2,
   admitted to ICU with asthma exacerbation and concern that it was
   leadint o resp muscle fatigue so admitted to MICU for q2 nif and VC.
9. Date: 2146-11-01, Time: 10:08:00, Note Category: Physician, Note Description: Physician Attending Progress Note | Text: 3 mg/dL
   Assessment and Plan
   25 yr old woman with myesthenia and asthma presents with URIO and
   asthma exacrebation leading to resp distress which may be evolving
   myesthenic crisis in setting of significantly work of breathing.
   
10. Date: 2146-11-01, Time: 10:08:00, Note Category: Physician, Note Description: Physician Attending Progress Note | Text: Chief Complaint: asthma, myesthenia
   I saw and examined the patient, and was physically present with the ICU
   Resident for key portions of the services provided.  
"
28a16889-53d4-8407-7c97-e6ce9280afeb,So Admissao,"Initial evaluation revealed a potential myasthenic crisis, with significantly increased work of breathing. ",Supported,"The reference notes multiple times that the patient with myasthenia and asthma presents with respiratory distress and significantly increased work of breathing, with concern for evolving myasthenic crisis.","Hospital Admission Start: 2146-10-31 13:00:00
Hospital Admission End: 2146-11-03 12:20:00
Electronic Health Record Context
Ordered by Time (Earliest to Latest):
1. Date: 2146-10-31, Time: 19:33:00, Note Category: Physician, Note Description: Physician Attending Admission Note - MICU | Text: Myesthenia: Severe course in the past yeasr requiring intubation x
   2, now with vital capacity of 1 liter and NIF -50. 
2. Date: 2146-10-31, Time: 19:33:00, Note Category: Physician, Note Description: Physician Attending Admission Note - MICU | Text: jpg]
   Assessment and Plan
   25 yr old woman with myesthenia and asthma presents with URIO and
   asthma exacrebation leading to resp distress which may be evolving
   myesthenic crisis in setting of significantly work of breathing.
   
3. Date: 2146-11-01, Time: 00:58:00, Note Category: Physician, Note Description: Physician Resident Admission Note | Text: # Respiratory Distress: Etiology likely excerbation of Myesthenia in
   the setting of asthma excerbation [**2-26**] to recent URI. 
4. Date: 2146-11-01, Time: 00:58:00, Note Category: Physician, Note Description: Physician Resident Admission Note | Text: Chief Complaint:  Dysnpea, Wheezing, Malaise
   HPI:
   25yoF with hx of Myasthenia [**Last Name (un) **] (dx [**5-2**], with two associated
   intubations) and asthma presents with dyspnea, malaise and diplopia. 
5. Date: 2146-11-01, Time: 00:58:00, Note Category: Physician, Note Description: Physician Resident Admission Note | Text: 7
   Glucose
                                     125
   Other labs: Ca++:9.6 mg/dL, Mg++:1.6 mg/dL, PO4:2.3 mg/dL
   Assessment and Plan
   A/P: 25yoF with hx of Myasthenia [**Last Name (un) **] and asthma presents with
   dyspnea, wheezing, malaise and diplopia.
   
6. Date: 2146-11-01, Time: 03:14:00, Note Category: Radiology, Note Description: CHEST (PORTABLE AP) | Text: REASON FOR THIS EXAMINATION:
  r/o infiltrate, interval change
 ______________________________________________________________________________
                                 FINAL REPORT
 HISTORY:  Myasthenia [**Last Name (un) 9787**] with shortness of breath.

 
7. Date: 2146-11-01, Time: 10:08:00, Note Category: Physician, Note Description: Physician Attending Progress Note | Text: Myesthenia: Severe course in the past year requiring intubation x 2,
   admitted to ICU with asthma exacerbation and concern that it was
   leadint o resp muscle fatigue so admitted to MICU for q2 nif and VC.
8. Date: 2146-11-01, Time: 10:08:00, Note Category: Physician, Note Description: Physician Attending Progress Note | Text: 3 mg/dL
   Assessment and Plan
   25 yr old woman with myesthenia and asthma presents with URIO and
   asthma exacrebation leading to resp distress which may be evolving
   myesthenic crisis in setting of significantly work of breathing.
   
9. Date: 2146-11-01, Time: 10:08:00, Note Category: Physician, Note Description: Physician Attending Progress Note | Text: Chief Complaint: asthma, myesthenia
   I saw and examined the patient, and was physically present with the ICU
   Resident for key portions of the services provided.  
10. Date: 2146-11-01, Time: 10:22:00, Note Category: Nursing, Note Description: Nursing Transfer Note | Text: Admit diagnosis:
   MYASTHENIA EXACERBATION
   Code status:
   Full code
   Height:
   Admission weight:
   113 kg
   Daily weight:
   Allergies/Reactions:
   Penicillins
   Rash;
   Precautions:
   PMH:  Asthma
   CV-PMH:
   Additional history: Myasthenia [**Last Name (un) **], dx in [**5-2**] and has required
   intubation x2 since for flares as well as plasma phoresis,
"
68ace126-dfeb-ade7-eb87-a62b3bfdb005,So Admissao,"The patient was treated with steroids, increased Mestinon, and close monitoring of her respiratory status.",Supported,"The reference notes multiple instances of treatment with steroids (prednisone and methylprednisolone), increased Mestinon, and monitoring of respiratory status, supporting the text.","Hospital Admission Start: 2146-10-31 13:00:00
Hospital Admission End: 2146-11-03 12:20:00
Electronic Health Record Context
Ordered by Time (Earliest to Latest):
1. Date: 2146-10-31, Time: 16:57:00, Note Category: Nursing, Note Description: Nursing Progress Note | Text: In the EW she was given prednisone 60 mg and a
   combivent nebulizer. 
2. Date: 2146-10-31, Time: 16:57:00, Note Category: Nursing, Note Description: Nursing Progress Note | Text: She called her neurologist and her mestinon and prednisone
   were both increased.  
3. Date: 2146-10-31, Time: 16:57:00, Note Category: Nursing, Note Description: Nursing Progress Note | Text: Her NIF has been ~ -50 to -44, her vital capacity (VC)has
   been dropping; she started at 1.8 and is now 1
   Action:
   Conts on mestinon and cellcept as well as prednisone
   Response:
   Worsening vital capacity
   Plan:
   Cont to follow her NIF and VC, check an ABG if needed, cont her
   mestinon, prednisone, cellcept
4. Date: 2146-10-31, Time: 19:33:00, Note Category: Physician, Note Description: Physician Attending Admission Note - MICU | Text: We are treating with steroids and
   increased mestinon. 
5. Date: 2146-11-01, Time: 00:58:00, Note Category: Physician, Note Description: Physician Resident Admission Note | Text: The pt was given Combivent Nebs x3 and
   Prednisone 60mg x1.
   
6. Date: 2146-11-01, Time: 00:58:00, Note Category: Physician, Note Description: Physician Resident Admission Note | Text: [**Last Name (STitle) 5856**] that recommended increasing her Prednisone back up to
   10mg Daily from 5mg, and her Mestinon 60mg from [**Hospital1 **] to TID. 
7. Date: 2146-11-01, Time: 05:06:00, Note Category: Nursing, Note Description: Nursing Progress Note | Text: .H/O asthma
   Assessment:
   Pt on continuous nebs beginning of shift, tachypneic, continued on room
   air with o2 sats in the high 90
s.  She was started on
   methylprednisolonel 125mg IV q8 seemed to improve shortly after. 
8. Date: 2146-11-01, Time: 10:08:00, Note Category: Physician, Note Description: Physician Attending Progress Note | Text: Chief Complaint: asthma, myesthenia
   I saw and examined the patient, and was physically present with the ICU
   Resident for key portions of the services provided.  
9. Date: 2146-11-01, Time: 10:08:00, Note Category: Physician, Note Description: Physician Attending Progress Note | Text: 3 mg/dL
   Assessment and Plan
   25 yr old woman with myesthenia and asthma presents with URIO and
   asthma exacrebation leading to resp distress which may be evolving
   myesthenic crisis in setting of significantly work of breathing.
   
10. Date: 2146-11-01, Time: 10:22:00, Note Category: Nursing, Note Description: Nursing Transfer Note | Text: The pt was given Combivent Nebs x3 and
   Prednisone 60mg x1.
    
"
83ec3ba1-1016-25c7-af4b-56a65f5d7fc7,So Admissao,"The patient's symptoms improved with treatment, including continuous nebulizers, methylprednisolone, and monitoring of peak flows and blood sugars. ",Supported,"The reference notes continuous nebulizer treatments, methylprednisolone administration, monitoring of peak flows and blood sugars, and documented improvement in symptoms, fully supporting the text.","Hospital Admission Start: 2146-10-31 13:00:00
Hospital Admission End: 2146-11-03 12:20:00
Electronic Health Record Context
Ordered by Time (Earliest to Latest):
1. Date: 2146-10-31, Time: 16:57:00, Note Category: Nursing, Note Description: Nursing Progress Note | Text: Over the week, she has had worsening dyspnea,
   requiring increased use of her albuterol nebulizers up to four times a
   day. 
2. Date: 2146-10-31, Time: 16:57:00, Note Category: Nursing, Note Description: Nursing Progress Note | Text: In the EW she was given prednisone 60 mg and a
   combivent nebulizer. 
3. Date: 2146-11-01, Time: 00:58:00, Note Category: Physician, Note Description: Physician Resident Admission Note | Text: Pt reports
   that he albuterol inhaler ran out on friday night and since then has
   used her albuterol nebulizer on mulitiple occassions with some
   alleviation of symptoms.
4. Date: 2146-11-01, Time: 00:58:00, Note Category: Physician, Note Description: Physician Resident Admission Note | Text: The pt was given Combivent Nebs x3 and
   Prednisone 60mg x1.
   
5. Date: 2146-11-01, Time: 04:55:00, Note Category: Respiratory, Note Description: Respiratory Care Shift Note | Text: Plan to
   continue with treatments as tolerated.

6. Date: 2146-11-01, Time: 05:06:00, Note Category: Nursing, Note Description: Nursing Progress Note | Text: .H/O asthma
   Assessment:
   Pt on continuous nebs beginning of shift, tachypneic, continued on room
   air with o2 sats in the high 90
s.  She was started on
   methylprednisolonel 125mg IV q8 seemed to improve shortly after. 
7. Date: 2146-11-01, Time: 05:06:00, Note Category: Nursing, Note Description: Nursing Progress Note | Text: Her blood
   sugars were 204 and 184
   Action:
   Given neb tx, solumedrol 125mg IV q 8hr
   Response:
   Symptoms improving
   blood sugars elevated with steroid
   Plan:
   Cont nebs q 2, methylprednisolone 125mg 1v q 8, NIF and VC q 2hr,
   holding mestinon continue on mycophenolate Mofetil 1500mg po bid.
   
8. Date: 2146-11-01, Time: 10:22:00, Note Category: Nursing, Note Description: Nursing Transfer Note | Text: Action:
   Given neb tx and solumedrol 125mg IV q 8hr
   Response:
   Symptoms improving and double vision seems improved as per pt.
   
9. Date: 2146-11-01, Time: 10:22:00, Note Category: Nursing, Note Description: Nursing Transfer Note | Text: The pt was given Combivent Nebs x3 and
   Prednisone 60mg x1.
    
10. Date: 2146-11-01, Time: 11:23:00, Note Category: Physician, Note Description: Physician Resident Progress Note | Text: Breathing
   symptoms improved with improved NIFs to -80 and Peak Flows 300-350
   (Baselines 450s).
"
550f1775-fdd1-8064-0734-ff0582474f5b,So Admissao,"Her respiratory status stabilized, with negative inspiratory forces (NIFs) in the 80s and peak flows of 300-350. ",Supported,"The reference notes multiple times that the patient's NIF improved to -80 cmH2O and peak flows were 300-350, matching the text's statement about respiratory status stabilization with NIFs in the 80s and peak flows of 300-350.","Hospital Admission Start: 2146-10-31 13:00:00
Hospital Admission End: 2146-11-03 12:20:00
Electronic Health Record Context
Ordered by Time (Earliest to Latest):
1. Date: 2146-10-31, Time: 16:57:00, Note Category: Nursing, Note Description: Nursing Progress Note | Text: NIF was -50 and VC was 1.8 L; the latter
   measurement was limited by wheezing and [**Last Name (LF) **], [**First Name3 (LF) **] respiratory.
   
2. Date: 2146-10-31, Time: 19:33:00, Note Category: Physician, Note Description: Physician Attending Admission Note - MICU | Text: 200 mL
   Respiratory
   O2 Delivery Device: None
   SpO2: 100%
   ABG: ////
   NIF: -49 cmH2O
   Physical Examination
   Gen: young woman,
3. Date: 2146-11-01, Time: 00:58:00, Note Category: Physician, Note Description: Physician Resident Admission Note | Text: Upon arrival to the ED, her vitals 98.0, 133/81 72 19 100%RA, Her
   initial NIF was -50cm, VC 1.8L. 
4. Date: 2146-11-01, Time: 00:58:00, Note Category: Physician, Note Description: Physician Resident Admission Note | Text: 0 mL
   Respiratory
   O2 Delivery Device: None
   SpO2: 99%
   ABG: ///20/
   NIF: -80 cmH2O
   Physical Examination
   General Appearance: Well nourished,
5. Date: 2146-11-01, Time: 04:55:00, Note Category: Respiratory, Note Description: Respiratory Care Shift Note | Text: Peak
   flows 300-350, ( her personal best 450). 
6. Date: 2146-11-01, Time: 05:06:00, Note Category: Nursing, Note Description: Nursing Progress Note | Text: .H/O asthma
   Assessment:
   Pt on continuous nebs beginning of shift, tachypneic, continued on room
   air with o2 sats in the high 90
s.  She was started on
   methylprednisolonel 125mg IV q8 seemed to improve shortly after. 
7. Date: 2146-11-01, Time: 10:08:00, Note Category: Physician, Note Description: Physician Attending Progress Note | Text: -200 mL
                                                                   -300 mL
   Respiratory support
   O2 Delivery Device: None
   SpO2: 100%
   ABG: ///22/
   NIF: -80
8. Date: 2146-11-01, Time: 11:23:00, Note Category: Physician, Note Description: Physician Resident Progress Note | Text: Breathing
   symptoms improved with improved NIFs to -80 and Peak Flows 300-350
   (Baselines 450s).
9. Date: 2146-11-01, Time: 11:23:00, Note Category: Physician, Note Description: Physician Resident Progress Note | Text: -200 mL
                                                                   -700 mL
   Respiratory support
   O2 Delivery Device: None
   SpO2: 100%
   ABG: ///22/
   NIF: -80
"
c6a4e4f8-c5a2-4e5e-a2b6-ad322e3b85dc,So Admissao,"The patient was transferred to the floor on 2146-11-01, where her treatment plan included continuing nebulizers, methylprednisolone, and monitoring of her conditions.",Supported,"The reference notes the patient was transferred to the floor on 2146-11-01 with a treatment plan including nebulizers (Combivent Nebs), methylprednisolone (125mg IV q8), and monitoring, which supports the text's statement.","Hospital Admission Start: 2146-10-31 13:00:00
Hospital Admission End: 2146-11-03 12:20:00
Electronic Health Record Context
Ordered by Time (Earliest to Latest):
1. Date: 2146-10-31, Time: 16:57:00, Note Category: Nursing, Note Description: Nursing Progress Note | Text: In the EW she was given prednisone 60 mg and a
   combivent nebulizer. 
2. Date: 2146-10-31, Time: 16:57:00, Note Category: Nursing, Note Description: Nursing Progress Note | Text: Over the week, she has had worsening dyspnea,
   requiring increased use of her albuterol nebulizers up to four times a
   day. 
3. Date: 2146-11-01, Time: 00:58:00, Note Category: Physician, Note Description: Physician Resident Admission Note | Text: The pt was given Combivent Nebs x3 and
   Prednisone 60mg x1.
   
4. Date: 2146-11-01, Time: 00:58:00, Note Category: Physician, Note Description: Physician Resident Admission Note | Text: Pt reports
   that he albuterol inhaler ran out on friday night and since then has
   used her albuterol nebulizer on mulitiple occassions with some
   alleviation of symptoms.
5. Date: 2146-11-01, Time: 00:58:00, Note Category: Physician, Note Description: Physician Resident Admission Note | Text: [**Last Name (STitle) 5856**] that recommended increasing her Prednisone back up to
   10mg Daily from 5mg, and her Mestinon 60mg from [**Hospital1 **] to TID. 
6. Date: 2146-11-01, Time: 00:58:00, Note Category: Physician, Note Description: Physician Resident Admission Note | Text: Was also intubated for respiratory distress after
   initial presentation in [**2145-4-25**].  
7. Date: 2146-11-01, Time: 04:55:00, Note Category: Respiratory, Note Description: Respiratory Care Shift Note | Text: Plan to
   continue with treatments as tolerated.

8. Date: 2146-11-01, Time: 05:06:00, Note Category: Nursing, Note Description: Nursing Progress Note | Text: .H/O asthma
   Assessment:
   Pt on continuous nebs beginning of shift, tachypneic, continued on room
   air with o2 sats in the high 90
s.  She was started on
   methylprednisolonel 125mg IV q8 seemed to improve shortly after. 
9. Date: 2146-11-01, Time: 10:08:00, Note Category: Physician, Note Description: Physician Attending Progress Note | Text: Asthma: nebs spaced to q4, IV steroids,  no role for ABX at present
   ICU Care
   Nutrition: [**Doctor First Name 470**] diet
   Glycemic Control:
   Lines:
   20 Gauge - [**2146-10-31**] 02:38 PM
   Prophylaxis:
   DVT: sc hep
   Stress ulcer: ppi
   Communication:  wife pt
   [**Name (NI) 66**] status: Full code
   Disposition :Transfer to floor _ Medicine with Neuro consult
10. Date: 2146-11-01, Time: 10:22:00, Note Category: Nursing, Note Description: Nursing Transfer Note | Text: The pt was given Combivent Nebs x3 and
   Prednisone 60mg x1.
    
"
b8cb2059-915d-9aa9-0422-ea1b132ccb5e,So Admissao,"The patient, a 64-year-old woman with a history of multiple myeloma, systemic amyloidosis, and end-stage renal disease (ESRD), was admitted to the ICU with symptoms of dyspnea, pain, and hypotension. ",Supported,"The reference confirms the patient is a 64-year-old woman with multiple myeloma, systemic amyloidosis, and ESRD admitted with dyspnea, pain, and hypotension.","Hospital Admission Start: 2153-01-16 08:43:00
Hospital Admission End: 2153-01-19 04:55:00
Electronic Health Record Context
Ordered by Time (Earliest to Latest):
1. Date: 2153-01-16, Time: 09:06:00, Note Category: Radiology, Note Description: CTA CHEST W&W/O C&RECONS, NON-CORONARY | Text: ______________________________________________________________________________
                                 FINAL REPORT
 INDICATION:  Patient is a 64-year-old female with shortness of breath and
 hypoxia.  
2. Date: 2153-01-16, Time: 12:14:00, Note Category: Physician, Note Description: Physician Resident Admission Note | Text: Assessment and Plan: This is a 64yo woman with multiple myeloma, s/p
   allogeneic transplant [**2143**] with recurrent disease and with systemic
   amyloidosis(cardiac), ESRD on hemodialysis s/p recent hospitalization
   for hypercalcemia and supratherapeutic INR who represents for the same
   issues as well as hypotension.
   
3. Date: 2153-01-16, Time: 12:14:00, Note Category: Physician, Note Description: Physician Resident Admission Note | Text: [**Known lastname 3887**] is a 64yo woman with multiple
   myeloma, s/p allogeneic transplant [**2143**] with recurrent disease and with
   systemic amyloidosis(cardiac), on hemodialysis for ESRD who represents
   for malaise, weakness, and generalized body aching x 2 days.
4. Date: 2153-01-17, Time: 09:05:00, Note Category: Radiology, Note Description: CHEST (PORTABLE AP) | Text: Admitting Diagnosis: DYSPNEA;HYPOXIA
 ______________________________________________________________________________
 [**Hospital 3**] MEDICAL CONDITION:
  64 year old woman with  ESRD, MM, amyloidosis s/p PICC placement yesterday now
  new wide complex tachycardia, probable VT.
5. Date: 2153-01-17, Time: 09:05:00, Note Category: Radiology, Note Description: CHEST (PORTABLE AP) | Text: Admitting Diagnosis: DYSPNEA;HYPOXIA
 ______________________________________________________________________________
 [**Hospital 2**] MEDICAL CONDITION:
  64 year old woman with  ESRD, MM, amyloidosis s/p PICC placement yesterday now
  new wide complex tachycardia, probable VT.
 
6. Date: 2153-01-17, Time: 09:05:00, Note Category: Radiology, Note Description: CHEST (PORTABLE AP) | Text: ______________________________________________________________________________
                                 FINAL REPORT
 INDICATION:  64-year-old woman with end-stage renal disease, multiple myeloma,
 amyloidosis, status post PICC placement yesterday, now with new wide-complex
 tachycardia and probable ventricular tachycardia.  
7. Date: 2153-01-17, Time: 09:14:00, Note Category: Physician, Note Description: Physician Attending Progress Note | Text: Chief Complaint: Hypotension, Dyspnea
   I saw and examined the patient, and was physically present with the ICU
   Resident for key portions of the services provided.  
8. Date: 2153-01-18, Time: 07:36:00, Note Category: Physician, Note Description: Physician Fellow / Attending Progress Note - MICU | Text: HPI:
   64yo woman with a h/o MM (x 10 years) c/b [**Doctor Last Name **] amyloid with known
   cardiac, pulmonary involvement, ESRD on HD, refractory hypercalcemia
   and hypoxia on [**2-28**] L O2 at home who presented on [**1-16**] with sub-acute
   progressive dyspnea and bony pain. 
"
b9350f4a-1d5f-5450-e082-e3df5fa98ffd,So Admissao,"Her hospital course was complicated by hypovolemic shock, cardiogenic shock, and possible adrenal insufficiency, requiring treatment with gentle hydration, low-dose pressors, and decadron.",Supported,"The reference notes the patient had shock of unclear etiology including hypovolemic and cardiogenic shock with likely adrenal insufficiency, and treatment included gentle hydration and low-dose pressors; decadron (a corticosteroid) is consistent with treatment for adrenal insufficiency.","Hospital Admission Start: 2153-01-16 08:43:00
Hospital Admission End: 2153-01-19 04:55:00
Electronic Health Record Context
Ordered by Time (Earliest to Latest):
1. Date: 2153-01-16, Time: 12:14:00, Note Category: Physician, Note Description: Physician Resident Admission Note | Text: She was
   admitted last week [**Date range (1) 7152**]/08 with hypercalcemia and treated with
   pamidronate 30mg, calcitonin, and dialysis. 
2. Date: 2153-01-16, Time: 12:14:00, Note Category: Physician, Note Description: Physician Resident Admission Note | Text: Hospital course was
   complicated by an episode of hypotension following dialysis on
   [**2153-1-12**]. 
3. Date: 2153-01-16, Time: 12:14:00, Note Category: Physician, Note Description: Physician Resident Admission Note | Text: Following discharge, she was started on thalidomide for a
   short period of time, but was readmitted on [**2151-9-28**] due to
   left lower edema and new DVTs.
   
4. Date: 2153-01-16, Time: 14:32:00, Note Category: Physician, Note Description: Physician Attending Admission Note - MICU | Text: The patient has shock of unclear
   etiology: hypovolemic, cardiogenic, with likely possibility of adrenal
   insufficiency or crisis.
5. Date: 2153-01-16, Time: 14:32:00, Note Category: Physician, Note Description: Physician Attending Admission Note - MICU | Text: She was admitted [**Date range (1) 7152**]/08 with hypercalcemia and treated
   with pamidronate 30mg, calcitonin, and dialysis (complicated by an
   episode of hypotension following HD).
6. Date: 2153-01-16, Time: 14:32:00, Note Category: Physician, Note Description: Physician Attending Admission Note - MICU | Text: She now has hepatitis and apparently NSTEMI
   in the context of hypotension of unclear etiology. 
7. Date: 2153-01-18, Time: 07:36:00, Note Category: Physician, Note Description: Physician Fellow / Attending Progress Note - MICU | Text: HYPOTENSION (NOT SHOCK)
   Low baseline BP per her report (had been in the 50-60s systolic in
   dialysis.)
8. Date: 2153-01-18, Time: 07:36:00, Note Category: Physician, Note Description: Physician Fellow / Attending Progress Note - MICU | Text: HYPOTENSION (NOT SHOCK)
   Low baseline BP per her report (had been in the 50-60s systolic in
   dialysis.) 
9. Date: 2153-01-18, Time: 07:40:00, Note Category: Physician, Note Description: Physician Resident Progress Note | Text: # Hypotension/shock:  Patient with baseline SBPs in the 70s-80s,
   however documented noninvasive SBPs as low as the 50s in ED and in ICU
   with e/o end organ ischemia given elevated lactate, newly elevated
   transaminases, and elevated trop.  
"
7fb70c2a-19b6-1f5b-59f0-2d9b5e558ec7,So Admissao,"Despite aggressive management, including dialysis and oxygen therapy, the patient's condition continued to deteriorate, and she remained critically ill throughout her hospital stay. ",Not Addressed,"The reference mentions the patient is critically ill and on dialysis but does not provide information about oxygen therapy, aggressive management, or continued deterioration throughout the hospital stay.","Hospital Admission Start: 2153-01-16 08:43:00
Hospital Admission End: 2153-01-19 04:55:00
Electronic Health Record Context
Ordered by Time (Earliest to Latest):
1. Date: 2153-01-16, Time: 09:06:00, Note Category: Radiology, Note Description: CTA CHEST W&W/O C&RECONS, NON-CORONARY | Text: ______________________________________________________________________________
                                 FINAL REPORT
 INDICATION:  Patient is a 64-year-old female with shortness of breath and
 hypoxia.  
2. Date: 2153-01-16, Time: 12:14:00, Note Category: Physician, Note Description: Physician Resident Admission Note | Text: Hospital course was
   complicated by an episode of hypotension following dialysis on
   [**2153-1-12**]. 
3. Date: 2153-01-16, Time: 12:14:00, Note Category: Physician, Note Description: Physician Resident Admission Note | Text: Also on dialysis for renal
   failure.
   
4. Date: 2153-01-16, Time: 14:32:00, Note Category: Physician, Note Description: Physician Attending Admission Note - MICU | Text: Chief Complaint:  Dyspnea, pain
   I saw and examined the patient, and was physically present with the ICU
   Resident for key portions of the services provided.  
5. Date: 2153-01-16, Time: 14:32:00, Note Category: Physician, Note Description: Physician Attending Admission Note - MICU | Text: Patient is critically ill. 
6. Date: 2153-01-16, Time: 14:32:00, Note Category: Physician, Note Description: Physician Attending Admission Note - MICU | Text: Pt was admitted today with acute on chronic
   hypoxemic respiratory failure and recurrent all over body pain. 
7. Date: 2153-01-16, Time: 14:32:00, Note Category: Physician, Note Description: Physician Attending Admission Note - MICU | Text: She was admitted [**Date range (1) 7152**]/08 with hypercalcemia and treated
   with pamidronate 30mg, calcitonin, and dialysis (complicated by an
   episode of hypotension following HD).
8. Date: 2153-01-17, Time: 09:14:00, Note Category: Physician, Note Description: Physician Attending Progress Note | Text: Chief Complaint: Hypotension, Dyspnea
   I saw and examined the patient, and was physically present with the ICU
   Resident for key portions of the services provided.  
"
df9ce7f1-29c9-9bad-165e-24ed64193074,So Admissao,"The patient's code status was DNR/DNI, and she ultimately passed away on [2153-01-19] at 4:55 am due to complications from her underlying conditions.",Supported,"The reference notes the patient's code status as DNR/DNI on multiple occasions and documents the hospital admission end time as 2153-01-19 04:55:00, consistent with the time of death stated in the text.","Hospital Admission Start: 2153-01-16 08:43:00
Hospital Admission End: 2153-01-19 04:55:00
Electronic Health Record Context
Ordered by Time (Earliest to Latest):
1. Date: 2153-01-16, Time: 09:06:00, Note Category: Radiology, Note Description: CTA CHEST W&W/O C&RECONS, NON-CORONARY | Text: ______________________________________________________________________________
                                 FINAL REPORT
 INDICATION:  Patient is a 64-year-old female with shortness of breath and
 hypoxia.  
2. Date: 2153-01-16, Time: 12:14:00, Note Category: Physician, Note Description: Physician Resident Admission Note | Text: Hospital course was
   complicated by an episode of hypotension following dialysis on
   [**2153-1-12**]. 
3. Date: 2153-01-16, Time: 14:32:00, Note Category: Physician, Note Description: Physician Attending Admission Note - MICU | Text: She now has hepatitis and apparently NSTEMI
   in the context of hypotension of unclear etiology. 
4. Date: 2153-01-17, Time: 07:52:00, Note Category: Physician, Note Description: Physician Resident Progress Note | Text: Code status: DNR / DNI

5. Date: 2153-01-17, Time: 09:05:00, Note Category: Radiology, Note Description: CHEST (PORTABLE AP) | Text: ______________________________________________________________________________
                                 FINAL REPORT
 INDICATION:  64-year-old woman with end-stage renal disease, multiple myeloma,
 amyloidosis, status post PICC placement yesterday, now with new wide-complex
 tachycardia and probable ventricular tachycardia.  
6. Date: 2153-01-17, Time: 09:05:00, Note Category: Radiology, Note Description: CHEST (PORTABLE AP) | Text: Admitting Diagnosis: DYSPNEA;HYPOXIA
 ______________________________________________________________________________
 [**Hospital 2**] MEDICAL CONDITION:
  64 year old woman with  ESRD, MM, amyloidosis s/p PICC placement yesterday now
  new wide complex tachycardia, probable VT.
 
7. Date: 2153-01-17, Time: 09:05:00, Note Category: Radiology, Note Description: CHEST (PORTABLE AP) | Text: Admitting Diagnosis: DYSPNEA;HYPOXIA
 ______________________________________________________________________________
 [**Hospital 3**] MEDICAL CONDITION:
  64 year old woman with  ESRD, MM, amyloidosis s/p PICC placement yesterday now
  new wide complex tachycardia, probable VT.
8. Date: 2153-01-18, Time: 07:36:00, Note Category: Physician, Note Description: Physician Fellow / Attending Progress Note - MICU | Text: Dialysis Catheter - [**2153-1-17**] 01:21
   PM
   Prophylaxis:
   DVT:
   Stress ulcer:
   VAP:
   Comments:
   Communication:  Comments:
   Code status: DNR / DNI
   Disposition : ICU for now.
9. Date: 2153-01-19, Time: 05:11:00, Note Category: Nursing, Note Description: Nursing Progress Note | Text: Nursing progess note:
   Pt DNR/DNI.  
"
a0df21a3-c835-0426-1795-0f524948c793,So Admissao,"She underwent a series of diagnostic tests, including chest radiographs, CT scans, echocardiograms, and ECGs, which revealed findings consistent with fluid overload, atelectasis, and cardiac amyloidosis. ",Not Supported,"The reference mentions chest radiographs and ECG findings related to ventricular tachycardia and cardiac amyloidosis but does not mention CT scans, echocardiograms, or findings of fluid overload and atelectasis.","Hospital Admission Start: 2153-01-16 08:43:00
Hospital Admission End: 2153-01-19 04:55:00
Electronic Health Record Context
Ordered by Time (Earliest to Latest):
1. Date: 2153-01-16, Time: 12:14:00, Note Category: Physician, Note Description: Physician Resident Admission Note | Text: The lung mass was biopsied and thought consistent
   with amyloid.
   
2. Date: 2153-01-16, Time: 14:32:00, Note Category: Physician, Note Description: Physician Attending Admission Note - MICU | Text: [**Doctor Last Name **] amyloid with known cardiac,renal,pulmonary involvement
   Multiple DVT's thought [**2-26**] thalidomide, now on coumadin.
   
3. Date: 2153-01-17, Time: 09:05:00, Note Category: Radiology, Note Description: CHEST (PORTABLE AP) | Text: Admitting Diagnosis: DYSPNEA;HYPOXIA
 ______________________________________________________________________________
 [**Hospital 3**] MEDICAL CONDITION:
  64 year old woman with  ESRD, MM, amyloidosis s/p PICC placement yesterday now
  new wide complex tachycardia, probable VT.
4. Date: 2153-01-17, Time: 09:05:00, Note Category: Radiology, Note Description: CHEST (PORTABLE AP) | Text: Admitting Diagnosis: DYSPNEA;HYPOXIA
 ______________________________________________________________________________
 [**Hospital 2**] MEDICAL CONDITION:
  64 year old woman with  ESRD, MM, amyloidosis s/p PICC placement yesterday now
  new wide complex tachycardia, probable VT.
 
5. Date: 2153-01-17, Time: 09:14:00, Note Category: Physician, Note Description: Physician Attending Progress Note | Text: Alk Phos / T Bili:128/0.8,
   Lactic Acid:2.0 mmol/L, Albumin:3.1 g/dL, LDH:773 IU/L, Ca++:11.7
   mg/dL, Mg++:2.4 mg/dL, PO4:6.3 mg/dL
   ECG: VT on EKG this am
   Assessment and Plan
   64 year old woman with MM and [**Doctor Last Name **] amyloid presents with hypotension and
   increased O2 requirement.
6. Date: 2153-01-18, Time: 07:36:00, Note Category: Physician, Note Description: Physician Fellow / Attending Progress Note - MICU | Text: VENTRICULAR TACHYCARDIA / ELEVATED CARDIAC ENZYMES
   Likely due to her underlying cardiac amyloidosis; will d/c Amiodarone
   given the increase in her LFTs over the past two days since having
   initiated it. 
7. Date: 2153-01-18, Time: 07:36:00, Note Category: Physician, Note Description: Physician Fellow / Attending Progress Note - MICU | Text: She has also had some episodes of asymptomatic V tach, the last being
   yesterday morning, she was started on Amiodarone.
   
"
e0382396-e02a-9b4e-c491-402466b705d2,So Admissao,"The patient developed a new pneumonia and experienced episodes of wide-complex tachycardia and ventricular arrhythmia, requiring treatment with antibiotics and amiodarone.",Supported,"The reference documents new wide-complex tachycardia and probable ventricular tachycardia requiring amiodarone treatment, and a hilar consolidation concerning for pneumonia treated with antibiotics, supporting the text.","Hospital Admission Start: 2153-01-16 08:43:00
Hospital Admission End: 2153-01-19 04:55:00
Electronic Health Record Context
Ordered by Time (Earliest to Latest):
1. Date: 2153-01-16, Time: 14:32:00, Note Category: Physician, Note Description: Physician Attending Admission Note - MICU | Text: [**Doctor Last Name **] amyloid with known cardiac,renal,pulmonary involvement
   Multiple DVT's thought [**2-26**] thalidomide, now on coumadin.
   
2. Date: 2153-01-17, Time: 09:05:00, Note Category: Radiology, Note Description: CHEST (PORTABLE AP) | Text: Admitting Diagnosis: DYSPNEA;HYPOXIA
 ______________________________________________________________________________
 [**Hospital 2**] MEDICAL CONDITION:
  64 year old woman with  ESRD, MM, amyloidosis s/p PICC placement yesterday now
  new wide complex tachycardia, probable VT.
 
3. Date: 2153-01-17, Time: 09:05:00, Note Category: Radiology, Note Description: CHEST (PORTABLE AP) | Text: Admitting Diagnosis: DYSPNEA;HYPOXIA
 ______________________________________________________________________________
 [**Hospital 3**] MEDICAL CONDITION:
  64 year old woman with  ESRD, MM, amyloidosis s/p PICC placement yesterday now
  new wide complex tachycardia, probable VT.
4. Date: 2153-01-17, Time: 09:05:00, Note Category: Radiology, Note Description: CHEST (PORTABLE AP) | Text: ______________________________________________________________________________
                                 FINAL REPORT
 INDICATION:  64-year-old woman with end-stage renal disease, multiple myeloma,
 amyloidosis, status post PICC placement yesterday, now with new wide-complex
 tachycardia and probable ventricular tachycardia.  
5. Date: 2153-01-18, Time: 07:36:00, Note Category: Physician, Note Description: Physician Fellow / Attending Progress Note - MICU | Text: pulmonary involvement, ESRD on HD, refractory hypercalcemia
   and hypoxia on [**2-28**] L O2 at home who presented with sub-acute
   progressive dyspnea and bony pain, found to have a hilar consolidation
   on CT concerning for a pneumonia. 
6. Date: 2153-01-18, Time: 07:36:00, Note Category: Physician, Note Description: Physician Fellow / Attending Progress Note - MICU | Text: VENTRICULAR TACHYCARDIA / ELEVATED CARDIAC ENZYMES
   Likely due to her underlying cardiac amyloidosis; will d/c Amiodarone
   given the increase in her LFTs over the past two days since having
   initiated it. 
7. Date: 2153-01-18, Time: 07:36:00, Note Category: Physician, Note Description: Physician Fellow / Attending Progress Note - MICU | Text: She has also had some episodes of asymptomatic V tach, the last being
   yesterday morning, she was started on Amiodarone.
   
8. Date: 2153-01-18, Time: 07:40:00, Note Category: Physician, Note Description: Physician Resident Progress Note | Text: no new episodes
   History obtained from Patient
   Allergies:
   History obtained from PatientNo Known Drug Allergies
   Last dose of Antibiotics:
   Vancomycin - [**2153-1-17**] 12:00 PM
   Levofloxacin - [**2153-1-17**] 08:03 PM
   Infusions:
   Amiodarone - 0.5 mg/min
   Phenylephrine - 2 mcg/Kg/min
   Other ICU medications:
   Pantoprazole (Protonix) -
"
51b08b28-d1a1-efb5-4d80-8d58e7869f1f,So Admissao,"A transesophageal echocardiogram showed mild symmetric left ventricular hypertrophy, a small left ventricle, and hyperdynamic function. ",Supported,"The reference explicitly states mild symmetric left ventricular hypertrophy, a small left ventricle, and hyperdynamic function (EF>75%) on echocardiogram, fully supporting the text.","Hospital Admission Start: 2171-03-06 20:59:00
Hospital Admission End: 2171-03-11 18:30:00
Electronic Health Record Context
Ordered by Time (Earliest to Latest):
1. Date: 2171-03-07, Time: Unknown, Note Category: Echo, Note Description: Report | Text: There is mild symmetric left ventricular hypertrophy. 
2. Date: 2171-03-07, Time: Unknown, Note Category: Echo, Note Description: Report | Text: Left ventricular systolic function is hyperdynamic (EF>75%).

3. Date: 2171-03-07, Time: Unknown, Note Category: Echo, Note Description: Report | Text: The
left ventricular cavity is unusually small. 
4. Date: 2171-03-07, Time: Unknown, Note Category: Echo, Note Description: Report | Text: Conclusions:
The left atrium is moderately dilated. 
5. Date: 2171-03-07, Time: Unknown, Note Category: Echo, Note Description: Report | Text: The right ventricular cavity is moderately dilated with mild global free wall
hypokinesis. 
6. Date: 2171-03-08, Time: 07:26:00, Note Category: Physician, Note Description: Physician Resident Progress Note | Text: # PUMP: Echo yesterday showed mild symmetric LVH, small LV,
   hyperdynamic (EF>75%).
7. Date: 2171-03-09, Time: 06:54:00, Note Category: Physician, Note Description: Physician Resident Progress Note | Text: # PUMP: Echo showed mild symmetric LVH, small LV, hyperdynamic
   (EF>75%). 
8. Date: 2171-03-10, Time: 08:08:00, Note Category: Radiology, Note Description: CHEST (PORTABLE AP) | Text: The heart is mildly enlarged.  
"
c63432ff-3d40-5443-8557-78fff4b8b30c,So Admissao,The patient was weaned off pressors and eventually extubated after showing signs of improvement. ,Supported,"The reference notes that the patient was successfully extubated around 13:15 and includes mention of weaning from the ventilator, indicating improvement and removal of pressors.","Hospital Admission Start: 2171-03-06 20:59:00
Hospital Admission End: 2171-03-11 18:30:00
Electronic Health Record Context
Ordered by Time (Earliest to Latest):
1. Date: 2171-03-06, Time: 22:22:00, Note Category: Physician, Note Description: Cardiology fellow CCU admit note | Text: Reportedly hypoxic and tachypneic at nursing home with
   rales and elevated JVP on exam.
2. Date: 2171-03-07, Time: 04:56:00, Note Category: Physician, Note Description: Physician Resident Admission Note | Text: The patient was placed on BiPAP to help
   with his breathing, as he was reportedly DNR/DNI at his nursing home.
   
3. Date: 2171-03-07, Time: 04:56:00, Note Category: Physician, Note Description: Physician Resident Admission Note | Text: On arrival to the floor, the patient's VS were T= 97.6; BP= 123/63; HR=
   90; RR= 27; O2 sat= 98% on BiPAP.
4. Date: 2171-03-07, Time: 04:56:00, Note Category: Physician, Note Description: Physician Resident Admission Note | Text: Also, of note, he was tried on
   a nitro gtt, which initially caused some hypotension.
   
5. Date: 2171-03-07, Time: 04:56:00, Note Category: Physician, Note Description: Physician Resident Admission Note | Text: Here, he has been treated with lasix, morphine, and nitro gtt.
   
6. Date: 2171-03-07, Time: 14:35:00, Note Category: Radiology, Note Description: NASO-INTESTINAL TUBE PLACEMENT (W/FLUORO) | Text: The patient tolerated the procedure well.  
7. Date: 2171-03-07, Time: 18:15:00, Note Category: Respiratory, Note Description: Respiratory Care Shift Note | Text: Continue to wean vent as
   indicated but at present pt showing no appreciable response to
   diuresis. 
8. Date: 2171-03-08, Time: 03:19:00, Note Category: Nursing, Note Description: Nursing Progress Note | Text: pt may need to stay
   intubated r/t pna and need for more diuresis
   Pt is wheelchair bound at baseline.
   
9. Date: 2171-03-08, Time: 16:40:00, Note Category: General, Note Description: ICU Event Note | Text: Patient
   voiced his desire not to have a breathing tube put back in.  
10. Date: 2171-03-09, Time: 02:38:00, Note Category: Nursing, Note Description: Nursing Progress Note | Text: Successfully extubated ~1315.
"
88aee8e7-76ed-ae3d-f087-33caf759503a,So Admissao,"However, his respiratory status remained tenuous, and he required a high level of oxygen to maintain saturation levels. ",Supported,"The reference notes that the patient was intubated, required a lot of oxygen to maintain saturation of 88-90%, and had oxygen delivery devices such as CPAP mask and face tent, indicating a tenuous respiratory status requiring high oxygen support.","Hospital Admission Start: 2171-03-06 20:59:00
Hospital Admission End: 2171-03-11 18:30:00
Electronic Health Record Context
Ordered by Time (Earliest to Latest):
1. Date: 2171-03-07, Time: 04:56:00, Note Category: Physician, Note Description: Physician Resident Admission Note | Text: He did indicate by nodding that he was short of
   breath.  
2. Date: 2171-03-07, Time: 04:56:00, Note Category: Physician, Note Description: Physician Resident Admission Note | Text: Also, of note, he was tried on
   a nitro gtt, which initially caused some hypotension.
   
3. Date: 2171-03-07, Time: 04:56:00, Note Category: Physician, Note Description: Physician Resident Admission Note | Text: NH records indicated that he was experiencing lightheadedness,
   SOB, DOE, orthopnea, poor appetite, mild nausea, and fatigue.  
4. Date: 2171-03-07, Time: 04:56:00, Note Category: Physician, Note Description: Physician Resident Admission Note | Text: On arrival to the floor, the patient's VS were T= 97.6; BP= 123/63; HR=
   90; RR= 27; O2 sat= 98% on BiPAP.
5. Date: 2171-03-07, Time: 04:56:00, Note Category: Physician, Note Description: Physician Resident Admission Note | Text: -259 mL
                                                                   -287 mL
   Respiratory
   O2 Delivery Device: CPAP mask
   SpO2: 95%
   ABG: 7.25/91.
6. Date: 2171-03-08, Time: 07:26:00, Note Category: Physician, Note Description: Physician Resident Progress Note | Text: Plateau: 17 cmH2O
   SpO2: 93%
   ABG: 7.47/50/77/37/10
   Ve: 8.6 L/min
   PaO2 / FiO2: 154
   Physical Examination
   GENERAL: Intubated, Alert, Able to answer questions appropriately by
   nodding, Able to follow commands
   HEENT: NC/AT.
   
7. Date: 2171-03-09, Time: 02:38:00, Note Category: Nursing, Note Description: Nursing Progress Note | Text: Requiring a lot of O2 to maintain Sat 88-90%.
   
8. Date: 2171-03-09, Time: 06:54:00, Note Category: Physician, Note Description: Physician Resident Progress Note | Text: -791 mL
   Respiratory support
   O2 Delivery Device: Face tent
   Ventilator mode: Standby
   Vt (Set): 500 (500 - 500) mL
   Vt (Spontaneous): 243 (243 - 699) mL
   PS : 5 cmH2O
   RR
"
77617ffa-4bc8-ccfd-3af6-4eb31453c231,So Admissao,"The patient's code status was changed to ""Do Not Intubate"" (DNI) after a discussion with his family. ",Supported,"The reference notes that the patient's code status was changed to DNI after discussion with family members, including agreement by the nurse and reversal of prior DNR/DNI status per the patient's son, supporting the text statement.","Hospital Admission Start: 2171-03-06 20:59:00
Hospital Admission End: 2171-03-11 18:30:00
Electronic Health Record Context
Ordered by Time (Earliest to Latest):
1. Date: 2171-03-07, Time: 04:56:00, Note Category: Physician, Note Description: Physician Resident Admission Note | Text: 03:00 AM
   Prophylaxis:
   DVT: (Systemic anticoagulation: Coumadin)
   Stress ulcer:
   VAP: HOB elevation, Mouth care
   Comments:
   Communication:  Comments:
   Code status: Full code, after discussion with son
   Disposition: ICU
2. Date: 2171-03-07, Time: 04:56:00, Note Category: Physician, Note Description: Physician Resident Admission Note | Text: The patient was placed on BiPAP to help
   with his breathing, as he was reportedly DNR/DNI at his nursing home.
   
3. Date: 2171-03-07, Time: 10:15:00, Note Category: Nursing, Note Description: Nursing Progress Note | Text: DNR/DNI status reversed per pt
s son. 
4. Date: 2171-03-08, Time: 16:40:00, Note Category: General, Note Description: ICU Event Note | Text: Nurse present and all in agreement that patient would be DNI
   going forward.
5. Date: 2171-03-09, Time: 06:54:00, Note Category: Physician, Note Description: Physician Resident Progress Note | Text: [**2171-3-7**] 09:06 PM
   Prophylaxis:
   DVT: (Systemic anticoagulation: Coumadin (supratherapeutic at this
   time))
   Stress ulcer: PPI
   VAP:
   Comments:
   Communication:  Comments:
   Code status: DNI (do not intubate)
   Disposition: c/o vs. 
6. Date: 2171-03-09, Time: 06:54:00, Note Category: Physician, Note Description: Physician Resident Progress Note | Text: [**2171-3-7**] 09:06 PM
   Prophylaxis:
   DVT: (Systemic anticoagulation: Coumadin (supratherapeutic at this
   time))
   Stress ulcer: PPI
   VAP:
   Comments:
   Communication:  Comments:
   Code status: DNI (do not intubate)
   Disposition: c/o vs.
"
03c42051-6f07-5fe4-1dfa-69d51462c0ee,So Admissao,"The patient, a 90+ year-old man with a history of CAD, CHF, OSA, and AF, was admitted to the ICU with increased respiratory distress. ",Not Supported,"The reference supports the patient being a 90+ year-old man with history of CHF and atrial fibrillation, but coronary artery disease (CAD) and obstructive sleep apnea (OSA) are not mentioned in the reference. The patient was admitted for respiratory distress but not specifically to the ICU.","Hospital Admission Start: 2171-03-06 20:59:00
Hospital Admission End: 2171-03-11 18:30:00
Electronic Health Record Context
Ordered by Time (Earliest to Latest):
1. Date: 2171-03-07, Time: 04:56:00, Note Category: Physician, Note Description: Physician Resident Admission Note | Text: Chief Complaint:  Respiratory Distress
   HPI:
   The pt is a [**Age over 90 323**] y/o M with PMHx significant for mild diastolic heart
   failure, COPD, atrial fibrillation sent from [**Hospital 12**] Rehab for
   respiratory distress, with O2 sats in the 70s.  
2. Date: 2171-03-07, Time: 04:56:00, Note Category: Physician, Note Description: Physician Resident Admission Note | Text: 8 mmol/L
   Assessment and Plan
   [**Age over 90 323**] y/o M with history of CHF, ?COPD who was sent to the ED from [**Hospital 12**]
   Rehab for respiratory distress.
3. Date: 2171-03-07, Time: 04:56:00, Note Category: Physician, Note Description: Physician Resident Admission Note | Text: # Respiratory Distress - The etiology for the patient's respiratory
   distress seems likely to be related to CHF.  
4. Date: 2171-03-07, Time: 06:25:00, Note Category: Physician, Note Description: Physician Resident Progress Note | Text: 09
   TCO2
   43
   42
   Other labs: CK / CKMB / Troponin-T:47//0.09, Lactic Acid:0.8 mmol/L
   Assessment and Plan
   [**Age over 90 323**] y/o M with history of CHF, ?COPD who was sent to the ED from [**Hospital 12**]
   Rehab for respiratory distress.
5. Date: 2171-03-07, Time: 14:35:00, Note Category: Radiology, Note Description: NASO-INTESTINAL TUBE PLACEMENT (W/FLUORO) | Text: Admitting Diagnosis: SHORTNESS OF BREATH
 ______________________________________________________________________________
 [**Hospital 2**] MEDICAL CONDITION:
  [**Age over 90 **] year old man with need for NG tube and multiple failed attempts by nurses
  and MD's.
 
6. Date: 2171-03-08, Time: 07:26:00, Note Category: Physician, Note Description: Physician Resident Progress Note | Text: 7 mg/dL
   Assessment and Plan
   [**Age over 90 323**] y/o M with history of CHF, ?COPD who was sent to the ED from [**Hospital 12**]
   Rehab for respiratory distress.
   
7. Date: 2171-03-09, Time: 06:54:00, Note Category: Physician, Note Description: Physician Resident Progress Note | Text: 3 mg/dL
   Assessment and Plan
   [**Age over 90 323**] y/o M with history of CHF, ?COPD who was sent to the ED from [**Hospital 12**]
   Rehab for respiratory distress.
   
"
02806104-d643-9e2c-49dc-6afe7e155979,So Admissao,"Initial evaluation revealed moderate cardiomegaly, low lung volumes, a small left pleural effusion, and increased interstitial lung markings consistent with mild pulmonary edema. ",Supported,"The reference notes increased interstitial lung markings consistent with mild pulmonary edema, a small left pleural effusion, and findings consistent with pulmonary edema, which supports the text's description of moderate cardiomegaly, low lung volumes, small left pleural effusion, and mild pulmonary edema.","Hospital Admission Start: 2171-03-06 20:59:00
Hospital Admission End: 2171-03-11 18:30:00
Electronic Health Record Context
Ordered by Time (Earliest to Latest):
1. Date: 2171-03-06, Time: 19:17:00, Note Category: Radiology, Note Description: CHEST (PORTABLE AP) | Text: Increased interstitial lung markings
 and perihilar opacities consistent with mild pulmonary edema is noted.  
2. Date: 2171-03-06, Time: 19:17:00, Note Category: Radiology, Note Description: CHEST (PORTABLE AP) | Text: IMPRESSION:  Pulmonary edema with left pleural effusion.



3. Date: 2171-03-06, Time: 19:17:00, Note Category: Radiology, Note Description: CHEST (PORTABLE AP) | Text: There is a small left pleural
 effusion with associated atelectasis.
4. Date: 2171-03-07, Time: 07:45:00, Note Category: Radiology, Note Description: CHEST (PORTABLE AP) | Text: Mild
 indistinctness of pulmonary vessels is again consistent with elevated
 pulmonary venous pressure.
5. Date: 2171-03-08, Time: 11:36:00, Note Category: Radiology, Note Description: CHEST (PORTABLE AP) | Text: There is improved
 mild pulmonary edema.  
6. Date: 2171-03-08, Time: 11:36:00, Note Category: Radiology, Note Description: CHEST (PORTABLE AP) | Text: IMPRESSION:

 Improvement in mild pulmonary edema with unchanged left lower lobe
 atelectasis.



7. Date: 2171-03-08, Time: 21:08:00, Note Category: Radiology, Note Description: CHEST (PORTABLE AP) | Text: There are continued bilateral pleural
 effusions, left greater than right, with bibasilar atelectasis and mild
 congestive failure, not appreciably changed since the prior study.



8. Date: 2171-03-10, Time: 08:08:00, Note Category: Radiology, Note Description: CHEST (PORTABLE AP) | Text: REASON FOR THIS EXAMINATION:
  Evaluate for worsening pulmonary edema.
9. Date: 2171-03-10, Time: 08:08:00, Note Category: Radiology, Note Description: CHEST (PORTABLE AP) | Text: [**2171-3-10**] 8:08 AM
 CHEST (PORTABLE AP)                                             Clip # [**Clip Number (Radiology) 54627**]
 Reason: Evaluate for worsening pulmonary edema.
 
10. Date: 2171-03-10, Time: 08:08:00, Note Category: Radiology, Note Description: CHEST (PORTABLE AP) | Text: There is mild
 atelectasis at the lung bases.  
"
b505de32-fd7e-b7b7-e524-0f7da5c4130b,So Admissao,"He was treated with lasix, IV antibiotics, and BiPAP, but his condition worsened, and he was intubated due to high PCo2 levels. ",Supported,"The reference states the patient was treated with lasix and BiPAP, and despite BiPAP, his respiratory status worsened leading to intubation due to high PCo2 levels, which supports the text.","Hospital Admission Start: 2171-03-06 20:59:00
Hospital Admission End: 2171-03-11 18:30:00
Electronic Health Record Context
Ordered by Time (Earliest to Latest):
1. Date: 2171-03-07, Time: 04:56:00, Note Category: Physician, Note Description: Physician Resident Admission Note | Text: Here, he has been treated with lasix, morphine, and nitro gtt.
   
2. Date: 2171-03-07, Time: 04:56:00, Note Category: Physician, Note Description: Physician Resident Admission Note | Text: On arrival to the floor, the patient's VS were T= 97.6; BP= 123/63; HR=
   90; RR= 27; O2 sat= 98% on BiPAP.
3. Date: 2171-03-07, Time: 04:56:00, Note Category: Physician, Note Description: Physician Resident Admission Note | Text: The patient was placed on BiPAP to help
   with his breathing, as he was reportedly DNR/DNI at his nursing home.
   
4. Date: 2171-03-07, Time: 04:56:00, Note Category: Physician, Note Description: Physician Resident Admission Note | Text: On arrival to the ED, the patient's VS were T= 98.2;
   BP= 115/89; HR= 80s; RR= 30s; O2 sat= 100% on BiPAP 100%.  
5. Date: 2171-03-07, Time: 06:25:00, Note Category: Physician, Note Description: Physician Resident Progress Note | Text: Chief Complaint:
   24 Hour Events:
   - pt's respiratory status did not improve with adjustment of his BiPAP,
   ultimately resulting in intubation/mechanical ventilation
   Allergies:
   Penicillins
   itching;
   Levofloxacin
   Rash;
   Phenazopyridine
   Unknown;
   Last dose of Antibiotics:
   Infusions:
   Dopamine - 6 mcg/Kg/min
   Other ICU medications:
   Furosemide (Lasix) - [**2171-3-7**]
6. Date: 2171-03-07, Time: 10:15:00, Note Category: Nursing, Note Description: Nursing Progress Note | Text: Repeat ABG: PCo2 still 93
   Intubated at 0445, Sxn
d for thick secretions. 
7. Date: 2171-03-08, Time: 03:19:00, Note Category: Nursing, Note Description: Nursing Progress Note | Text: pt may need to stay
   intubated r/t pna and need for more diuresis
   Pt is wheelchair bound at baseline.
   
"
0aeffdfc-7aa0-e9ef-17dd-4d16806886d1,So Admissao,"The patient was then placed on mechanical ventilation, sedation, and peripheral dopamine for BP support. ",Not Supported,"The reference shows the patient was placed on peripheral dopamine for BP support and BiPAP for breathing, but there is no mention of mechanical ventilation or sedation.","Hospital Admission Start: 2171-03-06 20:59:00
Hospital Admission End: 2171-03-11 18:30:00
Electronic Health Record Context
Ordered by Time (Earliest to Latest):
1. Date: 2171-03-07, Time: 01:55:00, Note Category: Nursing, Note Description: Nursing Progress Note | Text: Peripheral Dopamine started for BP
   support, 400cc ivf given in total.
          
2. Date: 2171-03-07, Time: 04:56:00, Note Category: Physician, Note Description: Physician Resident Admission Note | Text: The patient was placed on BiPAP to help
   with his breathing, as he was reportedly DNR/DNI at his nursing home.
   
3. Date: 2171-03-07, Time: 04:56:00, Note Category: Physician, Note Description: Physician Resident Admission Note | Text: On arrival to the floor, the patient's VS were T= 97.6; BP= 123/63; HR=
   90; RR= 27; O2 sat= 98% on BiPAP.
4. Date: 2171-03-07, Time: 04:56:00, Note Category: Physician, Note Description: Physician Resident Admission Note | Text: Here, he has been treated with lasix, morphine, and nitro gtt.
   
5. Date: 2171-03-07, Time: 04:56:00, Note Category: Physician, Note Description: Physician Resident Admission Note | Text: On arrival to the ED, the patient's VS were T= 98.2;
   BP= 115/89; HR= 80s; RR= 30s; O2 sat= 100% on BiPAP 100%.  
6. Date: 2171-03-08, Time: 03:19:00, Note Category: Nursing, Note Description: Nursing Progress Note | Text: pt may need to stay
   intubated r/t pna and need for more diuresis
   Pt is wheelchair bound at baseline.
   
7. Date: 2171-03-08, Time: 07:26:00, Note Category: Physician, Note Description: Physician Resident Progress Note | Text: - monitor BP, currently borderline hypotensive
   - continue to monitor BP
   .
   
8. Date: 2171-03-08, Time: 14:25:00, Note Category: Nursing, Note Description: Nursing Progress Note | Text: Peripheral Dopamine started for BP
   support, 400cc ivf given in total.
   
9. Date: 2171-03-09, Time: 02:38:00, Note Category: Nursing, Note Description: Nursing Progress Note | Text: Peripheral Dopamine started for BP
   support, 400cc ivf given in total.
"
efc45fc9-4a7e-c9ac-ad08-6611448f19fd,So Admissao,"He was treated for a urinary tract infection with nitrofurantoin and was being monitored for fluid balance, cardiac function, and renal function. ",Not Addressed,"The reference mentions treatment with lasix, morphine, and nitro gtt, but does not mention treatment with nitrofurantoin or monitoring for fluid balance, cardiac function, and renal function.","Hospital Admission Start: 2171-03-06 20:59:00
Hospital Admission End: 2171-03-11 18:30:00
Electronic Health Record Context
Ordered by Time (Earliest to Latest):
1. Date: 2171-03-07, Time: 04:56:00, Note Category: Physician, Note Description: Physician Resident Admission Note | Text: Here, he has been treated with lasix, morphine, and nitro gtt.
   
2. Date: 2171-03-07, Time: 04:56:00, Note Category: Physician, Note Description: Physician Resident Admission Note | Text: He was given
   40 mg IV lasix and put out 30-40 cc of urine.  
3. Date: 2171-03-07, Time: 04:56:00, Note Category: Physician, Note Description: Physician Resident Admission Note | Text: Also, of note, he was tried on
   a nitro gtt, which initially caused some hypotension.
   
4. Date: 2171-03-07, Time: 04:56:00, Note Category: Physician, Note Description: Physician Resident Admission Note | Text: NH records indicated that he was experiencing lightheadedness,
   SOB, DOE, orthopnea, poor appetite, mild nausea, and fatigue.  
5. Date: 2171-03-07, Time: 04:56:00, Note Category: Physician, Note Description: Physician Resident Admission Note | Text: Reportedly, he received
   240 mg PO lasix as well as 4 mg SL morphine at the NH.  
6. Date: 2171-03-07, Time: 04:56:00, Note Category: Physician, Note Description: Physician Resident Admission Note | Text: On arrival to the floor, the patient's VS were T= 97.6; BP= 123/63; HR=
   90; RR= 27; O2 sat= 98% on BiPAP.
7. Date: 2171-03-07, Time: 04:56:00, Note Category: Physician, Note Description: Physician Resident Admission Note | Text: On arrival to the ED, the patient's VS were T= 98.2;
   BP= 115/89; HR= 80s; RR= 30s; O2 sat= 100% on BiPAP 100%.  
8. Date: 2171-03-07, Time: 04:56:00, Note Category: Physician, Note Description: Physician Resident Admission Note | Text: At the NH, he was given
   lasix as well as SL morphine.  
9. Date: 2171-03-07, Time: 06:25:00, Note Category: Physician, Note Description: Physician Resident Progress Note | Text: He is
   on coumadin for anticoagulation.
   
10. Date: 2171-03-08, Time: 03:19:00, Note Category: Nursing, Note Description: Nursing Progress Note | Text: Plan:
   pt diuressed overnight he responded well to lasix,. 
"
821a8468-cfa8-b9d3-6892-d147ed1d246e,So Admissao,"The patient's disposition was pending, with consideration for discharge or continued care.",Supported,"The reference includes a note stating 'd/c this afternoon,' indicating discharge planning was underway, which supports that the patient's disposition was pending with consideration for discharge or continued care.","Hospital Admission Start: 2171-03-06 20:59:00
Hospital Admission End: 2171-03-11 18:30:00
Electronic Health Record Context
Ordered by Time (Earliest to Latest):
1. Date: 2171-03-07, Time: 04:56:00, Note Category: Physician, Note Description: Physician Resident Admission Note | Text: The patient was placed on BiPAP to help
   with his breathing, as he was reportedly DNR/DNI at his nursing home.
   
2. Date: 2171-03-07, Time: 04:56:00, Note Category: Physician, Note Description: Physician Resident Admission Note | Text: On arrival to the floor, the patient's VS were T= 97.6; BP= 123/63; HR=
   90; RR= 27; O2 sat= 98% on BiPAP.
3. Date: 2171-03-07, Time: 04:56:00, Note Category: Physician, Note Description: Physician Resident Admission Note | Text: However, on further discussion with the patient's HCP, it was stated
   that the patient would want to be full code.
   
4. Date: 2171-03-07, Time: 04:56:00, Note Category: Physician, Note Description: Physician Resident Admission Note | Text: On arrival to the ED, the patient's VS were T= 98.2;
   BP= 115/89; HR= 80s; RR= 30s; O2 sat= 100% on BiPAP 100%.  
5. Date: 2171-03-07, Time: 06:25:00, Note Category: Physician, Note Description: Physician Resident Progress Note | Text: Mouth care
   Comments:
   Communication: ICU consent signed Comments:
   Code status: Full code
   Disposition:
   ------ Protected Section ------
   Cardiology Teaching Physician Note
   On this day I saw, examined and was physically present with the
   resident / fellow for the key portions of the services provided. 
6. Date: 2171-03-07, Time: 14:35:00, Note Category: Radiology, Note Description: NASO-INTESTINAL TUBE PLACEMENT (W/FLUORO) | Text: The patient tolerated the procedure well.  
7. Date: 2171-03-08, Time: 03:19:00, Note Category: Nursing, Note Description: Nursing Progress Note | Text: pt may need to stay
   intubated r/t pna and need for more diuresis
   Pt is wheelchair bound at baseline.
   
8. Date: 2171-03-08, Time: 16:40:00, Note Category: General, Note Description: ICU Event Note | Text: Nurse present and all in agreement that patient would be DNI
   going forward.
9. Date: 2171-03-09, Time: 02:38:00, Note Category: Nursing, Note Description: Nursing Progress Note | Text: Resp status tenuous.
   
10. Date: 2171-03-09, Time: 06:54:00, Note Category: Physician, Note Description: Physician Resident Progress Note | Text: d/c this afternoon
   ------ Protected Section ------
   Cardiology Teaching Physician Note
   On this day I saw, examined and was physically present with the
   resident / fellow for the key portions of the services provided. 
"
3d70847e-d1c1-0159-2610-3982a6824064,So Admissao,He was able to tolerate sips of clear liquids and eventually advanced to a more solid diet. ,Supported,"The reference notes indicate the patient was tolerating sips of clear liquids and later tolerated clear/full liquids well with advancement of diet as tolerated, supporting the text that he was able to tolerate sips of clear liquids and eventually advanced to a more solid diet.","Hospital Admission Start: 2131-02-21 19:59:00
Hospital Admission End: 2131-03-08 13:16:00
Electronic Health Record Context
Ordered by Time (Earliest to Latest):
1. Date: 2131-02-22, Time: 06:11:00, Note Category: Physician, Note Description: Intensivist Note | Text: He was admitted, hydrated, and started on PO vanco. 
2. Date: 2131-02-22, Time: 06:45:00, Note Category: Nursing, Note Description: Nursing Progress Note | Text: He
   was admitted, hydrated, and started on PO vanco. 
3. Date: 2131-02-25, Time: 17:38:00, Note Category: Physician, Note Description: Cardiology Comprehensive Physician Note | Text: Amiodarone iv was started
   which helped control the heart rate and eventually converted him to
   sinus.  
4. Date: 2131-02-26, Time: 05:56:00, Note Category: Physician, Note Description: Intensivist Note | Text: ?Clears
   Nutrition: Clear liquids, Tolerating sips.  
5. Date: 2131-02-26, Time: 05:56:00, Note Category: Physician, Note Description: Intensivist Note | Text: Nutrition: Clear liquids, Tolerating sips.  
6. Date: 2131-02-26, Time: 05:56:00, Note Category: Physician, Note Description: Intensivist Note | Text: Tolerating sips.  
7. Date: 2131-02-27, Time: 10:50:00, Note Category: Nursing, Note Description: Nursing Transfer Note | Text: Tolerating clear/full liquids well- advance diet as
   tolerated.
                    
8. Date: 2131-02-27, Time: 10:50:00, Note Category: Nursing, Note Description: Nursing Transfer Note | Text: Tolerating POs well, denies nausea,
   encouraged to eat solids. 
"
470c70f2-37d9-011a-07e1-75b28fb4223a,So Admissao,"The patient's atrial fibrillation was managed with amiodarone and lopressor, and his heart rate and blood pressure were stabilized. ",Supported,"The reference documents administration of amiodarone and lopressor for atrial fibrillation management, with notes indicating stabilization of heart rate and blood pressure.","Hospital Admission Start: 2131-02-21 19:59:00
Hospital Admission End: 2131-03-08 13:16:00
Electronic Health Record Context
Ordered by Time (Earliest to Latest):
1. Date: 2131-02-24, Time: 19:10:00, Note Category: Nursing, Note Description: Nursing Progress Note | Text: Resident was at the bedside when episode
   occurred and lopressor 10 mg IVP given. 
2. Date: 2131-02-24, Time: 19:10:00, Note Category: Nursing, Note Description: Nursing Progress Note | Text: Atrial fibrillation (Afib)
   Assessment:
   Pt  was in NSR until run of rapid Afib into 170s at 1500. 
3. Date: 2131-02-25, Time: 07:26:00, Note Category: Nursing, Note Description: Nursing Progress Note | Text: Atrial fibrillation (Afib)
   Assessment:
   Pt turned at the beginning of the shift and HR increased to 140-150 in
   afib, BP remained stable with BP from 100/64
 140/68.
4. Date: 2131-02-25, Time: 17:38:00, Note Category: Physician, Note Description: Cardiology Comprehensive Physician Note | Text: Atrial tachycardia: start lopressor 25 QID PO and uptitrate if
   patient
s BP tolerates the beta blocker, continue amiodarone 400 [**Hospital1 **]
   for now, no anticoagulation needed for now since atrial tachycardia not
   Afib, if patient develops Afib consider coumadin since CHADS score 2,
   would check another Echo to assess for structural abnormalities.
5. Date: 2131-02-25, Time: 18:41:00, Note Category: Nursing, Note Description: Nursing Progress Note | Text: Action:
   PO amiodarone and lopressor given at 1700 after Dr [**First Name (STitle) **] spoke with
   cardiology.  
6. Date: 2131-02-26, Time: 06:37:00, Note Category: Nursing, Note Description: Nursing Progress Note | Text: Atrial fibrillation (Afib)
   Assessment:
   Pt in SR w/ rate in the 80-90
s at the beginning of the shift..  Had
   received first PO dose of amiodarone 400mg at 5pm, IV gtt of amio at
   0.5mg/min turned off at 9:30pm  Pt hypotensive at that time with BP as
   low as 75/45.
7. Date: 2131-02-26, Time: 18:00:00, Note Category: Nursing, Note Description: Nursing Progress Note | Text: Todays events:
   Atrial fibrillation (Afib)
   Assessment:
   Sinus rhythm rate increased to 120 at 1700 after staff assisted
   standing transfer from chair to bed. 
8. Date: 2131-02-27, Time: 05:41:00, Note Category: Physician, Note Description: Intensivist Note | Text: Cardiovascular: Aspirin, Beta-blocker
 increase to 50 mg tid, Statins,
   Post op AF
 Patient currently in sinus Rhythm. 
9. Date: 2131-02-27, Time: 06:32:00, Note Category: Nursing, Note Description: Nursing Progress Note | Text: Amiodarone 400mg [**Hospital1 **].
   
10. Date: 2131-02-27, Time: 10:50:00, Note Category: Nursing, Note Description: Nursing Transfer Note | Text: Action:
   Receiving 400mg amiodarone [**Hospital1 **] & 50mg lopressor [**Hospital1 **] for afib.
   
"
8ebcf909-ec3c-8eaa-ed34-489a7af2c68a,So Admissao,He received physical therapy and antibiotic coverage for his surgical site. ,Not Supported,The reference mentions antibiotic coverage (meropenem/flagyl IV and PO vancomycin) but does not mention the patient receiving physical therapy.,"Hospital Admission Start: 2131-02-21 19:59:00
Hospital Admission End: 2131-03-08 13:16:00
Electronic Health Record Context
Ordered by Time (Earliest to Latest):
1. Date: 2131-02-22, Time: 06:11:00, Note Category: Physician, Note Description: Intensivist Note | Text: He was transfered to
   the ICU, intubated, had a central line placed, started on
   vasopressors, and was given 3L IVF and meropenem/flagyl IV.
   
2. Date: 2131-02-22, Time: 06:45:00, Note Category: Nursing, Note Description: Nursing Progress Note | Text: He was
   transferred to the ICU, intubated, had a central line placed, started
   on
   vasopressors, and was given 3L IVF and meropenem/flagyl IV.
3. Date: 2131-02-22, Time: 13:52:00, Note Category: Nursing, Note Description: Nursing Progress Note | Text: He
   was admitted, hydrated, and started on PO vancomycin. 
4. Date: 2131-02-22, Time: 13:52:00, Note Category: Nursing, Note Description: Nursing Progress Note | Text: 73 male with  weakness and lower abdominal pain presented to outside
   hospital [**2-18**]. 
5. Date: 2131-02-25, Time: 17:38:00, Note Category: Physician, Note Description: Cardiology Comprehensive Physician Note | Text: He received a total colectomy with endileostomy on [**2-22**].
6. Date: 2131-02-27, Time: 06:32:00, Note Category: Nursing, Note Description: Nursing Progress Note | Text: Action:
   Abdominal wound dressing changed. 
7. Date: 2131-02-27, Time: 10:50:00, Note Category: Nursing, Note Description: Nursing Transfer Note | Text: Action:
   Dilaudid PCA discontinued & pt started on PO percocet prn with adequate
   relief of abd discomfort secondary to incision. 
8. Date: 2131-03-02, Time: 10:01:00, Note Category: Radiology, Note Description: PICC W/O PORT | Text: The patient tolerated the procedure well. 
"
80d33852-8e45-43b1-408c-e9a049b6c682,So Admissao,"The patient was eventually transferred to a rehabilitation program, where he continued to receive treatment for his various complications, including impaired skin integrity due to a leaking ostomy bag and thrush.

",Not Addressed,The reference mentions impaired skin integrity related to ostomy bag changes and thrush treatment during hospitalization but does not mention transfer to a rehabilitation program or continuation of treatment there.,"Hospital Admission Start: 2131-02-21 19:59:00
Hospital Admission End: 2131-03-08 13:16:00
Electronic Health Record Context
Ordered by Time (Earliest to Latest):
1. Date: 2131-02-22, Time: 06:11:00, Note Category: Physician, Note Description: Intensivist Note | Text: He was transfered to
   the ICU, intubated, had a central line placed, started on
   vasopressors, and was given 3L IVF and meropenem/flagyl IV.
   
2. Date: 2131-02-22, Time: 06:45:00, Note Category: Nursing, Note Description: Nursing Progress Note | Text: Arrangements were then made for transfer here by his family
s request
   PMHx:
   HTN
   Perforated Diverticulitis [**6-/2125**] c/b sepsis, respiratory failure, ARF,
   A Fib, multiple abscess formation after colectomy and hartmann
s pouch
   at OSH. 
3. Date: 2131-02-22, Time: 13:52:00, Note Category: Nursing, Note Description: Nursing Progress Note | Text: He was
   transferred to the ICU, intubated, had a central line placed, started
   on
   vasopressors, and was given 3L IVF and meropenem/flagyl IV.
4. Date: 2131-02-22, Time: 13:52:00, Note Category: Nursing, Note Description: Nursing Progress Note | Text: He
   was admitted, hydrated, and started on PO vancomycin. 
5. Date: 2131-02-26, Time: 18:00:00, Note Category: Nursing, Note Description: Nursing Progress Note | Text: Action:
   Started on nystatin swish and swallow, Vaseline to lips, ostomy bag
   changed and secured.
   
6. Date: 2131-02-26, Time: 18:00:00, Note Category: Nursing, Note Description: Nursing Progress Note | Text: Impaired Skin Integrity
   Assessment:
   Complains of tongue
burning
 and lips
chapped
, hx of thrush with
   last intubation. 
7. Date: 2131-02-27, Time: 06:32:00, Note Category: Nursing, Note Description: Nursing Progress Note | Text: Impaired Skin Integrity
   Assessment:
   Abdominal wound dressing to lower aspect of wound with serosanginous
   drainage. 
8. Date: 2131-03-02, Time: 10:01:00, Note Category: Radiology, Note Description: PICC W/O PORT | Text: The catheter was secured
 to the skin, flushed, and a sterile dressing applied.

 
"
0fdc44f3-34e8-dbf8-82f2-ea42e40665f0,So Admissao,"During his hospital stay, the patient underwent several imaging studies, including chest X-rays, abdominal X-rays, and an echocardiogram. ",Supported,"The reference documents multiple imaging studies during the hospital stay, including chest X-rays on 2131-02-22 and 2131-02-26, an abdominal radiograph on 2131-02-28, and chest fluoroscopic imaging related to PICC placement on 2131-03-02, supporting the text's statement.","Hospital Admission Start: 2131-02-21 19:59:00
Hospital Admission End: 2131-03-08 13:16:00
Electronic Health Record Context
Ordered by Time (Earliest to Latest):
1. Date: 2131-02-22, Time: 06:11:00, Note Category: Physician, Note Description: Intensivist Note | Text: He was transfered to
   the ICU, intubated, had a central line placed, started on
   vasopressors, and was given 3L IVF and meropenem/flagyl IV.
   
2. Date: 2131-02-22, Time: 11:28:00, Note Category: Radiology, Note Description: CHEST (PORTABLE AP) | Text: [**Doctor First Name 108**] TSICU                 [**2131-2-22**] 11:28 AM
 CHEST (PORTABLE AP); -77 BY DIFFERENT PHYSICIAN                 [**Name Initial (PRE) 73**] # [**Clip Number (Radiology) 96727**]
 Reason: eval for worsening pulm edema.
3. Date: 2131-02-22, Time: 13:52:00, Note Category: Nursing, Note Description: Nursing Progress Note | Text: He was
   transferred to the ICU, intubated, had a central line placed, started
   on
   vasopressors, and was given 3L IVF and meropenem/flagyl IV.
4. Date: 2131-02-27, Time: 12:06:00, Note Category: Rehab Services, Note Description: Physical Therapy Evaluation Note | Text: percocet
   Radiology: CXR [**2-26**]- possible effusion and consolidation within the left
   lung base
   Labs:
   28.2
   10.0
   262
   14.0
         [image002.jpg]
   Other labs:
   INR 1.9
   PTT 51.8
   Activity Orders: Activity as tolerated
   Social / Occupational History: lives with his wife, has 10 kids, 8 live
   nearby and are very supportive.
5. Date: 2131-02-28, Time: 20:18:00, Note Category: Radiology, Note Description: ABDOMEN (SUPINE & ERECT) | Text: FINDINGS:  Abdominal radiograph, supine and upright views.  
6. Date: 2131-03-01, Time: 12:05:00, Note Category: Radiology, Note Description: CHEST PORT. LINE PLACEMENT | Text: COMPARISON:  Prior chest radiographs, most recently one day prior ([**2131-2-28**]) dating back to [**2125-7-16**].

 
7. Date: 2131-03-02, Time: 10:01:00, Note Category: Radiology, Note Description: PICC W/O PORT | Text: Hard copies of ultrasound images were obtained before and immediately after
 establishing intravenous access. 
8. Date: 2131-03-02, Time: 10:01:00, Note Category: Radiology, Note Description: PICC W/O PORT | Text: Position of the catheter was confirmed by a
 fluoroscopic spot film of the chest.

 
"
56ceb3e1-ae47-feff-809c-cfc4675e63d8,So Admissao,"The patient was treated with antibiotics, vasopressors, and mechanical ventilation, and his condition was closely monitored in the ICU. ",Supported,"The reference states the patient was transferred to the ICU, intubated (mechanical ventilation), started on vasopressors, and treated with antibiotics (meropenem/flagyl and vancomycin), indicating close monitoring in the ICU.","Hospital Admission Start: 2131-02-21 19:59:00
Hospital Admission End: 2131-03-08 13:16:00
Electronic Health Record Context
Ordered by Time (Earliest to Latest):
1. Date: 2131-02-22, Time: 06:11:00, Note Category: Physician, Note Description: Intensivist Note | Text: He was transfered to
   the ICU, intubated, had a central line placed, started on
   vasopressors, and was given 3L IVF and meropenem/flagyl IV.
   
2. Date: 2131-02-22, Time: 06:11:00, Note Category: Physician, Note Description: Intensivist Note | Text: 18 mcg/Kg/min
   Other ICU medications:
   Other medications:
   Flowsheet Data as of  [**2131-2-22**] 06:10 AM
   Vital signs
   Hemodynamic monitoring
   Fluid balance
                                                                  24 hours
                                                             Since [**33**] a.m.
   
3. Date: 2131-02-22, Time: 06:45:00, Note Category: Nursing, Note Description: Nursing Progress Note | Text: He was
   transferred to the ICU, intubated, had a central line placed, started
   on
   vasopressors, and was given 3L IVF and meropenem/flagyl IV.
4. Date: 2131-02-22, Time: 13:52:00, Note Category: Nursing, Note Description: Nursing Progress Note | Text: He
   was admitted, hydrated, and started on PO vancomycin. 
5. Date: 2131-02-23, Time: 04:14:00, Note Category: Physician, Note Description: Intensivist Note | Text: 14 mcg/Kg/min
   Propofol - 20 mcg/Kg/min
   Amiodarone - 1 mg/min
   Other ICU medications:
   Sodium Bicarbonate 8.4% (Amp) - [**2131-2-22**] 05:24 PM
   Midazolam (Versed) - [**2131-2-22**] 07:58 PM
   Famotidine (Pepcid) - [**2131-2-23**] 12:00 AM
   Heparin Sodium
6. Date: 2131-02-24, Time: 19:10:00, Note Category: Nursing, Note Description: Nursing Progress Note | Text: Resident was at the bedside when episode
   occurred and lopressor 10 mg IVP given. 
"
6440902e-c077-ee3c-c9e7-7d990607e4d6,So Admissao,"He experienced several complications, including atrial fibrillation and supraventricular tachycardia, but was successfully converted to a normal sinus rhythm with treatment. ",Supported,"The reference documents the patient experiencing atrial fibrillation and supraventricular tachycardia, with treatment including amiodarone leading to conversion to sinus rhythm, supporting the text's statement.","Hospital Admission Start: 2131-02-21 19:59:00
Hospital Admission End: 2131-03-08 13:16:00
Electronic Health Record Context
Ordered by Time (Earliest to Latest):
1. Date: 2131-02-21, Time: Unknown, Note Category: ECG, Note Description: Report | Text: Sinus rhythm with borderline sinus tachycardia and atrial premature beats.

2. Date: 2131-02-24, Time: 19:10:00, Note Category: Nursing, Note Description: Nursing Progress Note | Text: Atrial fibrillation (Afib)
   Assessment:
   Pt  was in NSR until run of rapid Afib into 170s at 1500. 
3. Date: 2131-02-25, Time: 17:38:00, Note Category: Physician, Note Description: Cardiology Comprehensive Physician Note | Text: Amiodarone iv was started
   which helped control the heart rate and eventually converted him to
   sinus.  
4. Date: 2131-02-25, Time: 17:38:00, Note Category: Physician, Note Description: Cardiology Comprehensive Physician Note | Text: Sinus tachycardia: continue pain medication and rehydration with
   crystalline solutions
   For his wheezing likely due to history of recent intubation please
   avoid beta2 agonist and use ipatropium inhalers
   Cardiovascular risk profile: consider starting ASA 81 mg and check
   lipids to assess need for statin therapy
5. Date: 2131-02-25, Time: 17:38:00, Note Category: Physician, Note Description: Cardiology Comprehensive Physician Note | Text: We were consulted to help with the management of this supraventricular
   tachycardia.  
6. Date: 2131-02-25, Time: 17:38:00, Note Category: Physician, Note Description: Cardiology Comprehensive Physician Note | Text: Since
   then he developed acute renal failure and narrow complex tachycardia.
   
7. Date: 2131-02-25, Time: 17:38:00, Note Category: Physician, Note Description: Cardiology Comprehensive Physician Note | Text: TITLE:
   Date of service: [**2131-2-25**]
   Initial consultation: Inpatient
   Presenting complaint: Arrhythmia
   History of present illness: 73 year old male with h/o HTN, CVA and
   C.diff colitis with toxic megacolon, septic shock was transferred to
   [**Hospital1 54**] from OSH where he presented with weakness and lower abdominal
   pain.  
8. Date: 2131-02-26, Time: 18:00:00, Note Category: Nursing, Note Description: Nursing Progress Note | Text: Todays events:
   Atrial fibrillation (Afib)
   Assessment:
   Sinus rhythm rate increased to 120 at 1700 after staff assisted
   standing transfer from chair to bed. 
9. Date: 2131-02-27, Time: 05:41:00, Note Category: Physician, Note Description: Intensivist Note | Text: Cardiovascular: Aspirin, Beta-blocker
 increase to 50 mg tid, Statins,
   Post op AF
 Patient currently in sinus Rhythm. 
10. Date: 2131-03-02, Time: Unknown, Note Category: ECG, Note Description: Report | Text: Sinus rhythm
Consider left atrial abnormality although is nondiagnostic and tracing may be
within normal limits
Since previous tracing of _


"
6d2953ec-9991-971b-a839-a7f35055e62a,So Admissao,"These studies revealed findings consistent with small-bowel obstruction, left pleural effusion, and mildly thickened aortic and mitral valve leaflets. ",Supported,"The reference notes confirm small-bowel obstruction with dilated loops and stepladder air-fluid levels, left pleural effusion with moderate extent, and mildly thickened aortic and mitral valve leaflets.","Hospital Admission Start: 2131-02-21 19:59:00
Hospital Admission End: 2131-03-08 13:16:00
Electronic Health Record Context
Ordered by Time (Earliest to Latest):
1. Date: 2131-02-23, Time: 05:13:00, Note Category: Radiology, Note Description: CHEST (PORTABLE AP) | Text: There has been
 interval increase in mild to moderate right and moderate left pleural effusion
 and adjacent atelectasis. 
2. Date: 2131-02-25, Time: 05:31:00, Note Category: Radiology, Note Description: CHEST (PORTABLE AP) | Text: The extent of the left-sided pleural
 effusion, combined with the pre-existing left basal and retrocardiac opacity
 have slightly increased.  
3. Date: 2131-02-25, Time: 17:38:00, Note Category: Physician, Note Description: Cardiology Comprehensive Physician Note | Text: The mitral valve leaflets are
   mildly thickened. 
4. Date: 2131-02-27, Time: Unknown, Note Category: Echo, Note Description: Report | Text: AORTIC VALVE: Mildly thickened aortic valve leaflets (3). 
5. Date: 2131-02-27, Time: Unknown, Note Category: Echo, Note Description: Report | Text: The mitral valve leaflets are mildly thickened.

6. Date: 2131-02-28, Time: 20:18:00, Note Category: Radiology, Note Description: ABDOMEN (SUPINE & ERECT) | Text: IMPRESSION:

 Dilated loops of small bowels with ""stepladder"" air-fluid levels, consistent
 with early small-bowel obstruction.  
7. Date: 2131-02-28, Time: 20:18:00, Note Category: Radiology, Note Description: ABDOMEN (SUPINE & ERECT) | Text: Multiple loops of dilated small bowels with step-ladder air-fluid levels,
 concerning for early small bowel obstruction.

 
8. Date: 2131-02-28, Time: 20:18:00, Note Category: Radiology, Note Description: ABDOMEN (SUPINE & ERECT) | Text: Multiple loops of dilated small bowels with step-ladder air-fluid levels,
  concerning for early small bowel obstruction.

  
9. Date: 2131-02-28, Time: 20:18:00, Note Category: Radiology, Note Description: ABDOMEN (SUPINE & ERECT) | Text: Assess for evidence of small-bowel
 obstruction.

 
10. Date: 2131-02-28, Time: 20:18:00, Note Category: Radiology, Note Description: ABDOMEN (SUPINE & ERECT) | Text: There are dilated
 loops of small bowel with ""stepladder"" air-fluid levels.  
"
ee7cb69e-eb5e-5fe0-8feb-93096ada1190,So Admissao,"The patient also had a PICC line placed for TPN administration, which was initially misplaced but later corrected. ",Supported,"The reference documents a failed initial PICC placement with the catheter curling into the axilla, followed by a successful placement of a double-lumen PICC line with the tip positioned correctly, supporting the text that the PICC line was initially misplaced but later corrected.","Hospital Admission Start: 2131-02-21 19:59:00
Hospital Admission End: 2131-03-08 13:16:00
Electronic Health Record Context
Ordered by Time (Earliest to Latest):
1. Date: 2131-02-22, Time: 06:11:00, Note Category: Physician, Note Description: Intensivist Note | Text: He was transfered to
   the ICU, intubated, had a central line placed, started on
   vasopressors, and was given 3L IVF and meropenem/flagyl IV.
   
2. Date: 2131-02-22, Time: 06:45:00, Note Category: Nursing, Note Description: Nursing Progress Note | Text: He was
   transferred to the ICU, intubated, had a central line placed, started
   on
   vasopressors, and was given 3L IVF and meropenem/flagyl IV.
3. Date: 2131-03-01, Time: 12:05:00, Note Category: Radiology, Note Description: CHEST PORT. LINE PLACEMENT | Text: PICC placement was discussed by Dr. 
4. Date: 2131-03-01, Time: 12:05:00, Note Category: Radiology, Note Description: CHEST PORT. LINE PLACEMENT | Text: LINE PLACEMENT                                      Clip # [**Clip Number (Radiology) 96730**]
 Reason: r dl picc 45cm
 Admitting Diagnosis: ACUTE RENAL FAILURE
 ______________________________________________________________________________
 [**Hospital 4**] MEDICAL CONDITION:
  73 year old man with picc
 REASON FOR THIS EXAMINATION:
  r dl picc 45cm
 ______________________________________________________________________________
                                  PFI REPORT
 Right PICC catheter coursing towards the lung and then curving around to and
 is directed again laterally terminating in the right axilla.
5. Date: 2131-03-01, Time: 12:05:00, Note Category: Radiology, Note Description: CHEST PORT. LINE PLACEMENT | Text: EXAMINATION:
  r dl picc 45cm
 ______________________________________________________________________________
 PROVISIONAL FINDINGS IMPRESSION (PFI): [**First Name9 (NamePattern2) 1237**] [**Doctor First Name 38**] [**2131-3-1**] 4:14 PM
  Right PICC catheter coursing towards the lung and then curving around to and
  is directed again laterally terminating in the right axilla.
6. Date: 2131-03-02, Time: 10:01:00, Note Category: Radiology, Note Description: PICC W/O PORT | Text: ______________________________________________________________________________
                                 FINAL REPORT
 PICC LINE PLACEMENT

 INDICATION: IV access needed for TPN.

 
7. Date: 2131-03-02, Time: 10:01:00, Note Category: Radiology, Note Description: PICC W/O PORT | Text: Failed bedside PICC placement, curls into axilla.
 
8. Date: 2131-03-02, Time: 10:01:00, Note Category: Radiology, Note Description: PICC W/O PORT | Text: A peel-away sheath was then placed over a
 guidewire and a double-lumen PICC line measuring 40 cm in length was then
 placed through the peel-away sheath with its tip positioned in the SVC under
 fluoroscopic guidance. 
"
6f6a9ac3-fb6c-48d7-f5e8-5f06a4741863,So Admissao,"The patient's condition continued to improve, and he was eventually discharged from the hospital.",Not Addressed,"The reference context details the patient's admission, ICU transfer, procedures, and treatments but does not mention any improvement in condition or discharge from the hospital.","Hospital Admission Start: 2131-02-21 19:59:00
Hospital Admission End: 2131-03-08 13:16:00
Electronic Health Record Context
Ordered by Time (Earliest to Latest):
1. Date: 2131-02-22, Time: 06:11:00, Note Category: Physician, Note Description: Intensivist Note | Text: He was transfered to
   the ICU, intubated, had a central line placed, started on
   vasopressors, and was given 3L IVF and meropenem/flagyl IV.
   
2. Date: 2131-02-22, Time: 06:45:00, Note Category: Nursing, Note Description: Nursing Progress Note | Text: He
   was admitted, hydrated, and started on PO vanco. 
3. Date: 2131-02-22, Time: 13:52:00, Note Category: Nursing, Note Description: Nursing Progress Note | Text: He was
   transferred to the ICU, intubated, had a central line placed, started
   on
   vasopressors, and was given 3L IVF and meropenem/flagyl IV.
4. Date: 2131-02-22, Time: 13:52:00, Note Category: Nursing, Note Description: Nursing Progress Note | Text: He
   was admitted, hydrated, and started on PO vancomycin. 
5. Date: 2131-02-22, Time: 13:52:00, Note Category: Nursing, Note Description: Nursing Progress Note | Text: 73 male with  weakness and lower abdominal pain presented to outside
   hospital [**2-18**]. 
6. Date: 2131-02-22, Time: 16:08:00, Note Category: Respiratory, Note Description: Respiratory Care Shift Note | Text: PEEP increased from 5 to 10, FiO2 from 50 to 70%, now weaned back to
   50% but maintained PEEP, ABGs went from combined acidosis to acute
   metabolic acidosis but pH has improved since this morning, patient went
   to OR this morning where he has Ileostomy done, will continues to be
   followed.
7. Date: 2131-03-01, Time: 12:05:00, Note Category: Radiology, Note Description: CHEST PORT. LINE PLACEMENT | Text: ______________________________________________________________________________
                                 FINAL REPORT
 HISTORY:  73-year-old male with PICC catheter.

 
8. Date: 2131-03-02, Time: 10:01:00, Note Category: Radiology, Note Description: PICC W/O PORT | Text: The patient tolerated the procedure well. 
"
f3041856-0d94-18c4-63a6-5d4be3322939,So Admissao,"The patient, a 73-year-old man, was admitted to the hospital with weakness, lower abdominal pain, and evidence of colitis due to C. difficile infection. ",Supported,"The reference confirms the patient is a 73-year-old man admitted with weakness, lower abdominal pain, and evidence of colitis due to C. difficile infection.","Hospital Admission Start: 2131-02-21 19:59:00
Hospital Admission End: 2131-03-08 13:16:00
Electronic Health Record Context
Ordered by Time (Earliest to Latest):
1. Date: 2131-02-21, Time: 22:19:00, Note Category: Radiology, Note Description: CT ABDOMEN W/O CONTRAST | Text: ______________________________________________________________________________
                                 FINAL REPORT
 INDICATION:  73-year-old man with C. diff colitis presenting with abdominal
 distention.
2. Date: 2131-02-22, Time: 06:45:00, Note Category: Nursing, Note Description: Nursing Progress Note | Text: CT
   scan showed evidence of colitis and stool was positive for C Diff. 
3. Date: 2131-02-22, Time: 13:52:00, Note Category: Nursing, Note Description: Nursing Progress Note | Text: 73 male with  weakness and lower abdominal pain presented to outside
   hospital [**2-18**]. 
4. Date: 2131-02-24, Time: 06:55:00, Note Category: Nursing, Note Description: Nursing Progress Note | Text: 73 y.o.m with C.diff colitis, sepsis, resp failure, ARF, toxic
   megacolon, s/p ex lap, total abd colectomy, end ileostomy [**2-22**].
   
5. Date: 2131-02-25, Time: 17:38:00, Note Category: Physician, Note Description: Cardiology Comprehensive Physician Note | Text: Assessment and Plan
   Mr [**Known lastname 8268**] is a 73 year old man with h/o severe C.diff colitis s/p total
   colectomy with jejunostomie now with atrial tachycardia responsive to
   amiodarone.
6. Date: 2131-02-25, Time: 17:38:00, Note Category: Physician, Note Description: Cardiology Comprehensive Physician Note | Text: TITLE:
   Date of service: [**2131-2-25**]
   Initial consultation: Inpatient
   Presenting complaint: Arrhythmia
   History of present illness: 73 year old male with h/o HTN, CVA and
   C.diff colitis with toxic megacolon, septic shock was transferred to
   [**Hospital1 54**] from OSH where he presented with weakness and lower abdominal
   pain.  
7. Date: 2131-02-27, Time: 12:06:00, Note Category: Rehab Services, Note Description: Physical Therapy Evaluation Note | Text: Attending Physician: [**Name10 (NameIs) 1924**]
   Referral date: [**2131-2-26**]
   Medical Diagnosis / ICD 9: sepsis / 038.9
   Reason of referral: Eval & treat
   History of Present Illness / Subjective Complaint: 73 yo M  admitted to
   OSH on [**2-18**] with weakness and lower abdominal pain, CT showing colitis
   with +c.diff,
8. Date: 2131-02-28, Time: 20:18:00, Note Category: Radiology, Note Description: ABDOMEN (SUPINE & ERECT) | Text: ______________________________________________________________________________
                                 FINAL REPORT
 HISTORY:  73-year-old man with complicated C. diff colitis, now status post
 total colectomy and end ileostomy.  
"
c8d8da41-6cc9-2153-378b-a3b85e0cae87,So Admissao,"He developed sepsis, acute respiratory failure, and acute renal failure, requiring transfer to the ICU, intubation, and vasopressor support. ",Supported,"The reference documents sepsis, acute respiratory failure (respiratory distress and intubation), and acute renal failure, along with ICU transfer, intubation, and vasopressor support, fully supporting the text.","Hospital Admission Start: 2131-02-21 19:59:00
Hospital Admission End: 2131-03-08 13:16:00
Electronic Health Record Context
Ordered by Time (Earliest to Latest):
1. Date: 2131-02-22, Time: 06:11:00, Note Category: Physician, Note Description: Intensivist Note | Text: He was transfered to
   the ICU, intubated, had a central line placed, started on
   vasopressors, and was given 3L IVF and meropenem/flagyl IV.
   
2. Date: 2131-02-22, Time: 06:11:00, Note Category: Physician, Note Description: Intensivist Note | Text: Over a short periord this afternoon he quickly decompensated
   becoming hypotensive with respiratory distress.  
3. Date: 2131-02-22, Time: 06:45:00, Note Category: Nursing, Note Description: Nursing Progress Note | Text: He was
   transferred to the ICU, intubated, had a central line placed, started
   on
   vasopressors, and was given 3L IVF and meropenem/flagyl IV.
4. Date: 2131-02-22, Time: 06:45:00, Note Category: Nursing, Note Description: Nursing Progress Note | Text: He quickly
   decompensated becoming hypotensive with respiratory distress.  
5. Date: 2131-02-22, Time: 11:28:00, Note Category: Radiology, Note Description: CHEST (PORTABLE AP) | Text: Admitting Diagnosis: ACUTE RENAL FAILURE
 ______________________________________________________________________________
 [**Hospital 4**] MEDICAL CONDITION:
  73 year old man with sepsis, acute desat, acidosis.
 
6. Date: 2131-02-22, Time: 11:28:00, Note Category: Radiology, Note Description: CHEST (PORTABLE AP) | Text: Admitting Diagnosis: ACUTE RENAL FAILURE
 ______________________________________________________________________________
 [**Hospital 4**] MEDICAL CONDITION:
  73 year old man with sepsis, acute desat, acidosis.
"
b0708132-b608-102e-7fce-b1a5cc9c0be9,So Admissao,"The patient underwent an exploratory laparotomy, total abdominal colectomy, and end ileostomy due to toxic megacolon. ",Supported,"The reference clearly states the patient underwent exploratory laparotomy (ex lap), total abdominal colectomy, and end ileostomy due to toxic megacolon on 2-22, which fully supports the text.","Hospital Admission Start: 2131-02-21 19:59:00
Hospital Admission End: 2131-03-08 13:16:00
Electronic Health Record Context
Ordered by Time (Earliest to Latest):
1. Date: 2131-02-23, Time: 05:45:00, Note Category: Nursing, Note Description: Nursing Progress Note | Text: 73M with C.diff colitis, sepsis, resp failure, ARF, toxic megacolon,
   s/p ex lap, total abd colectomy, end ileostomy [**2-22**].
   
2. Date: 2131-02-23, Time: 17:52:00, Note Category: Nursing, Note Description: Nursing Progress Note | Text: 73 y.o.m with C.diff colitis, sepsis, resp failure, ARF, toxic
   megacolon, s/p ex lap, total abd colectomy, end ileostomy [**2-22**].
   
3. Date: 2131-02-25, Time: 07:26:00, Note Category: Nursing, Note Description: Nursing Progress Note | Text: 73M with C.diff colitis, sepsis, resp failure, ARF, ?toxic megacolon,
   s/p ex lap, total abd colectomy, end ileostomy [**2-22**].
   
4. Date: 2131-02-25, Time: 17:38:00, Note Category: Physician, Note Description: Cardiology Comprehensive Physician Note | Text: He received a total colectomy with endileostomy on [**2-22**].
5. Date: 2131-02-26, Time: 06:37:00, Note Category: Nursing, Note Description: Nursing Progress Note | Text: 73M with C.diff colitis/toxic metacolon, sepsis, resp failure, ARF, s/p
   ex lap, total abd colectomy, end ileostomy [**2-22**].
6. Date: 2131-02-26, Time: 18:00:00, Note Category: Nursing, Note Description: Nursing Progress Note | Text: 73M with C.diff colitis/toxic metacolon, sepsis, resp failure, ARF, s/p
   ex lap, total abd colectomy, end ileostomy [**2-22**].
   
7. Date: 2131-02-27, Time: 12:06:00, Note Category: Rehab Services, Note Description: Physical Therapy Evaluation Note | Text: developed ARF with acute abdominal distrension and
   respiratory distress requiring intubation and pressors, transferred to
   [**Hospital1 54**] with toxic megacolon,  underwent ex. 
8. Date: 2131-02-27, Time: 12:06:00, Note Category: Rehab Services, Note Description: Physical Therapy Evaluation Note | Text: lap, total abdominal
   colectomy, and end ileostomy on [**2-22**].  
"
d6166e55-acd2-794d-f6b5-8736fdc3d68c,So Admissao,"He required close monitoring and management of his various organ dysfunctions, including acute respiratory distress syndrome, sepsis, and acute renal failure. ",Supported,"The reference documents acute renal failure, sepsis, acute respiratory distress syndrome, and mentions organ dysfunction requiring close monitoring and management, fully supporting the text.","Hospital Admission Start: 2131-02-21 19:59:00
Hospital Admission End: 2131-03-08 13:16:00
Electronic Health Record Context
Ordered by Time (Earliest to Latest):
1. Date: 2131-02-21, Time: 20:57:00, Note Category: Radiology, Note Description: CHEST PORT. LINE PLACEMENT | Text: Admitting Diagnosis: ACUTE RENAL FAILURE
 ______________________________________________________________________________
 [**Hospital 4**] MEDICAL CONDITION:
  73 year old man with resp failure.
 
2. Date: 2131-02-22, Time: 06:11:00, Note Category: Physician, Note Description: Intensivist Note | Text: Over a short periord this afternoon he quickly decompensated
   becoming hypotensive with respiratory distress.  
3. Date: 2131-02-22, Time: 06:45:00, Note Category: Nursing, Note Description: Nursing Progress Note | Text: He quickly
   decompensated becoming hypotensive with respiratory distress.  
4. Date: 2131-02-22, Time: 11:28:00, Note Category: Radiology, Note Description: CHEST (PORTABLE AP) | Text: Admitting Diagnosis: ACUTE RENAL FAILURE
 ______________________________________________________________________________
 [**Hospital 4**] MEDICAL CONDITION:
  73 year old man with sepsis, acute desat, acidosis.
 
5. Date: 2131-02-22, Time: 11:28:00, Note Category: Radiology, Note Description: CHEST (PORTABLE AP) | Text: Admitting Diagnosis: ACUTE RENAL FAILURE
 ______________________________________________________________________________
 [**Hospital 4**] MEDICAL CONDITION:
  73 year old man with sepsis, acute desat, acidosis.
6. Date: 2131-02-24, Time: 06:35:00, Note Category: Physician, Note Description: Intensivist Note | Text: 1 mg/dL,
   Mg:2.5 mg/dL, PO4:5.8 mg/dL
   Assessment and Plan
   ACUTE RESPIRATORY DISTRESS SYNDROME (ARDS, ACUTE LUNG INJURY, [**Doctor Last Name **]),
   SUPRAVENTRICULAR TACHYCARDIA (SVT), IMPAIRED SKIN INTEGRITY, SEPSIS,
   SEVERE (WITH ORGAN DYSFUNCTION), RENAL FAILURE, ACUTE (ACUTE RENAL
   FAILURE, ARF),
7. Date: 2131-02-25, Time: 17:38:00, Note Category: Physician, Note Description: Cardiology Comprehensive Physician Note | Text: Since
   then he developed acute renal failure and narrow complex tachycardia.
   
"
40d22801-e082-ec79-4f1c-15a01deea985,So Admissao,"The patient's respiratory status improved, and he was weaned off peep according to esophageal balloon pressures. ",Not Supported,"The reference shows PEEP was increased and then decreased but does not indicate the patient was fully weaned off PEEP; it only mentions a decrease to 10 and improved oxygenation on CPAP/PSV 5/5, not complete weaning off PEEP.","Hospital Admission Start: 2131-02-21 19:59:00
Hospital Admission End: 2131-03-08 13:16:00
Electronic Health Record Context
Ordered by Time (Earliest to Latest):
1. Date: 2131-02-22, Time: 16:08:00, Note Category: Respiratory, Note Description: Respiratory Care Shift Note | Text: PEEP increased from 5 to 10, FiO2 from 50 to 70%, now weaned back to
   50% but maintained PEEP, ABGs went from combined acidosis to acute
   metabolic acidosis but pH has improved since this morning, patient went
   to OR this morning where he has Ileostomy done, will continues to be
   followed.
2. Date: 2131-02-23, Time: 04:14:00, Note Category: Physician, Note Description: Intensivist Note | Text: Esophageal balloon for closer monitoring.
   
3. Date: 2131-02-23, Time: 17:52:00, Note Category: Nursing, Note Description: Nursing Progress Note | Text: wean peep tomorrow
   according to esophageal balloon pressures. 
4. Date: 2131-02-23, Time: 17:52:00, Note Category: Nursing, Note Description: Nursing Progress Note | Text: Action:
   ARDS NET protocol, esophageal balloon placed to optimize vent settings,
   peep increased to 15, no other vent settings changes made today. 
5. Date: 2131-02-24, Time: 06:35:00, Note Category: Physician, Note Description: Intensivist Note | Text: Esophageal balloon placed and PEEP increased to 15.
   
6. Date: 2131-02-24, Time: 06:35:00, Note Category: Physician, Note Description: Intensivist Note | Text: Esophageal balloon placed and PEEP increased to 15.
   decr PEEP to 10.
   
7. Date: 2131-02-25, Time: 06:27:00, Note Category: Physician, Note Description: Intensivist Note | Text: Esophageal balloon placed and PEEP increased to
   15.  
8. Date: 2131-02-25, Time: 06:27:00, Note Category: Physician, Note Description: Intensivist Note | Text: Pulmonary: improved oxygenation down to CPAP/PSV 5/5.  
"
cec4b973-165c-6d31-605d-ec76369b6e01,So Admissao,His renal function also improved with hydration and electrolyte repletion. ,Supported,"The reference notes indicate that the patient received hydration and electrolyte management, with documented improvement in renal function and urine output.","Hospital Admission Start: 2131-02-21 19:59:00
Hospital Admission End: 2131-03-08 13:16:00
Electronic Health Record Context
Ordered by Time (Earliest to Latest):
1. Date: 2131-02-22, Time: 06:11:00, Note Category: Physician, Note Description: Intensivist Note | Text: Nutrition: NPO
   Renal: Marginal Urine output, resolving ARF prerenal progressing to ATN
   improving urine output
   Hematology: stable anemia secondary to dilution
   Endocrine: RISS
   Infectious Disease: meropenem, vancomycin, flagyl cultures pending.
   
2. Date: 2131-02-22, Time: 06:45:00, Note Category: Nursing, Note Description: Nursing Progress Note | Text: Plan:
   Follow renal function, fluid balance.
   
3. Date: 2131-02-22, Time: 06:45:00, Note Category: Nursing, Note Description: Nursing Progress Note | Text: Adjustment
   of meds for renal function, close monitoring of fluid status and renal
   function
   Response:
   Cr down to 4.5, urine output up marginally.
4. Date: 2131-02-22, Time: 06:45:00, Note Category: Nursing, Note Description: Nursing Progress Note | Text: Received 3000L fluid pta
   Action:
   Gentle hydration with 3 fluid boluses and maintenance fluid.
5. Date: 2131-02-22, Time: 06:45:00, Note Category: Nursing, Note Description: Nursing Progress Note | Text: He
   was admitted, hydrated, and started on PO vanco. 
6. Date: 2131-02-22, Time: 16:08:00, Note Category: Respiratory, Note Description: Respiratory Care Shift Note | Text: PEEP increased from 5 to 10, FiO2 from 50 to 70%, now weaned back to
   50% but maintained PEEP, ABGs went from combined acidosis to acute
   metabolic acidosis but pH has improved since this morning, patient went
   to OR this morning where he has Ileostomy done, will continues to be
   followed.
7. Date: 2131-02-23, Time: 17:52:00, Note Category: Nursing, Note Description: Nursing Progress Note | Text: Plan:
   Cont hydration with fluid resuscitation, [**Last Name (un) **] fluid status & renal
   function. 
8. Date: 2131-02-24, Time: 06:55:00, Note Category: Nursing, Note Description: Nursing Progress Note | Text: Plan:
   Cont hydration and monitor fluid status & renal function.
   
9. Date: 2131-02-26, Time: 10:48:00, Note Category: Nutrition, Note Description: Clinical Nutrition Note | Text: Renal function is improved.
   
"
dabd045e-4883-f56d-c62d-d1f61d998a77,So Admissao,"The patient's ileostomy was surgically revised at the bedside, with improved output and appearance.

",Supported,"The reference notes that Drs opened and sutured the ileostomy at bedside, indicating a surgical revision, which supports the text stating the ileostomy was surgically revised at the bedside.","Hospital Admission Start: 2131-02-21 19:59:00
Hospital Admission End: 2131-03-08 13:16:00
Electronic Health Record Context
Ordered by Time (Earliest to Latest):
1. Date: 2131-02-22, Time: 16:08:00, Note Category: Respiratory, Note Description: Respiratory Care Shift Note | Text: PEEP increased from 5 to 10, FiO2 from 50 to 70%, now weaned back to
   50% but maintained PEEP, ABGs went from combined acidosis to acute
   metabolic acidosis but pH has improved since this morning, patient went
   to OR this morning where he has Ileostomy done, will continues to be
   followed.
2. Date: 2131-02-23, Time: 05:45:00, Note Category: Nursing, Note Description: Nursing Progress Note | Text: Ileostomy red with
   minimal bloody drainage. 
3. Date: 2131-02-23, Time: 17:52:00, Note Category: Nursing, Note Description: Nursing Progress Note | Text: [**Last Name (STitle) 1924**] will mature (open) ileostomy at bedside.
4. Date: 2131-02-23, Time: 17:52:00, Note Category: Nursing, Note Description: Nursing Progress Note | Text: Immature ileostomy red,
   sanguinous drainage oozing from around ileostomy site.
   
5. Date: 2131-02-24, Time: 06:35:00, Note Category: Physician, Note Description: Intensivist Note | Text: Ileostomy site to be matured. 
6. Date: 2131-02-24, Time: 06:55:00, Note Category: Nursing, Note Description: Nursing Progress Note | Text: [**Last Name (STitle) 1924**] will
   mature (open) ileostomy at bedside today. 
7. Date: 2131-02-24, Time: 19:10:00, Note Category: Nursing, Note Description: Nursing Progress Note | Text: Action:
   Dr [**Last Name (STitle) 1924**] and Dr [**First Name (STitle) **] opened and sutured ilieosomy at bedside.
   
8. Date: 2131-02-25, Time: 07:26:00, Note Category: Nursing, Note Description: Nursing Progress Note | Text: Midline incision D+I,
   ileostomy red and edematous.  
9. Date: 2131-02-27, Time: 06:32:00, Note Category: Nursing, Note Description: Nursing Progress Note | Text: Action:
   Abdominal wound dressing changed. 
10. Date: 2131-02-28, Time: 20:18:00, Note Category: Radiology, Note Description: ABDOMEN (SUPINE & ERECT) | Text: An ileostomy is seen in the right lower quadrant.
 
"
8fa271c1-d792-8460-5bd0-772e53ef860f,So Admissao,"The patient was extubated and transitioned to nasal cannula oxygen, and his pain was managed with Dilaudid PCA. ",Not Supported,"The reference notes indicate the patient was intubated and on Dilaudid PCA for pain control, but there is no mention of extubation or transition to nasal cannula oxygen.","Hospital Admission Start: 2131-02-21 19:59:00
Hospital Admission End: 2131-03-08 13:16:00
Electronic Health Record Context
Ordered by Time (Earliest to Latest):
1. Date: 2131-02-22, Time: 06:11:00, Note Category: Physician, Note Description: Intensivist Note | Text: He was transfered to
   the ICU, intubated, had a central line placed, started on
   vasopressors, and was given 3L IVF and meropenem/flagyl IV.
   
2. Date: 2131-02-22, Time: 06:45:00, Note Category: Nursing, Note Description: Nursing Progress Note | Text: He was
   transferred to the ICU, intubated, had a central line placed, started
   on
   vasopressors, and was given 3L IVF and meropenem/flagyl IV.
3. Date: 2131-02-24, Time: 19:10:00, Note Category: Nursing, Note Description: Nursing Progress Note | Text: Resident was at the bedside when episode
   occurred and lopressor 10 mg IVP given. 
4. Date: 2131-02-26, Time: 05:56:00, Note Category: Physician, Note Description: Intensivist Note | Text: Neurologic: Pain controlled, Dilaudid PCA.
   
5. Date: 2131-02-27, Time: 05:41:00, Note Category: Physician, Note Description: Intensivist Note | Text: Neurologic: Pain controlled, Continue Diluadid PCA
   Cardiovascular: Aspirin, Beta-blocker, Statins, Patient currently in
   sinus Rhythm. 
6. Date: 2131-02-27, Time: 05:41:00, Note Category: Physician, Note Description: Intensivist Note | Text: Neurologic: Pain well controlled, Change Diluadid PCA to percocet PO.
7. Date: 2131-02-27, Time: 10:50:00, Note Category: Nursing, Note Description: Nursing Transfer Note | Text: Action:
   Dilaudid PCA discontinued & pt started on PO percocet prn with adequate
   relief of abd discomfort secondary to incision. 
"
