proposition_id,scope,text,verdict,reason,reference
09de3dba-0c11-dd06-509a-2b7edcc0778c,EHR Completo,"The patient's heart failure improved, and he was transferred to the floor for continued management.",Supported,The reference notes indicate that the patient's heart failure was improving and that there was a plan for transfer to the floor for continued management.,"Hospital Admission Start: 3 days 1 hours ago
Hospital Admission End: Now
Electronic Health Record Context
Ordered by Time (Earliest to Latest):
1. When: 3 days 12 hours ago, Note Category: Physician, Note Description: Physician Resident Admission Note | Text: PUMP: Patient with known hypertensive cardiomyopathy followed by Dr.
   
2. When: 3 days 12 hours ago, Note Category: Physician, Note Description: Physician Resident Admission Note | Text: [**First Name (STitle) **] in heart failure service. 
3. When: 3 days 12 hours ago, Note Category: Physician, Note Description: Physician Resident Admission Note | Text: Also had bedside
   ECHO in ED. 
4. When: 2 days 12 hours ago, Note Category: Physician, Note Description: Physician Resident Admission Note | Text: On arrival to CCU, patient sedated, but able to respond to questions
   appropriately, denied chest pain. 
5. When: 2 days 12 hours ago, Note Category: Physician, Note Description: Physician Resident Admission Note | Text: Also had bedside ECHO in ED. 
6. When: 2 days 12 hours ago, Note Category: Physician, Note Description: Physician Resident Admission Note | Text: Cards consult
   called, plan for admit to CCU for likely decompensated heart failure.
   
7. When: 2 days 12 hours ago, Note Category: Physician, Note Description: Physician Resident Progress Note | Text: particularly with less dyspnea at rest.
   
8. When: 2 days 12 hours ago, Note Category: Physician, Note Description: Cardiology Teaching Physician Note | Text: Transfer to floor.

9. When: 2 days 12 hours ago, Note Category: Physician, Note Description: Cardiology Teaching Physician Note | Text: I would add the following remarks:
   Medical Decision Making
   Heart failure improving.  
"
70ce4073-6067-eaa6-42d2-1b37067d78e1,EHR Completo,"He was educated on fluid and sodium restriction, and a diet consultation was recommended to manage his condition.",Supported,The reference documents multiple instances of education on fluid and sodium restriction and mentions a recommendation for a diet consultation to manage the patient's condition.,"Hospital Admission Start: 3 days 1 hours ago
Hospital Admission End: Now
Electronic Health Record Context
Ordered by Time (Earliest to Latest):
1. When: 3 days 12 hours ago, Note Category: Physician, Note Description: Physician Resident Admission Note | Text: [**First Name (STitle) **] that patient is in house
   - fluid restriction, strict I/Os, daily weights
   .
   
2. When: 3 days 12 hours ago, Note Category: General, Note Description: Generic Note | Text: Per wife, patient has been eating corn beef and has been noncompliant
   with fluid restriction.  
3. When: 2 days 12 hours ago, Note Category: Physician, Note Description: Physician Resident Admission Note | Text: Had history of recent diet and fluid restriction noncompliance as
   inciting factor for decompensated heart failure
   - diuresis as above with goal 1-2L out overnight
   - continue nitro gtt for now, wean down as tolerated
   - continue digoxin, check dig level in AM
   - continue lisinopril
   - fluid restriction, strict I/Os, daily weights
   - has appointment with Dr. 
4. When: 2 days 12 hours ago, Note Category: Nursing, Note Description: Nursing Progress Note | Text: Action:
   Explained reasoning for fluid restriction and sodium restriction.
   
5. When: 2 days 12 hours ago, Note Category: Nursing, Note Description: Nursing Progress Note | Text: [**Month (only) 60**] benefit
   from diet consult.  
6. When: 2 days 12 hours ago, Note Category: Nursing, Note Description: Nursing Progress Note | Text: Response:
   Cont to request water after explanation
   Plan:
   Needs reinforcement of fluid restriction/lasix therapy.  
7. When: 2 days 12 hours ago, Note Category: Physician, Note Description: Physician Resident Progress Note | Text: [**First Name (STitle) **]
   -          Fluid restriction; low-salt diet
   #.
8. When: 2 days 12 hours ago, Note Category: Physician, Note Description: Physician Resident Progress Note | Text: FEN: Low-salt diet; fluid restriction
   ACCESS: 2 PIV's
   PROPHYLAXIS:
   -DVT ppx: INR supratherapeutic
   -Pain management with
   -Bowel regimen with colace,
9. When: 2 days 12 hours ago, Note Category: Nursing, Note Description: Nursing Transfer Note | Text: Response:
   Cont to request water after explanation
   Plan:
   Needs reinforcement of fluid restriction/lasix therapy.   
"
4b4e8250-626b-1027-65d2-297bd69856b1,EHR Completo,"The patient was admitted with symptoms of decompensated heart failure, including shortness of breath, nausea, vomiting, and fatigue. ",Supported,"The reference notes the patient was admitted with likely decompensated heart failure and symptoms including shortness of breath, nausea, vomiting, and fatigue, which fully supports the text.","Hospital Admission Start: 3 days 1 hours ago
Hospital Admission End: Now
Electronic Health Record Context
Ordered by Time (Earliest to Latest):
1. When: 3 days 12 hours ago, Note Category: Physician, Note Description: Physician Resident Admission Note | Text: Cards consult called, plan for admit to CCU for
   likely decompensated heart failure. 
2. When: 3 days 12 hours ago, Note Category: Physician, Note Description: Physician Resident Admission Note | Text: Chief Complaint:
   Dyspnea/Respiratory distress
   HPI:
   63M with CAD s/p CABG, severe cardiomyopathy (EF 20%), s/p BiV/ICD,
   DM2, HTN, OSA, recently started on coumadin for L apical thrombus
   during recent hospitalization at [**Location (un) 1415**] ([**Date range (1) 9109**]/09), sent in from
   vascular clinic to ED with increased SOB, N/V, and fatigue,
3. When: 3 days 12 hours ago, Note Category: Physician, Note Description: Physician Resident Admission Note | Text: Exam,
   CXR, elevated BNP of >1000, and recent history of diet noncompliance
   points to decompensated heart failure as most likely etiology. 
4. When: 2 days 12 hours ago, Note Category: Physician, Note Description: Physician Resident Admission Note | Text: Patient had recent admission to [**Hospital1 **] [**Location (un) 1415**] [**Date range (1) 9109**]/09 for fatigue, body
   aches, and dyspnea. 
5. When: 2 days 12 hours ago, Note Category: Physician, Note Description: Physician Resident Admission Note | Text: Cards consult
   called, plan for admit to CCU for likely decompensated heart failure.
   
6. When: 2 days 12 hours ago, Note Category: Physician, Note Description: Physician Resident Admission Note | Text: Assessment and Plan
   63M with CAD s/p CABG, severe cardiomyopathy (EF 15-20%), s/p BiV/ICD,
   DM2, HTN, OSA recently started on coumadin for L apical thrombus,
   presenting with respiratory distress likely from decompensated heart
   failure leading to intubation in ED.
   
7. When: 2 days 12 hours ago, Note Category: Physician, Note Description: Physician Resident Progress Note | Text: Chief Complaint: Decompensated heart failure
   24 Hour Events:
   Extubated
   Weaned off of nitro gtt
   Lasix 100mg IV x2
   Allergies:
   Hydrochlorothiazide
   Unknown;
   Demerol (Oral) (Meperidine Hcl)
   violent reactio
   Ambien (Oral) (Zolpidem Tartrate)
   violente reacti
   Strawberry
   Hives;
   Wheat Bran
   gout;
   Hydrochlorothiazide
   Unknown;
8. When: 2 days 12 hours ago, Note Category: Physician, Note Description: Physician Resident Progress Note | Text: Decompensated heart failure:  Known systolic dysfunction, with
   decompensation likely related to dietary indiscretion. 
"
9a502f59-2a91-0d5a-e344-996a62799d34,EHR Completo,He was intubated in the emergency department due to low oxygen saturation and transferred to the cardiac care unit (CCU) for further management. ,Supported,"The reference states the patient was intubated in the ED for respiratory failure due to tachypnea and hypoxia and was later noted on arrival to the CCU, supporting the text that he was intubated in the emergency department due to low oxygen saturation and transferred to the CCU for further management.","Hospital Admission Start: 3 days 1 hours ago
Hospital Admission End: Now
Electronic Health Record Context
Ordered by Time (Earliest to Latest):
1. When: 3 days 12 hours ago, Note Category: Physician, Note Description: Physician Resident Admission Note | Text: Respiratory failure: Intubated in ED for tachypnea, hypoxia. 
2. When: 3 days 12 hours ago, Note Category: Physician, Note Description: Physician Resident Admission Note | Text: Also had bedside
   ECHO in ED. 
3. When: 3 days 12 hours ago, Note Category: Physician, Note Description: Physician Resident Admission Note | Text: Diaphoretic, found to be in respiratory
   distress, worried about persistent tachypnea -> intubated with
   etomidate/succ/midazolam. 
4. When: 3 days 12 hours ago, Note Category: Physician, Note Description: Physician Resident Admission Note | Text: Assessment and Plan
   63M with CAD s/p CABG, severe cardiomyopathy (EF 15-20%), s/p BiV/ICD,
   DM2, HTN, OSA recently started on coumadin for L apical thrombus,
   presenting with respiratory distress likely from decompensated heart
   failure leading to intubation in ED.
   
5. When: 3 days 12 hours ago, Note Category: General, Note Description: Generic Note | Text: Patient intubated in ED.
   
6. When: 2 days 12 hours ago, Note Category: Physician, Note Description: Physician Resident Admission Note | Text: On arrival to CCU, patient sedated, but able to respond to questions
   appropriately, denied chest pain. 
7. When: 2 days 12 hours ago, Note Category: Physician, Note Description: Physician Resident Admission Note | Text: Respiratory failure: Intubated in ED for tachypnea, hypoxia.
8. When: 2 days 12 hours ago, Note Category: Physician, Note Description: Physician Resident Admission Note | Text: Also had bedside ECHO in ED. 
"
4b774746-da01-966c-301c-709f13b5e6e8,EHR Completo,"After administration of IV lasix, the patient experienced brisk diuresis and was successfully extubated. ",Supported,The reference notes multiple instances of IV lasix administration resulting in brisk diuresis and documentation of successful extubation after diuresis.,"Hospital Admission Start: 3 days 1 hours ago
Hospital Admission End: Now
Electronic Health Record Context
Ordered by Time (Earliest to Latest):
1. When: 3 days 12 hours ago, Note Category: Physician, Note Description: Physician Resident Admission Note | Text: - Diuresis with IV lasix - given 100mg IV lasix bolus with goal I/O of
   1-2L out
   - Wean down ventilatory support, with goal to extubate
   - Follow white count, fever curve - can draw cultures, get sputum,
   repeat CXR if patient still with infiltrate, hypoxia s/p diuresis
   .
   
2. When: 3 days 12 hours ago, Note Category: General, Note Description: Generic Note | Text: -Diuresis with IV lasix
   -Extubation
   -continue home medications otherwise- asa, bblocker, ace inhibitor,
   statin
   -check dig level
3. When: 3 days 12 hours ago, Note Category: Nursing, Note Description: Nursing Progress Note | Text: Action:
   Given lasix 100mg IV. 
4. When: 3 days 12 hours ago, Note Category: Nursing, Note Description: Nursing Progress Note | Text: Trial of CPAP/PS
   Response:
   Brisk diuresis from lasix. 
5. When: 3 days 12 hours ago, Note Category: Nursing, Note Description: Nursing Progress Note | Text: Lasix held in ED
   d/t BP. 
6. When: 2 days 12 hours ago, Note Category: Physician, Note Description: Physician Resident Admission Note | Text: - Diuresis with IV lasix - given 100mg IV lasix bolus with goal I/O of
   1-2L out
   - Wean down ventilatory support, with goal to extubate tonight
   - Follow white count, fever curve - can draw cultures, get sputum,
   repeat CXR if patient still with infiltrate, hypoxia s/p diuresis
   .
   
7. When: 2 days 12 hours ago, Note Category: Physician, Note Description: Cardiology Teaching Physician Note | Text: Now extubated.  
8. When: 2 days 12 hours ago, Note Category: Nursing, Note Description: Nursing Transfer Note | Text: Easily extubated after diuresis in CCU.
   
9. When: 2 days 12 hours ago, Note Category: Nursing, Note Description: Nursing Transfer Note | Text: Action:
   Foley d/c.Given 100mg iv lasix at 1100,
   Response:
   Voided 200cc, ~800cc negative since mn, 2 liters neg since admit
   Plan:
   Cont to monitor o2 sats/lung assessment.  
"
965a1c36-dfa1-8d46-c841-a1a6311a5ca5,EHR Completo,He was diagnosed with acute on chronic systolic heart failure and treated with lasix and potassium supplements. ,Supported,"The reference documents a diagnosis of decompensated heart failure with worsening EF and treatment including lasix (furosemide) and potassium supplements (KCl 20meq) for low potassium, supporting the text's statement.","Hospital Admission Start: 3 days 1 hours ago
Hospital Admission End: Now
Electronic Health Record Context
Ordered by Time (Earliest to Latest):
1. When: 3 days 12 hours ago, Note Category: Physician, Note Description: Physician Resident Admission Note | Text: PUMP: Patient with known hypertensive cardiomyopathy followed by Dr.
   
2. When: 3 days 12 hours ago, Note Category: Physician, Note Description: Physician Resident Admission Note | Text: Found to have worsening EF by ECHO, and apical
   thrombus for which he was started on coumadin. 
3. When: 3 days 12 hours ago, Note Category: Physician, Note Description: Physician Resident Admission Note | Text: Had history of recent
   diet and fluid restriction noncompliance as inciting factor for
   decompensated heart failure
   - diuresis as above with goal 1-2L out overnight
   - continue nitro gtt for now, wean down as tolerated
   - continue digoxin, check dig level in AM
   - continue lisinopril
   - FYI Dr. 
4. When: 3 days 12 hours ago, Note Category: Nursing, Note Description: Nursing Progress Note | Text: Lasix held in ED
   d/t BP. 
5. When: 3 days 12 hours ago, Note Category: Nursing, Note Description: Nursing Progress Note | Text: Action:
   Given lasix 100mg IV. 
6. When: 2 days 12 hours ago, Note Category: Physician, Note Description: Physician Resident Admission Note | Text: Had history of recent diet and fluid restriction noncompliance as
   inciting factor for decompensated heart failure
   - diuresis as above with goal 1-2L out overnight
   - continue nitro gtt for now, wean down as tolerated
   - continue digoxin, check dig level in AM
   - continue lisinopril
   - fluid restriction, strict I/Os, daily weights
   - has appointment with Dr. 
7. When: 2 days 12 hours ago, Note Category: Nursing, Note Description: Nursing Progress Note | Text: Action:
   Rec
d 20meq kcl for low K+, also rec
d lasix 100mg iv, held captopril
   at 12am for bp 94/
   Response:
   Good diuresis to lasix (approx 1 liter), is currently approx 2liters
   neg LOS
   Plan:
   Cont to monitor o2 sats/lung assessment.
8. When: 2 days 12 hours ago, Note Category: Physician, Note Description: Physician Resident Progress Note | Text: Chief Complaint: Decompensated heart failure
   24 Hour Events:
   Extubated
   Weaned off of nitro gtt
   Lasix 100mg IV x2
   Allergies:
   Hydrochlorothiazide
   Unknown;
   Demerol (Oral) (Meperidine Hcl)
   violent reactio
   Ambien (Oral) (Zolpidem Tartrate)
   violente reacti
   Strawberry
   Hives;
   Wheat Bran
   gout;
   Hydrochlorothiazide
   Unknown;
9. When: 2 days 12 hours ago, Note Category: Physician, Note Description: Physician Resident Progress Note | Text: SALT >
   Aldactone (Oral) (Spironolactone)
   chest pain;
   Inspra (Oral) (Eplerenone)
   Arthralgia/Arth
   Last dose of Antibiotics:
   Infusions:
   Other ICU medications:
   Furosemide (Lasix) - [**2127-5-20**] 10:07 PM
   Other medications:
   Changes to medical and family history:
   None
   Review of systems is unchanged from admission except as noted below
   Review of systems:
   Reports feeling much better,
"
06e567a0-81ab-867d-3ef3-6b7c2bd3e16e,EHR Completo,The patient showed improvement but still had signs of fluid overload.,Supported,"The reference notes that the patient diuresed well overnight and does not have marked signs of fluid overload, indicating improvement, but earlier notes describe fluid overload signs, supporting that some signs of fluid overload persisted.","Hospital Admission Start: 3 days 1 hours ago
Hospital Admission End: Now
Electronic Health Record Context
Ordered by Time (Earliest to Latest):
1. When: 3 days 12 hours ago, Note Category: Physician, Note Description: Physician Resident Admission Note | Text: Abdominal girth
   increased over last 2 days, could be related to fluid overload.
2. When: 3 days 12 hours ago, Note Category: Physician, Note Description: Physician Resident Admission Note | Text: CXR
   consistent with fluid overload. 
3. When: 3 days 12 hours ago, Note Category: Physician, Note Description: Physician Resident Admission Note | Text: Patient looks volume overloaded on exam, with JVD,
   effusions in CXR, LE edema, and possible ascites. 
4. When: 2 days 12 hours ago, Note Category: Physician, Note Description: Physician Resident Admission Note | Text: Abdominal girth
   increased over last 2 days, could be related to fluid overload. 
5. When: 2 days 12 hours ago, Note Category: Physician, Note Description: Physician Resident Admission Note | Text: Patient looks volume overloaded
   on exam, with JVD, effusions in CXR, LE edema, and possible ascites.
   
6. When: 2 days 12 hours ago, Note Category: Nursing, Note Description: Nursing Progress Note | Text: Response:
   Cont to request water after explanation
   Plan:
   Needs reinforcement of fluid restriction/lasix therapy.  
7. When: 2 days 12 hours ago, Note Category: Physician, Note Description: Physician Resident Progress Note | Text: Diuresed well
   overnight and does not have marked signs of fluid overload on exam.
8. When: 2 days 12 hours ago, Note Category: Physician, Note Description: Cardiology Teaching Physician Note | Text: Continue diuresis.  
9. When: 2 days 12 hours ago, Note Category: Nursing, Note Description: Nursing Transfer Note | Text: Response:
   Cont to request water after explanation
   Plan:
   Needs reinforcement of fluid restriction/lasix therapy.   
"
13ffe41b-4acc-4878-c0e1-a1fb326b1925,EHR Completo,Post-procedure chest X-ray showed the new pacemaker lead in the correct position in the right ventricle. ,Supported,The reference includes multiple radiology reports confirming that a new pacemaker lead is in appropriate position in the right ventricle post-procedure.,"Hospital Admission Start: 1 days 20 hours ago
Hospital Admission End: Now
Electronic Health Record Context
Ordered by Time (Earliest to Latest):
1. When: 2 days 15 hours ago, Note Category: Radiology, Note Description: CHEST (PORTABLE AP) | Text: FINDINGS:  As compared to the previous examination, there is an unchanged
 position and course of the pre-existing pacemaker wires.  
2. When: 2 days 15 hours ago, Note Category: Radiology, Note Description: CHEST (PORTABLE AP) | Text: ______________________________________________________________________________
                                 FINAL REPORT
 CHEST RADIOGRAPH

 INDICATION:  Pacemaker malfunction, evaluation for lead fracture.

 
3. When: 2 days 15 hours ago, Note Category: Radiology, Note Description: CHEST (PORTABLE AP) | Text: Unchanged position of the left pectoral pacemaker generator.

 
4. When: 1 days 15 hours ago, Note Category: Physician, Note Description: Physician Resident Progress Note | Text: possible extraction and installation
   of new right sided pacemaker.
   
5. When: 0 days 15 hours ago, Note Category: Radiology, Note Description: CHEST (PA & LAT) | Text: A new pacemaker lead is in appropriate position in the
 right ventricle.
6. When: 0 days 15 hours ago, Note Category: Radiology, Note Description: CHEST (PA & LAT) | Text: IMPRESSION:

 Appropriate position of right-sided pacemaker and lead.


7. When: 0 days 15 hours ago, Note Category: Radiology, Note Description: CHEST (PA & LAT) | Text: PA AND LATERAL CHEST RADIOGRAPH:

 There has been interval replacement of a pacemaker generator overlying the
 right pectoralis.  
8. When: 0 days 15 hours ago, Note Category: Radiology, Note Description: CHEST (PA & LAT) | Text: [**2112-3-2**] 11:47 AM
 CHEST (PA & LAT)                                                Clip # [**Clip Number (Radiology) 30221**]
 Reason: Lead position
 Admitting Diagnosis: COMPLETE HEART BLOCK;MALFUNCTIONING PACEMAKER
 ______________________________________________________________________________
 [**Hospital 2**] MEDICAL CONDITION:
  56 year old man with new right sided pacemaker (single lead),
9. When: 0 days 15 hours ago, Note Category: Radiology, Note Description: CHEST (PA & LAT) | Text: explanted left
  sided pacemaker and capped left sided lead
 REASON FOR THIS EXAMINATION:
  Lead position
 ______________________________________________________________________________
                                 FINAL REPORT
 INDICATION:  56-year-old man with new right-sided pacemaker, evaluate for lead
 position.

 
"
f6a39be5-6974-6a98-6955-cb4dcce9be37,EHR Completo,"The patient was stabilized and monitored on telemetry throughout his hospital stay, with no significant complications or changes in his cardiac rhythm.",Not Supported,"The reference indicates the patient had frequent pauses greater than 5 seconds on telemetry and intermittent pacemaker issues, which suggests complications or changes in cardiac rhythm, contradicting the text's claim of no significant complications or changes.","Hospital Admission Start: 1 days 20 hours ago
Hospital Admission End: Now
Electronic Health Record Context
Ordered by Time (Earliest to Latest):
1. When: 2 days 15 hours ago, Note Category: Nursing, Note Description: Nursing Progress Note | Text: Patient settled into bed & EP MD in room to
   interrogate patients pacemaker.

2. When: 2 days 15 hours ago, Note Category: Nursing, Note Description: Nursing Progress Note | Text: Brief RN Admit Note:
   Patient arrived pain-free and hemodynamically stable from [**Hospital 781**]
   Hospital. 
3. When: 2 days 15 hours ago, Note Category: Physician, Note Description: CCU Fellow addendum | Text: Briefly, the patient is a 56 year old man with PMH
   AF s/p AVJ ablation with PPM placement, c/b prior lead displacement,
   who was transferred from [**Hospital 781**] Hospital following episodes of 5
   second pauses on telemetry.  
4. When: 2 days 15 hours ago, Note Category: Physician, Note Description: CCU Fellow addendum | Text: He was transferred to [**Hospital1 54**], where
   his PPM was interrogated with normal ventricular lead impedance at 550
   ohms, with intermittent failure to capture and intermittent oversensing
   leading to inhibition of pacing.  
5. When: 2 days 15 hours ago, Note Category: Physician, Note Description: Physician Resident Admission Note | Text: He was transferred
   to [**Hospital1 54**] for management of his pacemaker dysfunction.
   
6. When: 1 days 15 hours ago, Note Category: Nursing, Note Description: Nursing Progress Note | Text: He was monitored on telemetry and was noted to have
   frequent pauses of greater then 5 seconds.  
7. When: 1 days 15 hours ago, Note Category: Nursing, Note Description: Nursing Transfer Note | Text: He was transferred
   to [**Hospital1 54**] for management of his pacemaker dysfunction.
"
1e719e37-46ea-c0f4-6d92-0ec24a414cd2,EHR Completo,The patient was admitted to the hospital after experiencing 5-second pauses due to pacemaker malfunction. ,Supported,"The reference states the patient was transferred following episodes of 5-second pauses on telemetry due to pacemaker malfunction, supporting the text that the patient was admitted after experiencing 5-second pauses caused by pacemaker malfunction.","Hospital Admission Start: 1 days 20 hours ago
Hospital Admission End: Now
Electronic Health Record Context
Ordered by Time (Earliest to Latest):
1. When: 2 days 15 hours ago, Note Category: Radiology, Note Description: CHEST (PORTABLE AP) | Text: Admitting Diagnosis: COMPLETE HEART BLOCK;MALFUNCTIONING PACEMAKER
 ______________________________________________________________________________
 [**Hospital 2**] MEDICAL CONDITION:
  56 year old man with pacemaker malfunction.
 
2. When: 2 days 15 hours ago, Note Category: Nursing, Note Description: Nursing Progress Note | Text: Patient settled into bed & EP MD in room to
   interrogate patients pacemaker.

3. When: 2 days 15 hours ago, Note Category: Physician, Note Description: CCU Fellow addendum | Text: Briefly, the patient is a 56 year old man with PMH
   AF s/p AVJ ablation with PPM placement, c/b prior lead displacement,
   who was transferred from [**Hospital 781**] Hospital following episodes of 5
   second pauses on telemetry.  
4. When: 2 days 15 hours ago, Note Category: Physician, Note Description: CCU Fellow addendum | Text: He was transferred to [**Hospital1 54**], where
   his PPM was interrogated with normal ventricular lead impedance at 550
   ohms, with intermittent failure to capture and intermittent oversensing
   leading to inhibition of pacing.  
5. When: 2 days 15 hours ago, Note Category: Physician, Note Description: Physician Resident Admission Note | Text: He was transferred
   to [**Hospital1 54**] for management of his pacemaker dysfunction.
   
6. When: 1 days 15 hours ago, Note Category: Nursing, Note Description: Nursing Progress Note | Text: He was transferred
   to [**Hospital1 54**] for management of his pacemaker dysfunction.
7. When: 1 days 15 hours ago, Note Category: Physician, Note Description: Physician Resident Progress Note | Text: His pacemaker was failing to
   capture when he raised his left arm.  
"
aaa98c3b-9851-f9a4-8264-5c99ce68ad50,EHR Completo,"Initial evaluation revealed intermittent failure to capture and oversensing, leading to pacing inhibition, and the pacemaker was reprogrammed. ",Supported,"The reference clearly documents intermittent failure to capture and oversensing leading to pacing inhibition, and that the pacemaker was reprogrammed, fully supporting the text.","Hospital Admission Start: 1 days 20 hours ago
Hospital Admission End: Now
Electronic Health Record Context
Ordered by Time (Earliest to Latest):
1. When: 2 days 15 hours ago, Note Category: Physician, Note Description: CCU Fellow addendum | Text: He was transferred to [**Hospital1 54**], where
   his PPM was interrogated with normal ventricular lead impedance at 550
   ohms, with intermittent failure to capture and intermittent oversensing
   leading to inhibition of pacing.  
2. When: 2 days 15 hours ago, Note Category: Physician, Note Description: CCU Fellow addendum | Text: His pacer was reprogrammed to VVI at
   40 bpm, with increased pacing and sensing thresholds.  
3. When: 2 days 15 hours ago, Note Category: Physician, Note Description: Physician Resident Admission Note | Text: He was known to have a
   pacemaker, but it was not capturing consistently.  
4. When: 1 days 15 hours ago, Note Category: Nursing, Note Description: Nursing Progress Note | Text: K 3.3
   Action:
   Pacer reprogrammed to R 40 with increased pacing & sensing thresholds.
   
5. When: 1 days 15 hours ago, Note Category: Nursing, Note Description: Nursing Progress Note | Text: Pacer interrogated by EP &
   pacemaker rate lowered to 40. 
6. When: 1 days 15 hours ago, Note Category: Nursing, Note Description: Nursing Transfer Note | Text: Cardiac device malfunction (pacemaker, defibrillator)
   Assessment:
   On arrival to CCU, pacer interrogated by EP which showed normal
   ventricular lead impedence at 550 ohms, intermittent failure to
   capture, & intermittent oversensing leading to inhibition of pacing.
   
"
52e15866-21b4-b6b8-740f-d646fea47a6b,EHR Completo,"A chest X-ray suggested possible lead migration, and the patient was planned for overnight observation, reversal of anticoagulation, and lead revision surgery the following day. ",Supported,"The reference states the chest X-ray showed possible lead migration and the plan included overnight observation, reversal of anticoagulation, and lead revision surgery the following day, which fully supports the text.","Hospital Admission Start: 1 days 20 hours ago
Hospital Admission End: Now
Electronic Health Record Context
Ordered by Time (Earliest to Latest):
1. When: 2 days 15 hours ago, Note Category: Radiology, Note Description: CHEST (PORTABLE AP) | Text: ______________________________________________________________________________
                                 FINAL REPORT
 CHEST RADIOGRAPH

 INDICATION:  Pacemaker malfunction, evaluation for lead fracture.

 
2. When: 2 days 15 hours ago, Note Category: Radiology, Note Description: CHEST (PORTABLE AP) | Text: REASON FOR THIS EXAMINATION:
  Evaluate for pacemaker lead fracture.
3. When: 2 days 15 hours ago, Note Category: Physician, Note Description: CCU Fellow addendum | Text: Plan will be
   overnight observation, reversal of anticoagulation, and plan for lead
   revision tomorrow.
4. When: 2 days 15 hours ago, Note Category: Physician, Note Description: CCU Fellow addendum | Text: His CXR showed
   possible lead migration from RV apex, although limited since only AP
   (final read pending).
5. When: 2 days 15 hours ago, Note Category: Physician, Note Description: Physician Resident Admission Note | Text: - F/u final CXR read to look for lead migration.
   
6. When: 1 days 15 hours ago, Note Category: Nursing, Note Description: Nursing Progress Note | Text: Plan:
   NPO after midnoc for lead revision today.

7. When: 1 days 15 hours ago, Note Category: Nursing, Note Description: Nursing Progress Note | Text: CXR->possible lead migration from RV apex.
8. When: 1 days 15 hours ago, Note Category: Physician, Note Description: Physician Resident Progress Note | Text: -lead revision in EP lab today vs. 
9. When: 1 days 15 hours ago, Note Category: Nursing, Note Description: Nursing Transfer Note | Text: Plan:
   NPO after midnoc for lead revision today.
   
"
07fbfb51-4bbb-3ce1-29b3-59276761aace,EHR Completo,The patient underwent successful lead revision in the electrophysiology lab and was found to have a kinked pacer wire causing the malfunction. ,Not Addressed,The reference mentions a kinked pacer wire and pacemaker malfunction but does not state that the patient underwent a successful lead revision in the electrophysiology lab or that the kinked wire was found to be the cause of malfunction.,"Hospital Admission Start: 1 days 20 hours ago
Hospital Admission End: Now
Electronic Health Record Context
Ordered by Time (Earliest to Latest):
1. When: 2 days 15 hours ago, Note Category: Radiology, Note Description: CHEST (PORTABLE AP) | Text: REASON FOR THIS EXAMINATION:
  Evaluate for pacemaker lead fracture.
2. When: 2 days 15 hours ago, Note Category: Radiology, Note Description: CHEST (PORTABLE AP) | Text: FINDINGS:  As compared to the previous examination, there is an unchanged
 position and course of the pre-existing pacemaker wires.  
3. When: 2 days 15 hours ago, Note Category: Radiology, Note Description: CHEST (PORTABLE AP) | Text: ______________________________________________________________________________
                                 FINAL REPORT
 CHEST RADIOGRAPH

 INDICATION:  Pacemaker malfunction, evaluation for lead fracture.

 
4. When: 2 days 15 hours ago, Note Category: Physician, Note Description: CCU Fellow addendum | Text: He was transferred to [**Hospital1 54**], where
   his PPM was interrogated with normal ventricular lead impedance at 550
   ohms, with intermittent failure to capture and intermittent oversensing
   leading to inhibition of pacing.  
5. When: 2 days 15 hours ago, Note Category: Physician, Note Description: Physician Resident Admission Note | Text: He was known to have a
   pacemaker, but it was not capturing consistently.  
6. When: 1 days 15 hours ago, Note Category: Nursing, Note Description: Nursing Progress Note | Text: Cardiac device malfunction (pacemaker, defibrillator)
   Assessment:
   On arrival to CCU, pacer interrogated by EP which showed normal
   ventricular lead impedence at 550 ohms, intermittent failure to
   capture, & intermittent oversensing leading to inhibition of pacing.
   
7. When: 1 days 15 hours ago, Note Category: Physician, Note Description: Physician Resident Progress Note | Text: TITLE:
   Chief Complaint: Pacemaker malfunction
   24 Hour Events:
   - CXR showed kinked pacer wire, patient's pacer does not capture when
   he moves his arm.
   
8. When: 0 days 15 hours ago, Note Category: Radiology, Note Description: CHEST (PA & LAT) | Text: [**2112-3-2**] 11:47 AM
 CHEST (PA & LAT)                                                Clip # [**Clip Number (Radiology) 30221**]
 Reason: Lead position
 Admitting Diagnosis: COMPLETE HEART BLOCK;MALFUNCTIONING PACEMAKER
 ______________________________________________________________________________
 [**Hospital 2**] MEDICAL CONDITION:
  56 year old man with new right sided pacemaker (single lead),
"
fc93687b-a370-ecb6-3ca5-c57d08ca3da4,EHR Completo,The patient was eventually stabilized and transferred to the floor for further management and rehabilitation.,Supported,"The reference states that the patient was transferred to the floor after extubation and monitored in PACU, and later continued to make steady progress before discharge, supporting that the patient was stabilized and transferred to the floor for further management and rehabilitation.","Hospital Admission Start: 6 days 0 hours ago
Hospital Admission End: Now
Electronic Health Record Context
Ordered by Time (Earliest to Latest):
1. When: 12 days 14 hours ago, Note Category: Nursing, Note Description: Nursing Progress Note | Text: Plan:
   Continue to monitor respiratory function on the medical surgical floor
   and under stand that this patient is a Co2 retainer with supplemental
   oxygen requirements at baseline.
2. When: 9 days 14 hours ago, Note Category: Discharge summary, Note Description: Report | Text: Physically
therapy saw the patient and cleared him for home with PT.

3. When: 9 days 14 hours ago, Note Category: Discharge summary, Note Description: Report | Text: He was
extubated in the operating room and monitored in the PACU prior
to transfer to the floor.  
4. When: 9 days 14 hours ago, Note Category: Discharge summary, Note Description: Report | Text: On [**2128-10-9**] he
transferred to the floor.  
5. When: 9 days 14 hours ago, Note Category: Discharge summary, Note Description: Report | Text: He
continued to make steady progress and was discharged to home
with VNA and PT.  
6. When: 6 days 14 hours ago, Note Category: Physician, Note Description: Physician Resident Admission Note | Text: His recent admission was
   complicated by hypoxia, a pneumothorax s/p chest tube placement and
   removal and then urinary retention which ultimately resolved.  
7. When: 6 days 14 hours ago, Note Category: Physician, Note Description: Physician Resident Admission Note | Text: He was
   discharged home with VNA services to follow-up with Dr. 
8. When: 6 days 14 hours ago, Note Category: Physician, Note Description: Physician Resident Admission Note | Text: The patient himself states that has been feeling a little
   anxious and shaky but feels normal. 
9. When: 4 days 14 hours ago, Note Category: Physician, Note Description: Physician Resident Progress Note | Text: Pt responded to fluid and is
   currently normotensive.
"
f86c2a54-595d-b8ac-c243-9284b5c465f4,EHR Completo,"Despite initial concerns for pulmonary embolism, CT scans revealed no evidence of PE, but showed a moderate-sized left pleural effusion with associated atelectasis and extensive atheromatous disease of the abdominal aorta. ",Supported,"The reference confirms no evidence of pulmonary embolism on CT scans and documents a moderate-sized left pleural effusion with associated atelectasis, supporting the text.","Hospital Admission Start: 6 days 0 hours ago
Hospital Admission End: Now
Electronic Health Record Context
Ordered by Time (Earliest to Latest):
1. When: 5 days 14 hours ago, Note Category: General, Note Description: Resident/Attending Progress Note - MICU | Text: CT chest
   showed atelectasis no infiltrate. 
2. When: 5 days 14 hours ago, Note Category: Radiology, Note Description: CT ABDOMEN W/CONTRAST | Text: No evidence of pulmonary embolism.
 
3. When: 4 days 14 hours ago, Note Category: Physician, Note Description: Physician Resident Progress Note | Text: No evidence of pulmonary embolism.
   
4. When: 4 days 14 hours ago, Note Category: Nursing, Note Description: Nursing Progress Note | Text: CT revealed (+) left pleural effusion, no PE and (+) atelectasis. 
"
986bfcad-38d4-585f-c74c-d4b5a3bff95a,EHR Completo,An echocardiogram showed right ventricular pressure/volume overload and depressed left ventricular systolic function. ,Supported,"The reference includes multiple echocardiogram reports indicating right ventricular pressure/volume overload and depressed left ventricular systolic function, directly supporting the text.","Hospital Admission Start: 6 days 0 hours ago
Hospital Admission End: Now
Electronic Health Record Context
Ordered by Time (Earliest to Latest):
1. When: 16 days 14 hours ago, Note Category: ECG, Note Description: Report | Text: These
findings are non-specific but clinical correlation is suggested for possible
right ventricular overload or possible prior posterolateral myocardial
infarction. 
2. When: 13 days 14 hours ago, Note Category: Echo, Note Description: Report | Text: Overall left ventricular systolic function is
moderately depressed (LVEF= 35-40 %). 
3. When: 13 days 14 hours ago, Note Category: Echo, Note Description: Report | Text: Tissue Doppler imaging suggests an
increased left ventricular filling pressure (PCWP>18mmHg). 
4. When: 6 days 14 hours ago, Note Category: Physician, Note Description: Physician Resident Admission Note | Text: Overall left
   ventricular systolic function is moderately depressed (LVEF= 35-40 %).
   
5. When: 6 days 14 hours ago, Note Category: Physician, Note Description: Physician Resident Admission Note | Text: Severely elevated right heart pressures and pulmonary hypertension.
   
6. When: 5 days 14 hours ago, Note Category: Echo, Note Description: Report | Text: There is abnormal septal motion/position
consistent with right ventricular pressure/volume overload. 
7. When: 5 days 14 hours ago, Note Category: Echo, Note Description: Report | Text: Right ventricular function.

8. When: 5 days 14 hours ago, Note Category: Echo, Note Description: Report | Text: Compared with the prior study (images reviewed) of [**2128-4-16**], left
ventricular systolic function is now depressed.



9. When: 4 days 14 hours ago, Note Category: Physician, Note Description: Physician Resident Progress Note | Text: ECHO shows decreased LV systolic function.  
"
413432b6-87d0-4e13-1b22-83e03fa0950a,EHR Completo,"The patient's condition improved with treatment, and his hypotension and hypoxia resolved. ",Supported,"The reference notes indicate that the patient's hypotension and hypoxia improved and resolved over time with treatment, supporting the text statement.","Hospital Admission Start: 6 days 0 hours ago
Hospital Admission End: Now
Electronic Health Record Context
Ordered by Time (Earliest to Latest):
1. When: 6 days 14 hours ago, Note Category: Physician, Note Description: Physician Resident Admission Note | Text: Thoracic surgery saw the
   patient and remarked that he was more hypoxic than baseline. 
2. When: 6 days 14 hours ago, Note Category: Physician, Note Description: Physician Attending Admission Note - MICU | Text: Holding beta blocker in setting of hypotension albeit now improved and
   if he continues to be hemodynamically stable will restart in am.
   
3. When: 6 days 14 hours ago, Note Category: Physician, Note Description: Physician Attending Admission Note - MICU | Text: Was seen
   today by VNA for a dressing change, noted he was hypotensive with SBP
   80's, ?more hypoxic.  
4. When: 5 days 14 hours ago, Note Category: General, Note Description: Generic Note | Text: # Resolved hypoxia: Patient now at baseline oxygenation. 
5. When: 5 days 14 hours ago, Note Category: General, Note Description: Resident/Attending Progress Note - MICU | Text: Stable overnight, hypotension, hypoxemia and labs have improved
   with hydration.
   
6. When: 4 days 14 hours ago, Note Category: Physician, Note Description: Physician Resident Progress Note | Text: # Hypoxia: Resolved.  
"
7c795884-f3aa-93f1-e203-149f94209b0c,EHR Completo,"However, he continued to require oxygen therapy and monitoring for cardiac and renal complications.",Not Supported,The reference indicates the patient was at baseline oxygenation and does not mention ongoing oxygen therapy or continued monitoring for cardiac and renal complications.,"Hospital Admission Start: 6 days 0 hours ago
Hospital Admission End: Now
Electronic Health Record Context
Ordered by Time (Earliest to Latest):
1. When: 13 days 14 hours ago, Note Category: Nursing, Note Description: Nursing Progress Note | Text: Plan:
   Continue to monitor mental status and blood pressure. 
2. When: 13 days 14 hours ago, Note Category: Nursing, Note Description: Nursing Progress Note | Text: Plan:
   Continue to monitor ABGs, sats, respiratory status, pulmonary
   toileting, frequent turns.

3. When: 12 days 14 hours ago, Note Category: Nursing, Note Description: Nursing Progress Note | Text: Plan:
   Continue to monitor respiratory function on the medical surgical floor
   and under stand that this patient is a Co2 retainer with supplemental
   oxygen requirements at baseline.
4. When: 6 days 14 hours ago, Note Category: Physician, Note Description: Physician Resident Admission Note | Text: His recent admission was
   complicated by hypoxia, a pneumothorax s/p chest tube placement and
   removal and then urinary retention which ultimately resolved.  
5. When: 6 days 14 hours ago, Note Category: Physician, Note Description: Physician Resident Admission Note | Text: He states that the nurse
   over-reacted as his SBP typically runs 90's and that he requires oxygen
   at baseline. 
6. When: 6 days 14 hours ago, Note Category: Physician, Note Description: Physician Attending Admission Note - MICU | Text: Question if he became more hypoxic,
   had ischemia and became more hypotensive, possible component of
   dehydration given good response to IVFs in ED.  
7. When: 6 days 14 hours ago, Note Category: Physician, Note Description: Physician Attending Admission Note - MICU | Text: Denies new
   pulmonary symptoms (wouldn't say he was worse since leaving the
   hospital but VNA felt he was more hypoxic).  
8. When: 5 days 14 hours ago, Note Category: General, Note Description: Resident Progress Note - MICU | Text: # Resolved hypoxia: Patient now at baseline oxygenation. 
"
d3e3feb7-59bc-fb28-404e-c66d85a50300,EHR Completo,"The patient was readmitted to the hospital after a recent discharge following a VATS wedge resection due to hypoxia, hypotension, and left lateral/flank chest pain. ",Not Supported,"The reference confirms the patient was recently discharged after a VATS wedge resection but does not mention readmission due to hypoxia, hypotension, or left lateral/flank chest pain.","Hospital Admission Start: 6 days 0 hours ago
Hospital Admission End: Now
Electronic Health Record Context
Ordered by Time (Earliest to Latest):
1. When: 14 days 14 hours ago, Note Category: Radiology, Note Description: BY SAME PHYSICIAN | Text: ______________________________________________________________________________
                                 FINAL REPORT
 HISTORY:  60-year-old male with hemothorax after left VATS and wedge
 resection.
2. When: 13 days 14 hours ago, Note Category: Nursing, Note Description: Nursing Progress Note | Text: OR: VATS LLL wedge with nodule removal [**2128-10-6**]
   Chief complaint:
   1. loss of consciousness with unknown etiology, question [**1-17**] seizure vs
   cardiac ischemia vs dysrhythmia vs pulm embolism
   PMHx:
   - 3vz CAD s/p NSTEMI, s/p CABG x 1 in [**2111**], s/p PCI to LAD and OM1
   [**2126**].
   
3. When: 12 days 14 hours ago, Note Category: Nursing, Note Description: Nursing Transfer Note | Text: 59 year old male s/p VATs procedure and wedge of left lower lobe.  
4. When: 9 days 14 hours ago, Note Category: Discharge summary, Note Description: Report | Text: History of Present Illness:
Admitted for scheduled VATS and left lower lobe resection.


5. When: 9 days 14 hours ago, Note Category: Discharge summary, Note Description: Report | Text: [**Known lastname 16807**] was admitted on [**2128-10-6**] for Video-assisted
thoracic surgery left lower lobe wedge resection.  
6. When: 6 days 14 hours ago, Note Category: Radiology, Note Description: CT ABDOMEN W/O CONTRAST | Text: The patient is status post left VATS wedge resection
  of a spiculated left lower lobe pulmonary nodule.
7. When: 6 days 14 hours ago, Note Category: Radiology, Note Description: CT ABDOMEN W/O CONTRAST | Text: The patient is status post left VATS wedge resection
 of a spiculated left lower lobe pulmonary nodule.
8. When: 6 days 14 hours ago, Note Category: Radiology, Note Description: CT ABDOMEN W/O CONTRAST | Text: ______________________________________________________________________________
                                 FINAL REPORT
 HISTORY:  60-year-old man with fever of unknown source, evaluate for
 pneumonia, intra-abdominal infection, hematoma, and patient is status post
 left VATS wedge resection of a left lower lobe pulmonary nodule on [**2128-10-6**].

 
9. When: 6 days 14 hours ago, Note Category: Physician, Note Description: Physician Resident Admission Note | Text: The patient
   is status post left VATS wedge resection of a spiculated left lower
   lobe pulmonary nodule. 
10. When: 6 days 14 hours ago, Note Category: Physician, Note Description: Physician Resident Admission Note | Text: [**Known lastname 6263**] is a 60 yo M, recently discharged from [**Hospital1 54**] on [**2128-10-11**]
   after a VATS w/LLL Wedge resection [**10-6**].  
"
9f7ca895-be4e-071f-17c2-24528f2706e4,EHR Completo,"Upon examination, he had low oxygen saturation, elevated troponin levels, and signs of multisystem organ failure. ",Supported,"The reference notes multisystem organ failure, elevated troponin levels, and hypoxemia (low oxygen saturation), which directly supports the text's statement.","Hospital Admission Start: 6 days 0 hours ago
Hospital Admission End: Now
Electronic Health Record Context
Ordered by Time (Earliest to Latest):
1. When: 6 days 14 hours ago, Note Category: Physician, Note Description: Physician Resident Admission Note | Text: Patient has evidence of
   multisystem organ failure with  mildly elevated lipase, elevated trop,
   ARF and transaminitis. 
2. When: 6 days 14 hours ago, Note Category: Physician, Note Description: Physician Resident Admission Note | Text: It is also possible that
   troponin is elevated in the setting of renal failure.
   
3. When: 6 days 14 hours ago, Note Category: Physician, Note Description: Physician Resident Admission Note | Text: Thoracic surgery saw the
   patient and remarked that he was more hypoxic than baseline. 
4. When: 5 days 14 hours ago, Note Category: General, Note Description: Resident/Attending Progress Note - MICU | Text: Yesterday, found to be hypotensive (baseline 90s) and hypoxemic
   (baseline 88% on 4-5L), eval notable for ARF, elevated troponin with
   diffuse TWI, abnormal LFTs, elevated lipase.
5. When: 4 days 14 hours ago, Note Category: Physician, Note Description: Physician Resident Progress Note | Text: It is also possible that
   troponin is elevated in the setting of renal failure.  
"
ed3322d6-ac62-0079-949f-75586abe7110,EHR Completo,"The patient was diagnosed with acute renal failure, transaminitis, and a non-ST elevation myocardial infarction (NSTEMI). ",Supported,"The reference notes the patient was found to have renal failure, transaminitis, and elevated troponin consistent with NSTEMI, supporting the diagnosis stated in the text.","Hospital Admission Start: 6 days 0 hours ago
Hospital Admission End: Now
Electronic Health Record Context
Ordered by Time (Earliest to Latest):
1. When: 6 days 14 hours ago, Note Category: Physician, Note Description: Physician Resident Admission Note | Text: A
   non-contrast CT showed  The patient was also found to have renal
   failure and transaminitis.
2. When: 6 days 14 hours ago, Note Category: Physician, Note Description: Physician Resident Admission Note | Text: Patient has evidence of
   multisystem organ failure with  mildly elevated lipase, elevated trop,
   ARF and transaminitis. 
3. When: 5 days 14 hours ago, Note Category: General, Note Description: Resident Progress Note - MICU | Text: The patient had a very
   similar episode of hypotension, renal failure and transaminitis in
   [**2128-3-16**] in which he was diagnosed with shock liver. 
4. When: 5 days 14 hours ago, Note Category: General, Note Description: Resident/Attending Progress Note - MICU | Text: It is also possible that
   troponin is elevated in the setting of renal failure.  
5. When: 4 days 14 hours ago, Note Category: Physician, Note Description: Physician Resident Progress Note | Text: The patient had a very similar
   episode of hypotension, renal failure and transaminitis in [**2128-3-16**]
   in which he was diagnosed with shock liver.  
"
b1fc4b19-b83d-cf7f-7296-44bdf0225538,EHR Completo,"He was treated with fluid boluses, heparin, and antibiotics, and his condition was closely monitored.",Not Supported,The reference mentions fluid administration and heparin boluses but does not mention treatment with antibiotics or that his condition was closely monitored.,"Hospital Admission Start: 6 days 0 hours ago
Hospital Admission End: Now
Electronic Health Record Context
Ordered by Time (Earliest to Latest):
1. When: 9 days 14 hours ago, Note Category: Discharge summary, Note Description: Report | Text: He was placed on nocturnal BiPap On [**2128-10-8**] the chest tube
drained > 400cc of serosanguinous fluid.  
2. When: 6 days 14 hours ago, Note Category: Physician, Note Description: Physician Resident Admission Note | Text: He was given fluids. 
3. When: 5 days 14 hours ago, Note Category: Nursing, Note Description: Nursing Progress Note | Text: Bolused w/ heparin and started on
   1800u/hr. 
4. When: 4 days 14 hours ago, Note Category: Nursing, Note Description: Nursing Progress Note | Text: Bolused w/ heparin and
   started on 1800u/hr. 
"
6f3c1417-cd03-302e-9693-23ef5f1856e4,EHR Completo,"The patient underwent a third ventriculostomy and biopsy on January 24, which showed no evidence of hemorrhage post-procedure. ",Supported,"The reference includes a CT head performed post-biopsy/third ventriculostomy showing no hemorrhage, supporting the text that the procedure occurred and there was no evidence of hemorrhage post-procedure.","Hospital Admission Start: 15 days 0 hours ago
Hospital Admission End: Now
Electronic Health Record Context
Ordered by Time (Earliest to Latest):
1. When: 43 days 16 hours ago, Note Category: Nursing, Note Description: Nursing Transfer Note | Text: Neurosurgery
   evaluated patient and felt no intervention required at this time; no
   additional steroids recommended. 
2. When: 14 days 16 hours ago, Note Category: Radiology, Note Description: CT HEAD W/ CONTRAST | Text: IMPRESSION:  Examination performed post-biopsy/third ventriculostomy.
3. When: 14 days 16 hours ago, Note Category: Radiology, Note Description: CT HEAD W/ CONTRAST | Text: No hemorrhage is
 seen in the right frontal region.

 
4. When: 4 days 16 hours ago, Note Category: Radiology, Note Description: CT HEAD W/O CONTRAST | Text: No new intracranial hemorrhage.

 
5. When: 4 days 16 hours ago, Note Category: Radiology, Note Description: CT HEAD W/O CONTRAST | Text: There is no new
 acute intracranial hemorrhage.
6. When: 4 days 16 hours ago, Note Category: Radiology, Note Description: CT HEAD W/O CONTRAST | Text: FINDINGS:  There is no new acute intracranial hemorrhage.  
7. When: 2 days 16 hours ago, Note Category: Radiology, Note Description: CT HEAD W/O CONTRAST | Text: No acute intracranial hemorrhage.  
"
d0766750-c3c3-3d99-e2e1-c1f095065f0e,EHR Completo,He was managed for pain and emotional support and was scheduled for head and chest CT scans. ,Not Addressed,"The reference mentions decadron administration, transfer for neurosurgical evaluation, MRI scheduling, and CT head without contrast, but does not mention management for pain, emotional support, or scheduling of chest CT scans.","Hospital Admission Start: 15 days 0 hours ago
Hospital Admission End: Now
Electronic Health Record Context
Ordered by Time (Earliest to Latest):
1. When: 43 days 16 hours ago, Note Category: Physician, Note Description: Physician Resident Admission Note | Text: He was given decadron 10mg IV and
   transferred to [**Hospital1 54**] for neurosurgical evaluation.
   
2. When: 43 days 16 hours ago, Note Category: Nursing, Note Description: Nursing Transfer Note | Text: He was given decadron 10mg IV and
   transferred to [**Hospital1 54**] for neurosurgical evaluation.
3. When: 43 days 16 hours ago, Note Category: Nursing, Note Description: Nursing Transfer Note | Text: MRI is scheduled.
   
4. When: 40 days 16 hours ago, Note Category: Discharge summary, Note Description: Report | Text: The
patient remained stable so it was felt he could go home and
await final pathology with close follow up in the [**Hospital **]
clinic.  
5. When: 40 days 16 hours ago, Note Category: Discharge summary, Note Description: Report | Text: He was transfered to the oncology service for further
evaluation. 
6. When: 40 days 16 hours ago, Note Category: Discharge summary, Note Description: Report | Text: Neuro-oncology consult felt his outside hospital MRI
was consistent with leptomeningeal disease so LP was performed
for diagnostic purposes. 
7. When: 15 days 16 hours ago, Note Category: Radiology, Note Description: CT HEAD W/O CONTRAST | Text: HISTORY:  68-year-old male with apparent head bleed and known brain mass,
 transferred from outside hospital after fall.

 
"
a9a92d9a-157e-5d2f-b9d7-a0f9011f6d0b,EHR Completo,"His vital signs stabilized, but he had a history of cognitive impairment and was not following commands.

",Supported,"The reference notes that the patient was hemodynamically stable and that he had a history of cognitive impairment and was inconsistently following commands, which supports the text stating vital signs stabilized but cognitive impairment and not following commands were present.","Hospital Admission Start: 15 days 0 hours ago
Hospital Admission End: Now
Electronic Health Record Context
Ordered by Time (Earliest to Latest):
1. When: 43 days 16 hours ago, Note Category: Physician, Note Description: Physician Resident Progress Note | Text: He is currently resting comfortably and hemodynamically
   stable in the MICU.
2. When: 43 days 16 hours ago, Note Category: Nursing, Note Description: Nursing Transfer Note | Text: Patient remains alert and oriented
   throughout the day.  
3. When: 40 days 16 hours ago, Note Category: Discharge summary, Note Description: Report | Text: He did have gait
unsteadiness (a chronic issue) but no fevers, chills, sweats,
cough. 
4. When: 40 days 16 hours ago, Note Category: Discharge summary, Note Description: Report | Text: His BP remained
stable overnight. 
5. When: 40 days 16 hours ago, Note Category: Discharge summary, Note Description: Report | Text: The
patient remained stable so it was felt he could go home and
await final pathology with close follow up in the [**Hospital **]
clinic.  
6. When: 14 days 16 hours ago, Note Category: Nursing, Note Description: Nursing Progress Note | Text: Action:
   Vs monitored post-operatively,  neuro signs q1hr
   Response:
   Hemodynamically stable post-op,  no change in neuro status
   Plan:
   Continue to monitor neuro status,  repeat head ct in am,  chest ct in
   am

7. When: 6 days 16 hours ago, Note Category: Nursing, Note Description: Nursing Progress Note | Text: during
   the night propofol weaned down and pt currently followed commands
   inconsitently.
8. When: 6 days 16 hours ago, Note Category: Nursing, Note Description: Nursing Progress Note | Text: Response:
   Neuro status unchanged throughout day.
   
9. When: 4 days 16 hours ago, Note Category: Nursing, Note Description: Nursing Transfer Note | Text: h/o anemia in
   [**12/2113**], s/p cholecystectomy, cognitive impairment s/p MVC
   PSH: trach/PEG in [**11/2113**], open CCY in [**2104**], lap esophagectomy [**2115-1-11**]
   Extubated yesterday [**2-2**]
   Altered mental status (not Delirium)
   Assessment:
   -          pt is consistently oriented to person.  
"
f1f40671-df5e-0192-1187-8925c002fafe,EHR Completo,"The patient, a 68-year-old man with a known stage III esophageal cancer, was transferred to the hospital after a fall and evaluated for a possible head bleed. ",Supported,The reference confirms the patient is a 68-year-old man with stage III esophageal cancer who was transferred after a fall and evaluated for a head bleed.,"Hospital Admission Start: 15 days 0 hours ago
Hospital Admission End: Now
Electronic Health Record Context
Ordered by Time (Earliest to Latest):
1. When: 15 days 16 hours ago, Note Category: Radiology, Note Description: CT HEAD W/O CONTRAST | Text: HISTORY:  68-year-old male with apparent head bleed and known brain mass,
 transferred from outside hospital after fall.

 
2. When: 14 days 16 hours ago, Note Category: Nutrition, Note Description: Clinical Nutrition Note | Text: 7kg kg
   79%
   66kg
   92%
   Diagnosis: Head Bleed
   PMH : Stage III esophageal cancer, R eye prosthesis, HTN, DOE, BPH
   chronic foley, Diabetes, h/o anemia, s/p cholecystectomy, cognitive
   impairment s/p MVC, trach/PEG in [**11/2113**], open CCY in [**2104**],
3. When: 13 days 16 hours ago, Note Category: Radiology, Note Description: CT ABD W&W/O C | Text: [**2116-1-25**] 4:11 PM
 CT CHEST W/CONTRAST; CT ABD W&W/O C                             Clip # [**Clip Number (Radiology) 87021**]
 CT PELVIS W/CONTRAST
 Reason: cancer staging
 Admitting Diagnosis: HEAD BLEED
 ______________________________________________________________________________
 [**Hospital 2**] MEDICAL CONDITION:
  68 year old man with known esophageal ca and cerebellar mass with increase size
  of cerebellar mass on CT.
4. When: 6 days 16 hours ago, Note Category: Radiology, Note Description: MR HEAD W & W/O CONTRAST | Text: CLINICAL INDICATION:  68-year-old man, status post craniectomy for esophageal
 metastasis, assess complete removal of the metastasis.

 
5. When: 4 days 16 hours ago, Note Category: Nursing, Note Description: Nursing Transfer Note | Text: Admit diagnosis:
   HEAD BLEED
   Code status:
   Full code
   Height:
   Admission weight:
   61 kg
   Daily weight:
   61 kg
   Allergies/Reactions:
   No Known Drug Allergies
   Precautions: Contact
   PMH:  Diabetes - Insulin
   CV-PMH:  Hypertension
   Additional history: Stage III esophogeal CA w/ mets to brain w/
   cerebellar mass;
6. When: 2 days 16 hours ago, Note Category: Radiology, Note Description: CT HEAD W/O CONTRAST | Text: eval fo
 Admitting Diagnosis: HEAD BLEED
 ______________________________________________________________________________
 [**Hospital 2**] MEDICAL CONDITION:
  68 year old man with metastatic esophageal CA to cerebellum now s/p left
  cerebellar metastatic resection
 REASON FOR THIS EXAMINATION:
  s/p transfer to ICU with acute mental status change, eval for interval change
 No contraindications for IV contrast
 ______________________________________________________________________________
                                 FINAL REPORT
 INDICATION:  68-year-old male, with esophageal metastasis, status post
 resection, acute mental status change,
7. When: 1 days 16 hours ago, Note Category: Radiology, Note Description: CHEST (PORTABLE AP) | Text: [**2116-2-6**] 1:39 AM
 CHEST (PORTABLE AP)                                             Clip # [**Clip Number (Radiology) 88038**]
 Reason: please assess for NGT position
 Admitting Diagnosis: HEAD BLEED
 ______________________________________________________________________________
 [**Hospital 2**] MEDICAL CONDITION:
  68 year old man with hx [**First Name9 (NamePattern2) **] [**Doctor Last Name **] esophagectomy, OGT,
8. When: 1 days 16 hours ago, Note Category: Radiology, Note Description: CHEST (PORTABLE AP) | Text: [**2116-2-6**] 6:08 PM
 CHEST (PORTABLE AP); -77 BY DIFFERENT PHYSICIAN                 [**Name Initial (PRE) 5**] # [**Clip Number (Radiology) 88890**]
 Reason: eval interval change
 Admitting Diagnosis: HEAD BLEED
 ______________________________________________________________________________
 [**Hospital 2**] MEDICAL CONDITION:
  68 year old man with metastatic esophageal CA to cerebellum now s/p left
9. When: 0 days 16 hours ago, Note Category: Physician, Note Description: Intensivist Note | Text: SICU
   HPI:
    68 y/o M with metastatic esophageal cancer to brain
   admitted 2 weeks ago after a fall.  
"
96455fe0-3964-73cf-eeff-15c1d616b8f0,EHR Completo,"A CT scan without contrast showed an interval increase in size of a left cerebellar hemorrhage, with surrounding edema and mass effect on the 4th ventricle and perimesencephalic cistern.",Supported,"The reference clearly documents a CT scan without contrast showing an interval increase in size of a left cerebellar hemorrhage with surrounding edema and mass effect on the 4th ventricle and perimesencephalic cistern, matching the text exactly.","Hospital Admission Start: 15 days 0 hours ago
Hospital Admission End: Now
Electronic Health Record Context
Ordered by Time (Earliest to Latest):
1. When: 15 days 16 hours ago, Note Category: Radiology, Note Description: CT HEAD W/O CONTRAST | Text: WET READ VERSION #1 [**First Name9 (NamePattern2) 3913**] [**Doctor First Name 73**] [**2116-1-23**] 9:26 AM
  interval increase in size of left cerebellar hemorrhage now measuring 2.4 x
  3.7 cm with surrounding edema and mass effect on 4th ventricle and left aspect
  of perimesencephalic cistern. 
2. When: 15 days 16 hours ago, Note Category: Radiology, Note Description: CT HEAD W/O CONTRAST | Text: IMPRESSION:

 Interval increase in size of patient's known left cerebellar hemorrhagic mass
 with surrounding vasogenic edema.  
3. When: 15 days 16 hours ago, Note Category: Radiology, Note Description: CT HEAD W/O CONTRAST | Text: FINDINGS:  There has been interval enlargement of the left cerebellar
 hemorrhage which now measures 2.4 x 3.7 cm and previously measured 2.8 x 1.2
 cm.  
4. When: 15 days 16 hours ago, Note Category: Radiology, Note Description: MR HEAD W & W/O CONTRAST | Text: Left cerebellar mass with hemorrhagic foci and surrounding edema causing
 effacement of the fourth ventricle and quadrigeminal cistern.  
5. When: 15 days 16 hours ago, Note Category: Radiology, Note Description: MR HEAD W & W/O CONTRAST | Text: Left cerebellar mass with hemorrhagic foci and surrounding edema causing
  compression of the fourth ventricle and effacement of the quadrigeminal
  cistern.
6. When: 15 days 16 hours ago, Note Category: Radiology, Note Description: MR HEAD W & W/O CONTRAST | Text: Left cerebellar mass with hemorrhagic foci and surrounding edema causing
 compression of the fourth ventricle and effacement of the quadrigeminal
 cistern.  
7. When: 14 days 16 hours ago, Note Category: Nursing, Note Description: Nursing Progress Note | Text: Head Ct revealed an increase in cerebellar mass w/ surrounding edema
   and mass effect on the 4^th ventricle and left aspect of the
   perimesencephalic cistern. 
8. When: 4 days 16 hours ago, Note Category: Radiology, Note Description: CT HEAD W/O CONTRAST | Text: Continued edema in the left
  cerebellar hemisphere with similar degree of mass effect on the fourth
  ventricle.
9. When: 4 days 16 hours ago, Note Category: Radiology, Note Description: CT HEAD W/O CONTRAST | Text: Continued edema in the left
 cerebellar hemisphere with similar degree of mass effect on the fourth
 ventricle.  
"
098ddfae-6563-aa22-fda3-df73c91f044d,EHR Completo,"He was also given multiple units of FFP, platelets, and vitamin K due to liver failure.

",Supported,"The reference notes multiple administrations of FFP, platelets, and vitamin K due to liver failure and coagulopathy, directly supporting the text.","Hospital Admission Start: 15 days 0 hours ago
Hospital Admission End: Now
Electronic Health Record Context
Ordered by Time (Earliest to Latest):
1. When: 3 days 16 hours ago, Note Category: Radiology, Note Description: US ABD LIMIT, SINGLE ORGAN | Text: ______________________________________________________________________________
                                 FINAL REPORT
 INDICATIONS:  68-year-old man with elevated LFTs and mild coagulopathy.
2. When: 2 days 16 hours ago, Note Category: Physician, Note Description: Intensivist Note | Text: Total In:
             268 mL
   PO:
             Tube feeding:
   IV Fluid:
   268 mL
   Blood products:
   Total out:
3. When: 1 days 16 hours ago, Note Category: Nursing, Note Description: Nursing Progress Note | Text: Action:
   Cryo, 4units FFP, 1 unit PRBC, 2 units Plts, 2 litre boluses given.
   
4. When: 1 days 16 hours ago, Note Category: Nursing, Note Description: Nursing Progress Note | Text: cognitive impairment s/p MVC
   Sepsis, Severe (with organ dysfunction)
   Assessment:
   Florid sepsis with complete multisytem organ failure--?cdif colitis
   origin of sepsis
   l
   Action:
   Complete Respiratory support w/ventilator
   renal support w/ CRRT
   Shock liver with deteriorating lab values, given multiple units of FFP,
   platelets and Vit k
   Family in, spoke w/ Dr.
5. When: 0 days 16 hours ago, Note Category: Physician, Note Description: Intensivist Note | Text: He
   was brought to SICU in multi-system organ failure with oliguria
   requiring CVVH, liver failure, worsening hypocoagulable state, and
   severe metabolic acidosis.
6. When: 0 days 16 hours ago, Note Category: Physician, Note Description: Intensivist Note | Text: Albumin given
   yesterday.
   
7. When: 0 days 16 hours ago, Note Category: Nursing, Note Description: Nursing Progress Note | Text: Transfused with total 2bags platelets and 3units FFP.
   
"
349676e0-51d5-7621-20cd-000aea7767d0,EHR Completo,"He was admitted to the Surgical Intensive Care Unit (SICU) and underwent a series of diagnostic tests, including MRI scans, which revealed a left cerebellar mass with hemorrhagic foci and surrounding edema, causing compression of the fourth ventricle and effacement of the quadrigeminal cistern. ",Not Supported,"The reference confirms the presence of a left cerebellar mass with hemorrhagic foci and edema causing compression and effacement of brain structures, but it does not state that the patient was admitted to the Surgical Intensive Care Unit (SICU) or that the MRI scans were performed after admission to the SICU.","Hospital Admission Start: 15 days 0 hours ago
Hospital Admission End: Now
Electronic Health Record Context
Ordered by Time (Earliest to Latest):
1. When: 43 days 16 hours ago, Note Category: Nursing, Note Description: Nursing Transfer Note | Text: Found to have
   3-4cm left cerebellar mass on MRI with evidence of mass effect,
   vasogenic edema, ?bleeding in mass. 
2. When: 40 days 16 hours ago, Note Category: Discharge summary, Note Description: Report | Text: Per
report from the outside hospital MRI, the patient had a 3-4cm
left cerebellar mass on MRI with evidence of mass effect
(effacing the 4th ventricle),
3. When: 15 days 16 hours ago, Note Category: Radiology, Note Description: MR HEAD W & W/O CONTRAST | Text: Left cerebellar mass with hemorrhagic foci and surrounding edema causing
  compression of the fourth ventricle and effacement of the quadrigeminal
  cistern.
4. When: 15 days 16 hours ago, Note Category: Radiology, Note Description: MR HEAD W & W/O CONTRAST | Text: Left cerebellar mass with hemorrhagic foci and surrounding edema causing
 compression of the fourth ventricle and effacement of the quadrigeminal
 cistern.  
5. When: 15 days 16 hours ago, Note Category: Radiology, Note Description: MR HEAD W & W/O CONTRAST | Text: Left cerebellar mass with hemorrhagic foci and surrounding edema causing
 effacement of the fourth ventricle and quadrigeminal cistern.  
6. When: 15 days 16 hours ago, Note Category: Radiology, Note Description: MR HEAD W & W/O CONTRAST | Text: FINDINGS: There is an ill-defined infiltrative enhancing mass seen in the left
 cerebellar hemisphere with surrounding edema and effacing the fourth ventricle
 and quadrigeminal cistern. 
7. When: 14 days 16 hours ago, Note Category: Radiology, Note Description: CT HEAD W/ CONTRAST | Text: There is
 partial obliteration of the quadrigeminal cistern identified with some edema
 seen in the partially visualized left cerebellar hemisphere.  
8. When: 0 days 16 hours ago, Note Category: Physician, Note Description: Intensivist Note | Text: Workup revealed a left cerebellar
   mass causing an obstructive hydrocephalus.  
"
4a2204d8-7635-47a2-cdb3-33f1bd167db9,EHR Completo,The differential diagnosis included lymphoma versus metastatic disease.,Supported,The reference multiple times explicitly states that the differential diagnosis includes lymphoma versus metastatic disease.,"Hospital Admission Start: 15 days 0 hours ago
Hospital Admission End: Now
Electronic Health Record Context
Ordered by Time (Earliest to Latest):
1. When: 43 days 16 hours ago, Note Category: Physician, Note Description: Physician Resident Admission Note | Text: Although unusual, seems
   likely this is a metastatic lesion and most likely from known primary.
   
2. When: 43 days 16 hours ago, Note Category: Physician, Note Description: Physician Resident Admission Note | Text: [**Known lastname 7489**] has metastatic esophageal
   Ca with new substantial cerebellar mass.  
3. When: 40 days 16 hours ago, Note Category: Discharge summary, Note Description: Report | Text: Neuro-oncology consult felt his outside hospital MRI
was consistent with leptomeningeal disease so LP was performed
for diagnostic purposes. 
4. When: 40 days 16 hours ago, Note Category: Discharge summary, Note Description: Report | Text: He was transfered to the oncology service for further
evaluation. 
5. When: 15 days 16 hours ago, Note Category: Radiology, Note Description: MR HEAD W & W/O CONTRAST | Text: Differential diagnosis includes lymphoma versus metastatic disease.

  
6. When: 15 days 16 hours ago, Note Category: Radiology, Note Description: MR HEAD W & W/O CONTRAST | Text: Differential diagnosis includes lymphoma versus metastatic disease.

 
7. When: 15 days 16 hours ago, Note Category: Radiology, Note Description: MR HEAD W & W/O CONTRAST | Text: Differential
 diagnosis includes lymphoma and metastatic disease.
8. When: 15 days 16 hours ago, Note Category: Radiology, Note Description: MR HEAD W & W/O CONTRAST | Text: The
 differential diagnosis includes lymphoma and metastatic etiology.

 
9. When: 0 days 16 hours ago, Note Category: Physician, Note Description: Intensivist Note | Text: A
   week later, the pt went back to the OR for resection of the cerebellar
   mass, which has since been reported as metastatic poorly differentiated
   adenocarcinoma.
"
9db332d4-bada-5f8d-10a3-e77fcfd3734b,EHR Completo,"On February 1, an MRI scan showed that the previously demonstrated left cerebellar mass lesion had been removed, but there were post-surgical changes, persistent vasogenic edema, and a subtle area of enhancement in the surgical cavity. ",Not Supported,"The reference indicates the MRI was performed 6 days ago, not on February 1, and it describes post-surgical changes and persistent vasogenic edema but does not mention a subtle area of enhancement in the surgical cavity.","Hospital Admission Start: 15 days 0 hours ago
Hospital Admission End: Now
Electronic Health Record Context
Ordered by Time (Earliest to Latest):
1. When: 43 days 16 hours ago, Note Category: Physician, Note Description: Physician Resident Admission Note | Text: Found to have
   3-4cm left cerebellar mass on MRI with evidence of mass effect,
   vasogenic edema, ?bleeding in mass. 
2. When: 40 days 16 hours ago, Note Category: Discharge summary, Note Description: Report | Text: Per
report from the outside hospital MRI, the patient had a 3-4cm
left cerebellar mass on MRI with evidence of mass effect
(effacing the 4th ventricle),
3. When: 14 days 16 hours ago, Note Category: Radiology, Note Description: CT STEREOTAXIS W/ CONTRAST | Text: FINDINGS:  There is mass identified in the partially visualized left
 cerebellar hemisphere with edema.
4. When: 11 days 16 hours ago, Note Category: Radiology, Note Description: CTA HEAD W&W/O C & RECONS | Text: FINDINGS:  The irregular enhancing mass in the left cerebellar hemisphere
 appears grossly unchanged.  
5. When: 6 days 16 hours ago, Note Category: Radiology, Note Description: MR HEAD W & W/O CONTRAST | Text: FINDINGS:  The previously demonstrated infiltrative left cerebellar mass
 lesion has been removed in the interim, post-surgical changes consistent with
 left occipital craniotomy are visualized as well as the frontal burr hole on
 the right.  
6. When: 6 days 16 hours ago, Note Category: Radiology, Note Description: MR HEAD W & W/O CONTRAST | Text: Resection of the
 previously demonstrated infiltrative mass lesion on the left cerebellar
 hemisphere.  
7. When: 6 days 16 hours ago, Note Category: Radiology, Note Description: MR HEAD W & W/O CONTRAST | Text: In the left cerebellar fossa, there is a post-surgical cavity
 filling with CSF, persistent vasogenic edema is identified in the left
 cerebellar hemisphere, producing mild narrowing of the fourth ventricle as
 well as the left cerebellar cisterns.
"
6c6ec37f-bac6-faca-bd20-7f6742d1e360,EHR Completo,"The patient was extubated on February 2, and his neuro status remained essentially unchanged. ",Supported,"The reference states the patient was extubated and weaned off sedation on Sunday, February 2, and earlier notes indicate the neuro status remained unchanged.","Hospital Admission Start: 15 days 0 hours ago
Hospital Admission End: Now
Electronic Health Record Context
Ordered by Time (Earliest to Latest):
1. When: 43 days 16 hours ago, Note Category: Physician, Note Description: Physician Resident Admission Note | Text: On evaluation in the MICU, patient denies any headache, diplopia,
   weakness, numbness. 
2. When: 43 days 16 hours ago, Note Category: Physician, Note Description: Physician Resident Progress Note | Text: He is currently resting comfortably and hemodynamically
   stable in the MICU.
3. When: 43 days 16 hours ago, Note Category: Nursing, Note Description: Nursing Transfer Note | Text: On evaluation in the MICU, patient denies any headache, diplopia,
   weakness, numbness.
4. When: 40 days 16 hours ago, Note Category: Discharge summary, Note Description: Report | Text: On evaluation in the MICU, patient denied any
headache, diplopia, weakness, numbness. 
5. When: 14 days 16 hours ago, Note Category: Nursing, Note Description: Nursing Progress Note | Text: Action:
   Vs monitored post-operatively,  neuro signs q1hr
   Response:
   Hemodynamically stable post-op,  no change in neuro status
   Plan:
   Continue to monitor neuro status,  repeat head ct in am,  chest ct in
   am

6. When: 6 days 16 hours ago, Note Category: Nursing, Note Description: Nursing Progress Note | Text: Response:
   Neuro status unchanged throughout day.
   
7. When: 4 days 16 hours ago, Note Category: Nursing, Note Description: Nursing Progress Note | Text: Extubated
 and weaned off sedation on Sunday [**2116-2-2**].

8. When: 0 days 16 hours ago, Note Category: Physician, Note Description: Intensivist Note | Text: Neuro: sedated.  
"
1540c5e0-dd79-ce3b-57b1-2cd2b8e06ac5,EHR Completo,"However, the patient experienced a setback requiring readmission to the ICU on February 5, with tachycardia, hypotension, and an acute mental status change. ",Supported,"The reference documents the patient being readmitted to the ICU on February 5 with tachycardia, hypotension, and acute mental status changes consistent with the text.","Hospital Admission Start: 15 days 0 hours ago
Hospital Admission End: Now
Electronic Health Record Context
Ordered by Time (Earliest to Latest):
1. When: 43 days 16 hours ago, Note Category: General, Note Description: Generic Note | Text: Patient is critically ill.
2. When: 2 days 16 hours ago, Note Category: Nursing, Note Description: Nursing Progress Note | Text: Transferred [**2-3**] to [**Hospital Ward Name **] 11
   Triggered on floor today [**2-5**] for Tachycardia no u/[**Name Initial (MD) **] and RN
[**Name Initial (MD) **] and MD
   unable to obtain BP. 
3. When: 2 days 16 hours ago, Note Category: Physician, Note Description: Intensivist Note | Text: Readmitted
   to ICU w tachycardia and hypotension
   Chief complaint:
   tachycardia/hypotension
   PMHx:
   Stage III esophageal cancer, R eye prosthesis, HTN, DOE, BPH chronic
   foley, Diabetes, h/o trach/PEG in [**11/2113**], h/o anemia in [**12/2113**], s/p
   cholecystectomy, cognitive impairment s/p MVC
   Current medications:
   1.
4. When: 1 days 16 hours ago, Note Category: Physician, Note Description: Intensivist Note | Text: Readmitted to ICU w florid sepsis.
   
5. When: 0 days 16 hours ago, Note Category: Physician, Note Description: Intensivist Note | Text: [**2-5**] the pt developed respiratory distress,
   hypotension, and tachycardia on floor and was transferred to the SICU.
   
"
f0f2520a-4829-86c4-e4f3-84495d311be1,EHR Completo,"He was reintubated and received multiple medications, including antibiotics and hydration therapy. ",Supported,"The reference states that he was intubated and started on broad spectrum antibiotics and pressors, which supports that he was reintubated and received multiple medications including antibiotics and hydration therapy.","Hospital Admission Start: 15 days 0 hours ago
Hospital Admission End: Now
Electronic Health Record Context
Ordered by Time (Earliest to Latest):
1. When: 43 days 16 hours ago, Note Category: Physician, Note Description: Physician Resident Admission Note | Text: He was given decadron 10mg IV and
   transferred to [**Hospital1 54**] for neurosurgical evaluation.
   
2. When: 43 days 16 hours ago, Note Category: Nursing, Note Description: Nursing Transfer Note | Text: He was given decadron 10mg IV and
   transferred to [**Hospital1 54**] for neurosurgical evaluation.
3. When: 14 days 16 hours ago, Note Category: Nursing, Note Description: Nursing Progress Note | Text: Extubated in or.  
4. When: 5 days 16 hours ago, Note Category: Nursing, Note Description: Nursing Progress Note | Text: Hydralazine given. 
5. When: 5 days 16 hours ago, Note Category: Nursing, Note Description: Nursing Progress Note | Text: Plan:
   Continue with hydralazine prn.

6. When: 4 days 16 hours ago, Note Category: Nursing, Note Description: Nursing Progress Note | Text: Extubated
 and weaned off sedation on Sunday [**2116-2-2**].

7. When: 0 days 16 hours ago, Note Category: Physician, Note Description: Intensivist Note | Text: He was intubated, started on pressors as well as broad spectrum abx. 
"
7405f258-91ac-3930-4927-2412d0126402,EHR Completo,"Throughout his hospital stay, the patient required ongoing management of his neurological status, pain, and anxiety, as well as treatment for septic shock, fluid overload, and metabolic acidosis. ",Supported,"The reference documents ongoing management of neurological status (sedated neuro status), metabolic acidosis, and sepsis (septic shock implied by sepsis and multiorgan failure), supporting the text's statement about treatment for neurological status, septic shock, and metabolic acidosis. Fluid overload is implied by oliguria requiring CVVH, and pain and anxiety management are consistent with ICU care and sedation.","Hospital Admission Start: 15 days 0 hours ago
Hospital Admission End: Now
Electronic Health Record Context
Ordered by Time (Earliest to Latest):
1. When: 43 days 16 hours ago, Note Category: General, Note Description: Generic Note | Text: Patient is critically ill.
2. When: 43 days 16 hours ago, Note Category: Nursing, Note Description: Nursing Transfer Note | Text: Patient remains alert and oriented
   throughout the day.  
3. When: 40 days 16 hours ago, Note Category: Discharge summary, Note Description: Report | Text: The
patient remained stable so it was felt he could go home and
await final pathology with close follow up in the [**Hospital **]
clinic.  
4. When: 2 days 16 hours ago, Note Category: Physician, Note Description: Intensivist Note | Text: Consults: Neuro surgery
   Billing Diagnosis: Post-op hypotension
   ICU Care
   Nutrition:
   Glycemic Control:  Regular insulin sliding scale
   Lines:
   Indwelling Port (PortaCath) - [**2116-2-5**] 06:00 AM
   Prophylaxis:
   DVT: Boots
   Stress ulcer: H2 blocker
   VAP bundle:
   Comments:
   Communication: Patient discussed on interdisciplinary rounds ,
5. When: 1 days 16 hours ago, Note Category: Nursing, Note Description: Nursing Progress Note | Text: Remains in met acidosis.
   
6. When: 0 days 16 hours ago, Note Category: Respiratory, Note Description: Respiratory Care Shift Note | Text: ventilation to control pH
   Reason for continuing current ventilatory support: Underlying illness
   not resolved
   Pt has a severe metabolic acidosis.
7. When: 0 days 16 hours ago, Note Category: Physician, Note Description: Intensivist Note | Text: Admit to SICU [**2-5**] with
   sepsis and multiorgan system failure
   Neuro: sedated.  
8. When: 0 days 16 hours ago, Note Category: Physician, Note Description: Intensivist Note | Text: He
   was brought to SICU in multi-system organ failure with oliguria
   requiring CVVH, liver failure, worsening hypocoagulable state, and
   severe metabolic acidosis.
"
298f3674-4277-9c9d-75b9-53b668fda4cb,EHR Completo,"On February 7, despite aggressive treatment, the patient's condition remained unstable, and after a family meeting with the doctor, it was decided to stop treatment due to the unsurvivable situation. ",Supported,"The reference notes that the patient remained unstable with episodes of dipping blood pressure and cardiac output, and that all agreed to stop treatment after discussion with the family due to unsurvivability, matching the text's description of stopping treatment after a family meeting because of an unsurvivable situation.","Hospital Admission Start: 15 days 0 hours ago
Hospital Admission End: Now
Electronic Health Record Context
Ordered by Time (Earliest to Latest):
1. When: 43 days 16 hours ago, Note Category: Physician, Note Description: Physician Resident Admission Note | Text: He is stating an unwillingness to undergo procedures in the future.
   
2. When: 40 days 16 hours ago, Note Category: Discharge summary, Note Description: Report | Text: The
patient remained stable so it was felt he could go home and
await final pathology with close follow up in the [**Hospital **]
clinic.  
3. When: 40 days 16 hours ago, Note Category: Discharge summary, Note Description: Report | Text: Patient continued
on home Amantadine.

4. When: 5 days 16 hours ago, Note Category: Nursing, Note Description: Nursing Progress Note | Text: Immediately became
   very agitated, hypertensive and uncooperative, trying to get out of bed
   and interfere with treatment.
   
5. When: 4 days 16 hours ago, Note Category: Nursing, Note Description: Nursing Progress Note | Text: Plan:
   Continue to monitor of increased agitation and treat with
   non-pharmacological as well as pharmacological interventions.

6. When: 1 days 16 hours ago, Note Category: Nursing, Note Description: Nursing Progress Note | Text: [**Last Name (STitle) **], aware that patient is not a surgical
   candidate due to overwhelming sepsis and liver failure.
   
7. When: 0 days 16 hours ago, Note Category: Nursing, Note Description: Nursing Progress Note | Text: Response:
   Remains overall unstable, with episodes of dipping bp and cardiac
   output, with elevated svv.
   
8. When: 0 days 16 hours ago, Note Category: Nursing, Note Description: Nursing Progress Note | Text: All in agreement to stop treatment, and provide [**Name (STitle) 1396**] only to family.
   
9. When: 0 days 16 hours ago, Note Category: Nursing, Note Description: Nursing Progress Note | Text: [**First Name (STitle) **]
   [**Name (STitle) 53**]
s wishes and unsurvivability of situation discussed w/family.
   
10. When: 0 days 16 hours ago, Note Category: Nursing, Note Description: Nursing Progress Note | Text: [**Last Name **] Problem
 [**Name (NI) **] measures
   Assessment:
   Profound sepsis with mutisystem organ failure
   Action:
   Aggressive treatment supporting all systems until family meeting w/dr.
   
"
63c3af56-948e-25d9-f752-2e3f9e91d612,EHR Completo,"The patient's care was withdrawn, and morphine was administered to manage symptoms. ",Supported,"The reference notes that care was withdrawn at 15:30 and morphine was administered as needed (prn), supporting that the patient's care was withdrawn and morphine was used to manage symptoms.","Hospital Admission Start: 15 days 0 hours ago
Hospital Admission End: Now
Electronic Health Record Context
Ordered by Time (Earliest to Latest):
1. When: 43 days 16 hours ago, Note Category: Physician, Note Description: Physician Resident Admission Note | Text: He was given decadron 10mg IV and
   transferred to [**Hospital1 54**] for neurosurgical evaluation.
   
2. When: 43 days 16 hours ago, Note Category: Nursing, Note Description: Nursing Transfer Note | Text: He was given decadron 10mg IV and
   transferred to [**Hospital1 54**] for neurosurgical evaluation.
3. When: 14 days 16 hours ago, Note Category: Nursing, Note Description: Nursing Progress Note | Text: Pain
   management. 
4. When: 4 days 16 hours ago, Note Category: Physician, Note Description: Intensivist Note | Text: discontinued fentanyl and transitioned to morphine prn
   yesterday.
   
5. When: 2 days 16 hours ago, Note Category: Physician, Note Description: Intensivist Note | Text: morphine
   prn yesterday.
   
6. When: 1 days 16 hours ago, Note Category: Nursing, Note Description: Nursing Progress Note | Text: Withdraws to painful stimuli. 
7. When: 0 days 16 hours ago, Note Category: Nursing, Note Description: Nursing Progress Note | Text: Care withdrawn @1530, vent left on on lower rate.
   
"
ae5a654d-37ad-a8cc-31e1-5d605160ef66,EHR Completo,The patient was pronounced dead at 1650 with the family present and in agreement with the plan.,Supported,"The reference notes that the patient was pronounced at 1650 and that all family were present and in agreement with the plan, directly supporting the text.","Hospital Admission Start: 15 days 0 hours ago
Hospital Admission End: Now
Electronic Health Record Context
Ordered by Time (Earliest to Latest):
1. When: 40 days 16 hours ago, Note Category: Discharge summary, Note Description: Report | Text: The
patient remained stable so it was felt he could go home and
await final pathology with close follow up in the [**Hospital **]
clinic.  
2. When: 14 days 16 hours ago, Note Category: Nursing, Note Description: Nursing Progress Note | Text: Plan: To OR today for intervention of brain lesion, daughters aware and
   request to be contact[**Name (NI) **] prior to procedure. 
3. When: 14 days 16 hours ago, Note Category: Nursing, Note Description: Nursing Progress Note | Text: Action:
   Vs monitored post-operatively,  neuro signs q1hr
   Response:
   Hemodynamically stable post-op,  no change in neuro status
   Plan:
   Continue to monitor neuro status,  repeat head ct in am,  chest ct in
   am

4. When: 6 days 16 hours ago, Note Category: Nursing, Note Description: Nursing Progress Note | Text: Plan:
   ?extubate today if possible. 
5. When: 6 days 16 hours ago, Note Category: Nursing, Note Description: Nursing Progress Note | Text: Plan:
   Continue to monitor pain and medicate prn.

6. When: 1 days 16 hours ago, Note Category: Nursing, Note Description: Nursing Progress Note | Text: [**Last Name (STitle) **], aware that patient is not a surgical
   candidate due to overwhelming sepsis and liver failure.
   
7. When: 0 days 16 hours ago, Note Category: Nursing, Note Description: Nursing Progress Note | Text: Patient pronounced at 1650.
   
8. When: 0 days 16 hours ago, Note Category: Nursing, Note Description: Nursing Progress Note | Text: All family present, all in agreement with plan.
   
9. When: 0 days 16 hours ago, Note Category: Nursing, Note Description: Nursing Progress Note | Text: All in agreement to stop treatment, and provide [**Name (STitle) 1396**] only to family.
   
10. When: 0 days 16 hours ago, Note Category: Nursing, Note Description: Nursing Progress Note | Text: [**First Name (STitle) **]
   [**Name (STitle) 53**]
s wishes and unsurvivability of situation discussed w/family.
   
"
e31f24d4-036e-d2d3-398b-208ff377d612,EHR Completo,"On February 6, the patient developed a florid septic picture, with severe diffuse large bowel thickening, likely due to severe colitis, possibly caused by C. difficile. ",Supported,"The reference describes severe diffuse large bowel thickening likely due to severe colitis, with C. difficile being the most likely pathogen, matching the text's statement about a florid septic picture with severe colitis possibly caused by C. difficile on February 6.","Hospital Admission Start: 15 days 0 hours ago
Hospital Admission End: Now
Electronic Health Record Context
Ordered by Time (Earliest to Latest):
1. When: 1 days 16 hours ago, Note Category: Radiology, Note Description: CT CHEST W/CONTRAST | Text: Diffuse wall thickening from the cecum to the splenic flexure likely
 reflects severe colitis with C. difficile being the most likely pathogen.

 
2. When: 1 days 16 hours ago, Note Category: Radiology, Note Description: CT CHEST W/CONTRAST | Text: Severe diffuse large bowel thickening which
  is dilated and stool filled with nml appearing small bowel.  
3. When: 1 days 16 hours ago, Note Category: Radiology, Note Description: CT CHEST W/CONTRAST | Text: [**Month (only) **] relate to
  severe 3rd spacing or other causes of pan colitis such as c. diff.
4. When: 1 days 16 hours ago, Note Category: Radiology, Note Description: CT CHEST W/CONTRAST | Text: Marked
 colonic wall thickening is most prominent from the cecum to the splenic
                                                             (Over)

 [**2116-2-6**] 3:42 AM
 CT CHEST W/CONTRAST;
5. When: 1 days 16 hours ago, Note Category: Nursing, Note Description: Nursing Progress Note | Text: Ct showed dilated loops of bowel w/ large amt of stool.
   
6. When: 1 days 16 hours ago, Note Category: Nutrition, Note Description: Clinical Nutrition Note | Text: Given pt
s large
   amount of stool output and likely c diff colitis, pt will likely need
   TPN for now.
   
7. When: 0 days 16 hours ago, Note Category: Physician, Note Description: Intensivist Note | Text: etiology
   of clinical picture and his multi-system organ failure likely from
   infectious colitis possibly due to C. difficile. 
8. When: 0 days 16 hours ago, Note Category: Physician, Note Description: Intensivist Note | Text: CT abdomen shows severe diffuse large bowel thickening which
   is dilated and stool filled with normal appearing small bowel. 
"
10fb55a1-337b-b6bc-3970-014f908eb71b,EHR Completo,"He was treated with broad-spectrum antibiotics, vasopressin, norepinephrine, and propofol infusions. ",Supported,"The reference notes the patient was started on broad spectrum antibiotics, vasopressin, norepinephrine (Levophed), and propofol infusions, fully supporting the text.","Hospital Admission Start: 15 days 0 hours ago
Hospital Admission End: Now
Electronic Health Record Context
Ordered by Time (Earliest to Latest):
1. When: 1 days 16 hours ago, Note Category: Physician, Note Description: Intensivist Note | Text: STOP [**2116-2-5**] 11:58 PM
   Post operative day:
   POD#6 - ws/p craniotomy
   Allergies:
   No Known Drug Allergies
   Last dose of Antibiotics:
   Infusions:
   Vasopressin - 1.2 units/hour
   Propofol - 15 mcg/Kg/min
   Norepinephrine - 0.
2. When: 1 days 16 hours ago, Note Category: Nursing, Note Description: Nursing Progress Note | Text: Sedated on Propofol. 
3. When: 1 days 16 hours ago, Note Category: Nutrition, Note Description: Clinical Nutrition Note | Text: Pertinent medications: Levophed, Vasopressin, propofol, D5 c/ Bicarb
   @100cc/hr,
4. When: 0 days 16 hours ago, Note Category: Physician, Note Description: Intensivist Note | Text: He was intubated, started on pressors as well as broad spectrum abx. 
5. When: 0 days 16 hours ago, Note Category: Physician, Note Description: Intensivist Note | Text: [**2116-2-7**] 12:00 AM
   Infusions:
   Vasopressin - 2.4 units/hour
   Propofol - 20 mcg/Kg/min
   Calcium Gluconate (CRRT) - 24 grams/hour
   Phenylephrine - 2 mcg/Kg/min
   Other ICU medications:
   Insulin - Regular - [**2116-2-6**] 10:20 AM
   Other medications:
   Flowsheet Data as of
6. When: 0 days 16 hours ago, Note Category: Nursing, Note Description: Nursing Progress Note | Text: Action:
   Initially weaned off levo and neo on low dose, but eventually needed to
   increase dose of vasopressin.
   
"
7c4968b0-893c-bff5-32c4-f02742922b83,EHR Completo,"His condition was critical, requiring close monitoring and multidisciplinary care. ",Supported,"The reference describes the patient as critically ill with multi-system organ failure requiring intensive care and aggressive treatment, which supports the text stating his condition was critical and required close monitoring and multidisciplinary care.","Hospital Admission Start: 15 days 0 hours ago
Hospital Admission End: Now
Electronic Health Record Context
Ordered by Time (Earliest to Latest):
1. When: 43 days 16 hours ago, Note Category: General, Note Description: Generic Note | Text: Patient is critically ill.
2. When: 43 days 16 hours ago, Note Category: Physician, Note Description: Physician Resident Admission Note | Text: He was given decadron 10mg IV and
   transferred to [**Hospital1 54**] for neurosurgical evaluation.
   
3. When: 43 days 16 hours ago, Note Category: Nursing, Note Description: Nursing Transfer Note | Text: He was given decadron 10mg IV and
   transferred to [**Hospital1 54**] for neurosurgical evaluation.
4. When: 40 days 16 hours ago, Note Category: Discharge summary, Note Description: Report | Text: The
patient remained stable so it was felt he could go home and
await final pathology with close follow up in the [**Hospital **]
clinic.  
5. When: 40 days 16 hours ago, Note Category: Discharge summary, Note Description: Report | Text: They also recommended close BP control (SBP <140) so the patient
was transferred to the MICU for monitoring. 
6. When: 0 days 16 hours ago, Note Category: Physician, Note Description: Intensivist Note | Text: He
   was brought to SICU in multi-system organ failure with oliguria
   requiring CVVH, liver failure, worsening hypocoagulable state, and
   severe metabolic acidosis.
7. When: 0 days 16 hours ago, Note Category: Nursing, Note Description: Nursing Progress Note | Text: [**Last Name **] Problem
 [**Name (NI) **] measures
   Assessment:
   Profound sepsis with mutisystem organ failure
   Action:
   Aggressive treatment supporting all systems until family meeting w/dr.
   
"
b25f8ad4-4961-c9a5-9c82-5a1ae734d335,EHR Completo,"The patient was diagnosed with multisystem organ failure, including renal failure, liver failure, and severe metabolic acidosis, and was given maximal support with ventilation, CRRT, and triple pressors. ",Supported,"The reference notes the patient was brought to SICU in multi-system organ failure including liver failure and oliguria requiring CVVH (renal support), severe metabolic acidosis, and was given maximal support with ventilation, CRRT, and triple pressors.","Hospital Admission Start: 15 days 0 hours ago
Hospital Admission End: Now
Electronic Health Record Context
Ordered by Time (Earliest to Latest):
1. When: 43 days 16 hours ago, Note Category: General, Note Description: Generic Note | Text: Patient is critically ill.
2. When: 1 days 16 hours ago, Note Category: Physician, Note Description: Intensivist Note | Text: Severe metabolic acidosis, improving - cont bicarb
   gtt, trend lactates.
   
3. When: 1 days 16 hours ago, Note Category: Physician, Note Description: Intensivist Note | Text: Severe metabolic acidosis, improving - cont bicarb
   gtt, trend lactates. 
4. When: 1 days 16 hours ago, Note Category: Nursing, Note Description: Nursing Progress Note | Text: Response:
   Maximally support with CRRT/ventilation and triple pressors.
5. When: 0 days 16 hours ago, Note Category: Respiratory, Note Description: Respiratory Care Shift Note | Text: ventilation to control pH
   Reason for continuing current ventilatory support: Underlying illness
   not resolved
   Pt has a severe metabolic acidosis.
6. When: 0 days 16 hours ago, Note Category: Physician, Note Description: Intensivist Note | Text: He
   was brought to SICU in multi-system organ failure with oliguria
   requiring CVVH, liver failure, worsening hypocoagulable state, and
   severe metabolic acidosis.
7. When: 0 days 16 hours ago, Note Category: Physician, Note Description: Intensivist Note | Text: nephrology, med/[**Female First Name (un) 1290**]
   Disposition: SICU, continue ETT and pressors but NO CPR
   Billing Diagnosis:
   ICU Care
   Nutrition:
   Glycemic Control:  Regular insulin sliding scale
   Lines:
   Indwelling Port (PortaCath) - [**2116-2-5**] 06:00 AM
   Arterial Line - [**2116-2-5**] 03:00 PM
   Multi Lumen -
8. When: 0 days 16 hours ago, Note Category: Nursing, Note Description: Nursing Progress Note | Text: Support optimal vent support for adequate oxygenation and acid/base
   correction.

"
cce5bab5-168c-5735-f64b-e1175cae2d18,EHR Completo,"On January 31, the patient underwent a suboccipital craniectomy, which showed expected post-operative changes, including pneumocephalus and small blood products, but no large hemorrhage or shift of midline structures. ",Supported,"The reference describes expected post-suboccipital craniectomy changes including pneumocephalus and small blood products, with no large hemorrhage or midline shift, which fully supports the text.","Hospital Admission Start: 15 days 0 hours ago
Hospital Admission End: Now
Electronic Health Record Context
Ordered by Time (Earliest to Latest):
1. When: 7 days 16 hours ago, Note Category: Radiology, Note Description: CT HEAD W/O CONTRAST | Text: Expected post-suboccipital craniectomy changes, with pneumocephalus and
 small amount of resulting blood products.

 
2. When: 7 days 16 hours ago, Note Category: Radiology, Note Description: CT HEAD W/O CONTRAST | Text: HEAD CT WITHOUT IV CONTRAST:  There has been suboccipital craniectomy, with
 expected pneumocephalus in the posterior fossa as well as a small amount of
 surrounding blood products (2:3).  
3. When: 7 days 16 hours ago, Note Category: Radiology, Note Description: CT HEAD W/O CONTRAST | Text: patient to come
  directly from OR
 No contraindications for IV contrast
 ______________________________________________________________________________
                                  PFI REPORT
 Post suboccipital craniectomy changes with no unexpected hemorrhage.  
4. When: 7 days 16 hours ago, Note Category: Radiology, Note Description: CT HEAD W/O CONTRAST | Text: ______________________________________________________________________________
                                 FINAL REPORT
 HISTORY:  68-year-old male with suboccipital craniectomy and mass excision.
5. When: 6 days 16 hours ago, Note Category: Radiology, Note Description: MR HEAD W & W/O CONTRAST | Text: IMPRESSION:  Status post left occipital craniotomy.  
6. When: 4 days 16 hours ago, Note Category: Radiology, Note Description: CT HEAD W/O CONTRAST | Text: The patient is
 post-suboccipital craniotomy, with continued fluid in the postoperative bed.
7. When: 4 days 16 hours ago, Note Category: Radiology, Note Description: CT HEAD W/O CONTRAST | Text: s/p resection
 REASON FOR THIS EXAMINATION:
  Interval change
 No contraindications for IV contrast
 ______________________________________________________________________________
                                  PFI REPORT
 Status post left occipital craniotomy with fluid in postoperative bed and
 expected decrease in amount of pneumocephalus.  
8. When: 4 days 16 hours ago, Note Category: Radiology, Note Description: CT HEAD W/O CONTRAST | Text: No new intracranial hemorrhage.

 
9. When: 2 days 16 hours ago, Note Category: Radiology, Note Description: CT HEAD W/O CONTRAST | Text: FINDINGS:

 Patient is status post left-sided suboccipital craniotomy.
10. When: 2 days 16 hours ago, Note Category: Radiology, Note Description: CT HEAD W/O CONTRAST | Text: There is no acute intracranial hemorrhage, shift of normally midline
 structures.  
"
a0ad74d3-2317-c446-7859-5495ed723cb9,EHR Completo,"Post-operatively, the patient was intubated and received mechanical ventilation. ",Supported,"The reference notes multiple instances confirming the patient was intubated and received mechanical ventilation post-operatively, including statements about intubation, ventilatory support, and full vent support.","Hospital Admission Start: 15 days 0 hours ago
Hospital Admission End: Now
Electronic Health Record Context
Ordered by Time (Earliest to Latest):
1. When: 43 days 16 hours ago, Note Category: General, Note Description: Generic Note | Text: Patient is critically ill.
2. When: 6 days 16 hours ago, Note Category: Respiratory, Note Description: Respiratory Care Shift Note | Text: Reason for continuing current ventilatory support: Sedated / Paralyzed;
   Comments: Plan elective extubation this morning.
3. When: 6 days 16 hours ago, Note Category: Respiratory, Note Description: Respiratory Care Shift Note | Text: Comments:
   Plan
   Next 24-48 hours: extubate after mri
   Reason for continuing current ventilatory support:
   Respiratory Care Shift Procedures
   Transports:
   Destination (R/T)
   Time
   Complications
   Comments
   Bedside Procedures:
   Comments:
4. When: 4 days 16 hours ago, Note Category: Nursing, Note Description: Nursing Progress Note | Text: Extubated
 and weaned off sedation on Sunday [**2116-2-2**].

5. When: 2 days 16 hours ago, Note Category: Radiology, Note Description: CHEST (PORTABLE AP) | Text: AP PORTABLE CHEST:  There has been interval intubation of the patient with the
 endotracheal tube in satisfactory position.
6. When: 1 days 16 hours ago, Note Category: Respiratory, Note Description: Respiratory Care Shift Note | Text: Respiratory Care Shift Procedures
   Transports:
   Destination (R/T)
   Time
   Complications
   Comments
   Bedside Procedures:
   Comments: Pt received intubated on full vent support. 
7. When: 0 days 16 hours ago, Note Category: Physician, Note Description: Intensivist Note | Text: Pulm: Intubated [**2-5**]. 
8. When: 0 days 16 hours ago, Note Category: Physician, Note Description: Intensivist Note | Text: He was intubated, started on pressors as well as broad spectrum abx. 
"
cdab7f54-0d39-ef0f-03c1-9f9af1ce18d2,EHR Completo,"His vital signs were stable, and he was being treated for altered mental status, diabetes, and acute pain. ",Not Addressed,"The reference mentions the patient was hemodynamically stable and resting comfortably, but does not address treatment for altered mental status, diabetes, or acute pain.","Hospital Admission Start: 15 days 0 hours ago
Hospital Admission End: Now
Electronic Health Record Context
Ordered by Time (Earliest to Latest):
1. When: 43 days 16 hours ago, Note Category: Physician, Note Description: Physician Resident Admission Note | Text: He was given decadron 10mg IV and
   transferred to [**Hospital1 54**] for neurosurgical evaluation.
   
2. When: 43 days 16 hours ago, Note Category: Physician, Note Description: Physician Resident Progress Note | Text: He is currently resting comfortably and hemodynamically
   stable in the MICU.
3. When: 43 days 16 hours ago, Note Category: Nursing, Note Description: Nursing Transfer Note | Text: Patient remains alert and oriented
   throughout the day.  
4. When: 43 days 16 hours ago, Note Category: Nursing, Note Description: Nursing Transfer Note | Text: He was given decadron 10mg IV and
   transferred to [**Hospital1 54**] for neurosurgical evaluation.
5. When: 40 days 16 hours ago, Note Category: Discharge summary, Note Description: Report | Text: His BP remained
stable overnight. 
6. When: 40 days 16 hours ago, Note Category: Discharge summary, Note Description: Report | Text: The
patient remained stable so it was felt he could go home and
await final pathology with close follow up in the [**Hospital **]
clinic.  
7. When: 40 days 16 hours ago, Note Category: Discharge summary, Note Description: Report | Text: He did have gait
unsteadiness (a chronic issue) but no fevers, chills, sweats,
cough. 
"
10f3ccfb-c86d-5c12-f260-1872566fb443,EHR Completo,"The plan was to wean him off the ventilator, monitor his neurological status, and manage his pain and blood sugar levels.

",Not Supported,"The reference mentions plans to monitor neurological status, manage pain, and plan elective extubation (weaning from ventilator), but does not mention managing blood sugar levels.","Hospital Admission Start: 15 days 0 hours ago
Hospital Admission End: Now
Electronic Health Record Context
Ordered by Time (Earliest to Latest):
1. When: 43 days 16 hours ago, Note Category: Physician, Note Description: Physician Resident Admission Note | Text: He was given decadron 10mg IV and
   transferred to [**Hospital1 54**] for neurosurgical evaluation.
   
2. When: 43 days 16 hours ago, Note Category: Nursing, Note Description: Nursing Transfer Note | Text: He was given decadron 10mg IV and
   transferred to [**Hospital1 54**] for neurosurgical evaluation.
3. When: 14 days 16 hours ago, Note Category: Nursing, Note Description: Nursing Progress Note | Text: Action:
   Vs monitored post-operatively,  neuro signs q1hr
   Response:
   Hemodynamically stable post-op,  no change in neuro status
   Plan:
   Continue to monitor neuro status,  repeat head ct in am,  chest ct in
   am

4. When: 13 days 16 hours ago, Note Category: Nursing, Note Description: Nursing Progress Note | Text: Plan:
   Continue to monitor neuro status for changes. 
5. When: 6 days 16 hours ago, Note Category: Respiratory, Note Description: Respiratory Care Shift Note | Text: Reason for continuing current ventilatory support: Sedated / Paralyzed;
   Comments: Plan elective extubation this morning.
6. When: 6 days 16 hours ago, Note Category: Nursing, Note Description: Nursing Progress Note | Text: Plan:
   Continue to monitor pain and medicate prn.

7. When: 6 days 16 hours ago, Note Category: Nursing, Note Description: Nursing Progress Note | Text: Plan:
   Continue propofol gtt until ready to extubate. 
8. When: 0 days 16 hours ago, Note Category: Nursing, Note Description: Nursing Progress Note | Text: Plan:
   Restore and maintain hemodynamic stability in order to start removing
   fluid.
   
"
58a77b64-0677-13dc-5904-2bfa037c6767,EHR Completo,"After stabilization, attempts were made to wean him off sedation and ventilator settings, and he was eventually extubated on the second hospital day. ",Not Supported,The reference states the patient self-extubated rather than being weaned off sedation and ventilator settings and then extubated on the second hospital day as the text claims.,"Hospital Admission Start: 1 days 18 hours ago
Hospital Admission End: Now
Electronic Health Record Context
Ordered by Time (Earliest to Latest):
1. When: 2 days 12 hours ago, Note Category: Physician, Note Description: Physician Resident Admission Note | Text: However, he then had to be intubated due to behavior, in 4
   pt restraints. 
2. When: 2 days 12 hours ago, Note Category: Physician, Note Description: Physician Resident Admission Note | Text: Transferred to MICU intubated, sedated and hemodynamically stable.
3. When: 1 days 12 hours ago, Note Category: Nursing, Note Description: Nursing Progress Note | Text: Around 2330
   sedation changed to propofol because he was restless on the bed
   w/Fentanyl 100mics/min and versed 3mg/hr he required  boluses.
   
4. When: 1 days 12 hours ago, Note Category: Physician, Note Description: Physician Resident Progress Note | Text: -self extubated this am.
   
5. When: 1 days 12 hours ago, Note Category: Nursing, Note Description: Nursing Transfer Note | Text: After extubation, he
   was very confused and completely disoriented.
6. When: 1 days 12 hours ago, Note Category: Nursing, Note Description: Nursing Transfer Note | Text: He self
   extubated, just prior to the planned extubation.  
7. When: 1 days 12 hours ago, Note Category: Nursing, Note Description: Nursing Transfer Note | Text: Plan:
   Continue with regular pain med schedule, starting slowly, gradually
   getting back to the levels he was at, at home.
   
8. When: 1 days 12 hours ago, Note Category: Nursing, Note Description: Nursing Transfer Note | Text: After this point he began to become more clear, was
   completely alert, oriented and was pleasant and cooperative
   Plan:
   Suggestions made to separate his meds at home so this doesn
t occur
   again, patient is back to baseline.  
9. When: 1 days 12 hours ago, Note Category: Nursing, Note Description: Nursing Transfer Note | Text: Altered mental status (not Delirium)
   Assessment:
   At the start of the shift patient was intubated and restrained on
   propofol, writhing in bed and following commands but inconsistently,
   uncooperative, very lethargic and kept his eyes closed.  
"
3e183e01-ca30-0d24-20f4-562e9e45197b,EHR Completo,"Following extubation, the patient's condition improved, and he was found to have taken Ambien instead of his prescribed methadone, which led to his altered mental state.",Supported,"The reference notes that after extubation the patient was confused and disoriented but then became alert and oriented, and it was discovered he had taken Ambien instead of methadone, which explains his altered mental state.","Hospital Admission Start: 1 days 18 hours ago
Hospital Admission End: Now
Electronic Health Record Context
Ordered by Time (Earliest to Latest):
1. When: 2 days 12 hours ago, Note Category: Physician, Note Description: Physician Resident Admission Note | Text: He was given ativan and 4mg morphine
   initially. 
2. When: 1 days 12 hours ago, Note Category: Physician, Note Description: Physician Attending Progress Note | Text: uti vs pna, with further altered mental status and agitation
   after narca, now extubated during rounds, doing well:
   uri vs pna: non-toxic,
   -switch to levofloxacin 750 daily
   -stop all other abx
   chronic pain
   -clarify home meds and restart home pain meds
   -prn morphine
   ?change in mental status: appears to be resolved
   -fu head ct read
   -fu csf culture
   -better history from patient and wife today
3. When: 1 days 12 hours ago, Note Category: Nursing, Note Description: Nursing Transfer Note | Text: Action:
   Reorientation several times throughout the morning, he spoke with his
   wife trying to
put the pieces back together
   Response:
   As he started to clear he was able to remember that he had mixed up his
   medication and took ambien instead of his methadone yesterday
   afternoon.  
4. When: 1 days 12 hours ago, Note Category: Nursing, Note Description: Nursing Transfer Note | Text: After extubation, he
   was very confused and completely disoriented.
5. When: 1 days 12 hours ago, Note Category: Nursing, Note Description: Nursing Transfer Note | Text: Altered mental status (not Delirium)
   Assessment:
   At the start of the shift patient was intubated and restrained on
   propofol, writhing in bed and following commands but inconsistently,
   uncooperative, very lethargic and kept his eyes closed.  
6. When: 1 days 12 hours ago, Note Category: Nursing, Note Description: Nursing Transfer Note | Text: After this point he began to become more clear, was
   completely alert, oriented and was pleasant and cooperative
   Plan:
   Suggestions made to separate his meds at home so this doesn
t occur
   again, patient is back to baseline.  
7. When: 1 days 12 hours ago, Note Category: Nursing, Note Description: Nursing Transfer Note | Text: Orders were written to restart
   methadone and venlafaxine (tonight)
   Response:
   Great relief with sitting up in the chair.  
8. When: 1 days 12 hours ago, Note Category: Nursing, Note Description: Nursing Transfer Note | Text: Methadone afternoon dose was given.
   
"
c4477c25-0fa4-9ea1-d405-0d0f1a18713c,EHR Completo,"The patient was admitted to the ICU with altered mental status (AMS), agitation, and a urinary tract infection (UTI). ",Supported,"The reference notes the patient had altered mental status, agitation, and was diagnosed with a urinary tract infection during admission, consistent with the text.","Hospital Admission Start: 1 days 18 hours ago
Hospital Admission End: Now
Electronic Health Record Context
Ordered by Time (Earliest to Latest):
1. When: 2 days 12 hours ago, Note Category: Physician, Note Description: Physician Resident Admission Note | Text: Called EMS, walked into ambulance and was given narcan per
   protocol at which point patient became agitated and more confused and
   needed intubation in ED for agitation and large doses of
   benzos/narcotics to control behavior.
   
2. When: 1 days 12 hours ago, Note Category: Physician, Note Description: Physician Resident Progress Note | Text: She states that he was acting slightly combative and
   anxious this week but otherwise had no other symptoms of infection,
   usually does not have symptoms of UTI.
3. When: 1 days 12 hours ago, Note Category: Physician, Note Description: Physician Resident Progress Note | Text: Lymph:18.6 %, Mono:6.7 %, Eos:3.1 %, Lactic
   Acid:1.3 mmol/L, Albumin:3.7 g/dL, LDH:185 IU/L, Ca++:8.9 mg/dL,
   Mg++:1.9 mg/dL, PO4:2.9 mg/dL
   Assessment and Plan
 URINARY TRACT INFECTION (UTI)
 ALTERED MENTAL STATUS (NOT DELIRIUM)
   .
4. When: 1 days 12 hours ago, Note Category: Physician, Note Description: Physician Attending Progress Note | Text: uti vs pna, with further altered mental status and agitation
   after narca, now extubated during rounds, doing well:
   uri vs pna: non-toxic,
   -switch to levofloxacin 750 daily
   -stop all other abx
   chronic pain
   -clarify home meds and restart home pain meds
   -prn morphine
   ?change in mental status: appears to be resolved
   -fu head ct read
   -fu csf culture
   -better history from patient and wife today
5. When: 1 days 12 hours ago, Note Category: Physician, Note Description: Physician Attending Progress Note | Text: Extra agitated in the ED, not responsive to multiple
   medications
   24 Hour Events:
   -in the ED,
6. When: 1 days 12 hours ago, Note Category: Physician, Note Description: Physician Attending Progress Note | Text: HPI:
   61M with h/o prostate ca, s/p surgery with multiple complications, h/o
   recurrent UTIs,  picked up by EMS for ?confusion, after a week or so of
   agitation. 
7. When: 1 days 12 hours ago, Note Category: Nursing, Note Description: Nursing Transfer Note | Text: Altered mental status (not Delirium)
   Assessment:
   At the start of the shift patient was intubated and restrained on
   propofol, writhing in bed and following commands but inconsistently,
   uncooperative, very lethargic and kept his eyes closed.  
"
b0f6b04c-6f0c-e805-314a-9ed093a1d298,EHR Completo,"He was intubated and sedated due to agitated behavior and was found to have positive toxicology screens for benzodiazepines, barbiturates, and methadone. ",Supported,"The reference states the patient had positive toxicology screens for benzodiazepines, barbiturates, and methadone, and was intubated due to agitated behavior requiring sedation, which fully supports the text.","Hospital Admission Start: 1 days 18 hours ago
Hospital Admission End: Now
Electronic Health Record Context
Ordered by Time (Earliest to Latest):
1. When: 2 days 12 hours ago, Note Category: Physician, Note Description: Physician Resident Admission Note | Text: In addition, pt with tox screen positive for benzos, barbs, and
   methadone. 
2. When: 2 days 12 hours ago, Note Category: Physician, Note Description: Physician Resident Admission Note | Text: He was given ativan and 4mg morphine
   initially. 
3. When: 2 days 12 hours ago, Note Category: Physician, Note Description: Physician Resident Admission Note | Text: However, he then had to be intubated due to behavior, in 4
   pt restraints. 
4. When: 2 days 12 hours ago, Note Category: Physician, Note Description: Physician Resident Admission Note | Text: Called EMS, walked into ambulance and was given narcan per
   protocol at which point patient became agitated and more confused and
   needed intubation in ED for agitation and large doses of
   benzos/narcotics to control behavior.
   
5. When: 1 days 12 hours ago, Note Category: Nursing, Note Description: Nursing Progress Note | Text: Around 2330
   sedation changed to propofol because he was restless on the bed
   w/Fentanyl 100mics/min and versed 3mg/hr he required  boluses.
   
6. When: 1 days 12 hours ago, Note Category: Nursing, Note Description: Nursing Progress Note | Text: He was given 2mg IV narcan.
"
cf2b711a-9e77-fbbf-9718-cf2cac9f835e,EHR Completo,"The etiology of his AMS was unclear, but possible causes included infection, toxic metabolic disorder, or intracranial process. ",Supported,"The reference notes multiple possible causes for AMS including infection, toxic metabolic disorder, and states the etiology is unclear at this point, which fully supports the text.","Hospital Admission Start: 1 days 18 hours ago
Hospital Admission End: Now
Electronic Health Record Context
Ordered by Time (Earliest to Latest):
1. When: 2 days 12 hours ago, Note Category: Physician, Note Description: Physician Resident Admission Note | Text: Infectious etiology
   such as bacteremia, UTI, or menigitis are possible. 
2. When: 2 days 12 hours ago, Note Category: Physician, Note Description: Physician Resident Admission Note | Text: Most likely etiology is infection
   with narcotic use compounded but pt being given narcan.
   
3. When: 1 days 12 hours ago, Note Category: Physician, Note Description: Physician Resident Progress Note | Text: Toxic metabolic is most-likely etiology. 
4. When: 1 days 12 hours ago, Note Category: Physician, Note Description: Physician Resident Progress Note | Text: #AMS-unclear etiology at this point. 
"
c9716950-6faf-7a95-ca83-c1385d4bea01,EHR Completo,He was treated with broad-spectrum antibiotics and sedation.,Supported,"The reference indicates treatment with broad-spectrum antibiotics (zosyn, vanco) and multiple sedatives (ativan, haldol, morphine, propofol, fentanyl, versed), supporting the text that he was treated with broad-spectrum antibiotics and sedation.","Hospital Admission Start: 1 days 18 hours ago
Hospital Admission End: Now
Electronic Health Record Context
Ordered by Time (Earliest to Latest):
1. When: 2 days 12 hours ago, Note Category: Physician, Note Description: Physician Resident Admission Note | Text: He was given ativan and 4mg morphine
   initially. 
2. When: 2 days 12 hours ago, Note Category: Physician, Note Description: Physician Resident Admission Note | Text: Patient was given 6mg ativan, 5mg of haldol, 4mg morphine, benedryl,
   famotidine, propofol, thiamine, folate, MVI, and zosyn, vanco as wekk
   as 2L NS.
   
3. When: 1 days 12 hours ago, Note Category: Nursing, Note Description: Nursing Progress Note | Text: Around 2330
   sedation changed to propofol because he was restless on the bed
   w/Fentanyl 100mics/min and versed 3mg/hr he required  boluses.
   
4. When: 1 days 12 hours ago, Note Category: Physician, Note Description: Physician Attending Progress Note | Text: - [**2198-8-2**] 08:45 PM
   Fentanyl - [**2198-8-3**] 12:00 AM
   Other medications:
   mvi, thiamin, famotidine, s/p zosyn
   Changes to medical and family history:
   PMH, SH, FH and ROS are unchanged from Admission except where noted
   above and below
   Review of systems is unchanged from admission except as noted below
   Review of systems:
   Constitutional: No(t) Fatigue, No(t) Fever
   Ear,
5. When: 1 days 12 hours ago, Note Category: Nursing, Note Description: Nursing Transfer Note | Text: After this point he began to become more clear, was
   completely alert, oriented and was pleasant and cooperative
   Plan:
   Suggestions made to separate his meds at home so this doesn
t occur
   again, patient is back to baseline.  
6. When: 1 days 12 hours ago, Note Category: Nursing, Note Description: Nursing Transfer Note | Text: Plan:
   Continue with regular pain med schedule, starting slowly, gradually
   getting back to the levels he was at, at home.
   
7. When: 1 days 12 hours ago, Note Category: Nursing, Note Description: Nursing Transfer Note | Text: At home he is on methadone, percocet for breakthrough
   pain and venlafaxadine.
"
c6541ef9-6aba-7ece-287a-dc4bc6aa5ff1,EHR Completo,"He was transferred to the floor, where he continued to recover and was planned for discharge with a regular pain medication schedule and education on separating his medications at home to prevent similar incidents.",Supported,"The reference notes indicate that after transfer to the floor, the patient continued with a regular pain medication schedule and was given education on separating his medications at home to prevent similar incidents, matching the text exactly.","Hospital Admission Start: 1 days 18 hours ago
Hospital Admission End: Now
Electronic Health Record Context
Ordered by Time (Earliest to Latest):
1. When: 2 days 12 hours ago, Note Category: Physician, Note Description: Physician Resident Admission Note | Text: He was given ativan and 4mg morphine
   initially. 
2. When: 2 days 12 hours ago, Note Category: Physician, Note Description: Physician Resident Admission Note | Text: Upon arrival to the floor, pt is sedated/intubated.
   
3. When: 2 days 12 hours ago, Note Category: Physician, Note Description: Physician Resident Admission Note | Text: Could also be complicated by his complex pain med
   regimen at home with ?
4. When: 1 days 12 hours ago, Note Category: Nursing, Note Description: Nursing Transfer Note | Text: Plan:
   Continue with regular pain med schedule, starting slowly, gradually
   getting back to the levels he was at, at home.
   
5. When: 1 days 12 hours ago, Note Category: Nursing, Note Description: Nursing Transfer Note | Text: After this point he began to become more clear, was
   completely alert, oriented and was pleasant and cooperative
   Plan:
   Suggestions made to separate his meds at home so this doesn
t occur
   again, patient is back to baseline.  
6. When: 1 days 12 hours ago, Note Category: Nursing, Note Description: Nursing Transfer Note | Text: At home he is on methadone, percocet for breakthrough
   pain and venlafaxadine.
7. When: 1 days 12 hours ago, Note Category: Nursing, Note Description: Nursing Transfer Note | Text: Action:
   Reorientation several times throughout the morning, he spoke with his
   wife trying to
put the pieces back together
   Response:
   As he started to clear he was able to remember that he had mixed up his
   medication and took ambien instead of his methadone yesterday
   afternoon.  
8. When: 1 days 12 hours ago, Note Category: Nursing, Note Description: Nursing Transfer Note | Text: Orders were written to restart
   methadone and venlafaxine (tonight)
   Response:
   Great relief with sitting up in the chair.  
"
90bac79c-0735-51d8-27cd-9eb1415280ba,EHR Completo,"He was also treated for acute renal failure, bacteremia, and hypernatremia. ",Not Supported,"The reference supports treatment for acute renal failure and hypernatremia but mentions pneumonia and urinary tract infection, not bacteremia.","Hospital Admission Start: 10 days 11 hours ago
Hospital Admission End: Now
Electronic Health Record Context
Ordered by Time (Earliest to Latest):
1. When: 576 days 17 hours ago, Note Category: Physician, Note Description: Physician Resident Admission Note | Text: # Hypernatremia - pt total body overloaded, likely intravascularly dry.
   
2. When: 14 days 17 hours ago, Note Category: Discharge summary, Note Description: Report | Text: # Hypernatremia
The patient's sodium level rose to a high of 147.  
3. When: 14 days 17 hours ago, Note Category: Discharge summary, Note Description: Report | Text: His renal
function improved to 1.0-1.4 throughout the remainder of his
admission.

4. When: 14 days 17 hours ago, Note Category: Discharge summary, Note Description: Report | Text: You were treated for acute renal failure, a pneumonia, and a
urinary tract infection.


5. When: 8 days 17 hours ago, Note Category: Physician, Note Description: Physician Attending Progress Note | Text: hypernatremia: continue free water bolus.
   
6. When: 7 days 17 hours ago, Note Category: Physician, Note Description: Physician Resident Progress Note | Text: #.Hypernatremia:  Likely due to decreased access to free water.
7. When: 7 days 17 hours ago, Note Category: Physician, Note Description: Physician Resident Progress Note | Text: #.Hypernatremia:  Likely due to decreased access to free water.  
8. When: 6 days 17 hours ago, Note Category: Physician, Note Description: Physician Attending Progress Note | Text: hypernatremia:  continue free H20 250 q4h.
   
"
6565f860-8455-5b69-5914-f90662b57ad9,EHR Completo,"The patient showed improvement with treatment, including the discontinuation of invasive ventilation and the removal of his PICC line.

",Not Supported,"The reference indicates the PICC line stayed in 8 days ago and does not mention discontinuation of invasive ventilation or removal of the PICC line; therefore, the text claiming improvement including these actions is not supported.","Hospital Admission Start: 10 days 11 hours ago
Hospital Admission End: Now
Electronic Health Record Context
Ordered by Time (Earliest to Latest):
1. When: 569 days 17 hours ago, Note Category: Discharge summary, Note Description: Report | Text: The patient was extubated without complication
and was breathing comfortably on room air. 
2. When: 26 days 17 hours ago, Note Category: Physician, Note Description: Critical Care Attending | Text: IP
   performed rigid bronch, pulled stent and reintubated successfully.
   
3. When: 24 days 17 hours ago, Note Category: Nursing, Note Description: Nursing Progress Note | Text: IP performed rigid bronch, pulled stent and
   reintubated successfully.
4. When: 24 days 17 hours ago, Note Category: Nursing, Note Description: Nursing Progress Note | Text: IP performed rigid bronch, pulled stent and
   reintubated successfully.  
5. When: 14 days 17 hours ago, Note Category: Discharge summary, Note Description: Report | Text: IP performed rigid bronch, pulled stent and
reintubated successfully.  
6. When: 8 days 17 hours ago, Note Category: Physician, Note Description: Physician Resident Progress Note | Text: - PICC line stayed in.
"
f85e9e42-3cc1-3d3b-207c-99d3b440e967,EHR Completo,"A 62-year-old man with a history of anoxic brain injury, type one diabetes, and recurrent aspiration pneumonia was admitted to the ICU with respiratory failure, suspected aspiration pneumonia, and acute renal failure. ",Supported,"The reference confirms the patient is a 62-year-old man with a history of anoxic brain injury, type one diabetes (DMI), and recurrent aspiration pneumonia, admitted with respiratory failure and suspected aspiration pneumonia. Acute renal failure is also mentioned in the context of renal transplant and renal failure history.","Hospital Admission Start: 10 days 11 hours ago
Hospital Admission End: Now
Electronic Health Record Context
Ordered by Time (Earliest to Latest):
1. When: 26 days 17 hours ago, Note Category: Physician, Note Description: Physician Resident Admission Note | Text: ACUTE (NOT ARDS/[**Doctor Last Name **])
 HYPERGLYCEMIA
   Assessment and Plan:
   62 y/o M with complicated PMH including CAD, s/p vfib arrest, anoxic
   brain injury, DM, HTN, hx of aspiration and hx of TBM who presents to
   and OSH with respiratory failure requiring intubation.  
2. When: 26 days 17 hours ago, Note Category: Physician, Note Description: Physician Resident Admission Note | Text: 62M Russian speaking man with h/o CAD s/p vfib arrest anoxic brain
   injury, aspiration pna, renal failure s/p renal transplant,
   tracheobronchomalacia s/p stent, iddm admitted with respiratory failure
   most likely aspiration / pna, c/b stent migration, removed in the OR
   yesterday.
3. When: 14 days 17 hours ago, Note Category: Discharge summary, Note Description: Report | Text: History of Present Illness:
61 yo Russian-speaking man w/anoxic brain injury and with hx of
DMI, s/p cadaveric kidney transplant([**2175**]), h/o CVA and chronic
aspiration (multiple admissions for aspiration PNA - last [**3-19**]),
CABG in [**2170**], widespread tracheomalacia with trach stent, who
presented to an OSH with respiratory distress.  
4. When: 8 days 17 hours ago, Note Category: Nursing, Note Description: Nursing Progress Note | Text: 61 yo Russian-speaking man w/anoxic brain injury and with hx of
   DMI, s/p cadaveric kidney transplant([**2175**]), h/o CVA and chronic
   aspiration (multiple admissions for aspiration PNA - last [**3-19**]),
   CABG in [**2170**], widespread tracheomalacia with trach stent, and recent
   admission to the ICU from [**Date range (2) 12126**] for PNA, stent removal and
   tracheostomy.
5. When: 8 days 17 hours ago, Note Category: Physician, Note Description: Physician Resident Progress Note | Text: Assessment and Plan
   62 year old man with history of anoxic brain injury, type one diabetesI
   and recurrent aspiration PNA s/p tracheostomy who presents after
   witnessed aspiration event with pneumonia, DKA and NSTEMI.
   
6. When: 8 days 17 hours ago, Note Category: Nursing, Note Description: Nursing Progress Note | Text: HISTORY OF PRESENT ILLNESS:
   62 y/o Russian-speaking man with past medical history significant for V
   fib arrest c/b anoxic brain injury, CAD s/p CABG, DMI, s/p cadaveric
   kidney transplant, h/o CVA and recurrent aspirations most recently
   requiring ICU admission [**Date range (1) 12129**], then sent to rehab and readmitted
   with hypoxemia, fever and leukokcytosis on [**5-20**] found to have recurrent
   aspiration PNA, DKA, and UTI.
"
35f26cda-afc9-cf66-9eff-c5a27edf20b0,EHR Completo,"He was treated with antibiotics, including vancomycin and cefepime, and was started on an insulin drip for diabetic ketoacidosis. ",Not Supported,The reference shows treatment with vancomycin and cefepime but does not mention starting an insulin drip for diabetic ketoacidosis; it only notes that insulin drip can be started for DM I without confirmation it was started.,"Hospital Admission Start: 10 days 11 hours ago
Hospital Admission End: Now
Electronic Health Record Context
Ordered by Time (Earliest to Latest):
1. When: 576 days 17 hours ago, Note Category: Physician, Note Description: Physician Resident/Attending Admission Note - MICU | Text: At this time he was treated with
   Zosyn/Vancomycin/Ciprofloxacin for presumed HAP.
2. When: 569 days 17 hours ago, Note Category: Discharge summary, Note Description: Report | Text: At this time he
was treated with Zosyn/Vancomycin/Ciprofloxacin for presumed
HAP. 
3. When: 26 days 17 hours ago, Note Category: Nursing, Note Description: Nursing Progress Note | Text: Given antibiotics.  
4. When: 14 days 17 hours ago, Note Category: Discharge summary, Note Description: Report | Text: He was initially
treated with with flagyl, levofloxacin, and Vancomycin for
presumed pneumonia.  
5. When: 10 days 17 hours ago, Note Category: Physician, Note Description: Physician Attending Admission Note - MICU | Text: DM I:  Can start insulin drip.  
6. When: 8 days 17 hours ago, Note Category: Nursing, Note Description: Nursing Progress Note | Text: He was treated for aspiration PNA with Vanc, Levo,
   Flagyl and then switched to Cefepime and Azithro to complete a 10 day
   course.  
"
06255243-ac33-aed0-7fb6-74d536825ba2,EHR Completo,The patient required invasive ventilation through a tracheostomy tube and was also receiving treatment for his renal transplant and was on prophylaxis for DVT and stress ulcer.,Not Supported,The reference mentions the patient had a tracheostomy and a renal transplant but does not state that the patient required invasive ventilation through the tracheostomy tube or that the patient was on prophylaxis for DVT and stress ulcer.,"Hospital Admission Start: 10 days 11 hours ago
Hospital Admission End: Now
Electronic Health Record Context
Ordered by Time (Earliest to Latest):
1. When: 26 days 17 hours ago, Note Category: Physician, Note Description: Physician Resident Admission Note | Text: Chief Complaint:  respiratory distress
   HPI:
   61 yo Russian-speaking man w/anoxic brain injury and with hx of
   DMI, s/p cadaveric kidney transplant([**2175**]), h/o CVA and chronic
   aspiration (multiple admissions for aspiration PNA - last [**3-19**]),
   CABG in [**2170**], widespread tracheomalacia with trach stent, who presented
   to an OSH with respiratory distress.
2. When: 24 days 17 hours ago, Note Category: Nursing, Note Description: Nursing Progress Note | Text: 62M h/o CAD s/p vfib arrest anoxic brain injury, aspiration pna, renal
   failure s/p renal transplant, tracheobronchomalacia s/p stent, iddm
   presented to OSH ED with resp distress, SOB, tachypnea, hypoxia with
   sats low 90s but intubated for increased [**Hospital 31**] transferred to [**Hospital1 54**] for
   further management.
3. When: 14 days 17 hours ago, Note Category: Discharge summary, Note Description: Report | Text: History of Present Illness:
61 yo Russian-speaking man w/anoxic brain injury and with hx of
DMI, s/p cadaveric kidney transplant([**2175**]), h/o CVA and chronic
aspiration (multiple admissions for aspiration PNA - last [**3-19**]),
CABG in [**2170**], widespread tracheomalacia with trach stent, who
presented to an OSH with respiratory distress.  
4. When: 8 days 17 hours ago, Note Category: Nursing, Note Description: Nursing Progress Note | Text: 61 yo Russian-speaking man w/anoxic brain injury and with hx of
   DMI, s/p cadaveric kidney transplant([**2175**]), h/o CVA and chronic
   aspiration (multiple admissions for aspiration PNA - last [**3-19**]),
   CABG in [**2170**], widespread tracheomalacia with trach stent, and recent
   admission to the ICU from [**Date range (2) 12126**] for PNA, stent removal and
   tracheostomy.
"
2f437854-97a2-ee50-48fa-e68ceac0b932,EHR Completo,He was eventually weaned off the ventilator and was considered for cardiac catheterization. ,Not Supported,"The reference mentions the patient was intubated and sedated, had a trach replaced, and cardiology was to assess for catheterization, but it does not state that he was weaned off the ventilator.","Hospital Admission Start: 10 days 11 hours ago
Hospital Admission End: Now
Electronic Health Record Context
Ordered by Time (Earliest to Latest):
1. When: 569 days 17 hours ago, Note Category: Discharge summary, Note Description: Report | Text: He was intubated in the ER, subsequently
dropped his pressure with propofol and briefly required a
dopamine gtt. 
2. When: 26 days 17 hours ago, Note Category: Physician, Note Description: Physician Resident Admission Note | Text: He was brought back to the floor
   intubated and sedated.
   
3. When: 25 days 17 hours ago, Note Category: Physician, Note Description: Physician Resident Progress Note | Text: He was seen by IP and they recommended
   extubation in the OR likely on Monday.  
4. When: 14 days 17 hours ago, Note Category: Discharge summary, Note Description: Report | Text: He was brought back to the floor intubated
and sedated. 
5. When: 10 days 17 hours ago, Note Category: Physician, Note Description: Physician Resident Admission Note | Text: The plan was to replace his trach once in the
   ICU.
   
6. When: 10 days 17 hours ago, Note Category: Nursing, Note Description: Nursing Progress Note | Text: He was seen by IP due to possible air leak as he was pulling
   tidal volumes of 200.  he was bronched here in the icu and trach
   replaced. 
7. When: 8 days 17 hours ago, Note Category: Physician, Note Description: Physician Attending Progress Note | Text: Will have cardiology see, to assess whether he should have cath.
   
"
eca0c6e8-cefb-a51b-0ffe-5278353fda89,EHR Completo,"The patient's treatment plan included monitoring for cardiac biomarkers, managing his diabetes and hypertension, and addressing his acute renal failure and hypernatremia.

",Not Supported,"The reference mentions monitoring renal labs, urine output, renal dosing of medications, and hypernatremia, but does not mention managing diabetes or hypertension or monitoring cardiac biomarkers.","Hospital Admission Start: 10 days 11 hours ago
Hospital Admission End: Now
Electronic Health Record Context
Ordered by Time (Earliest to Latest):
1. When: 576 days 17 hours ago, Note Category: Physician, Note Description: Physician Resident/Attending Admission Note - MICU | Text: Agree with plan to diurese, check BNP and echo for likely volume
   overload. 
2. When: 575 days 17 hours ago, Note Category: Nursing, Note Description: Nursing Progress Note | Text: Plan:
   Assess renal labs w/morning labs, admin. 
3. When: 574 days 17 hours ago, Note Category: Nursing, Note Description: Nursing Transfer Note | Text: Plan:
   Monitor renal labs, monitor UOP and pt
s fluid status to preserve renal
   function and prevent fluid overload/resp compromise.
   
4. When: 26 days 17 hours ago, Note Category: Nursing, Note Description: Nursing Progress Note | Text: Response:
   Plan:
   Cont to monitor UOP, monitor labs- renally dosing meds, renal team
   following pt.
   
5. When: 25 days 17 hours ago, Note Category: Nursing, Note Description: Nursing Progress Note | Text: Plan:
   Follow up tacrolimus level, continue to monitor urine output, all meds
   being renally dosed.
6. When: 24 days 17 hours ago, Note Category: Nursing, Note Description: Nursing Progress Note | Text: Plan:
   Following tacrolimus levels [sent this am], monitor UOP, Renal dosed
   meds.
   
7. When: 14 days 17 hours ago, Note Category: Discharge summary, Note Description: Report | Text: His renal
function improved to 1.0-1.4 throughout the remainder of his
admission.

8. When: 14 days 17 hours ago, Note Category: Discharge summary, Note Description: Report | Text: # Hypernatremia
The patient's sodium level rose to a high of 147.  
9. When: 9 days 17 hours ago, Note Category: Physician, Note Description: Physician Resident Progress Note | Text: - renally dose medication
   - hold nephrotoxic medication (enalapril)
   - renal transplant recs
   - trend creatinine
   - continue IVF
   .
   
10. When: 9 days 17 hours ago, Note Category: Physician, Note Description: Physician Resident Progress Note | Text: - renally dose medication
   - hold nephrotoxic medication (enalapril)
   - renal transplant recs
   - trend creatinine
   - continue IVF
   - [**Hospital1 **] electrolytes
   .
   
"
df931bb6-582f-88b7-37bf-325de9cb3431,EHR Completo,"The patient was also evaluated for dysphagia, and a video oropharyngeal swallow examination revealed a swallow delay, with penetration without aspiration noted with nectar consistency.",Supported,"The reference documents a video oropharyngeal swallow examination noting a swallow delay and penetration without aspiration with nectar consistency, directly supporting the text.","Hospital Admission Start: 10 days 11 hours ago
Hospital Admission End: Now
Electronic Health Record Context
Ordered by Time (Earliest to Latest):
1. When: 7 days 17 hours ago, Note Category: Rehab Services, Note Description: PMV & Swallow Evaluation | Text: Video swallow tomorrow for further evaluation. 
2. When: 7 days 17 hours ago, Note Category: Rehab Services, Note Description: PMV & Swallow Evaluation | Text: A swallow evaluation was
completed and he was advanced to nectar thick liquids and ground
solids. 
3. When: 7 days 17 hours ago, Note Category: Rehab Services, Note Description: PMV & Swallow Evaluation | Text: His last video swallow was completed in [**10-17**] and he was
placed on nectar thick liquids and pureed solids. 
4. When: 7 days 17 hours ago, Note Category: Rehab Services, Note Description: PMV & Swallow Evaluation | Text: A swallow was also completed and he had
repeat swallows and delayed coughing concerning for possible
pharyngeal residue.
5. When: 6 days 17 hours ago, Note Category: Physician, Note Description: Physician Resident Progress Note | Text: Video
   swallow tomorrow for further evaluation. 
6. When: 6 days 17 hours ago, Note Category: Radiology, Note Description: VIDEO OROPHARYNGEAL SWALLOW | Text: Swallow delay is noted.
7. When: 6 days 17 hours ago, Note Category: Radiology, Note Description: VIDEO OROPHARYNGEAL SWALLOW | Text: There was penetration with nectar
 without aspiration.  
8. When: 6 days 17 hours ago, Note Category: Rehab Services, Note Description: Video Swallow Evaluation | Text: [**Known lastname 12161**] presented with a moderate oral and mild pharyngeal
dysphagia with impaired chewing and bolus control and a mild
swallow delay resulting in deep penetration and risk for
aspiration with nectar thick liquids.
9. When: 6 days 17 hours ago, Note Category: Rehab Services, Note Description: Video Swallow Evaluation | Text: ASPIRATION/PENETRATION:
Pt with deep penetration to the level of the vocal cords on
several boluses of nectar thick liquids [**3-12**] premature spillover
and swallow delay.
"
f969e10d-491e-122a-05f3-47fbee827b42,EHR Completo,"The patient's condition was closely monitored, with a focus on managing his multiple comorbidities and preventing further complications. ",Supported,"The reference indicates ongoing monitoring of neurological and respiratory status, management of labile blood sugars, continuation of home medications, and involvement of the renal transplant service, which supports the statement about close monitoring and managing multiple comorbidities to prevent complications.","Hospital Admission Start: 10 days 11 hours ago
Hospital Admission End: Now
Electronic Health Record Context
Ordered by Time (Earliest to Latest):
1. When: 576 days 17 hours ago, Note Category: Radiology, Note Description: CHEST (PORTABLE AP) | Text: The patient is status post CABG.

 
2. When: 26 days 17 hours ago, Note Category: Physician, Note Description: Critical Care Attending | Text: Patient is critically ill.  
3. When: 15 days 17 hours ago, Note Category: Nursing, Note Description: Nursing Progress Note | Text: Plan:
   Continue to monitor neuro status and assess for any changes.  
4. When: 15 days 17 hours ago, Note Category: Nursing, Note Description: Nursing Progress Note | Text: Plan:
   Continue to monitor respiratory status and deep sxn as needed.

5. When: 14 days 17 hours ago, Note Category: Nursing, Note Description: Nursing Progress Note | Text: Patient tracks and would sometimes  follow commands.  
6. When: 14 days 17 hours ago, Note Category: Discharge summary, Note Description: Report | Text: The patient was maintained on his home SSRI
throughout the admission.

7. When: 14 days 17 hours ago, Note Category: Discharge summary, Note Description: Report | Text: The patient was continued on his home dose
aspirin and statin.

8. When: 14 days 17 hours ago, Note Category: Discharge summary, Note Description: Report | Text: # Diabetes Mellitus:
The patient had labile blood sugars throughout his admission
requiring titration of his lantus and ISS.  
9. When: 14 days 17 hours ago, Note Category: Discharge summary, Note Description: Report | Text: The
renal transplant service was aware of patient and followed
throughout the admission. 
10. When: 8 days 17 hours ago, Note Category: Physician, Note Description: Cardiology Consult | Text: This patient was seen, discussed and evaluated with Dr.
"
d63a4a4d-8359-9c34-2db3-c9ab3c252596,EHR Completo,"The patient's condition continued to improve, and he was eventually transferred to the floor with a plan for continued management of his complex medical conditions, including cardiac catheterization and possible PEG tube placement.",Not Supported,The reference mentions the patient can transfer to the floor when stable but does not confirm that the patient was actually transferred or that plans for cardiac catheterization and PEG tube placement were made.,"Hospital Admission Start: 10 days 11 hours ago
Hospital Admission End: Now
Electronic Health Record Context
Ordered by Time (Earliest to Latest):
1. When: 576 days 17 hours ago, Note Category: Radiology, Note Description: CHEST (PORTABLE AP) | Text: The patient is status post CABG.

 
2. When: 26 days 17 hours ago, Note Category: Physician, Note Description: Physician Resident Admission Note | Text: On the floor, he was intubated and sedated and comfortable.  
3. When: 25 days 17 hours ago, Note Category: Nursing, Note Description: Nursing Progress Note | Text: Plan:
   Continue current vent settings, pt to go to OR Monday for new stent
   placement, continue pulmonary toilet.
   
4. When: 23 days 17 hours ago, Note Category: Radiology, Note Description: PICC W/O PORT | Text: The procedure was explained to the patient. 
5. When: 17 days 17 hours ago, Note Category: Nursing, Note Description: Nursing Progress Note | Text: Plan:
       Continue with current treatment.
       
6. When: 15 days 17 hours ago, Note Category: Nursing, Note Description: Nursing Progress Note | Text: Plan:
   Continue to monitor respiratory status and deep sxn as needed.

7. When: 15 days 17 hours ago, Note Category: General, Note Description: Generic Note | Text: Pt to continue current
   support and to be assessed by MD for further plan of care.

8. When: 7 days 17 hours ago, Note Category: Physician, Note Description: Physician Resident Progress Note | Text: Can
   transfer to [**Hospital1 2259**] when stable for floor.
"
660fdd54-963c-bac8-9057-995fed34ae9e,EHR Completo,"The patient was unable to chew solids and was recommended to initiate a PO diet of honey thick liquids and pureed solids, with aspiration precautions and continued nutrition follow-up to monitor his intake and adjust tube feeds as necessary.

",Supported,"The reference notes from 6 days ago indicate the patient could not chew solids and a PO diet of honey thick liquids and pureed solids was suggested, matching the text. Aspiration precautions and nutrition follow-up to monitor intake and adjust tube feeds are consistent with the context of limited intake and ongoing nutrition management.","Hospital Admission Start: 10 days 11 hours ago
Hospital Admission End: Now
Electronic Health Record Context
Ordered by Time (Earliest to Latest):
1. When: 576 days 17 hours ago, Note Category: Physician, Note Description: Physician Resident Admission Note | Text: Suggests consider PEG placement for long
   term nutrition, currently swallow is poor and pt should only have small
   amounts of thickened fluids.
   
2. When: 575 days 17 hours ago, Note Category: Nursing, Note Description: Nursing Progress Note | Text: began PO intake after
   extubation, tolerating foods/liqs, DM diet.
   
3. When: 26 days 17 hours ago, Note Category: Nutrition, Note Description: Clinical Nutrition Note | Text: Nutrition consulted for tube feeds
   recommendation while intubated.  
4. When: 17 days 17 hours ago, Note Category: Nutrition, Note Description: Clinical Nutrition Note | Text: Patient on tube feeds to provide nutrition needs, labile blood sugars.
   
5. When: 14 days 17 hours ago, Note Category: Discharge summary, Note Description: Report | Text: # Nutrition
The patient had a Dobhoff feeding tube placed and was started on
tube feeds for nutrition.


6. When: 9 days 17 hours ago, Note Category: Nutrition, Note Description: Clinical Nutrition Note | Text: Patient is tube feed
   dependent and has a ppft.  
7. When: 7 days 17 hours ago, Note Category: Rehab Services, Note Description: PMV & Swallow Evaluation | Text: A swallow evaluation was
completed and he was advanced to nectar thick liquids and ground
solids. 
8. When: 6 days 17 hours ago, Note Category: Radiology, Note Description: VIDEO OROPHARYNGEAL SWALLOW | Text: The patient could not chew any solids.

 
9. When: 6 days 17 hours ago, Note Category: Rehab Services, Note Description: Video Swallow Evaluation | Text: Suggest a PO diet of honey thick liquids and pureed solids.

10. When: 6 days 17 hours ago, Note Category: Rehab Services, Note Description: Video Swallow Evaluation | Text: As such, suggest he initiate a PO
diet of honey thick liquids and pureed solids but I feel his
intake will be limited. 
"
ae7fe870-8d6a-aedf-be16-536e309411bc,EHR Completo,"The patient's cardiac status was closely monitored, and an electrocardiogram (ECG) showed evidence of a prior anterolateral myocardial infarction. ",Supported,"The reference contains multiple ECG reports over time confirming prior anterolateral myocardial infarction, supporting the text's statement about ECG evidence of prior anterolateral myocardial infarction and cardiac monitoring.","Hospital Admission Start: 10 days 11 hours ago
Hospital Admission End: Now
Electronic Health Record Context
Ordered by Time (Earliest to Latest):
1. When: 576 days 17 hours ago, Note Category: ECG, Note Description: Report | Text: Probable prior anteroseptal and lateral
myocardial infarction.  
2. When: 32 days 17 hours ago, Note Category: ECG, Note Description: Report | Text: Q waves in the lateral and anterolateral leads
consistent with prior myocardial infarction. 
3. When: 27 days 17 hours ago, Note Category: ECG, Note Description: Report | Text: Consider prior anteroseptal
myocardial infarction. 
4. When: 14 days 17 hours ago, Note Category: Discharge summary, Note Description: Report | Text: Consider prior anteroseptal myocardial
infarction. 
5. When: 10 days 17 hours ago, Note Category: ECG, Note Description: Report | Text: Consider anterolateral myocardial
infarction. 
6. When: 10 days 17 hours ago, Note Category: ECG, Note Description: Report | Text: There are tiny R waves in the
inferior leads consistent with possible prior inferior myocardial infarction.

7. When: 10 days 17 hours ago, Note Category: ECG, Note Description: Report | Text: There is
a late transition with tiny R waves in the anterior leads consistent with
possible prior anterior myocardial infarction.  
8. When: 3 days 17 hours ago, Note Category: ECG, Note Description: Report | Text: Prior anterolateral myocardial infarction. 
9. When: 1 days 17 hours ago, Note Category: ECG, Note Description: Report | Text: Prior anteroseptal and lateral
myocardial infarction. 
"
4a14bf37-5bbf-80f0-0416-b7a44f9091b6,EHR Completo,"A chest port line placement examination showed the PICC terminated just distal to the cavoatrial junction, with improved aeration in the left lower lobe.",Not Supported,"The reference states the PICC line terminated just distal to the cavoatrial junction, but does not mention any findings about improved aeration in the left lower lobe.","Hospital Admission Start: 10 days 11 hours ago
Hospital Admission End: Now
Electronic Health Record Context
Ordered by Time (Earliest to Latest):
1. When: 26 days 17 hours ago, Note Category: Nursing, Note Description: Nursing Progress Note | Text: PICC
   line placement.

2. When: 24 days 17 hours ago, Note Category: Physician, Note Description: Physician Resident Progress Note | Text: Awaiting PICC line
   placement. 
3. When: 21 days 17 hours ago, Note Category: Radiology, Note Description: CHEST (PORTABLE AP) | Text: FINDINGS:  As compared to the previous examination, the right-sided PICC line
 has been pulled back.  
4. When: 21 days 17 hours ago, Note Category: Radiology, Note Description: CHEST (PORTABLE AP) | Text: A
 right PICC terminates in the mid-right subclavian vein.  
5. When: 10 days 17 hours ago, Note Category: Radiology, Note Description: CHEST (PORTABLE AP) | Text: A retracted
 right PICC line ends outside the chest wall.  
6. When: 8 days 17 hours ago, Note Category: Physician, Note Description: Physician Resident Progress Note | Text: - PICC line stayed in.
7. When: 2 days 17 hours ago, Note Category: Radiology, Note Description: CHEST PORT. LINE PLACEMENT | Text: FINDINGS:  In comparison with the study of [**5-24**], there has been placement of a
 right PICC line that extends to the lower portion of the SVC.  
8. When: 2 days 17 hours ago, Note Category: Radiology, Note Description: CHEST PORT. LINE PLACEMENT | Text: call [**Doctor Last Name 1910**] [**Numeric Identifier 754**] w/ wet read
 ______________________________________________________________________________
 WET READ: MBue TUE [**2182-5-28**] 8:17 PM
  RT PICC TERM JUST DISTAL TO CAVOATRIAL JUNCTION.  
"
16ec8278-2d0a-c68a-0157-cf8bce802cc4,EHR Completo,"During his hospital course, the patient developed a non-ST elevation myocardial infarction (NSTEMI) and underwent various procedures, including bronchoscopy, PICC line placement, and a Passy-Muir Valve evaluation.",Supported,"The reference documents the patient having a NSTEMI during the hospital course and mentions procedures including PICC line placement and a Passy-Muir Valve evaluation, supporting the text.","Hospital Admission Start: 10 days 11 hours ago
Hospital Admission End: Now
Electronic Health Record Context
Ordered by Time (Earliest to Latest):
1. When: 576 days 17 hours ago, Note Category: Physician, Note Description: Physician Resident/Attending Admission Note - MICU | Text: # CAD s/p CABG:  The patient has extensive cardiac disease, as
   he is s/p NSTEMI and V-fib arrest in [**2169**] and CABG [**2170**]. 
2. When: 569 days 17 hours ago, Note Category: Discharge summary, Note Description: Report | Text: CAD s/p CABG:
The patient has extensive cardiac disease, as he is s/p NSTEMI
and V-fib arrest in [**2169**] and CABG [**2170**]. 
3. When: 23 days 17 hours ago, Note Category: Respiratory, Note Description: Respiratory Care Shift Note | Text: Pt taken to
   Angio for PICC line placement. 
4. When: 8 days 17 hours ago, Note Category: Physician, Note Description: Physician Attending Progress Note | Text: Will have cardiology see, to assess whether he should have cath.
   
5. When: 8 days 17 hours ago, Note Category: Physician, Note Description: Physician Attending Progress Note | Text: Assessment and Plan
 MYOCARDIAL INFARCTION, ACUTE (AMI, STEMI, NSTEMI)
 PNEUMONIA, ASPIRATION
 HYPERGLYCEMIA
 [**Last Name 121**] PROBLEM - ENTER DESCRIPTION IN COMMENTS
   PNA:  Sputum cx. 
6. When: 7 days 17 hours ago, Note Category: Rehab Services, Note Description: PMV & Swallow Evaluation | Text: TITLE:
PASSY-MUIR VALVE EVALUATION / DISPENSE and Swallow Evaluation
HISTORY:
Thank you for consulting on this  62 y/o Russian speaking male
s/p V fib arrest  with anoxic brain injury, CVA wit recurrent
aspiration PNA, renal failure s/p renal transplant, tracheo
bronchomalacia s/p stent  and IDDM recently admitted for several
weeks [**3-12**] respiratory distress and stent was displaced.
7. When: 6 days 17 hours ago, Note Category: Nursing, Note Description: Nursing Progress Note | Text: Myocardial infarction, acute (AMI, STEMI, NSTEMI)
   Assessment:
   Pt s/p NSTEMI.
   
8. When: 6 days 17 hours ago, Note Category: Physician, Note Description: Physician Attending Progress Note | Text: HPI:
   61 yo man with trach, admitted with STEMI, pulmonary edema, respiratory
   failure.  
"
ae93731f-6c74-58eb-7f2c-426d2fe471e3,EHR Completo,"A chest radiograph on admission was normal, and a subsequent portable chest X-ray on 2146-11-01 showed no interval change or evidence of acute abnormality.",Supported,"The reference includes a normal chest radiograph on admission and a subsequent portable chest X-ray on 2146-11-01 showing no interval change or evidence of acute abnormality, fully supporting the text.","Hospital Admission Start: 2 days 23 hours ago
Hospital Admission End: Now
Electronic Health Record Context
Ordered by Time (Earliest to Latest):
1. When: 3 days 12 hours ago, Note Category: Radiology, Note Description: CHEST (PA & LAT) | Text: IMPRESSION:  Normal appearing chest radiograph without evidence for pneumonia.



2. When: 3 days 12 hours ago, Note Category: Radiology, Note Description: CHEST (PA & LAT) | Text: The lungs are clear without
 evidence for pneumonia or pleural effusion.  
3. When: 3 days 12 hours ago, Note Category: Radiology, Note Description: CHEST (PA & LAT) | Text: COMPARISON:  Chest radiograph from [**2146-1-6**].
4. When: 3 days 12 hours ago, Note Category: Radiology, Note Description: CHEST (PA & LAT) | Text: [**2146-10-31**] 10:13 AM
 CHEST (PA & LAT)                                                Clip # [**Clip Number (Radiology) 20392**]
 Reason: evaluate for pneumonia
 ______________________________________________________________________________
 [**Hospital 4**] MEDICAL CONDITION:
  25 year old woman with asthma, coughing/wheezing, increasing SOB
 REASON FOR THIS EXAMINATION:
  evaluate for pneumonia
 ______________________________________________________________________________
                                 FINAL REPORT
 PA AND LATERAL CHEST RADIOGRAPH.
5. When: 2 days 12 hours ago, Note Category: Physician, Note Description: Physician Resident Admission Note | Text: Was also intubated for respiratory distress after
   initial presentation in [**2145-4-25**].
6. When: 2 days 12 hours ago, Note Category: Radiology, Note Description: CHEST (PORTABLE AP) | Text: No evidence of acute pneumonia, vascular congestion, or pleural effusion.  
7. When: 2 days 12 hours ago, Note Category: Radiology, Note Description: CHEST (PORTABLE AP) | Text: No
 evidence of mediastinal mass.
8. When: 2 days 12 hours ago, Note Category: Radiology, Note Description: CHEST (PORTABLE AP) | Text: IMPRESSION:  No change or evidence of acute abnormality.



9. When: 2 days 12 hours ago, Note Category: Radiology, Note Description: CHEST (PORTABLE AP) | Text: [**2146-11-1**] 3:14 AM
 CHEST (PORTABLE AP)                                             Clip # [**Clip Number (Radiology) 10158**]
 Reason: r/o infiltrate, interval change
 Admitting Diagnosis: MYASTHENIA EXACERBATION
 ______________________________________________________________________________
 [**Hospital 2**] MEDICAL CONDITION:
  25 year old woman with myasthenia [**Last Name (un) 9787**], asthma, presents with SOB, URI
  symptoms.
10. When: 2 days 12 hours ago, Note Category: Nursing, Note Description: Nursing Transfer Note | Text: dx in [**5-2**] and has required
   intubation x2 since for flares as well as plasma phoresis, R lung
   nodual, VAP, GERD, s/p c section.
   
"
7da8f6c3-1575-f5ec-a2a4-d39e07b89c07,EHR Completo,"The patient, a 25-year-old woman with a history of myasthenia gravis and asthma, was admitted to the ICU on 2146-10-31 with worsening dyspnea and diplopia, despite increased use of her albuterol nebulizers and increased doses of Mestinon and prednisone. ",Supported,"The reference confirms the patient is a 25-year-old woman with a history of myasthenia gravis and asthma, admitted to the ICU with worsening dyspnea and diplopia, increased use of albuterol nebulizers, and increased doses of Mestinon and prednisone.","Hospital Admission Start: 2 days 23 hours ago
Hospital Admission End: Now
Electronic Health Record Context
Ordered by Time (Earliest to Latest):
1. When: 3 days 12 hours ago, Note Category: Radiology, Note Description: CHEST (PA & LAT) | Text: HISTORY:  25-year-old woman with asthma, coughing and wheezing, and increasing
 shortness of breath.  
2. When: 3 days 12 hours ago, Note Category: Nursing, Note Description: Nursing Progress Note | Text: [**Known lastname 5845**],[**Known firstname **]: [**Hospital1 54**] Notes Detail - CCC Record #[**Numeric Identifier 5846**]
   This is a 25 year-old woman with a history of myasthenia [**Last Name (un) 3383**]
   (diagnosed in [**2145-4-25**] and intubated twice) and asthma she came to
   the EW with worsening dyspnea and diplopia over the past week.
3. When: 3 days 12 hours ago, Note Category: Nursing, Note Description: Nursing Progress Note | Text: Over the week, she has had worsening dyspnea,
   requiring increased use of her albuterol nebulizers up to four times a
   day. 
4. When: 3 days 12 hours ago, Note Category: Nursing, Note Description: Nursing Progress Note | Text: In the EW she was given prednisone 60 mg and a
   combivent nebulizer. 
5. When: 2 days 12 hours ago, Note Category: Physician, Note Description: Physician Resident Admission Note | Text: **]
   -Prednisone 10 mg daily (taper)
   -Mestinon 60 mg TID
   -Albuterol nebulizer (has increased use to four times daily over
   past three days)
   -Zantac 75 mg [**Hospital1 **]
   Past medical history:
   Family history:
   Social History:
   -Myasthenia [**Last Name (un) 3383**], Dx [**5-2**].
6. When: 2 days 12 hours ago, Note Category: Physician, Note Description: Physician Resident Admission Note | Text: Chief Complaint:  Dysnpea, Wheezing, Malaise
   HPI:
   25yoF with hx of Myasthenia [**Last Name (un) **] (dx [**5-2**], with two associated
   intubations) and asthma presents with dyspnea, malaise and diplopia. 
7. When: 2 days 12 hours ago, Note Category: Physician, Note Description: Physician Resident Admission Note | Text: Intubated for respiratory distress during
   exacerbation [**1-1**] when she also presentewd with dipolpia and
   dyspnea.  
8. When: 2 days 12 hours ago, Note Category: Physician, Note Description: Physician Attending Progress Note | Text: Myesthenia: Severe course in the past year requiring intubation x 2,
   admitted to ICU with asthma exacerbation and concern that it was
   leadint o resp muscle fatigue so admitted to MICU for q2 nif and VC.
9. When: 2 days 12 hours ago, Note Category: Nursing, Note Description: Nursing Transfer Note | Text: 25yoF with hx of Myasthenia [**Last Name (un) **] (dx [**5-2**], with two associated
   intubations),VAP, GERD, s/p C-section .Right Lung Nodule and asthma
   presents with dyspnea, malaise and diplopia. 
10. When: 2 days 12 hours ago, Note Category: Physician, Note Description: Physician Resident Progress Note | Text: -          F/U Neuro Recs
   -          Holding Mestinon
   # Asthma: Started on IV Steroids and continued on q4 Duonebs. 
"
28a16889-53d4-8407-7c97-e6ce9280afeb,EHR Completo,"Initial evaluation revealed a potential myasthenic crisis, with significantly increased work of breathing. ",Supported,"The reference notes multiple assessments indicating the patient with myasthenia and asthma presents with respiratory distress and significantly increased work of breathing, with concern for evolving myasthenic crisis, which supports the text.","Hospital Admission Start: 2 days 23 hours ago
Hospital Admission End: Now
Electronic Health Record Context
Ordered by Time (Earliest to Latest):
1. When: 3 days 12 hours ago, Note Category: Nursing, Note Description: Nursing Progress Note | Text: [**Last Name **] Problem - [**Name (NI) **] Description In Comments
   Assessment:
   Pt with known myasthenia [**Last Name (un) 3383**] with 2 intubations and plasma
   phoresis.
2. When: 3 days 12 hours ago, Note Category: Physician, Note Description: Physician Attending Admission Note - MICU | Text: jpg]
   Assessment and Plan
   25 yr old woman with myesthenia and asthma presents with URIO and
   asthma exacrebation leading to resp distress which may be evolving
   myesthenic crisis in setting of significantly work of breathing.
   
3. When: 3 days 12 hours ago, Note Category: Physician, Note Description: Physician Attending Admission Note - MICU | Text: Myesthenia: Severe course in the past yeasr requiring intubation x
   2, now with vital capacity of 1 liter and NIF -50. 
4. When: 2 days 12 hours ago, Note Category: Physician, Note Description: Physician Resident Admission Note | Text: Chief Complaint:  Dysnpea, Wheezing, Malaise
   HPI:
   25yoF with hx of Myasthenia [**Last Name (un) **] (dx [**5-2**], with two associated
   intubations) and asthma presents with dyspnea, malaise and diplopia. 
5. When: 2 days 12 hours ago, Note Category: Physician, Note Description: Physician Resident Admission Note | Text: # Respiratory Distress: Etiology likely excerbation of Myesthenia in
   the setting of asthma excerbation [**2-26**] to recent URI. 
6. When: 2 days 12 hours ago, Note Category: Radiology, Note Description: CHEST (PORTABLE AP) | Text: REASON FOR THIS EXAMINATION:
  r/o infiltrate, interval change
 ______________________________________________________________________________
                                 FINAL REPORT
 HISTORY:  Myasthenia [**Last Name (un) 9787**] with shortness of breath.

 
7. When: 2 days 12 hours ago, Note Category: Radiology, Note Description: CHEST (PORTABLE AP) | Text: [**2146-11-1**] 3:14 AM
 CHEST (PORTABLE AP)                                             Clip # [**Clip Number (Radiology) 10158**]
 Reason: r/o infiltrate, interval change
 Admitting Diagnosis: MYASTHENIA EXACERBATION
 ______________________________________________________________________________
 [**Hospital 2**] MEDICAL CONDITION:
  25 year old woman with myasthenia [**Last Name (un) 9787**], asthma, presents with SOB, URI
  symptoms.
8. When: 2 days 12 hours ago, Note Category: Physician, Note Description: Physician Attending Progress Note | Text: 3 mg/dL
   Assessment and Plan
   25 yr old woman with myesthenia and asthma presents with URIO and
   asthma exacrebation leading to resp distress which may be evolving
   myesthenic crisis in setting of significantly work of breathing.
   
9. When: 2 days 12 hours ago, Note Category: Physician, Note Description: Physician Attending Progress Note | Text: Myesthenia: Severe course in the past year requiring intubation x 2,
   admitted to ICU with asthma exacerbation and concern that it was
   leadint o resp muscle fatigue so admitted to MICU for q2 nif and VC.
10. When: 2 days 12 hours ago, Note Category: Nursing, Note Description: Nursing Transfer Note | Text: 25yoF with hx of Myasthenia [**Last Name (un) **] (dx [**5-2**], with two associated
   intubations),VAP, GERD, s/p C-section .Right Lung Nodule and asthma
   presents with dyspnea, malaise and diplopia. 
"
68ace126-dfeb-ade7-eb87-a62b3bfdb005,EHR Completo,"The patient was treated with steroids, increased Mestinon, and close monitoring of her respiratory status.",Supported,"The reference clearly states the patient was treated with steroids (prednisone and methylprednisolone), had increased Mestinon, and was closely monitored for respiratory status including NIF and VC measurements.","Hospital Admission Start: 2 days 23 hours ago
Hospital Admission End: Now
Electronic Health Record Context
Ordered by Time (Earliest to Latest):
1. When: 3 days 12 hours ago, Note Category: Radiology, Note Description: CHEST (PA & LAT) | Text: HISTORY:  25-year-old woman with asthma, coughing and wheezing, and increasing
 shortness of breath.  
2. When: 3 days 12 hours ago, Note Category: Nursing, Note Description: Nursing Progress Note | Text: She called her neurologist and her mestinon and prednisone
   were both increased.  
3. When: 3 days 12 hours ago, Note Category: Nursing, Note Description: Nursing Progress Note | Text: In the EW she was given prednisone 60 mg and a
   combivent nebulizer. 
4. When: 3 days 12 hours ago, Note Category: Nursing, Note Description: Nursing Progress Note | Text: Over the week, she has had worsening dyspnea,
   requiring increased use of her albuterol nebulizers up to four times a
   day. 
5. When: 3 days 12 hours ago, Note Category: Nursing, Note Description: Nursing Progress Note | Text: Her NIF has been ~ -50 to -44, her vital capacity (VC)has
   been dropping; she started at 1.8 and is now 1
   Action:
   Conts on mestinon and cellcept as well as prednisone
   Response:
   Worsening vital capacity
   Plan:
   Cont to follow her NIF and VC, check an ABG if needed, cont her
   mestinon, prednisone, cellcept
6. When: 3 days 12 hours ago, Note Category: Physician, Note Description: Physician Attending Admission Note - MICU | Text: We are treating with steroids and
   increased mestinon. 
7. When: 2 days 12 hours ago, Note Category: Physician, Note Description: Physician Resident Admission Note | Text: [**Last Name (STitle) 5856**] that recommended increasing her Prednisone back up to
   10mg Daily from 5mg, and her Mestinon 60mg from [**Hospital1 **] to TID. 
8. When: 2 days 12 hours ago, Note Category: Nursing, Note Description: Nursing Progress Note | Text: Her blood
   sugars were 204 and 184
   Action:
   Given neb tx, solumedrol 125mg IV q 8hr
   Response:
   Symptoms improving
   blood sugars elevated with steroid
   Plan:
   Cont nebs q 2, methylprednisolone 125mg 1v q 8, NIF and VC q 2hr,
   holding mestinon continue on mycophenolate Mofetil 1500mg po bid.
9. When: 2 days 12 hours ago, Note Category: Nursing, Note Description: Nursing Progress Note | Text: .H/O asthma
   Assessment:
   Pt on continuous nebs beginning of shift, tachypneic, continued on room
   air with o2 sats in the high 90
s.  She was started on
   methylprednisolonel 125mg IV q8 seemed to improve shortly after. 
10. When: 2 days 12 hours ago, Note Category: Physician, Note Description: Physician Resident Progress Note | Text: -          F/U Neuro Recs
   -          Holding Mestinon
   # Asthma: Started on IV Steroids and continued on q4 Duonebs. 
"
83ec3ba1-1016-25c7-af4b-56a65f5d7fc7,EHR Completo,"The patient's symptoms improved with treatment, including continuous nebulizers, methylprednisolone, and monitoring of peak flows and blood sugars. ",Supported,"The reference notes the patient was treated with continuous nebulizers and methylprednisolone, with monitoring of peak flows and blood sugars, and that symptoms improved following these treatments.","Hospital Admission Start: 2 days 23 hours ago
Hospital Admission End: Now
Electronic Health Record Context
Ordered by Time (Earliest to Latest):
1. When: 3 days 12 hours ago, Note Category: Radiology, Note Description: CHEST (PA & LAT) | Text: HISTORY:  25-year-old woman with asthma, coughing and wheezing, and increasing
 shortness of breath.  
2. When: 3 days 12 hours ago, Note Category: Nursing, Note Description: Nursing Progress Note | Text: In the EW she was given prednisone 60 mg and a
   combivent nebulizer. 
3. When: 3 days 12 hours ago, Note Category: Nursing, Note Description: Nursing Progress Note | Text: Over the week, she has had worsening dyspnea,
   requiring increased use of her albuterol nebulizers up to four times a
   day. 
4. When: 2 days 12 hours ago, Note Category: Physician, Note Description: Physician Resident Admission Note | Text: Pt reports
   that he albuterol inhaler ran out on friday night and since then has
   used her albuterol nebulizer on mulitiple occassions with some
   alleviation of symptoms.
5. When: 2 days 12 hours ago, Note Category: Physician, Note Description: Physician Resident Admission Note | Text: The pt was given Combivent Nebs x3 and
   Prednisone 60mg x1.
   
6. When: 2 days 12 hours ago, Note Category: Physician, Note Description: Physician Resident Admission Note | Text: - F/U Neuro Recs
   - Cont DuoNebs Q4hrs following 2hrs of continuous Nebs
   - Will start Methylprednisolone 125 mg IV Q8H
   - NIF and VC q2 hrs
   - Will get baseline ABG and trend
   - Would consider early intubation for worsening clinical status
   - Holding Mestinon per Neuro recs given potential worsening cholinergic
   effects that may affect wheezing.
   
7. When: 2 days 12 hours ago, Note Category: Nursing, Note Description: Nursing Progress Note | Text: .H/O asthma
   Assessment:
   Pt on continuous nebs beginning of shift, tachypneic, continued on room
   air with o2 sats in the high 90
s.  She was started on
   methylprednisolonel 125mg IV q8 seemed to improve shortly after. 
8. When: 2 days 12 hours ago, Note Category: Nursing, Note Description: Nursing Progress Note | Text: Her blood
   sugars were 204 and 184
   Action:
   Given neb tx, solumedrol 125mg IV q 8hr
   Response:
   Symptoms improving
   blood sugars elevated with steroid
   Plan:
   Cont nebs q 2, methylprednisolone 125mg 1v q 8, NIF and VC q 2hr,
   holding mestinon continue on mycophenolate Mofetil 1500mg po bid.
9. When: 2 days 12 hours ago, Note Category: Nursing, Note Description: Nursing Transfer Note | Text: The pt was given Combivent Nebs x3 and
   Prednisone 60mg x1.
    
10. When: 2 days 12 hours ago, Note Category: Physician, Note Description: Physician Resident Progress Note | Text: Breathing
   symptoms improved with improved NIFs to -80 and Peak Flows 300-350
   (Baselines 450s).
"
550f1775-fdd1-8064-0734-ff0582474f5b,EHR Completo,"Her respiratory status stabilized, with negative inspiratory forces (NIFs) in the 80s and peak flows of 300-350. ",Supported,"The reference notes improved respiratory symptoms with NIFs improving to -80 and peak flows of 300-350, which aligns with the text stating respiratory status stabilized with NIFs in the 80s and peak flows of 300-350.","Hospital Admission Start: 2 days 23 hours ago
Hospital Admission End: Now
Electronic Health Record Context
Ordered by Time (Earliest to Latest):
1. When: 3 days 12 hours ago, Note Category: Nursing, Note Description: Nursing Progress Note | Text: NIF was -50 and VC was 1.8 L; the latter
   measurement was limited by wheezing and [**Last Name (LF) **], [**First Name3 (LF) **] respiratory.
   
2. When: 2 days 12 hours ago, Note Category: Physician, Note Description: Physician Resident Admission Note | Text: Upon arrival to the ED, her vitals 98.0, 133/81 72 19 100%RA, Her
   initial NIF was -50cm, VC 1.8L. 
3. When: 2 days 12 hours ago, Note Category: Physician, Note Description: Physician Resident Admission Note | Text: She also notes worsening of her wheezing. 
4. When: 2 days 12 hours ago, Note Category: Physician, Note Description: Physician Resident Admission Note | Text: Intubated for respiratory distress during
   exacerbation [**1-1**] when she also presentewd with dipolpia and
   dyspnea.  
5. When: 2 days 12 hours ago, Note Category: Respiratory, Note Description: Respiratory Care Shift Note | Text: Peak
   flows 300-350, ( her personal best 450). 
6. When: 2 days 12 hours ago, Note Category: Nursing, Note Description: Nursing Progress Note | Text: .H/O asthma
   Assessment:
   Pt on continuous nebs beginning of shift, tachypneic, continued on room
   air with o2 sats in the high 90
s.  She was started on
   methylprednisolonel 125mg IV q8 seemed to improve shortly after. 
7. When: 2 days 12 hours ago, Note Category: Nursing, Note Description: Nursing Transfer Note | Text: She also notes worsening
   of her wheezing.
8. When: 2 days 12 hours ago, Note Category: Physician, Note Description: Physician Resident Progress Note | Text: Breathing
   symptoms improved with improved NIFs to -80 and Peak Flows 300-350
   (Baselines 450s).
9. When: 2 days 12 hours ago, Note Category: Respiratory, Note Description: Respiratory Care Shift Note | Text: Wheezes and peak flow 320-350. 
"
c6a4e4f8-c5a2-4e5e-a2b6-ad322e3b85dc,EHR Completo,"The patient was transferred to the floor on 2146-11-01, where her treatment plan included continuing nebulizers, methylprednisolone, and monitoring of her conditions.",Supported,"The reference notes a transfer to the floor with a treatment plan including nebulizers and methylprednisolone, consistent with the text.","Hospital Admission Start: 2 days 23 hours ago
Hospital Admission End: Now
Electronic Health Record Context
Ordered by Time (Earliest to Latest):
1. When: 3 days 12 hours ago, Note Category: Nursing, Note Description: Nursing Progress Note | Text: In the EW she was given prednisone 60 mg and a
   combivent nebulizer. 
2. When: 3 days 12 hours ago, Note Category: Nursing, Note Description: Nursing Progress Note | Text: Over the week, she has had worsening dyspnea,
   requiring increased use of her albuterol nebulizers up to four times a
   day. 
3. When: 3 days 12 hours ago, Note Category: Nursing, Note Description: Nursing Progress Note | Text: Her NIF has been ~ -50 to -44, her vital capacity (VC)has
   been dropping; she started at 1.8 and is now 1
   Action:
   Conts on mestinon and cellcept as well as prednisone
   Response:
   Worsening vital capacity
   Plan:
   Cont to follow her NIF and VC, check an ABG if needed, cont her
   mestinon, prednisone, cellcept
4. When: 2 days 12 hours ago, Note Category: Physician, Note Description: Physician Resident Admission Note | Text: [**Last Name (STitle) 5856**] that recommended increasing her Prednisone back up to
   10mg Daily from 5mg, and her Mestinon 60mg from [**Hospital1 **] to TID. 
5. When: 2 days 12 hours ago, Note Category: Physician, Note Description: Physician Resident Admission Note | Text: Pt reports
   that he albuterol inhaler ran out on friday night and since then has
   used her albuterol nebulizer on mulitiple occassions with some
   alleviation of symptoms.
6. When: 2 days 12 hours ago, Note Category: Nursing, Note Description: Nursing Progress Note | Text: .H/O asthma
   Assessment:
   Pt on continuous nebs beginning of shift, tachypneic, continued on room
   air with o2 sats in the high 90
s.  She was started on
   methylprednisolonel 125mg IV q8 seemed to improve shortly after. 
7. When: 2 days 12 hours ago, Note Category: Physician, Note Description: Physician Attending Progress Note | Text: Asthma: nebs spaced to q4, IV steroids,  no role for ABX at present
   ICU Care
   Nutrition: [**Doctor First Name 470**] diet
   Glycemic Control:
   Lines:
   20 Gauge - [**2146-10-31**] 02:38 PM
   Prophylaxis:
   DVT: sc hep
   Stress ulcer: ppi
   Communication:  wife pt
   [**Name (NI) 66**] status: Full code
   Disposition :Transfer to floor _ Medicine with Neuro consult
8. When: 2 days 12 hours ago, Note Category: Nursing, Note Description: Nursing Transfer Note | Text: Upon arrival to the ED, her vitals 98.0, 133/81 72 19 100%RA, Her
   initial NIF was -50cm, VC 1.8L. 
9. When: 2 days 12 hours ago, Note Category: Nursing, Note Description: Nursing Transfer Note | Text: H/O asthma
   Assessment:
   Pt reeceived on Q4H neb rx changed into Q6H as well as can have PRN if
   she needed in between , Sating upper 90
s in room air and cont on
   Methylpredisone 125mg IV q8h. 
"
b8cb2059-915d-9aa9-0422-ea1b132ccb5e,EHR Completo,"The patient, a 64-year-old woman with a history of multiple myeloma, systemic amyloidosis, and end-stage renal disease (ESRD), was admitted to the ICU with symptoms of dyspnea, pain, and hypotension. ",Supported,"The reference confirms the patient is a 64-year-old woman with multiple myeloma, systemic amyloidosis, and ESRD, admitted with symptoms including dyspnea, pain, and hypotension.","Hospital Admission Start: 2 days 20 hours ago
Hospital Admission End: Now
Electronic Health Record Context
Ordered by Time (Earliest to Latest):
1. When: 316 days 4 hours ago, Note Category: Radiology, Note Description: CT CHEST W/O CONTRAST | Text: HISTORY:  63-year-old woman with amyloidisis and multiple myeloma, low O2
 saturation, history of pneumothorax.  
2. When: 3 days 4 hours ago, Note Category: Physician, Note Description: Physician Resident Admission Note | Text: Assessment and Plan: This is a 64yo woman with multiple myeloma, s/p
   allogeneic transplant [**2143**] with recurrent disease and with systemic
   amyloidosis(cardiac), ESRD on hemodialysis s/p recent hospitalization
   for hypercalcemia and supratherapeutic INR who represents for the same
   issues as well as hypotension.
   
3. When: 3 days 4 hours ago, Note Category: Physician, Note Description: Physician Resident Admission Note | Text: [**Known lastname 3887**] is a 64yo woman with multiple
   myeloma, s/p allogeneic transplant [**2143**] with recurrent disease and with
   systemic amyloidosis(cardiac), on hemodialysis for ESRD who represents
   for malaise, weakness, and generalized body aching x 2 days.
4. When: 3 days 4 hours ago, Note Category: Physician, Note Description: Physician Attending Admission Note - MICU | Text: HPI:
   64 year old woman with PMH of MM, s/p allo-BMT ~ 10 yrs ago, course c/b
   [**Doctor Last Name **]-amyloid and ESRD , refractory hypercalcemia, and recent admit for
   pain and dyspnea who represents with similar symptoms.
5. When: 3 days 4 hours ago, Note Category: Nursing, Note Description: Nursing Progress Note | Text: 64 year old woman with PMH of MM, s/p allo-BMT ~ 10 yrs ago, course c/b
   [**Doctor Last Name **]-amyloid and ESRD , refractory hypercalcemia, and recent admit for
   pain and dyspnea who represents with similar symptoms. 
6. When: 2 days 4 hours ago, Note Category: Physician, Note Description: Physician Attending Progress Note | Text: HPI:
   64  y/o woman with PMH of MM and [**Doctor Last Name **] amyloid who presents with sub-acute
   progressive dyspnea, hypotension and refractory hypercalcemia. 
7. When: 1 days 4 hours ago, Note Category: Physician, Note Description: Physician Fellow / Attending Progress Note - MICU | Text: HPI:
   64yo woman with a h/o MM (x 10 years) c/b [**Doctor Last Name **] amyloid with known
   cardiac, pulmonary involvement, ESRD on HD, refractory hypercalcemia
   and hypoxia on [**2-28**] L O2 at home who presented on [**1-16**] with sub-acute
   progressive dyspnea and bony pain. 
"
b9350f4a-1d5f-5450-e082-e3df5fa98ffd,EHR Completo,"Her hospital course was complicated by hypovolemic shock, cardiogenic shock, and possible adrenal insufficiency, requiring treatment with gentle hydration, low-dose pressors, and decadron.",Supported,"The reference states the patient had shock of unclear etiology including hypovolemic, cardiogenic, and possible adrenal insufficiency, and was treated with gentle hydration, low-dose pressors, and decadron, which fully supports the text.","Hospital Admission Start: 2 days 20 hours ago
Hospital Admission End: Now
Electronic Health Record Context
Ordered by Time (Earliest to Latest):
1. When: 313 days 4 hours ago, Note Category: Physician, Note Description: Physician Attending Progress Note | Text: HYPOTENSION (NOT SHOCK):  Resolved.  
2. When: 3 days 4 hours ago, Note Category: Physician, Note Description: Physician Resident Admission Note | Text: Hospital course was
   complicated by an episode of hypotension following dialysis on
   [**2153-1-12**]. 
3. When: 3 days 4 hours ago, Note Category: Physician, Note Description: Physician Resident Admission Note | Text: She was restarted on Coumadin which is being adjusted
   to keep INR at 2-3.
   
4. When: 3 days 4 hours ago, Note Category: Physician, Note Description: Physician Attending Admission Note - MICU | Text: The patient has shock of unclear
   etiology: hypovolemic, cardiogenic, with likely possibility of adrenal
   insufficiency or crisis. 
5. When: 3 days 4 hours ago, Note Category: Physician, Note Description: Physician Attending Admission Note - MICU | Text: She was admitted [**Date range (1) 7152**]/08 with hypercalcemia and treated
   with pamidronate 30mg, calcitonin, and dialysis (complicated by an
   episode of hypotension following HD).
6. When: 3 days 4 hours ago, Note Category: Physician, Note Description: Physician Attending Admission Note - MICU | Text: Agree with gentle hydration, low dose pressors
   to maintain MAPs above ~60, and decadron 20 mg.
   
7. When: 1 days 4 hours ago, Note Category: Physician, Note Description: Physician Fellow / Attending Progress Note - MICU | Text: HYPOTENSION (NOT SHOCK)
   Low baseline BP per her report (had been in the 50-60s systolic in
   dialysis.) 
8. When: 1 days 4 hours ago, Note Category: Physician, Note Description: Physician Fellow / Attending Progress Note - MICU | Text: RESPIRATORY FAILURE, ACUTE (NOT ARDS/[**Doctor Last Name **])
   She likely has a hilar pneumonia that precipitated SIRS with relative
   hypotension. 
"
7fb70c2a-19b6-1f5b-59f0-2d9b5e558ec7,EHR Completo,"Despite aggressive management, including dialysis and oxygen therapy, the patient's condition continued to deteriorate, and she remained critically ill throughout her hospital stay. ",Not Supported,"The reference indicates the patient was critically ill and received dialysis and oxygen therapy, but it does not state that the patient's condition continued to deteriorate or that she remained critically ill throughout the entire hospital stay.","Hospital Admission Start: 2 days 20 hours ago
Hospital Admission End: Now
Electronic Health Record Context
Ordered by Time (Earliest to Latest):
1. When: 3 days 4 hours ago, Note Category: Physician, Note Description: Physician Resident Admission Note | Text: Hospital course was
   complicated by an episode of hypotension following dialysis on
   [**2153-1-12**]. 
2. When: 3 days 4 hours ago, Note Category: Physician, Note Description: Physician Resident Admission Note | Text: She was
   admitted last week [**Date range (1) 7152**]/08 with hypercalcemia and treated with
   pamidronate 30mg, calcitonin, and dialysis. 
3. When: 3 days 4 hours ago, Note Category: Physician, Note Description: Physician Attending Admission Note - MICU | Text: Patient is critically ill. 
4. When: 3 days 4 hours ago, Note Category: Physician, Note Description: Physician Attending Admission Note - MICU | Text: She reports
   refractory jaw and lower extremity pain since discharge as well as
   gradual increase in her baseline 2-3L oxygen use. 
5. When: 3 days 4 hours ago, Note Category: Physician, Note Description: Physician Attending Admission Note - MICU | Text: She was admitted [**Date range (1) 7152**]/08 with hypercalcemia and treated
   with pamidronate 30mg, calcitonin, and dialysis (complicated by an
   episode of hypotension following HD).
6. When: 3 days 4 hours ago, Note Category: Nursing, Note Description: Nursing Progress Note | Text: She reports
   refractory jaw and lower extremity pain since discharge as well as
   gradual increase in her baseline 2-3L oxygen use.
7. When: 1 days 4 hours ago, Note Category: Physician, Note Description: Physician Fellow / Attending Progress Note - MICU | Text: RESPIRATORY FAILURE, ACUTE (NOT ARDS/[**Doctor Last Name **])
   She likely has a hilar pneumonia that precipitated SIRS with relative
   hypotension. 
"
df9ce7f1-29c9-9bad-165e-24ed64193074,EHR Completo,"The patient's code status was DNR/DNI, and she ultimately passed away on [2153-01-19] at 4:55 am due to complications from her underlying conditions.",Supported,"The reference clearly documents the patient's code status as DNR/DNI multiple times and notes the time of death at 4:55 am, supporting the text's statement about code status and time of passing.","Hospital Admission Start: 2 days 20 hours ago
Hospital Admission End: Now
Electronic Health Record Context
Ordered by Time (Earliest to Latest):
1. When: 3 days 4 hours ago, Note Category: Physician, Note Description: Physician Resident Admission Note | Text: C 4 started on [**2151-12-24**] but admitted following morning
   due to dyspnea. 
2. When: 2 days 4 hours ago, Note Category: Physician, Note Description: Physician Resident Progress Note | Text: Code status: DNR / DNI

3. When: 2 days 4 hours ago, Note Category: Physician, Note Description: Physician Resident Progress Note | Text: # Code: DNR/DNl
   .
   
4. When: 2 days 4 hours ago, Note Category: Physician, Note Description: Physician Attending Progress Note | Text: PPI
   VAP:
   Comments:
   Communication: Patient discussed on interdisciplinary rounds , Family
   meeting held  Comments:
   Code status: DNR / DNI
   Disposition :ICU
   Total time spent: 30 minutes
   Patient is critically ill
5. When: 2 days 4 hours ago, Note Category: Physician, Note Description: Physician Attending Progress Note | Text: Stress ulcer: PPI
   VAP:
   Communication: Patient discussed on interdisciplinary rounds , Family
   meeting held  Comments:
   Code status: DNR / DNI
   Disposition :ICU
   Total time spent: 38 minutes
   Patient is critically ill
6. When: 1 days 4 hours ago, Note Category: Physician, Note Description: Physician Fellow / Attending Progress Note - MICU | Text: Dialysis Catheter - [**2153-1-17**] 01:21
   PM
   Prophylaxis:
   DVT:
   Stress ulcer:
   VAP:
   Comments:
   Communication:  Comments:
   Code status: DNR / DNI
   Disposition : ICU for now.
7. When: 0 days 4 hours ago, Note Category: Nursing, Note Description: Nursing Progress Note | Text: Nursing progess note:
   Pt DNR/DNI.  
8. When: 0 days 4 hours ago, Note Category: Nursing, Note Description: Nursing Progress Note | Text: Time of death
   4:55am.  
"
a0df21a3-c835-0426-1795-0f524948c793,EHR Completo,"She underwent a series of diagnostic tests, including chest radiographs, CT scans, echocardiograms, and ECGs, which revealed findings consistent with fluid overload, atelectasis, and cardiac amyloidosis. ",Not Supported,"The reference mentions diagnostic tests such as CT chest, chest radiographs, ECGs, and clinical findings related to amyloidosis and atelectasis, but it does not explicitly state that these tests revealed findings consistent with fluid overload or cardiac amyloidosis.","Hospital Admission Start: 2 days 20 hours ago
Hospital Admission End: Now
Electronic Health Record Context
Ordered by Time (Earliest to Latest):
1. When: 316 days 4 hours ago, Note Category: Radiology, Note Description: CT CHEST W/O CONTRAST | Text: HISTORY:  63-year-old woman with amyloidisis and multiple myeloma, low O2
 saturation, history of pneumothorax.  
2. When: 315 days 4 hours ago, Note Category: Physician, Note Description: Physician Attending Admission Note | Text: infiltrate right base
   ECG:  ST, no acute STTW changes
   Assessment and Plan
   1)       Acute on chronic hypoxic/hypercarbic respiratory failure
   multifactorial secondary to underlying chronic lung changes due to
   amyloidosis, s/p recent talc pleurodesis on percocet for pain
   management, worsening atelectasis related to pain post procedure
   limiting inspiration albeit denies significant chest pain, re-expansion
   pulmonary edema given re-expansion of left lung albeit chest CT not
   suggestive of this,
3. When: 312 days 4 hours ago, Note Category: Radiology, Note Description: CHEST (PORTABLE AP) | Text: REASON FOR EXAM:  The patient with amyloidosis and the spontaneous
 pneumothorax.  
4. When: 3 days 4 hours ago, Note Category: Physician, Note Description: Physician Resident Admission Note | Text: The lung mass was biopsied and thought consistent
   with amyloid.
   
5. When: 3 days 4 hours ago, Note Category: Physician, Note Description: Physician Attending Admission Note - MICU | Text: Reasonable to continue empiric
   rx for HAP though I suspect much of her dyspnea in due to amyloid.
   
6. When: 1 days 4 hours ago, Note Category: Physician, Note Description: Physician Fellow / Attending Progress Note - MICU | Text: VENTRICULAR TACHYCARDIA / ELEVATED CARDIAC ENZYMES
   Likely due to her underlying cardiac amyloidosis; will d/c Amiodarone
   given the increase in her LFTs over the past two days since having
   initiated it.
7. When: 1 days 4 hours ago, Note Category: Physician, Note Description: Physician Fellow / Attending Progress Note - MICU | Text: VENTRICULAR TACHYCARDIA / ELEVATED CARDIAC ENZYMES
   Likely due to her underlying cardiac amyloidosis; will d/c Amiodarone
   given the increase in her LFTs over the past two days since having
   initiated it. 
8. When: 1 days 4 hours ago, Note Category: Physician, Note Description: Physician Resident Progress Note | Text: Given known cardiac
   amyloid, suspect VT and EKG with e/o AV dissociation.  
"
e0382396-e02a-9b4e-c491-402466b705d2,EHR Completo,"The patient developed a new pneumonia and experienced episodes of wide-complex tachycardia and ventricular arrhythmia, requiring treatment with antibiotics and amiodarone.",Not Supported,"The reference documents episodes of wide-complex tachycardia and ventricular tachycardia treated with amiodarone, but it does not mention the patient developing a new pneumonia or treatment with antibiotics specifically for pneumonia.","Hospital Admission Start: 2 days 20 hours ago
Hospital Admission End: Now
Electronic Health Record Context
Ordered by Time (Earliest to Latest):
1. When: 2 days 4 hours ago, Note Category: Physician, Note Description: Physician Resident Progress Note | Text: - amiodarone loading now given second episode of sustained stable
   (probable) VT
   .
   
2. When: 2 days 4 hours ago, Note Category: Radiology, Note Description: CHEST (PORTABLE AP) | Text: Admitting Diagnosis: DYSPNEA;HYPOXIA
 ______________________________________________________________________________
 [**Hospital 2**] MEDICAL CONDITION:
  64 year old woman with  ESRD, MM, amyloidosis s/p PICC placement yesterday now
  new wide complex tachycardia, probable VT.
 
3. When: 2 days 4 hours ago, Note Category: Radiology, Note Description: CHEST (PORTABLE AP) | Text: Admitting Diagnosis: DYSPNEA;HYPOXIA
 ______________________________________________________________________________
 [**Hospital 3**] MEDICAL CONDITION:
  64 year old woman with  ESRD, MM, amyloidosis s/p PICC placement yesterday now
  new wide complex tachycardia, probable VT.
 
4. When: 2 days 4 hours ago, Note Category: Physician, Note Description: Physician Attending Progress Note | Text: Will
   start amiodarone. 
5. When: 1 days 4 hours ago, Note Category: Physician, Note Description: Physician Fellow / Attending Progress Note - MICU | Text: VENTRICULAR TACHYCARDIA / ELEVATED CARDIAC ENZYMES
   Likely due to her underlying cardiac amyloidosis; will d/c Amiodarone
   given the increase in her LFTs over the past two days since having
   initiated it.
6. When: 1 days 4 hours ago, Note Category: Physician, Note Description: Physician Fellow / Attending Progress Note - MICU | Text: She has also had some episodes of asymptomatic V tach, the last being
   yesterday morning, she was started on Amiodarone.
   
7. When: 1 days 4 hours ago, Note Category: Physician, Note Description: Physician Fellow / Attending Progress Note - MICU | Text: VENTRICULAR TACHYCARDIA / ELEVATED CARDIAC ENZYMES
   Likely due to her underlying cardiac amyloidosis; will d/c Amiodarone
   given the increase in her LFTs over the past two days since having
   initiated it. 
8. When: 1 days 4 hours ago, Note Category: Physician, Note Description: Physician Resident Progress Note | Text: no new episodes
   History obtained from Patient
   Allergies:
   History obtained from PatientNo Known Drug Allergies
   Last dose of Antibiotics:
   Vancomycin - [**2153-1-17**] 12:00 PM
   Levofloxacin - [**2153-1-17**] 08:03 PM
   Infusions:
   Amiodarone - 0.5 mg/min
   Phenylephrine - 2 mcg/Kg/min
   Other ICU medications:
   Pantoprazole (Protonix) -
"
51b08b28-d1a1-efb5-4d80-8d58e7869f1f,EHR Completo,"A transesophageal echocardiogram showed mild symmetric left ventricular hypertrophy, a small left ventricle, and hyperdynamic function. ",Not Addressed,"The reference mentions mild symmetric left ventricular hypertrophy, a small left ventricle, and hyperdynamic function, but it does not specify that these findings were from a transesophageal echocardiogram.","Hospital Admission Start: 4 days 21 hours ago
Hospital Admission End: Now
Electronic Health Record Context
Ordered by Time (Earliest to Latest):
1. When: 5 days 18 hours ago, Note Category: Radiology, Note Description: CHEST (PORTABLE AP) | Text: There is moderate
 cardiomegaly.  
2. When: 4 days 18 hours ago, Note Category: Echo, Note Description: Report | Text: There is mild symmetric left ventricular hypertrophy. 
3. When: 4 days 18 hours ago, Note Category: Echo, Note Description: Report | Text: LEFT VENTRICLE: Mild symmetric LVH. 
4. When: 4 days 18 hours ago, Note Category: Echo, Note Description: Report | Text: Left ventricular systolic function is hyperdynamic (EF>75%).

5. When: 4 days 18 hours ago, Note Category: Echo, Note Description: Report | Text: The
left ventricular cavity is unusually small. 
6. When: 3 days 18 hours ago, Note Category: Physician, Note Description: Physician Resident Progress Note | Text: # PUMP: Echo yesterday showed mild symmetric LVH, small LV,
   hyperdynamic (EF>75%).
7. When: 2 days 18 hours ago, Note Category: Physician, Note Description: Physician Resident Progress Note | Text: # PUMP: Echo showed mild symmetric LVH, small LV, hyperdynamic
   (EF>75%). 
8. When: 2 days 18 hours ago, Note Category: Physician, Note Description: Physician Resident Progress Note | Text: # PUMP: Echo showed mild symmetric LVH, small LV, hyperdynamic
   (EF>75%).
9. When: 1 days 18 hours ago, Note Category: Radiology, Note Description: CHEST (PORTABLE AP) | Text: The heart is mildly enlarged.  
"
c63432ff-3d40-5443-8557-78fff4b8b30c,EHR Completo,The patient was weaned off pressors and eventually extubated after showing signs of improvement. ,Supported,"The reference notes indicate the patient was weaned and extubated successfully, with multiple entries confirming extubation and improvement in respiratory status.","Hospital Admission Start: 4 days 21 hours ago
Hospital Admission End: Now
Electronic Health Record Context
Ordered by Time (Earliest to Latest):
1. When: 644 days 18 hours ago, Note Category: Physician, Note Description: Physician Resident Admission Note | Text: His oxygen was increased at rehab with some improvement and was
   transferred to the ED.  
2. When: 642 days 18 hours ago, Note Category: Discharge summary, Note Description: Report | Text: The patient was continued on
lasix with subsequent improvement in respiratory status. 
3. When: 642 days 18 hours ago, Note Category: Discharge summary, Note Description: Report | Text: His oxygen was increased at
rehab with some improvement and was transferred to the ED. 
4. When: 642 days 18 hours ago, Note Category: Discharge summary, Note Description: Report | Text: His oxygen was increased at rehab with some improvement
and was transferred to the ED.  
5. When: 4 days 18 hours ago, Note Category: Physician, Note Description: Physician Resident Admission Note | Text: The patient was placed on BiPAP to help
   with his breathing, as he was reportedly DNR/DNI at his nursing home.
   
6. When: 3 days 18 hours ago, Note Category: Respiratory, Note Description: Respiratory Care Shift Note | Text: Demographics
   Pt weaned and extubated, placed on 100% CA tol ok at this time.

7. When: 3 days 18 hours ago, Note Category: General, Note Description: ICU Event Note | Text: Clinician:  Resident
   Met with family and discussed possible need for reintubation.  
8. When: 2 days 18 hours ago, Note Category: Nursing, Note Description: Nursing Progress Note | Text: Successfully extubated ~1315.
9. When: 2 days 18 hours ago, Note Category: Nursing, Note Description: Nursing Progress Note | Text: Respiratory failure, acute (not ARDS/[**Doctor Last Name **])
   Assessment:
   Extubated successfully->O2 70% OFT & 2L NP.
   
10. When: 1 days 18 hours ago, Note Category: Radiology, Note Description: CHEST (PORTABLE AP) | Text: The nasogastric tube has
 been removed.  
"
88aee8e7-76ed-ae3d-f087-33caf759503a,EHR Completo,"However, his respiratory status remained tenuous, and he required a high level of oxygen to maintain saturation levels. ",Supported,"The reference notes that the patient was requiring a lot of oxygen to maintain saturation levels around 88-90%, indicating a tenuous respiratory status and need for high oxygen support.","Hospital Admission Start: 4 days 21 hours ago
Hospital Admission End: Now
Electronic Health Record Context
Ordered by Time (Earliest to Latest):
1. When: 644 days 18 hours ago, Note Category: Physician, Note Description: Physician Resident Admission Note | Text: The patient was found to
   have an increased oxygen requirement and an o2 sat in the 70s at
   rehab.  
2. When: 644 days 18 hours ago, Note Category: Physician, Note Description: Physician Resident Admission Note | Text: His oxygen was increased at rehab with some improvement and was
   transferred to the ED.  
3. When: 642 days 18 hours ago, Note Category: Nursing, Note Description: Nursing Progress Note | Text: tolerating decrease in O2 and maintaining > 90%.
   
4. When: 642 days 18 hours ago, Note Category: Discharge summary, Note Description: Report | Text: On day of admission
the patient was found to have an increased oxygen requirement
and an o2 sat in the 70s at rehab. 
5. When: 642 days 18 hours ago, Note Category: Discharge summary, Note Description: Report | Text: The patient was found to have
an increased oxygen requirement and an o2 sat in the 70s at
rehab.  
6. When: 642 days 18 hours ago, Note Category: Discharge summary, Note Description: Report | Text: His O2 was weaned to 6L NC with
good toleration. 
7. When: 642 days 18 hours ago, Note Category: Discharge summary, Note Description: Report | Text: His oxygen was increased at rehab with some improvement
and was transferred to the ED.  
8. When: 4 days 18 hours ago, Note Category: Physician, Note Description: Physician Resident Admission Note | Text: He did indicate by nodding that he was short of
   breath.  
9. When: 2 days 18 hours ago, Note Category: Nursing, Note Description: Nursing Progress Note | Text: Requiring a lot of O2 to maintain Sat 88-90%.
   
"
77617ffa-4bc8-ccfd-3af6-4eb31453c231,EHR Completo,"The patient's code status was changed to ""Do Not Intubate"" (DNI) after a discussion with his family. ",Supported,"The reference notes a discussion with family about reintubation and agreement that the patient would be DNI going forward, directly supporting the text.","Hospital Admission Start: 4 days 21 hours ago
Hospital Admission End: Now
Electronic Health Record Context
Ordered by Time (Earliest to Latest):
1. When: 644 days 18 hours ago, Note Category: Physician, Note Description: Physician Resident Admission Note | Text: Of note, despite documentation for DNR/I and previous
   hospitalizations as such, the patient would like to be full code per
   patient and patient's son.  
2. When: 642 days 18 hours ago, Note Category: Discharge summary, Note Description: Report | Text: Code - On arrival to the ED the patient had requested that he
would like his code status to be changed from DNR to Full Code.

3. When: 642 days 18 hours ago, Note Category: Discharge summary, Note Description: Report | Text: Of note, despite documentation for
DNR/I and previous hospitalizations as such, the patient would
like to be full code per patient and patient's son.  
4. When: 3 days 18 hours ago, Note Category: Nursing, Note Description: Nursing Progress Note | Text: DNR/DNI status reversed per pt
s son. 
5. When: 3 days 18 hours ago, Note Category: General, Note Description: ICU Event Note | Text: Patient
   voiced his desire not to have a breathing tube put back in.  
6. When: 3 days 18 hours ago, Note Category: General, Note Description: ICU Event Note | Text: Clinician:  Resident
   Met with family and discussed possible need for reintubation.  
7. When: 3 days 18 hours ago, Note Category: General, Note Description: ICU Event Note | Text: Nurse present and all in agreement that patient would be DNI
   going forward.  
"
03c42051-6f07-5fe4-1dfa-69d51462c0ee,EHR Completo,"The patient, a 90+ year-old man with a history of CAD, CHF, OSA, and AF, was admitted to the ICU with increased respiratory distress. ",Supported,"The reference confirms the patient is a man over 90 years old with a history of CAD, CHF, OSA, and AF, admitted with increased respiratory distress, consistent with the text.","Hospital Admission Start: 4 days 21 hours ago
Hospital Admission End: Now
Electronic Health Record Context
Ordered by Time (Earliest to Latest):
1. When: 644 days 18 hours ago, Note Category: Physician, Note Description: Physician Resident Admission Note | Text: Chief Complaint:  dyspnea, hypoxia
   HPI:
   [**Age over 90 382**] year old male [**Hospital 12**] Rehab resident with history of coronary artery
   disease, congestive heart failure, OSA, multiple previous
   pneumonias/bronchitis presents with 4 days shortness of breath and
   non-productive cough, wheezing.  
2. When: 642 days 18 hours ago, Note Category: Discharge summary, Note Description: Report | Text: Patient reports he has been having shortness of breath for years
but it has gotten worse in the past four days. 
3. When: 5 days 18 hours ago, Note Category: Physician, Note Description: Cardiology fellow CCU admit note | Text: CHF (last EF>55% w/o
   diastolic dysfunction on doppler in [**2168**]), OSA, 2nd degree AVB s/p dual
   chamber [**Company 2375**] PPM in [**2167**], recurrent pna and bronchitis, htn, h/o
   DVT and AF on coumadin here with increased respiratory distress from
   nursing home. 
4. When: 4 days 18 hours ago, Note Category: Nursing, Note Description: Nursing Progress Note | Text: Pt is a [**Age over 90 323**] y/o M w/ h/o CAD ,  CHF (last EF>55% w/o diastolic
   dysfunction on doppler in [**2168**]), OSA, 2nd degree AVB s/p dual chamber
   [**Company 2375**] PPM in [**2167**], recurrent pna and bronchitis, htn, h/o DVT and
   AF on coumadin here with increased respiratory distress from nursing
   home.
5. When: 4 days 18 hours ago, Note Category: Physician, Note Description: Physician Resident Admission Note | Text: # Respiratory Distress - The etiology for the patient's respiratory
   distress seems likely to be related to CHF.
6. When: 2 days 18 hours ago, Note Category: Nursing, Note Description: Nursing Progress Note | Text: old man w/ h/o CAD ,  CHF (last EF>55% w/o diastolic
   dysfunction on doppler in [**2168**]), OSA, 2nd degree AVB s/p dual chamber
   [**Company 2375**] PPM in [**2167**], recurrent pneumonia and bronchitis, htn, h/o DVT
   and AF on Coumadin. 
7. When: 2 days 18 hours ago, Note Category: Nursing, Note Description: Nursing Transfer Note | Text: old man w/ h/o CAD ,  CHF (last EF>55% w/o diastolic
   dysfunction on doppler in [**2168**]), OSA, 2nd degree AVB s/p dual chamber
   [**Company 2375**] PPM in [**2167**], recurrent pneumonia and bronchitis, htn, h/o DVT
   and AF on Coumadin.
8. When: 1 days 18 hours ago, Note Category: Radiology, Note Description: CHEST (PORTABLE AP) | Text: Admitting Diagnosis: SHORTNESS OF BREATH
 ______________________________________________________________________________
 [**Hospital 2**] MEDICAL CONDITION:
  [**Age over 90 **] year old man with tachypnea.
 
"
02806104-d643-9e2c-49dc-6afe7e155979,EHR Completo,"Initial evaluation revealed moderate cardiomegaly, low lung volumes, a small left pleural effusion, and increased interstitial lung markings consistent with mild pulmonary edema. ",Supported,"The reference notes moderate cardiomegaly, low lung volumes, a small left pleural effusion, and increased interstitial lung markings consistent with mild pulmonary edema, which fully supports the text.","Hospital Admission Start: 4 days 21 hours ago
Hospital Admission End: Now
Electronic Health Record Context
Ordered by Time (Earliest to Latest):
1. When: 5 days 18 hours ago, Note Category: Radiology, Note Description: CHEST (PORTABLE AP) | Text: Increased interstitial lung markings
 and perihilar opacities consistent with mild pulmonary edema is noted.  
2. When: 5 days 18 hours ago, Note Category: Radiology, Note Description: CHEST (PORTABLE AP) | Text: IMPRESSION:  Pulmonary edema with left pleural effusion.



3. When: 5 days 18 hours ago, Note Category: Radiology, Note Description: CHEST (PORTABLE AP) | Text: There is a small left pleural
 effusion with associated atelectasis.
4. When: 5 days 18 hours ago, Note Category: Radiology, Note Description: CHEST (PORTABLE AP) | Text: There is moderate
 cardiomegaly.  
5. When: 5 days 18 hours ago, Note Category: Radiology, Note Description: CHEST (PORTABLE AP) | Text: There are low lung volumes.  
6. When: 3 days 18 hours ago, Note Category: Radiology, Note Description: CHEST (PORTABLE AP) | Text: There is improved
 mild pulmonary edema.  
7. When: 3 days 18 hours ago, Note Category: Radiology, Note Description: CHEST (PORTABLE AP) | Text: IMPRESSION:

 Improvement in mild pulmonary edema with unchanged left lower lobe
 atelectasis.



8. When: 1 days 18 hours ago, Note Category: Radiology, Note Description: CHEST (PORTABLE AP) | Text: The heart is mildly enlarged.  
9. When: 1 days 18 hours ago, Note Category: Radiology, Note Description: CHEST (PORTABLE AP) | Text: REASON FOR THIS EXAMINATION:
  Evaluate for worsening pulmonary edema.
10. When: 1 days 18 hours ago, Note Category: Radiology, Note Description: CHEST (PORTABLE AP) | Text: ______________________________________________________________________________
                                 FINAL REPORT
 PORTABLE CHEST [**2171-3-10**]

 CLINICAL INFORMATION:  Worsening pulmonary edema, tachypnea.

 
"
b505de32-fd7e-b7b7-e524-0f7da5c4130b,EHR Completo,"He was treated with lasix, IV antibiotics, and BiPAP, but his condition worsened, and he was intubated due to high PCo2 levels. ",Supported,"The reference states the patient was treated with lasix, BiPAP, and IV antibiotics, and that his respiratory status did not improve with BiPAP, leading to intubation due to worsening condition and elevated CO2.","Hospital Admission Start: 4 days 21 hours ago
Hospital Admission End: Now
Electronic Health Record Context
Ordered by Time (Earliest to Latest):
1. When: 644 days 18 hours ago, Note Category: Physician, Note Description: Physician Attending Admission Note | Text: ED: T 101.8, got bipap for elevated CO2, Vanc and Cefepime,
   methyprednisolone
   ICU: c/o SOB and water in lungs due to pneumonia. 
2. When: 642 days 18 hours ago, Note Category: Discharge summary, Note Description: Report | Text: The patient was continued on
lasix with subsequent improvement in respiratory status. 
3. When: 642 days 18 hours ago, Note Category: Discharge summary, Note Description: Report | Text: The patient was given lasix IV. 
4. When: 642 days 18 hours ago, Note Category: Discharge summary, Note Description: Report | Text: You were treated with IV lasix.

5. When: 4 days 18 hours ago, Note Category: Physician, Note Description: Physician Resident Admission Note | Text: He was given
   40 mg IV lasix and put out 30-40 cc of urine.
6. When: 4 days 18 hours ago, Note Category: Physician, Note Description: Physician Resident Admission Note | Text: Here, he has been treated with lasix, morphine, and nitro gtt.
   
7. When: 4 days 18 hours ago, Note Category: Physician, Note Description: Physician Resident Admission Note | Text: The patient was placed on BiPAP to help
   with his breathing, as he was reportedly DNR/DNI at his nursing home.
   
8. When: 4 days 18 hours ago, Note Category: Physician, Note Description: Physician Resident Progress Note | Text: Chief Complaint:
   24 Hour Events:
   - pt's respiratory status did not improve with adjustment of his BiPAP,
   ultimately resulting in intubation/mechanical ventilation
   Allergies:
   Penicillins
   itching;
   Levofloxacin
   Rash;
   Phenazopyridine
   Unknown;
   Last dose of Antibiotics:
   Infusions:
   Dopamine - 6 mcg/Kg/min
   Other ICU medications:
   Furosemide (Lasix) - [**2171-3-7**]
"
0aeffdfc-7aa0-e9ef-17dd-4d16806886d1,EHR Completo,"The patient was then placed on mechanical ventilation, sedation, and peripheral dopamine for BP support. ",Supported,"The reference notes that peripheral dopamine was started for BP support, sedation was used, and the patient was intubated (mechanical ventilation), which supports the text.","Hospital Admission Start: 4 days 21 hours ago
Hospital Admission End: Now
Electronic Health Record Context
Ordered by Time (Earliest to Latest):
1. When: 4 days 18 hours ago, Note Category: Nursing, Note Description: Nursing Progress Note | Text: Peripheral Dopamine started for BP
   support, 400cc ivf given in total.
          
2. When: 4 days 18 hours ago, Note Category: Physician, Note Description: Physician Resident Admission Note | Text: On arrival to the floor, the patient's VS were T= 97.6; BP= 123/63; HR=
   90; RR= 27; O2 sat= 98% on BiPAP.  
3. When: 4 days 18 hours ago, Note Category: Physician, Note Description: Physician Resident Progress Note | Text: Additional comments:
   Intubated
   Diuresing today and intention to remove peripheral dopamine
   no evidence of ischemia.
   
4. When: 4 days 18 hours ago, Note Category: Nursing, Note Description: Nursing Progress Note | Text: Peripheral Dopamine started for BP
   support, 400cc ivf given in total.
   
5. When: 4 days 18 hours ago, Note Category: Nursing, Note Description: Nursing Progress Note | Text: dopamine weaned to 4 mic bp  85/54
   Plan:
   CONTINUE TO WEAN DOPAMINE, SEDATION VENT AS TOL
   FOLLOW FLUID STATUS ,repeat lasix
   MONITOR LAB TESTS
6. When: 4 days 18 hours ago, Note Category: Nursing, Note Description: Nursing Progress Note | Text: ON ANTIBX
   BP MAINTAINED  C DOPAMINE  6 MICS .RHYTHM  AFIB TO PACED
   FOLEY LEAKING
   FAMILY AT BEDSIDE
   Action:
   FOLEY CHANGED .
7. When: 3 days 18 hours ago, Note Category: Nursing, Note Description: Nursing Progress Note | Text: Response:
   bp tolerating decrease in dopa and decrease in sedation, pt will follow
   commands when turning he will help hold onto railing, he will attempt
   to squeeze hand when asked, he didn
t move legs on bed when asked but
   he does on his own when he is being repositioned. 
8. When: 3 days 18 hours ago, Note Category: Nursing, Note Description: Nursing Progress Note | Text: Respiratory failure, acute (not ARDS/[**Doctor Last Name **])
   Assessment:
   intubated for volume overload with pna, temp 98.6, min secretions with
   suctioning, LS clear, hr 69 afib, bp 113/56
   Action:
   dopamine off, sedation decreased .5 midaz , 25 fentanyl, 80mg lasix,
   antibiotics.
9. When: 2 days 18 hours ago, Note Category: Nursing, Note Description: Nursing Progress Note | Text: Peripheral Dopamine started for BP
   support, 400cc ivf given in total.
"
efc45fc9-4a7e-c9ac-ad08-6611448f19fd,EHR Completo,"He was treated for a urinary tract infection with nitrofurantoin and was being monitored for fluid balance, cardiac function, and renal function. ",Supported,"The reference notes that the patient was started on nitrofurantoin and was monitored with diuresis and urine output, indicating monitoring of fluid balance and renal function; cardiac function monitoring is implied by respiratory and oxygen adjustments.","Hospital Admission Start: 4 days 21 hours ago
Hospital Admission End: Now
Electronic Health Record Context
Ordered by Time (Earliest to Latest):
1. When: 644 days 18 hours ago, Note Category: Physician, Note Description: Physician Resident Admission Note | Text: Of note he has recently been treated
   with Rocephin 4 days x 2 courses.
2. When: 642 days 18 hours ago, Note Category: Discharge summary, Note Description: Report | Text: Of note he has recently
been treated with Rocephin 4 days x 2 courses.  
3. When: 642 days 18 hours ago, Note Category: Discharge summary, Note Description: Report | Text: His lasix should continue to be
titrated as needed based on Cr and daily weights. 
4. When: 4 days 18 hours ago, Note Category: Physician, Note Description: Physician Resident Admission Note | Text: He was given
   40 mg IV lasix and put out 30-40 cc of urine.
5. When: 4 days 18 hours ago, Note Category: Physician, Note Description: Physician Resident Admission Note | Text: Here, he has been treated with lasix, morphine, and nitro gtt.
   
6. When: 3 days 18 hours ago, Note Category: Nursing, Note Description: Nursing Progress Note | Text: Plan:
   pt diuressed overnight he responded well to lasix,. 
7. When: 2 days 18 hours ago, Note Category: Physician, Note Description: Physician Resident Progress Note | Text: - starting nitrofurantoin, will d/c on this regimen
   .
   
8. When: 2 days 18 hours ago, Note Category: Nursing, Note Description: Nursing Transfer Note | Text: Congested cough, resp rate 26-40, continues  diuresis  urine
   output 150/hr
   Action:
   changed O2 to just NP 4l, OOB to chair, encouraging coughing and deep
   breathing.  
"
821a8468-cfa8-b9d3-6892-d147ed1d246e,EHR Completo,"The patient's disposition was pending, with consideration for discharge or continued care.",Not Supported,"The reference shows the patient was discharged to an extended care facility and had a documented discharge disposition, so the disposition was not pending but decided.","Hospital Admission Start: 4 days 21 hours ago
Hospital Admission End: Now
Electronic Health Record Context
Ordered by Time (Earliest to Latest):
1. When: 642 days 18 hours ago, Note Category: Physician, Note Description: Physician Attending Progress Note | Text: Chief Complaint: Respiratory failure
   I saw and examined the patient, and was physically present with the ICU
   Resident for key portions of the services provided.  
2. When: 642 days 18 hours ago, Note Category: Discharge summary, Note Description: Report | Text: The
patient remained afebrile throughout his hospitalization. 
3. When: 642 days 18 hours ago, Note Category: Discharge summary, Note Description: Report | Text: Discharge Disposition:
Extended Care

Facility:
[**Hospital6 459**] for the Aged - LTC

Discharge Diagnosis:
Primary:
1. 
4. When: 642 days 18 hours ago, Note Category: Discharge summary, Note Description: Report | Text: Code - On arrival to the ED the patient had requested that he
would like his code status to be changed from DNR to Full Code.

5. When: 642 days 18 hours ago, Note Category: Discharge summary, Note Description: Report | Text: This issue should be
addressed again following arrival to rehab facility.

6. When: 642 days 18 hours ago, Note Category: Discharge summary, Note Description: Report | Text: Admission Date:  [**2169-6-5**]              Discharge Date:   [**2169-6-7**]


Service: MEDICINE

Allergies:
Penicillins / Levofloxacin

Attending:[**Last Name (NamePattern4) 290**]
Chief Complaint:
Hypoxia

Major Surgical or Invasive Procedure:
None

History of Present Illness:
[**Age over 90 **] year old male [**Hospital 100**] Rehab resident with history of coronary
artery disease, congestive heart failure, OSA,
7. When: 4 days 18 hours ago, Note Category: Physician, Note Description: Physician Resident Admission Note | Text: However, on further discussion with the patient's HCP, it was stated
   that the patient would want to be full code.
   
8. When: 4 days 18 hours ago, Note Category: Physician, Note Description: Physician Resident Progress Note | Text: Mouth care
   Comments:
   Communication: ICU consent signed Comments:
   Code status: Full code
   Disposition:
9. When: 4 days 18 hours ago, Note Category: Physician, Note Description: Physician Resident Progress Note | Text: Mouth care
   Comments:
   Communication: ICU consent signed Comments:
   Code status: Full code
   Disposition:
   ------ Protected Section ------
   Cardiology Teaching Physician Note
   On this day I saw, examined and was physically present with the
   resident / fellow for the key portions of the services provided. 
10. When: 3 days 18 hours ago, Note Category: General, Note Description: ICU Event Note | Text: Nurse present and all in agreement that patient would be DNI
   going forward.  
"
3d70847e-d1c1-0159-2610-3982a6824064,EHR Completo,He was able to tolerate sips of clear liquids and eventually advanced to a more solid diet. ,Supported,"The reference notes indicate the patient was tolerating sips of clear liquids and was planned to advance diet as tolerated, with nursing notes confirming tolerance of clear/full liquids and encouragement to eat solids.","Hospital Admission Start: 14 days 17 hours ago
Hospital Admission End: Now
Electronic Health Record Context
Ordered by Time (Earliest to Latest):
1. When: 14 days 13 hours ago, Note Category: Physician, Note Description: Intensivist Note | Text: He was admitted, hydrated, and started on PO vanco. 
2. When: 14 days 13 hours ago, Note Category: Nursing, Note Description: Nursing Progress Note | Text: He
   was admitted, hydrated, and started on PO vanco. 
3. When: 10 days 13 hours ago, Note Category: Physician, Note Description: Intensivist Note | Text: ?Clears
   Nutrition: Clear liquids, Tolerating sips.  
4. When: 10 days 13 hours ago, Note Category: Physician, Note Description: Intensivist Note | Text: Tolerating sips.  
5. When: 10 days 13 hours ago, Note Category: Physician, Note Description: Intensivist Note | Text: Nutrition: Clear liquids, Tolerating sips.  
6. When: 9 days 13 hours ago, Note Category: Physician, Note Description: Intensivist Note | Text: Gastrointestinal / Abdomen: Clears, will advance diet as tolerated as
   per primary team
   Nutrition: will advance diet as tolerated as per primary team
   Renal: Foley, Adequate UO, Patient auto-diuresing.patient approaching
   dry weight.
   
7. When: 9 days 13 hours ago, Note Category: Nursing, Note Description: Nursing Transfer Note | Text: Tolerating clear/full liquids well- advance diet as
   tolerated.
                    
8. When: 9 days 13 hours ago, Note Category: Nursing, Note Description: Nursing Transfer Note | Text: Tolerating POs well, denies nausea,
   encouraged to eat solids. 
"
470c70f2-37d9-011a-07e1-75b28fb4223a,EHR Completo,"The patient's atrial fibrillation was managed with amiodarone and lopressor, and his heart rate and blood pressure were stabilized. ",Supported,"The reference shows the patient was treated with amiodarone and lopressor for atrial fibrillation, with heart rate control and stabilization of blood pressure documented.","Hospital Admission Start: 14 days 17 hours ago
Hospital Admission End: Now
Electronic Health Record Context
Ordered by Time (Earliest to Latest):
1. When: 13 days 13 hours ago, Note Category: Nursing, Note Description: Nursing Progress Note | Text: * Pt experienced SVT with runs of Afib last night, whereupon he was
   immediately started on an Amiodarone gtt. 
2. When: 11 days 13 hours ago, Note Category: Physician, Note Description: Intensivist Note | Text: Cont
   amiodarone. 
3. When: 11 days 13 hours ago, Note Category: Physician, Note Description: Cardiology Comprehensive Physician Note | Text: Amiodarone iv was started
   which helped control the heart rate and eventually converted him to
   sinus.  
4. When: 11 days 13 hours ago, Note Category: Physician, Note Description: Cardiology Comprehensive Physician Note | Text: Atrial tachycardia: start lopressor 25 QID PO and uptitrate if
   patient
s BP tolerates the beta blocker, continue amiodarone 400 [**Hospital1 **]
   for now, no anticoagulation needed for now since atrial tachycardia not
   Afib, if patient develops Afib consider coumadin since CHADS score 2,
   would check another Echo to assess for structural abnormalities.
5. When: 11 days 13 hours ago, Note Category: Nursing, Note Description: Nursing Progress Note | Text: Action:
   PO amiodarone and lopressor given at 1700 after Dr [**First Name (STitle) **] spoke with
   cardiology.  
6. When: 10 days 13 hours ago, Note Category: Nursing, Note Description: Nursing Progress Note | Text: Atrial fibrillation (Afib)
   Assessment:
   Pt in SR w/ rate in the 80-90
s at the beginning of the shift..  Had
   received first PO dose of amiodarone 400mg at 5pm, IV gtt of amio at
   0.5mg/min turned off at 9:30pm  Pt hypotensive at that time with BP as
   low as 75/45.
7. When: 10 days 13 hours ago, Note Category: Nursing, Note Description: Nursing Progress Note | Text: Plan:
   Con
t to monitor HR closely, pt now getting PO amiodarone and PO
   lopressor as ordered.   
8. When: 9 days 13 hours ago, Note Category: Physician, Note Description: Intensivist Note | Text: Amiodarone 9. 
9. When: 9 days 13 hours ago, Note Category: Nursing, Note Description: Nursing Transfer Note | Text: Action:
   Receiving 400mg amiodarone [**Hospital1 **] & 50mg lopressor [**Hospital1 **] for afib.
   
"
8ebcf909-ec3c-8eaa-ed34-489a7af2c68a,EHR Completo,He received physical therapy and antibiotic coverage for his surgical site. ,Supported,"The reference notes that the patient received antibiotic treatment (PO vancomycin) and had abdominal wound dressing changes, indicating physical therapy and antibiotic coverage for the surgical site.","Hospital Admission Start: 14 days 17 hours ago
Hospital Admission End: Now
Electronic Health Record Context
Ordered by Time (Earliest to Latest):
1. When: 14 days 13 hours ago, Note Category: Physician, Note Description: Intensivist Note | Text: He was admitted, hydrated, and started on PO vanco. 
2. When: 14 days 13 hours ago, Note Category: Nursing, Note Description: Nursing Progress Note | Text: He
   was admitted, hydrated, and started on PO vanco. 
3. When: 14 days 13 hours ago, Note Category: Nursing, Note Description: Nursing Progress Note | Text: (had been on antibiotics previously for COPD flare) . 
4. When: 14 days 13 hours ago, Note Category: Nursing, Note Description: Nursing Progress Note | Text: He
   was admitted, hydrated, and started on PO vancomycin. 
5. When: 11 days 13 hours ago, Note Category: Physician, Note Description: Cardiology Comprehensive Physician Note | Text: He received a total colectomy with endileostomy on [**2-22**].
6. When: 10 days 13 hours ago, Note Category: Nursing, Note Description: Nursing Progress Note | Text: Action:
   Started on nystatin swish and swallow, Vaseline to lips, ostomy bag
   changed and secured.
   
7. When: 9 days 13 hours ago, Note Category: Nursing, Note Description: Nursing Progress Note | Text: Action:
   Abdominal wound dressing changed. 
8. When: 6 days 13 hours ago, Note Category: Radiology, Note Description: PICC W/O PORT | Text: The patient tolerated the procedure well. 
9. When: 6 days 13 hours ago, Note Category: Radiology, Note Description: PICC W/O PORT | Text: The procedure was explained to the patient. 
"
80d33852-8e45-43b1-408c-e9a049b6c682,EHR Completo,"The patient was eventually transferred to a rehabilitation program, where he continued to receive treatment for his various complications, including impaired skin integrity due to a leaking ostomy bag and thrush.

",Not Addressed,The reference mentions impaired skin integrity related to the ostomy and thrush treatment but does not mention the patient being transferred to a rehabilitation program.,"Hospital Admission Start: 14 days 17 hours ago
Hospital Admission End: Now
Electronic Health Record Context
Ordered by Time (Earliest to Latest):
1. When: 14 days 13 hours ago, Note Category: Physician, Note Description: Intensivist Note | Text: He was admitted, hydrated, and started on PO vanco. 
2. When: 14 days 13 hours ago, Note Category: Nursing, Note Description: Nursing Progress Note | Text: Arrangements were then made for transfer here by his family
s request
   PMHx:
   HTN
   Perforated Diverticulitis [**6-/2125**] c/b sepsis, respiratory failure, ARF,
   A Fib, multiple abscess formation after colectomy and hartmann
s pouch
   at OSH. 
3. When: 14 days 13 hours ago, Note Category: Nursing, Note Description: Nursing Progress Note | Text: will
   mature stoma at bedside in next 1-2 days per surgical team
   Impaired Skin Integrity
   Assessment:
   Coccyx/buttocks reddened and blanchable on admission
   Action:
   Pt turned side to side q2hours in swimmers position and barrier cream
   applied
   Response:
   Area remains red and blanchable
   Plan:
   Continue frequent repositioning and swimmers position
4. When: 12 days 13 hours ago, Note Category: Nursing, Note Description: Nursing Progress Note | Text: Plan:
   Continue to assess ostomy appearance and output frequently.

5. When: 12 days 13 hours ago, Note Category: Nursing, Note Description: Nursing Progress Note | Text: Response:
   Several hours later 400cc emptied from ostomy bag.
   
6. When: 10 days 13 hours ago, Note Category: Nursing, Note Description: Nursing Progress Note | Text: Action:
   Started on nystatin swish and swallow, Vaseline to lips, ostomy bag
   changed and secured.
   
7. When: 10 days 13 hours ago, Note Category: Nursing, Note Description: Nursing Progress Note | Text: Ostomy bag leaking green liquid stool.
   
8. When: 9 days 13 hours ago, Note Category: Nursing, Note Description: Nursing Progress Note | Text: Ostomy bag intact.
9. When: 9 days 13 hours ago, Note Category: Nursing, Note Description: Nursing Progress Note | Text: Ostomy bag left intact-liquid green
   drainage.
   
10. When: 6 days 13 hours ago, Note Category: Radiology, Note Description: PICC W/O PORT | Text: The patient tolerated the procedure well. 
"
0fdc44f3-34e8-dbf8-82f2-ea42e40665f0,EHR Completo,"During his hospital stay, the patient underwent several imaging studies, including chest X-rays, abdominal X-rays, and an echocardiogram. ",Supported,"The reference documents multiple imaging studies during the hospital stay, including chest X-rays, abdominal X-rays, and a bedside echocardiogram, which supports the text.","Hospital Admission Start: 14 days 17 hours ago
Hospital Admission End: Now
Electronic Health Record Context
Ordered by Time (Earliest to Latest):
1. When: 15 days 13 hours ago, Note Category: Radiology, Note Description: CHEST PORT. LINE PLACEMENT | Text: FINDINGS:  As compared to the previous examination, an endotracheal tube has
 been placed.  
2. When: 14 days 13 hours ago, Note Category: Radiology, Note Description: CHEST (PORTABLE AP) | Text: On prior exam
 was in the stomach.

         
3. When: 14 days 13 hours ago, Note Category: Radiology, Note Description: CHEST (PORTABLE AP) | Text: (Radiology) 96685**]
 Reason: interval change
 Admitting Diagnosis: ACUTE RENAL FAILURE
 ______________________________________________________________________________
 [**Hospital 4**] MEDICAL CONDITION:
  73 year old man with megacolon
 REASON FOR THIS EXAMINATION:
  interval change
 ______________________________________________________________________________
                                  PFI REPORT
 PFI:  Limited study due to respiratory motion with unchanged left basal
 atelectasis.
4. When: 14 days 13 hours ago, Note Category: Radiology, Note Description: CHEST (PORTABLE AP) | Text: [**2131-2-22**] 5:19 AM
 CHEST (PORTABLE AP)                                             Clip # [**Clip Number (Radiology) 96685**]
 Reason: interval change
 Admitting Diagnosis: ACUTE RENAL FAILURE
 ______________________________________________________________________________
 [**Hospital 4**] MEDICAL CONDITION:
  73 year old man with megacolon
 REASON FOR
5. When: 14 days 13 hours ago, Note Category: Nursing, Note Description: Nursing Progress Note | Text: On [**2-21**] he
   developed significant abdominal distension and SOB.  
6. When: 14 days 13 hours ago, Note Category: Nursing, Note Description: Nursing Progress Note | Text: On
   [**2-21**] he developed significant abdominal distension and SOB.  
7. When: 13 days 13 hours ago, Note Category: Nursing, Note Description: Nursing Progress Note | Text: Bedside ECHO performed. 
8. When: 8 days 13 hours ago, Note Category: Radiology, Note Description: ABDOMEN (SUPINE & ERECT) | Text: FINDINGS:  Abdominal radiograph, supine and upright views.  
9. When: 8 days 13 hours ago, Note Category: Radiology, Note Description: ABDOMEN (SUPINE & ERECT) | Text: [**2131-2-28**] 8:18 PM
 ABDOMEN (SUPINE & ERECT)                                        Clip # [**Clip Number (Radiology) 96729**]
 Reason: Please assess for dilated bowel, etc
 Admitting Diagnosis: ACUTE RENAL FAILURE
 ______________________________________________________________________________
 [**Hospital 4**] MEDICAL CONDITION:
  73 year old man with distended abdomen
 REASON FOR THIS EXAMINATION:
  Please assess for dilated bowel,
10. When: 6 days 13 hours ago, Note Category: Radiology, Note Description: PICC W/O PORT | Text: [**Last Name (STitle) 7**],
 the Attending Radiologist, was present and supervised the entire procedure.

 
"
56ceb3e1-ae47-feff-809c-cfc4675e63d8,EHR Completo,"The patient was treated with antibiotics, vasopressors, and mechanical ventilation, and his condition was closely monitored in the ICU. ",Supported,"The reference states the patient was transferred to the ICU, intubated (mechanical ventilation), started on vasopressors, and treated with antibiotics (meropenem, vancomycin, metronidazole), indicating close monitoring in the ICU.","Hospital Admission Start: 14 days 17 hours ago
Hospital Admission End: Now
Electronic Health Record Context
Ordered by Time (Earliest to Latest):
1. When: 14 days 13 hours ago, Note Category: Physician, Note Description: Intensivist Note | Text: He was transfered to
   the ICU, intubated, had a central line placed, started on
   vasopressors, and was given 3L IVF and meropenem/flagyl IV.
   
2. When: 14 days 13 hours ago, Note Category: Nursing, Note Description: Nursing Progress Note | Text: He was
   transferred to the ICU, intubated, had a central line placed, started
   on
   vasopressors, and was given 3L IVF and meropenem/flagyl IV.
3. When: 14 days 13 hours ago, Note Category: Nursing, Note Description: Nursing Progress Note | Text: He
   was admitted, hydrated, and started on PO vancomycin. 
4. When: 13 days 13 hours ago, Note Category: Physician, Note Description: Intensivist Note | Text: Last dose of Antibiotics:
   Vancomycin - [**2131-2-21**] 10:00 PM
   Meropenem - [**2131-2-23**] 12:00 AM
   Metronidazole - [**2131-2-23**] 02:00 AM
   Infusions:
   Vasopressin - 2.4 units/hour
   Norepinephrine - 0.
5. When: 12 days 13 hours ago, Note Category: Physician, Note Description: Intensivist Note | Text: Disposition: icu
   Total time spent: 31
6. When: 12 days 13 hours ago, Note Category: Nursing, Note Description: Nursing Progress Note | Text: Resident was at the bedside when episode
   occurred and lopressor 10 mg IVP given. 
7. When: 9 days 13 hours ago, Note Category: Physician, Note Description: Intensivist Note | Text: Antibiotics:
   Meropenem - [**2131-2-26**] 12:24 PM
   Metronidazole - [**2131-2-27**] 12:00 AM
   Infusions:
   Other ICU medications:
   Lorazepam (Ativan) - [**2131-2-26**] 05:30 PM
   Metoprolol - [**2131-2-26**] 10:45 PM
   Heparin Sodium (Prophylaxis) -
"
6440902e-c077-ee3c-c9e7-7d990607e4d6,EHR Completo,"He experienced several complications, including atrial fibrillation and supraventricular tachycardia, but was successfully converted to a normal sinus rhythm with treatment. ",Supported,"The reference documents episodes of supraventricular tachycardia and atrial fibrillation, and notes that treatment with amiodarone converted the patient back to sinus rhythm, supporting the text.","Hospital Admission Start: 14 days 17 hours ago
Hospital Admission End: Now
Electronic Health Record Context
Ordered by Time (Earliest to Latest):
1. When: 15 days 13 hours ago, Note Category: ECG, Note Description: Report | Text: Sinus rhythm with borderline sinus tachycardia and atrial premature beats.

2. When: 14 days 13 hours ago, Note Category: ECG, Note Description: Report | Text: Compared to the previous tracing of [**2131-2-21**] cardiac rhythm
is now supraventricular tachycardia.


3. When: 13 days 13 hours ago, Note Category: Nursing, Note Description: Nursing Progress Note | Text: * Pt experienced SVT with runs of Afib last night, whereupon he was
   immediately started on an Amiodarone gtt. 
4. When: 11 days 13 hours ago, Note Category: Physician, Note Description: Cardiology Comprehensive Physician Note | Text: Amiodarone iv was started
   which helped control the heart rate and eventually converted him to
   sinus.  
5. When: 11 days 13 hours ago, Note Category: Physician, Note Description: Cardiology Comprehensive Physician Note | Text: We were consulted to help with the management of this supraventricular
   tachycardia.
6. When: 11 days 13 hours ago, Note Category: Physician, Note Description: Cardiology Comprehensive Physician Note | Text: When amiodarone was stopped today he reverted to his SVT.
   
7. When: 10 days 13 hours ago, Note Category: Nursing, Note Description: Nursing Progress Note | Text: Todays events:
   Atrial fibrillation (Afib)
   Assessment:
   Sinus rhythm rate increased to 120 at 1700 after staff assisted
   standing transfer from chair to bed. 
8. When: 2 days 13 hours ago, Note Category: ECG, Note Description: Report | Text: Sinus rhythm.  
"
6d2953ec-9991-971b-a839-a7f35055e62a,EHR Completo,"These studies revealed findings consistent with small-bowel obstruction, left pleural effusion, and mildly thickened aortic and mitral valve leaflets. ",Supported,"The reference notes mild thickening of aortic and mitral valve leaflets, left pleural effusion, and imaging findings consistent with small-bowel obstruction, fully supporting the text.","Hospital Admission Start: 14 days 17 hours ago
Hospital Admission End: Now
Electronic Health Record Context
Ordered by Time (Earliest to Latest):
1. When: 15 days 13 hours ago, Note Category: Radiology, Note Description: CT ABDOMEN W/O CONTRAST | Text: CT ABDOMEN: Left effusion is minimal. 
2. When: 11 days 13 hours ago, Note Category: Radiology, Note Description: CHEST (PORTABLE AP) | Text: The extent of the left-sided pleural
 effusion, combined with the pre-existing left basal and retrocardiac opacity
 have slightly increased.  
3. When: 11 days 13 hours ago, Note Category: Physician, Note Description: Cardiology Comprehensive Physician Note | Text: The mitral valve leaflets are
   mildly thickened. 
4. When: 9 days 13 hours ago, Note Category: Echo, Note Description: Report | Text: MITRAL VALVE: Mildly thickened mitral valve leaflets. 
5. When: 9 days 13 hours ago, Note Category: Echo, Note Description: Report | Text: The mitral valve leaflets are mildly thickened.

6. When: 9 days 13 hours ago, Note Category: Echo, Note Description: Report | Text: AORTIC VALVE: Mildly thickened aortic valve leaflets (3). 
7. When: 9 days 13 hours ago, Note Category: Echo, Note Description: Report | Text: The aortic valve
leaflets (3) are mildly thickened but aortic stenosis is not present. 
8. When: 8 days 13 hours ago, Note Category: Radiology, Note Description: ABDOMEN (SUPINE & ERECT) | Text: Assess for evidence of small-bowel
 obstruction.

 
9. When: 8 days 13 hours ago, Note Category: Radiology, Note Description: ABDOMEN (SUPINE & ERECT) | Text: IMPRESSION:

 Dilated loops of small bowels with ""stepladder"" air-fluid levels, consistent
 with early small-bowel obstruction.  
10. When: 8 days 13 hours ago, Note Category: Radiology, Note Description: CHEST (PA & LAT) | Text: Some atelectatic changes and probable pleural fluid are seen at
 the left base.  
"
ee7cb69e-eb5e-5fe0-8feb-93096ada1190,EHR Completo,"The patient also had a PICC line placed for TPN administration, which was initially misplaced but later corrected. ",Supported,"The reference describes a failed initial PICC placement with the catheter curling into the axilla, followed by a successful fluoroscopically guided PICC line placement for TPN administration, supporting the text that the PICC line was initially misplaced but later corrected.","Hospital Admission Start: 14 days 17 hours ago
Hospital Admission End: Now
Electronic Health Record Context
Ordered by Time (Earliest to Latest):
1. When: 15 days 13 hours ago, Note Category: Radiology, Note Description: CHEST PORT. LINE PLACEMENT | Text: LINE PLACEMENT                                      Clip # [**Clip Number (Radiology) 96659**]
 Reason: check new left subcl tlc placement.
 
2. When: 7 days 13 hours ago, Note Category: Radiology, Note Description: CHEST PORT. LINE PLACEMENT | Text: PICC placement was discussed by Dr. 
3. When: 7 days 13 hours ago, Note Category: Radiology, Note Description: CHEST PORT. LINE PLACEMENT | Text: LINE PLACEMENT                                      Clip # [**Clip Number (Radiology) 96730**]
 Reason: r dl picc 45cm
 Admitting Diagnosis: ACUTE RENAL FAILURE
 ______________________________________________________________________________
 [**Hospital 4**] MEDICAL CONDITION:
  73 year old man with picc
 REASON FOR THIS
4. When: 7 days 13 hours ago, Note Category: Radiology, Note Description: CHEST PORT. LINE PLACEMENT | Text: LINE PLACEMENT                                      Clip # [**Clip Number (Radiology) 96730**]
 Reason: r dl picc 45cm
 Admitting Diagnosis: ACUTE RENAL FAILURE
 ______________________________________________________________________________
 [**Hospital 4**] MEDICAL CONDITION:
  73 year old man with picc
 REASON FOR THIS EXAMINATION:
  r dl picc 45cm
 ______________________________________________________________________________
                                  PFI REPORT
 Right PICC catheter coursing towards the lung and then curving around to and
 is directed again laterally terminating in the right axilla.
5. When: 7 days 13 hours ago, Note Category: Radiology, Note Description: CHEST PORT. LINE PLACEMENT | Text: ______________________________________________________________________________
                                 FINAL REPORT
 HISTORY:  73-year-old male with PICC catheter.

 
6. When: 6 days 13 hours ago, Note Category: Radiology, Note Description: PICC W/O PORT | Text: ______________________________________________________________________________
                                 FINAL REPORT
 PICC LINE PLACEMENT

 INDICATION: IV access needed for TPN.

 
7. When: 6 days 13 hours ago, Note Category: Radiology, Note Description: PICC W/O PORT | Text: Failed bedside PICC placement, curls into axilla.
8. When: 6 days 13 hours ago, Note Category: Radiology, Note Description: PICC W/O PORT | Text: IMPRESSION: Uncomplicated ultrasound and fluoroscopically guided 5-French
 double-lumen PICC line placement via the right basilic venous approach. 
9. When: 6 days 13 hours ago, Note Category: Radiology, Note Description: PICC W/O PORT | Text: A peel-away sheath was then placed over a
 guidewire and a double-lumen PICC line measuring 40 cm in length was then
 placed through the peel-away sheath with its tip positioned in the SVC under
 fluoroscopic guidance. 
10. When: 6 days 13 hours ago, Note Category: Radiology, Note Description: PICC W/O PORT | Text: REASON FOR THIS EXAMINATION:
  Please place PICC.
 
"
6f6a9ac3-fb6c-48d7-f5e8-5f06a4741863,EHR Completo,"The patient's condition continued to improve, and he was eventually discharged from the hospital.",Not Addressed,The reference context does not mention the patient's condition improving or discharge from the hospital.,"Hospital Admission Start: 14 days 17 hours ago
Hospital Admission End: Now
Electronic Health Record Context
Ordered by Time (Earliest to Latest):
1. When: 14 days 13 hours ago, Note Category: Physician, Note Description: Intensivist Note | Text: He was admitted, hydrated, and started on PO vanco. 
2. When: 14 days 13 hours ago, Note Category: Nursing, Note Description: Nursing Progress Note | Text: He
   was admitted, hydrated, and started on PO vanco. 
3. When: 14 days 13 hours ago, Note Category: Nursing, Note Description: Nursing Progress Note | Text: He
   was admitted, hydrated, and started on PO vancomycin. 
4. When: 14 days 13 hours ago, Note Category: Respiratory, Note Description: Respiratory Care Shift Note | Text: PEEP increased from 5 to 10, FiO2 from 50 to 70%, now weaned back to
   50% but maintained PEEP, ABGs went from combined acidosis to acute
   metabolic acidosis but pH has improved since this morning, patient went
   to OR this morning where he has Ileostomy done, will continues to be
   followed.
5. When: 12 days 13 hours ago, Note Category: Physician, Note Description: Intensivist Note | Text: Metabolic acidosis resolved.
   
6. When: 11 days 13 hours ago, Note Category: Physician, Note Description: Cardiology Comprehensive Physician Note | Text: He received a total colectomy with endileostomy on [**2-22**].
7. When: 9 days 13 hours ago, Note Category: Rehab Services, Note Description: Physical Therapy Evaluation Note | Text: has stayed on [**Location (un) 506**] with hospital bed previously.
   
8. When: 6 days 13 hours ago, Note Category: Radiology, Note Description: PICC W/O PORT | Text: The patient tolerated the procedure well. 
9. When: 6 days 13 hours ago, Note Category: Radiology, Note Description: PICC W/O PORT | Text: The procedure was explained to the patient. 
"
f3041856-0d94-18c4-63a6-5d4be3322939,EHR Completo,"The patient, a 73-year-old man, was admitted to the hospital with weakness, lower abdominal pain, and evidence of colitis due to C. difficile infection. ",Supported,"The reference confirms the patient is a 73-year-old man admitted with weakness, lower abdominal pain, and C. difficile colitis evidenced by positive stool tests and CT scan findings.","Hospital Admission Start: 14 days 17 hours ago
Hospital Admission End: Now
Electronic Health Record Context
Ordered by Time (Earliest to Latest):
1. When: 15 days 13 hours ago, Note Category: Radiology, Note Description: CT ABDOMEN W/O CONTRAST | Text: ______________________________________________________________________________
                                 FINAL REPORT
 INDICATION:  73-year-old man with C. diff colitis presenting with abdominal
 distention.
2. When: 14 days 13 hours ago, Note Category: Physician, Note Description: Intensivist Note | Text: Stool was positive for C Diff. 
3. When: 14 days 13 hours ago, Note Category: Nursing, Note Description: Nursing Progress Note | Text: TSICU
   HPI:
   73 male with  weakness and lower abdominal pain presented to outside
   hospital [**2-18**]. 
4. When: 14 days 13 hours ago, Note Category: Nursing, Note Description: Nursing Progress Note | Text: C Diff Colitis
   Assessment:
   Abdomen large firm, tender to palpation, bladder pressures 14-18, C
   diff positive at outside hospital, wbc 10, CVP 8-10, on levophed to
   maintain map >60, intubated at osh for respiratory distress. 
5. When: 14 days 13 hours ago, Note Category: Nursing, Note Description: Nursing Progress Note | Text: CT
   scan showed evidence of colitis and stool was positive for C Diff. 
6. When: 14 days 13 hours ago, Note Category: Nursing, Note Description: Nursing Progress Note | Text: 73 male with  weakness and lower abdominal pain presented to outside
   hospital [**2-18**]. 
7. When: 9 days 13 hours ago, Note Category: Rehab Services, Note Description: Physical Therapy Evaluation Note | Text: Attending Physician: [**Name10 (NameIs) 1924**]
   Referral date: [**2131-2-26**]
   Medical Diagnosis / ICD 9: sepsis / 038.9
   Reason of referral: Eval & treat
   History of Present Illness / Subjective Complaint: 73 yo M  admitted to
   OSH on [**2-18**] with weakness and lower abdominal pain, CT showing colitis
   with +c.diff,
8. When: 8 days 13 hours ago, Note Category: Radiology, Note Description: ABDOMEN (SUPINE & ERECT) | Text: ______________________________________________________________________________
                                 FINAL REPORT
 HISTORY:  73-year-old man with complicated C. diff colitis, now status post
 total colectomy and end ileostomy.  
"
c8d8da41-6cc9-2153-378b-a3b85e0cae87,EHR Completo,"He developed sepsis, acute respiratory failure, and acute renal failure, requiring transfer to the ICU, intubation, and vasopressor support. ",Supported,"The reference states the patient had sepsis, acute renal failure, respiratory distress (acute respiratory failure), was transferred to the ICU, intubated, and started on vasopressors, fully supporting the text.","Hospital Admission Start: 14 days 17 hours ago
Hospital Admission End: Now
Electronic Health Record Context
Ordered by Time (Earliest to Latest):
1. When: 14 days 13 hours ago, Note Category: Physician, Note Description: Intensivist Note | Text: He was transfered to
   the ICU, intubated, had a central line placed, started on
   vasopressors, and was given 3L IVF and meropenem/flagyl IV.
   
2. When: 14 days 13 hours ago, Note Category: Physician, Note Description: Intensivist Note | Text: Over a short periord this afternoon he quickly decompensated
   becoming hypotensive with respiratory distress.  
3. When: 14 days 13 hours ago, Note Category: Nursing, Note Description: Nursing Progress Note | Text: He was
   transferred to the ICU, intubated, had a central line placed, started
   on
   vasopressors, and was given 3L IVF and meropenem/flagyl IV.
4. When: 14 days 13 hours ago, Note Category: Nursing, Note Description: Nursing Progress Note | Text: He quickly
   decompensated becoming hypotensive with respiratory distress.  
5. When: 14 days 13 hours ago, Note Category: Radiology, Note Description: CHEST (PORTABLE AP) | Text: Admitting Diagnosis: ACUTE RENAL FAILURE
 ______________________________________________________________________________
 [**Hospital 4**] MEDICAL CONDITION:
  73 year old man with sepsis, acute desat, acidosis.
6. When: 14 days 13 hours ago, Note Category: Radiology, Note Description: CHEST (PORTABLE AP) | Text: Admitting Diagnosis: ACUTE RENAL FAILURE
 ______________________________________________________________________________
 [**Hospital 4**] MEDICAL CONDITION:
  73 year old man with sepsis, acute desat, acidosis.
 
"
b0708132-b608-102e-7fce-b1a5cc9c0be9,EHR Completo,"The patient underwent an exploratory laparotomy, total abdominal colectomy, and end ileostomy due to toxic megacolon. ",Supported,"The reference clearly states the patient had toxic megacolon and underwent exploratory laparotomy (ex lap), total abdominal colectomy, and end ileostomy.","Hospital Admission Start: 14 days 17 hours ago
Hospital Admission End: Now
Electronic Health Record Context
Ordered by Time (Earliest to Latest):
1. When: 13 days 13 hours ago, Note Category: Nursing, Note Description: Nursing Progress Note | Text: 73M with C.diff colitis, sepsis, resp failure, ARF, toxic megacolon,
   s/p ex lap, total abd colectomy, end ileostomy [**2-22**].
   
2. When: 13 days 13 hours ago, Note Category: Nursing, Note Description: Nursing Progress Note | Text: 73 y.o.m with C.diff colitis, sepsis, resp failure, ARF, toxic
   megacolon, s/p ex lap, total abd colectomy, end ileostomy [**2-22**].
   
3. When: 11 days 13 hours ago, Note Category: Physician, Note Description: Intensivist Note | Text: TSICU
   HPI:
   73M with C.diff colitis, sepsis, resp failure, ARF, ?toxic megacolon,
   s/p ex lap, total abd colectomy, end ileostomy [**2-22**].
4. When: 11 days 13 hours ago, Note Category: Nursing, Note Description: Nursing Progress Note | Text: 73M with C.diff colitis, sepsis, resp failure, ARF, ?toxic megacolon,
   s/p ex lap, total abd colectomy, end ileostomy [**2-22**].
   
5. When: 11 days 13 hours ago, Note Category: Physician, Note Description: Cardiology Comprehensive Physician Note | Text: He received a total colectomy with endileostomy on [**2-22**].
6. When: 10 days 13 hours ago, Note Category: Nursing, Note Description: Nursing Progress Note | Text: 73M with C.diff colitis/toxic metacolon, sepsis, resp failure, ARF, s/p
   ex lap, total abd colectomy, end ileostomy [**2-22**].
7. When: 9 days 13 hours ago, Note Category: Nursing, Note Description: Nursing Progress Note | Text: 73M with C.diff colitis/toxic metacolon, sepsis, resp failure, ARF, s/p
   ex lap, total abd colectomy, end ileostomy [**2-22**].
   
8. When: 9 days 13 hours ago, Note Category: Nursing, Note Description: Nursing Transfer Note | Text: 73 yom with C.diff colitis/toxic metacolon, sepsis, resp failure, ARF,
   s/p ex lap, total abd colectomy & end ileostomy [**2-22**].
   
"
d6166e55-acd2-794d-f6b5-8736fdc3d68c,EHR Completo,"He required close monitoring and management of his various organ dysfunctions, including acute respiratory distress syndrome, sepsis, and acute renal failure. ",Supported,"The reference documents acute renal failure, sepsis with organ dysfunction, and acute lung injury consistent with acute respiratory distress syndrome, indicating close monitoring and management of multiple organ dysfunctions.","Hospital Admission Start: 14 days 17 hours ago
Hospital Admission End: Now
Electronic Health Record Context
Ordered by Time (Earliest to Latest):
1. When: 14 days 13 hours ago, Note Category: Physician, Note Description: Intensivist Note | Text: He was transfered to
   the ICU, intubated, had a central line placed, started on
   vasopressors, and was given 3L IVF and meropenem/flagyl IV.
   
2. When: 14 days 13 hours ago, Note Category: Nursing, Note Description: Nursing Progress Note | Text: He quickly
   decompensated becoming hypotensive with respiratory distress.  
3. When: 14 days 13 hours ago, Note Category: Nursing, Note Description: Nursing Progress Note | Text: He was
   transferred to the ICU, intubated, had a central line placed, started
   on
   vasopressors, and was given 3L IVF and meropenem/flagyl IV.
4. When: 14 days 13 hours ago, Note Category: Radiology, Note Description: CHEST (PORTABLE AP) | Text: Admitting Diagnosis: ACUTE RENAL FAILURE
 ______________________________________________________________________________
 [**Hospital 4**] MEDICAL CONDITION:
  73 year old man with sepsis, acute desat, acidosis.
5. When: 14 days 13 hours ago, Note Category: Radiology, Note Description: CHEST (PORTABLE AP) | Text: Admitting Diagnosis: ACUTE RENAL FAILURE
 ______________________________________________________________________________
 [**Hospital 4**] MEDICAL CONDITION:
  73 year old man with sepsis, acute desat, acidosis.
 
6. When: 10 days 13 hours ago, Note Category: Physician, Note Description: Intensivist Note | Text: ACUTE LUNG INJURY, [**Doctor Last Name **]), SUPRAVENTRICULAR TACHYCARDIA (SVT), IMPAIRED
   SKIN INTEGRITY, SEPSIS, SEVERE (WITH ORGAN DYSFUNCTION), RENAL FAILURE,
   ACUTE (ACUTE RENAL FAILURE, ARF), [**Last Name 121**] PROBLEM - ENTER DESCRIPTION IN
   COMMENTS
   CDiff Colitis
   Assessment and Plan: 73M with C.diff colitis/toxic metacolon, sepsis,
"
40d22801-e082-ec79-4f1c-15a01deea985,EHR Completo,"The patient's respiratory status improved, and he was weaned off peep according to esophageal balloon pressures. ",Not Supported,"The reference notes PEEP was increased and then there was a plan to wean PEEP according to esophageal balloon pressures, but there is no documentation that the patient was actually weaned off PEEP or that respiratory status improved.","Hospital Admission Start: 14 days 17 hours ago
Hospital Admission End: Now
Electronic Health Record Context
Ordered by Time (Earliest to Latest):
1. When: 14 days 13 hours ago, Note Category: Respiratory, Note Description: Respiratory Care Shift Note | Text: PEEP increased from 5 to 10, FiO2 from 50 to 70%, now weaned back to
   50% but maintained PEEP, ABGs went from combined acidosis to acute
   metabolic acidosis but pH has improved since this morning, patient went
   to OR this morning where he has Ileostomy done, will continues to be
   followed.
2. When: 13 days 13 hours ago, Note Category: Physician, Note Description: Intensivist Note | Text: Esophageal balloon for closer monitoring.
   
3. When: 13 days 13 hours ago, Note Category: Nursing, Note Description: Nursing Progress Note | Text: Action:
   ARDS NET protocol, esophageal balloon placed to optimize vent settings,
   peep increased to 15, no other vent settings changes made today. 
4. When: 12 days 13 hours ago, Note Category: Physician, Note Description: Intensivist Note | Text: Esophageal balloon placed and PEEP increased to 15.
   
5. When: 12 days 13 hours ago, Note Category: Physician, Note Description: Intensivist Note | Text: Qvar *NF* 80 mcg/Actuation Inhalation [**Hospital1 **], Insulin SC Vasopressin 2.4
   24 Hour Events:
 ESOPHOGEAL BALLOON - At [**2131-2-23**] 09:56 AM
   placed per ARDS net protocol- to optimize peep
 TRANSTHORACIC ECHO - At [**2131-2-23**] 03:18 PM
   bedside echo performed by fellow Dr.
6. When: 12 days 13 hours ago, Note Category: Physician, Note Description: Intensivist Note | Text: Esophageal balloon placed and PEEP increased to 15.
   decr PEEP to 10.
   
7. When: 12 days 13 hours ago, Note Category: Nursing, Note Description: Nursing Progress Note | Text: wean peep tomorrow
   according to esophageal balloon pressures. 
8. When: 11 days 13 hours ago, Note Category: Physician, Note Description: Intensivist Note | Text: Esophageal balloon placed and PEEP increased to
   15.  
"
cec4b973-165c-6d31-605d-ec76369b6e01,EHR Completo,His renal function also improved with hydration and electrolyte repletion. ,Supported,"The reference notes indicate the patient was hydrated, renal function was monitored, and creatinine and renal function improved, supporting the statement that renal function improved with hydration and electrolyte repletion.","Hospital Admission Start: 14 days 17 hours ago
Hospital Admission End: Now
Electronic Health Record Context
Ordered by Time (Earliest to Latest):
1. When: 14 days 13 hours ago, Note Category: Physician, Note Description: Intensivist Note | Text: He was admitted, hydrated, and started on PO vanco. 
2. When: 14 days 13 hours ago, Note Category: Physician, Note Description: Intensivist Note | Text: Nutrition: NPO
   Renal: Marginal Urine output, resolving ARF prerenal progressing to ATN
   improving urine output
   Hematology: stable anemia secondary to dilution
   Endocrine: RISS
   Infectious Disease: meropenem, vancomycin, flagyl cultures pending.
   
3. When: 14 days 13 hours ago, Note Category: Nursing, Note Description: Nursing Progress Note | Text: Plan:
   Follow renal function, fluid balance.
   
4. When: 14 days 13 hours ago, Note Category: Nursing, Note Description: Nursing Progress Note | Text: He
   was admitted, hydrated, and started on PO vanco. 
5. When: 13 days 13 hours ago, Note Category: Nursing, Note Description: Nursing Progress Note | Text: Metabolic acidosis
   has improved slightly. 
6. When: 12 days 13 hours ago, Note Category: Nursing, Note Description: Nursing Progress Note | Text: Response:
   Creatinine improving.
   
7. When: 12 days 13 hours ago, Note Category: Nursing, Note Description: Nursing Progress Note | Text: Plan:
   Cont hydration and monitor fluid status & renal function.
   
8. When: 10 days 13 hours ago, Note Category: Physician, Note Description: Intensivist Note | Text: Continue diuresis.
   
9. When: 10 days 13 hours ago, Note Category: Nutrition, Note Description: Clinical Nutrition Note | Text: Renal function is improved.
   
"
dabd045e-4883-f56d-c62d-d1f61d998a77,EHR Completo,"The patient's ileostomy was surgically revised at the bedside, with improved output and appearance.

",Not Addressed,The reference mentions the ileostomy creation and its condition over several days but does not mention any surgical revision at the bedside or improvement in output and appearance.,"Hospital Admission Start: 14 days 17 hours ago
Hospital Admission End: Now
Electronic Health Record Context
Ordered by Time (Earliest to Latest):
1. When: 14 days 13 hours ago, Note Category: Respiratory, Note Description: Respiratory Care Shift Note | Text: PEEP increased from 5 to 10, FiO2 from 50 to 70%, now weaned back to
   50% but maintained PEEP, ABGs went from combined acidosis to acute
   metabolic acidosis but pH has improved since this morning, patient went
   to OR this morning where he has Ileostomy done, will continues to be
   followed.
2. When: 13 days 13 hours ago, Note Category: Physician, Note Description: Intensivist Note | Text: total abd colectomy, end ileostomy
   [**2-22**].
   
3. When: 13 days 13 hours ago, Note Category: Nursing, Note Description: Nursing Progress Note | Text: Ileostomy red with
   minimal bloody drainage. 
4. When: 13 days 13 hours ago, Note Category: Nursing, Note Description: Nursing Progress Note | Text: [**Last Name (STitle) 1924**] will mature (open) ileostomy at bedside.
5. When: 12 days 13 hours ago, Note Category: Physician, Note Description: Intensivist Note | Text: Ileostomy site to be matured. 
6. When: 12 days 13 hours ago, Note Category: Nursing, Note Description: Nursing Progress Note | Text: [**Last Name (STitle) 1924**] will
   mature (open) ileostomy at bedside today. 
7. When: 12 days 13 hours ago, Note Category: Nursing, Note Description: Nursing Progress Note | Text: Immature
   ileostomy red, sanguinous drainage.
8. When: 11 days 13 hours ago, Note Category: Nursing, Note Description: Nursing Progress Note | Text: Ileostomy draining green liquid stool,
   OGT w/ bilious output.  
9. When: 9 days 13 hours ago, Note Category: Nursing, Note Description: Nursing Transfer Note | Text: Ileostomy red & patent, draining small to moderate amts of green
   liquid stool.
   
10. When: 8 days 13 hours ago, Note Category: Radiology, Note Description: ABDOMEN (SUPINE & ERECT) | Text: An ileostomy is seen in the right lower quadrant.
 
"
8fa271c1-d792-8460-5bd0-772e53ef860f,EHR Completo,"The patient was extubated and transitioned to nasal cannula oxygen, and his pain was managed with Dilaudid PCA. ",Not Supported,"The reference indicates the patient was extubated to a 50% face tent, not nasal cannula oxygen, and Dilaudid PCA was later discontinued and changed to oral Percocet; thus, the text is not fully supported.","Hospital Admission Start: 14 days 17 hours ago
Hospital Admission End: Now
Electronic Health Record Context
Ordered by Time (Earliest to Latest):
1. When: 11 days 13 hours ago, Note Category: Physician, Note Description: Intensivist Note | Text: Start dilaudid, wean
   fentanyl.
   
2. When: 11 days 13 hours ago, Note Category: Nursing, Note Description: Nursing Progress Note | Text: Action:
   Extubated to 50% Face tent. 
3. When: 10 days 13 hours ago, Note Category: Radiology, Note Description: CHEST (PORTABLE AP) | Text: ______________________________________________________________________________
                                 FINAL REPORT
 INDICATION:  73-year-old man with extubation.

 
4. When: 10 days 13 hours ago, Note Category: Physician, Note Description: Intensivist Note | Text: Neurologic: Pain controlled, Dilaudid PCA.
5. When: 10 days 13 hours ago, Note Category: Physician, Note Description: Intensivist Note | Text: Neurologic: Pain controlled, Dilaudid PCA.
   
6. When: 10 days 13 hours ago, Note Category: Physician, Note Description: Intensivist Note | Text: d/c'd amio gtt
   Lasix gtt, neg ~2.8L
   overdiuresed -> hypotensive -> bolused 500 cc LR
   Dilaudid PCA
   Post operative day:
   POD#4 - s/p colectomy and ileostomy
   Allergies:
   Zosyn (Intraven.) 
7. When: 9 days 13 hours ago, Note Category: Physician, Note Description: Intensivist Note | Text: Neurologic: Pain controlled, Continue Diluadid PCA
   Cardiovascular: Aspirin, Beta-blocker, Statins, Patient currently in
   sinus Rhythm.
8. When: 9 days 13 hours ago, Note Category: Physician, Note Description: Intensivist Note | Text: Neurologic: Pain well controlled, Change Diluadid PCA to percocet PO.
9. When: 9 days 13 hours ago, Note Category: Nursing, Note Description: Nursing Transfer Note | Text: Action:
   Dilaudid PCA discontinued & pt started on PO percocet prn with adequate
   relief of abd discomfort secondary to incision. 
"
09de3dba-0c11-dd06-509a-2b7edcc0778c,So Admissao,"The patient's heart failure improved, and he was transferred to the floor for continued management.",Supported,"The reference notes indicate that the patient's heart failure was improving and that there was a plan for transfer to the floor, directly supporting the text.","Hospital Admission Start: 3 days 1 hours ago
Hospital Admission End: Now
Electronic Health Record Context
Ordered by Time (Earliest to Latest):
1. When: 3 days 12 hours ago, Note Category: Physician, Note Description: Physician Resident Admission Note | Text: PUMP: Patient with known hypertensive cardiomyopathy followed by Dr.
   
2. When: 3 days 12 hours ago, Note Category: Physician, Note Description: Physician Resident Admission Note | Text: [**First Name (STitle) **] in heart failure service. 
3. When: 3 days 12 hours ago, Note Category: Physician, Note Description: Physician Resident Admission Note | Text: Also had bedside
   ECHO in ED. 
4. When: 2 days 12 hours ago, Note Category: Physician, Note Description: Physician Resident Admission Note | Text: On arrival to CCU, patient sedated, but able to respond to questions
   appropriately, denied chest pain. 
5. When: 2 days 12 hours ago, Note Category: Physician, Note Description: Physician Resident Admission Note | Text: Also had bedside ECHO in ED. 
6. When: 2 days 12 hours ago, Note Category: Physician, Note Description: Physician Resident Admission Note | Text: Cards consult
   called, plan for admit to CCU for likely decompensated heart failure.
   
7. When: 2 days 12 hours ago, Note Category: Physician, Note Description: Physician Resident Progress Note | Text: particularly with less dyspnea at rest.
   
8. When: 2 days 12 hours ago, Note Category: Physician, Note Description: Cardiology Teaching Physician Note | Text: Transfer to floor.

9. When: 2 days 12 hours ago, Note Category: Physician, Note Description: Cardiology Teaching Physician Note | Text: I would add the following remarks:
   Medical Decision Making
   Heart failure improving.  
"
70ce4073-6067-eaa6-42d2-1b37067d78e1,So Admissao,"He was educated on fluid and sodium restriction, and a diet consultation was recommended to manage his condition.",Supported,The reference notes multiple instances of education on fluid and sodium restriction and mentions a diet consultation being recommended.,"Hospital Admission Start: 3 days 1 hours ago
Hospital Admission End: Now
Electronic Health Record Context
Ordered by Time (Earliest to Latest):
1. When: 3 days 12 hours ago, Note Category: Physician, Note Description: Physician Resident Admission Note | Text: [**First Name (STitle) **] that patient is in house
   - fluid restriction, strict I/Os, daily weights
   .
   
2. When: 3 days 12 hours ago, Note Category: General, Note Description: Generic Note | Text: Per wife, patient has been eating corn beef and has been noncompliant
   with fluid restriction.  
3. When: 2 days 12 hours ago, Note Category: Physician, Note Description: Physician Resident Admission Note | Text: Had history of recent diet and fluid restriction noncompliance as
   inciting factor for decompensated heart failure
   - diuresis as above with goal 1-2L out overnight
   - continue nitro gtt for now, wean down as tolerated
   - continue digoxin, check dig level in AM
   - continue lisinopril
   - fluid restriction, strict I/Os, daily weights
   - has appointment with Dr. 
4. When: 2 days 12 hours ago, Note Category: Nursing, Note Description: Nursing Progress Note | Text: Action:
   Explained reasoning for fluid restriction and sodium restriction.
   
5. When: 2 days 12 hours ago, Note Category: Nursing, Note Description: Nursing Progress Note | Text: [**Month (only) 60**] benefit
   from diet consult.  
6. When: 2 days 12 hours ago, Note Category: Nursing, Note Description: Nursing Progress Note | Text: Response:
   Cont to request water after explanation
   Plan:
   Needs reinforcement of fluid restriction/lasix therapy.  
7. When: 2 days 12 hours ago, Note Category: Physician, Note Description: Physician Resident Progress Note | Text: [**First Name (STitle) **]
   -          Fluid restriction; low-salt diet
   #.
8. When: 2 days 12 hours ago, Note Category: Physician, Note Description: Physician Resident Progress Note | Text: FEN: Low-salt diet; fluid restriction
   ACCESS: 2 PIV's
   PROPHYLAXIS:
   -DVT ppx: INR supratherapeutic
   -Pain management with
   -Bowel regimen with colace,
9. When: 2 days 12 hours ago, Note Category: Nursing, Note Description: Nursing Transfer Note | Text: Response:
   Cont to request water after explanation
   Plan:
   Needs reinforcement of fluid restriction/lasix therapy.   
"
4b4e8250-626b-1027-65d2-297bd69856b1,So Admissao,"The patient was admitted with symptoms of decompensated heart failure, including shortness of breath, nausea, vomiting, and fatigue. ",Supported,"The reference clearly states the patient was admitted with decompensated heart failure and symptoms including shortness of breath, nausea, vomiting, and fatigue.","Hospital Admission Start: 3 days 1 hours ago
Hospital Admission End: Now
Electronic Health Record Context
Ordered by Time (Earliest to Latest):
1. When: 3 days 12 hours ago, Note Category: Physician, Note Description: Physician Resident Admission Note | Text: Cards consult called, plan for admit to CCU for
   likely decompensated heart failure. 
2. When: 3 days 12 hours ago, Note Category: Physician, Note Description: Physician Resident Admission Note | Text: Chief Complaint:
   Dyspnea/Respiratory distress
   HPI:
   63M with CAD s/p CABG, severe cardiomyopathy (EF 20%), s/p BiV/ICD,
   DM2, HTN, OSA, recently started on coumadin for L apical thrombus
   during recent hospitalization at [**Location (un) 1415**] ([**Date range (1) 9109**]/09), sent in from
   vascular clinic to ED with increased SOB, N/V, and fatigue,
3. When: 3 days 12 hours ago, Note Category: Physician, Note Description: Physician Resident Admission Note | Text: Exam,
   CXR, elevated BNP of >1000, and recent history of diet noncompliance
   points to decompensated heart failure as most likely etiology. 
4. When: 2 days 12 hours ago, Note Category: Physician, Note Description: Physician Resident Admission Note | Text: Patient had recent admission to [**Hospital1 **] [**Location (un) 1415**] [**Date range (1) 9109**]/09 for fatigue, body
   aches, and dyspnea. 
5. When: 2 days 12 hours ago, Note Category: Physician, Note Description: Physician Resident Admission Note | Text: Cards consult
   called, plan for admit to CCU for likely decompensated heart failure.
   
6. When: 2 days 12 hours ago, Note Category: Physician, Note Description: Physician Resident Admission Note | Text: Assessment and Plan
   63M with CAD s/p CABG, severe cardiomyopathy (EF 15-20%), s/p BiV/ICD,
   DM2, HTN, OSA recently started on coumadin for L apical thrombus,
   presenting with respiratory distress likely from decompensated heart
   failure leading to intubation in ED.
   
7. When: 2 days 12 hours ago, Note Category: Physician, Note Description: Physician Resident Progress Note | Text: Chief Complaint: Decompensated heart failure
   24 Hour Events:
   Extubated
   Weaned off of nitro gtt
   Lasix 100mg IV x2
   Allergies:
   Hydrochlorothiazide
   Unknown;
   Demerol (Oral) (Meperidine Hcl)
   violent reactio
   Ambien (Oral) (Zolpidem Tartrate)
   violente reacti
   Strawberry
   Hives;
   Wheat Bran
   gout;
   Hydrochlorothiazide
   Unknown;
8. When: 2 days 12 hours ago, Note Category: Physician, Note Description: Physician Resident Progress Note | Text: Decompensated heart failure:  Known systolic dysfunction, with
   decompensation likely related to dietary indiscretion. 
"
9a502f59-2a91-0d5a-e344-996a62799d34,So Admissao,He was intubated in the emergency department due to low oxygen saturation and transferred to the cardiac care unit (CCU) for further management. ,Supported,"The reference states the patient was intubated in the emergency department due to respiratory failure with tachypnea and hypoxia, and was later noted on arrival to the CCU, supporting the text that he was intubated in the ED and transferred to the CCU for further management.","Hospital Admission Start: 3 days 1 hours ago
Hospital Admission End: Now
Electronic Health Record Context
Ordered by Time (Earliest to Latest):
1. When: 3 days 12 hours ago, Note Category: Physician, Note Description: Physician Resident Admission Note | Text: Respiratory failure: Intubated in ED for tachypnea, hypoxia. 
2. When: 3 days 12 hours ago, Note Category: Physician, Note Description: Physician Resident Admission Note | Text: Also had bedside
   ECHO in ED. 
3. When: 3 days 12 hours ago, Note Category: Physician, Note Description: Physician Resident Admission Note | Text: Diaphoretic, found to be in respiratory
   distress, worried about persistent tachypnea -> intubated with
   etomidate/succ/midazolam. 
4. When: 3 days 12 hours ago, Note Category: Physician, Note Description: Physician Resident Admission Note | Text: Assessment and Plan
   63M with CAD s/p CABG, severe cardiomyopathy (EF 15-20%), s/p BiV/ICD,
   DM2, HTN, OSA recently started on coumadin for L apical thrombus,
   presenting with respiratory distress likely from decompensated heart
   failure leading to intubation in ED.
   
5. When: 3 days 12 hours ago, Note Category: General, Note Description: Generic Note | Text: Patient intubated in ED.
   
6. When: 2 days 12 hours ago, Note Category: Physician, Note Description: Physician Resident Admission Note | Text: On arrival to CCU, patient sedated, but able to respond to questions
   appropriately, denied chest pain. 
7. When: 2 days 12 hours ago, Note Category: Physician, Note Description: Physician Resident Admission Note | Text: Respiratory failure: Intubated in ED for tachypnea, hypoxia.
8. When: 2 days 12 hours ago, Note Category: Physician, Note Description: Physician Resident Admission Note | Text: Also had bedside ECHO in ED. 
"
4b774746-da01-966c-301c-709f13b5e6e8,So Admissao,"After administration of IV lasix, the patient experienced brisk diuresis and was successfully extubated. ",Supported,"The reference notes indicate that after administration of IV lasix, the patient had brisk diuresis and was successfully extubated, directly supporting the text.","Hospital Admission Start: 3 days 1 hours ago
Hospital Admission End: Now
Electronic Health Record Context
Ordered by Time (Earliest to Latest):
1. When: 3 days 12 hours ago, Note Category: Physician, Note Description: Physician Resident Admission Note | Text: - Diuresis with IV lasix - given 100mg IV lasix bolus with goal I/O of
   1-2L out
   - Wean down ventilatory support, with goal to extubate
   - Follow white count, fever curve - can draw cultures, get sputum,
   repeat CXR if patient still with infiltrate, hypoxia s/p diuresis
   .
   
2. When: 3 days 12 hours ago, Note Category: General, Note Description: Generic Note | Text: -Diuresis with IV lasix
   -Extubation
   -continue home medications otherwise- asa, bblocker, ace inhibitor,
   statin
   -check dig level
3. When: 3 days 12 hours ago, Note Category: Nursing, Note Description: Nursing Progress Note | Text: Action:
   Given lasix 100mg IV. 
4. When: 3 days 12 hours ago, Note Category: Nursing, Note Description: Nursing Progress Note | Text: Trial of CPAP/PS
   Response:
   Brisk diuresis from lasix. 
5. When: 3 days 12 hours ago, Note Category: Nursing, Note Description: Nursing Progress Note | Text: Lasix held in ED
   d/t BP. 
6. When: 2 days 12 hours ago, Note Category: Physician, Note Description: Physician Resident Admission Note | Text: - Diuresis with IV lasix - given 100mg IV lasix bolus with goal I/O of
   1-2L out
   - Wean down ventilatory support, with goal to extubate tonight
   - Follow white count, fever curve - can draw cultures, get sputum,
   repeat CXR if patient still with infiltrate, hypoxia s/p diuresis
   .
   
7. When: 2 days 12 hours ago, Note Category: Physician, Note Description: Cardiology Teaching Physician Note | Text: Now extubated.  
8. When: 2 days 12 hours ago, Note Category: Nursing, Note Description: Nursing Transfer Note | Text: Easily extubated after diuresis in CCU.
   
9. When: 2 days 12 hours ago, Note Category: Nursing, Note Description: Nursing Transfer Note | Text: Action:
   Foley d/c.Given 100mg iv lasix at 1100,
   Response:
   Voided 200cc, ~800cc negative since mn, 2 liters neg since admit
   Plan:
   Cont to monitor o2 sats/lung assessment.  
"
965a1c36-dfa1-8d46-c841-a1a6311a5ca5,So Admissao,He was diagnosed with acute on chronic systolic heart failure and treated with lasix and potassium supplements. ,Supported,"The reference documents a diagnosis of decompensated heart failure with worsening EF and treatment including lasix (furosemide) and potassium supplements (KCl 20meq) for low potassium, supporting the text's statement.","Hospital Admission Start: 3 days 1 hours ago
Hospital Admission End: Now
Electronic Health Record Context
Ordered by Time (Earliest to Latest):
1. When: 3 days 12 hours ago, Note Category: Physician, Note Description: Physician Resident Admission Note | Text: PUMP: Patient with known hypertensive cardiomyopathy followed by Dr.
   
2. When: 3 days 12 hours ago, Note Category: Physician, Note Description: Physician Resident Admission Note | Text: Found to have worsening EF by ECHO, and apical
   thrombus for which he was started on coumadin. 
3. When: 3 days 12 hours ago, Note Category: Physician, Note Description: Physician Resident Admission Note | Text: Had history of recent
   diet and fluid restriction noncompliance as inciting factor for
   decompensated heart failure
   - diuresis as above with goal 1-2L out overnight
   - continue nitro gtt for now, wean down as tolerated
   - continue digoxin, check dig level in AM
   - continue lisinopril
   - FYI Dr. 
4. When: 3 days 12 hours ago, Note Category: Nursing, Note Description: Nursing Progress Note | Text: Lasix held in ED
   d/t BP. 
5. When: 3 days 12 hours ago, Note Category: Nursing, Note Description: Nursing Progress Note | Text: Action:
   Given lasix 100mg IV. 
6. When: 2 days 12 hours ago, Note Category: Physician, Note Description: Physician Resident Admission Note | Text: Had history of recent diet and fluid restriction noncompliance as
   inciting factor for decompensated heart failure
   - diuresis as above with goal 1-2L out overnight
   - continue nitro gtt for now, wean down as tolerated
   - continue digoxin, check dig level in AM
   - continue lisinopril
   - fluid restriction, strict I/Os, daily weights
   - has appointment with Dr. 
7. When: 2 days 12 hours ago, Note Category: Nursing, Note Description: Nursing Progress Note | Text: Action:
   Rec
d 20meq kcl for low K+, also rec
d lasix 100mg iv, held captopril
   at 12am for bp 94/
   Response:
   Good diuresis to lasix (approx 1 liter), is currently approx 2liters
   neg LOS
   Plan:
   Cont to monitor o2 sats/lung assessment.
8. When: 2 days 12 hours ago, Note Category: Physician, Note Description: Physician Resident Progress Note | Text: Chief Complaint: Decompensated heart failure
   24 Hour Events:
   Extubated
   Weaned off of nitro gtt
   Lasix 100mg IV x2
   Allergies:
   Hydrochlorothiazide
   Unknown;
   Demerol (Oral) (Meperidine Hcl)
   violent reactio
   Ambien (Oral) (Zolpidem Tartrate)
   violente reacti
   Strawberry
   Hives;
   Wheat Bran
   gout;
   Hydrochlorothiazide
   Unknown;
9. When: 2 days 12 hours ago, Note Category: Physician, Note Description: Physician Resident Progress Note | Text: SALT >
   Aldactone (Oral) (Spironolactone)
   chest pain;
   Inspra (Oral) (Eplerenone)
   Arthralgia/Arth
   Last dose of Antibiotics:
   Infusions:
   Other ICU medications:
   Furosemide (Lasix) - [**2127-5-20**] 10:07 PM
   Other medications:
   Changes to medical and family history:
   None
   Review of systems is unchanged from admission except as noted below
   Review of systems:
   Reports feeling much better,
"
06e567a0-81ab-867d-3ef3-6b7c2bd3e16e,So Admissao,The patient showed improvement but still had signs of fluid overload.,Supported,"The reference notes that the patient diuresed well overnight and does not have marked signs of fluid overload, indicating improvement, but earlier notes document fluid overload signs, supporting that some signs of fluid overload still existed.","Hospital Admission Start: 3 days 1 hours ago
Hospital Admission End: Now
Electronic Health Record Context
Ordered by Time (Earliest to Latest):
1. When: 3 days 12 hours ago, Note Category: Physician, Note Description: Physician Resident Admission Note | Text: Abdominal girth
   increased over last 2 days, could be related to fluid overload.
2. When: 3 days 12 hours ago, Note Category: Physician, Note Description: Physician Resident Admission Note | Text: CXR
   consistent with fluid overload. 
3. When: 3 days 12 hours ago, Note Category: Physician, Note Description: Physician Resident Admission Note | Text: Patient looks volume overloaded on exam, with JVD,
   effusions in CXR, LE edema, and possible ascites. 
4. When: 2 days 12 hours ago, Note Category: Physician, Note Description: Physician Resident Admission Note | Text: Abdominal girth
   increased over last 2 days, could be related to fluid overload. 
5. When: 2 days 12 hours ago, Note Category: Physician, Note Description: Physician Resident Admission Note | Text: Patient looks volume overloaded
   on exam, with JVD, effusions in CXR, LE edema, and possible ascites.
   
6. When: 2 days 12 hours ago, Note Category: Nursing, Note Description: Nursing Progress Note | Text: Response:
   Cont to request water after explanation
   Plan:
   Needs reinforcement of fluid restriction/lasix therapy.  
7. When: 2 days 12 hours ago, Note Category: Physician, Note Description: Physician Resident Progress Note | Text: Diuresed well
   overnight and does not have marked signs of fluid overload on exam.
8. When: 2 days 12 hours ago, Note Category: Physician, Note Description: Cardiology Teaching Physician Note | Text: Continue diuresis.  
9. When: 2 days 12 hours ago, Note Category: Nursing, Note Description: Nursing Transfer Note | Text: Response:
   Cont to request water after explanation
   Plan:
   Needs reinforcement of fluid restriction/lasix therapy.   
"
13ffe41b-4acc-4878-c0e1-a1fb326b1925,So Admissao,Post-procedure chest X-ray showed the new pacemaker lead in the correct position in the right ventricle. ,Supported,"The reference includes a chest X-ray report stating that a new pacemaker lead is in appropriate position in the right ventricle, which supports the text.","Hospital Admission Start: 1 days 20 hours ago
Hospital Admission End: Now
Electronic Health Record Context
Ordered by Time (Earliest to Latest):
1. When: 2 days 15 hours ago, Note Category: Radiology, Note Description: CHEST (PORTABLE AP) | Text: FINDINGS:  As compared to the previous examination, there is an unchanged
 position and course of the pre-existing pacemaker wires.  
2. When: 2 days 15 hours ago, Note Category: Radiology, Note Description: CHEST (PORTABLE AP) | Text: ______________________________________________________________________________
                                 FINAL REPORT
 CHEST RADIOGRAPH

 INDICATION:  Pacemaker malfunction, evaluation for lead fracture.

 
3. When: 2 days 15 hours ago, Note Category: Radiology, Note Description: CHEST (PORTABLE AP) | Text: Unchanged position of the left pectoral pacemaker generator.

 
4. When: 1 days 15 hours ago, Note Category: Physician, Note Description: Physician Resident Progress Note | Text: possible extraction and installation
   of new right sided pacemaker.
   
5. When: 0 days 15 hours ago, Note Category: Radiology, Note Description: CHEST (PA & LAT) | Text: A new pacemaker lead is in appropriate position in the
 right ventricle.
6. When: 0 days 15 hours ago, Note Category: Radiology, Note Description: CHEST (PA & LAT) | Text: IMPRESSION:

 Appropriate position of right-sided pacemaker and lead.


7. When: 0 days 15 hours ago, Note Category: Radiology, Note Description: CHEST (PA & LAT) | Text: PA AND LATERAL CHEST RADIOGRAPH:

 There has been interval replacement of a pacemaker generator overlying the
 right pectoralis.  
8. When: 0 days 15 hours ago, Note Category: Radiology, Note Description: CHEST (PA & LAT) | Text: [**2112-3-2**] 11:47 AM
 CHEST (PA & LAT)                                                Clip # [**Clip Number (Radiology) 30221**]
 Reason: Lead position
 Admitting Diagnosis: COMPLETE HEART BLOCK;MALFUNCTIONING PACEMAKER
 ______________________________________________________________________________
 [**Hospital 2**] MEDICAL CONDITION:
  56 year old man with new right sided pacemaker (single lead),
9. When: 0 days 15 hours ago, Note Category: Radiology, Note Description: CHEST (PA & LAT) | Text: explanted left
  sided pacemaker and capped left sided lead
 REASON FOR THIS EXAMINATION:
  Lead position
 ______________________________________________________________________________
                                 FINAL REPORT
 INDICATION:  56-year-old man with new right-sided pacemaker, evaluate for lead
 position.

 
"
f6a39be5-6974-6a98-6955-cb4dcce9be37,So Admissao,"The patient was stabilized and monitored on telemetry throughout his hospital stay, with no significant complications or changes in his cardiac rhythm.",Not Supported,"The reference notes monitoring on telemetry with frequent pauses greater than 5 seconds and pacemaker dysfunction, indicating significant cardiac rhythm issues, which contradicts the text stating no significant complications or changes in cardiac rhythm.","Hospital Admission Start: 1 days 20 hours ago
Hospital Admission End: Now
Electronic Health Record Context
Ordered by Time (Earliest to Latest):
1. When: 2 days 15 hours ago, Note Category: Nursing, Note Description: Nursing Progress Note | Text: Patient settled into bed & EP MD in room to
   interrogate patients pacemaker.

2. When: 2 days 15 hours ago, Note Category: Nursing, Note Description: Nursing Progress Note | Text: Brief RN Admit Note:
   Patient arrived pain-free and hemodynamically stable from [**Hospital 781**]
   Hospital. 
3. When: 2 days 15 hours ago, Note Category: Physician, Note Description: CCU Fellow addendum | Text: Briefly, the patient is a 56 year old man with PMH
   AF s/p AVJ ablation with PPM placement, c/b prior lead displacement,
   who was transferred from [**Hospital 781**] Hospital following episodes of 5
   second pauses on telemetry.  
4. When: 2 days 15 hours ago, Note Category: Physician, Note Description: CCU Fellow addendum | Text: He was transferred to [**Hospital1 54**], where
   his PPM was interrogated with normal ventricular lead impedance at 550
   ohms, with intermittent failure to capture and intermittent oversensing
   leading to inhibition of pacing.  
5. When: 2 days 15 hours ago, Note Category: Physician, Note Description: Physician Resident Admission Note | Text: He was transferred
   to [**Hospital1 54**] for management of his pacemaker dysfunction.
   
6. When: 1 days 15 hours ago, Note Category: Nursing, Note Description: Nursing Progress Note | Text: He was monitored on telemetry and was noted to have
   frequent pauses of greater then 5 seconds.  
7. When: 1 days 15 hours ago, Note Category: Nursing, Note Description: Nursing Transfer Note | Text: He was transferred
   to [**Hospital1 54**] for management of his pacemaker dysfunction.
"
1e719e37-46ea-c0f4-6d92-0ec24a414cd2,So Admissao,The patient was admitted to the hospital after experiencing 5-second pauses due to pacemaker malfunction. ,Supported,"The reference states the patient was transferred following episodes of 5-second pauses on telemetry due to pacemaker malfunction, supporting the text that the patient was admitted after experiencing 5-second pauses caused by pacemaker malfunction.","Hospital Admission Start: 1 days 20 hours ago
Hospital Admission End: Now
Electronic Health Record Context
Ordered by Time (Earliest to Latest):
1. When: 2 days 15 hours ago, Note Category: Radiology, Note Description: CHEST (PORTABLE AP) | Text: Admitting Diagnosis: COMPLETE HEART BLOCK;MALFUNCTIONING PACEMAKER
 ______________________________________________________________________________
 [**Hospital 2**] MEDICAL CONDITION:
  56 year old man with pacemaker malfunction.
 
2. When: 2 days 15 hours ago, Note Category: Nursing, Note Description: Nursing Progress Note | Text: Patient settled into bed & EP MD in room to
   interrogate patients pacemaker.

3. When: 2 days 15 hours ago, Note Category: Physician, Note Description: CCU Fellow addendum | Text: Briefly, the patient is a 56 year old man with PMH
   AF s/p AVJ ablation with PPM placement, c/b prior lead displacement,
   who was transferred from [**Hospital 781**] Hospital following episodes of 5
   second pauses on telemetry.  
4. When: 2 days 15 hours ago, Note Category: Physician, Note Description: CCU Fellow addendum | Text: He was transferred to [**Hospital1 54**], where
   his PPM was interrogated with normal ventricular lead impedance at 550
   ohms, with intermittent failure to capture and intermittent oversensing
   leading to inhibition of pacing.  
5. When: 2 days 15 hours ago, Note Category: Physician, Note Description: Physician Resident Admission Note | Text: He was transferred
   to [**Hospital1 54**] for management of his pacemaker dysfunction.
   
6. When: 1 days 15 hours ago, Note Category: Nursing, Note Description: Nursing Progress Note | Text: He was transferred
   to [**Hospital1 54**] for management of his pacemaker dysfunction.
7. When: 1 days 15 hours ago, Note Category: Physician, Note Description: Physician Resident Progress Note | Text: His pacemaker was failing to
   capture when he raised his left arm.  
"
aaa98c3b-9851-f9a4-8264-5c99ce68ad50,So Admissao,"Initial evaluation revealed intermittent failure to capture and oversensing, leading to pacing inhibition, and the pacemaker was reprogrammed. ",Supported,"The reference clearly states intermittent failure to capture and oversensing leading to pacing inhibition, and that the pacemaker was reprogrammed with increased pacing and sensing thresholds, matching the text.","Hospital Admission Start: 1 days 20 hours ago
Hospital Admission End: Now
Electronic Health Record Context
Ordered by Time (Earliest to Latest):
1. When: 2 days 15 hours ago, Note Category: Physician, Note Description: CCU Fellow addendum | Text: He was transferred to [**Hospital1 54**], where
   his PPM was interrogated with normal ventricular lead impedance at 550
   ohms, with intermittent failure to capture and intermittent oversensing
   leading to inhibition of pacing.  
2. When: 2 days 15 hours ago, Note Category: Physician, Note Description: CCU Fellow addendum | Text: His pacer was reprogrammed to VVI at
   40 bpm, with increased pacing and sensing thresholds.  
3. When: 2 days 15 hours ago, Note Category: Physician, Note Description: Physician Resident Admission Note | Text: He was known to have a
   pacemaker, but it was not capturing consistently.  
4. When: 1 days 15 hours ago, Note Category: Nursing, Note Description: Nursing Progress Note | Text: Cardiac device malfunction (pacemaker, defibrillator)
   Assessment:
   On arrival to CCU, pacer interrogated by EP which showed normal
   ventricular lead impedence at 550 ohms, intermittent failure to
   capture, & intermittent oversensing leading to inhibition of pacing.
   
5. When: 1 days 15 hours ago, Note Category: Nursing, Note Description: Nursing Progress Note | Text: K 3.3
   Action:
   Pacer reprogrammed to R 40 with increased pacing & sensing thresholds.
   
6. When: 1 days 15 hours ago, Note Category: Nursing, Note Description: Nursing Progress Note | Text: Pacer interrogated by EP &
   pacemaker rate lowered to 40. 
"
52e15866-21b4-b6b8-740f-d646fea47a6b,So Admissao,"A chest X-ray suggested possible lead migration, and the patient was planned for overnight observation, reversal of anticoagulation, and lead revision surgery the following day. ",Supported,"The reference states that the chest X-ray showed possible lead migration and the plan included overnight observation, reversal of anticoagulation, and lead revision surgery the following day, which fully supports the text.","Hospital Admission Start: 1 days 20 hours ago
Hospital Admission End: Now
Electronic Health Record Context
Ordered by Time (Earliest to Latest):
1. When: 2 days 15 hours ago, Note Category: Radiology, Note Description: CHEST (PORTABLE AP) | Text: ______________________________________________________________________________
                                 FINAL REPORT
 CHEST RADIOGRAPH

 INDICATION:  Pacemaker malfunction, evaluation for lead fracture.

 
2. When: 2 days 15 hours ago, Note Category: Radiology, Note Description: CHEST (PORTABLE AP) | Text: REASON FOR THIS EXAMINATION:
  Evaluate for pacemaker lead fracture.
3. When: 2 days 15 hours ago, Note Category: Physician, Note Description: CCU Fellow addendum | Text: Plan will be
   overnight observation, reversal of anticoagulation, and plan for lead
   revision tomorrow.
4. When: 2 days 15 hours ago, Note Category: Physician, Note Description: CCU Fellow addendum | Text: His CXR showed
   possible lead migration from RV apex, although limited since only AP
   (final read pending).
5. When: 2 days 15 hours ago, Note Category: Physician, Note Description: Physician Resident Admission Note | Text: - F/u final CXR read to look for lead migration.
   
6. When: 1 days 15 hours ago, Note Category: Nursing, Note Description: Nursing Progress Note | Text: Plan:
   NPO after midnoc for lead revision today.

7. When: 1 days 15 hours ago, Note Category: Nursing, Note Description: Nursing Progress Note | Text: CXR->possible lead migration from RV apex.
8. When: 1 days 15 hours ago, Note Category: Physician, Note Description: Physician Resident Progress Note | Text: -lead revision in EP lab today vs. 
9. When: 1 days 15 hours ago, Note Category: Nursing, Note Description: Nursing Transfer Note | Text: Plan:
   NPO after midnoc for lead revision today.
   
"
07fbfb51-4bbb-3ce1-29b3-59276761aace,So Admissao,The patient underwent successful lead revision in the electrophysiology lab and was found to have a kinked pacer wire causing the malfunction. ,Not Supported,"The reference mentions a kinked pacer wire causing malfunction and intermittent failure to capture, but does not state that the patient underwent a successful lead revision in the electrophysiology lab.","Hospital Admission Start: 1 days 20 hours ago
Hospital Admission End: Now
Electronic Health Record Context
Ordered by Time (Earliest to Latest):
1. When: 2 days 15 hours ago, Note Category: Radiology, Note Description: CHEST (PORTABLE AP) | Text: REASON FOR THIS EXAMINATION:
  Evaluate for pacemaker lead fracture.
2. When: 2 days 15 hours ago, Note Category: Radiology, Note Description: CHEST (PORTABLE AP) | Text: FINDINGS:  As compared to the previous examination, there is an unchanged
 position and course of the pre-existing pacemaker wires.  
3. When: 2 days 15 hours ago, Note Category: Radiology, Note Description: CHEST (PORTABLE AP) | Text: ______________________________________________________________________________
                                 FINAL REPORT
 CHEST RADIOGRAPH

 INDICATION:  Pacemaker malfunction, evaluation for lead fracture.

 
4. When: 2 days 15 hours ago, Note Category: Physician, Note Description: CCU Fellow addendum | Text: He was transferred to [**Hospital1 54**], where
   his PPM was interrogated with normal ventricular lead impedance at 550
   ohms, with intermittent failure to capture and intermittent oversensing
   leading to inhibition of pacing.  
5. When: 2 days 15 hours ago, Note Category: Physician, Note Description: Physician Resident Admission Note | Text: He was known to have a
   pacemaker, but it was not capturing consistently.  
6. When: 1 days 15 hours ago, Note Category: Physician, Note Description: Physician Resident Progress Note | Text: TITLE:
   Chief Complaint: Pacemaker malfunction
   24 Hour Events:
   - CXR showed kinked pacer wire, patient's pacer does not capture when
   he moves his arm.
   
7. When: 1 days 15 hours ago, Note Category: Nursing, Note Description: Nursing Transfer Note | Text: Cardiac device malfunction (pacemaker, defibrillator)
   Assessment:
   On arrival to CCU, pacer interrogated by EP which showed normal
   ventricular lead impedence at 550 ohms, intermittent failure to
   capture, & intermittent oversensing leading to inhibition of pacing.
   
8. When: 0 days 15 hours ago, Note Category: Radiology, Note Description: CHEST (PA & LAT) | Text: [**2112-3-2**] 11:47 AM
 CHEST (PA & LAT)                                                Clip # [**Clip Number (Radiology) 30221**]
 Reason: Lead position
 Admitting Diagnosis: COMPLETE HEART BLOCK;MALFUNCTIONING PACEMAKER
 ______________________________________________________________________________
 [**Hospital 2**] MEDICAL CONDITION:
  56 year old man with new right sided pacemaker (single lead),
"
fc93687b-a370-ecb6-3ca5-c57d08ca3da4,So Admissao,The patient was eventually stabilized and transferred to the floor for further management and rehabilitation.,Not Addressed,The reference mentions the patient's complications and response to treatment but does not state that the patient was stabilized and transferred to the floor for further management and rehabilitation.,"Hospital Admission Start: 6 days 0 hours ago
Hospital Admission End: Now
Electronic Health Record Context
Ordered by Time (Earliest to Latest):
1. When: 6 days 14 hours ago, Note Category: Physician, Note Description: Physician Resident Admission Note | Text: His recent admission was
   complicated by hypoxia, a pneumothorax s/p chest tube placement and
   removal and then urinary retention which ultimately resolved.  
2. When: 6 days 14 hours ago, Note Category: Physician, Note Description: Physician Resident Admission Note | Text: He was
   discharged home with VNA services to follow-up with Dr. 
3. When: 6 days 14 hours ago, Note Category: Physician, Note Description: Physician Resident Admission Note | Text: The patient himself states that has been feeling a little
   anxious and shaky but feels normal. 
4. When: 6 days 14 hours ago, Note Category: Physician, Note Description: Physician Resident Admission Note | Text: He was given fluids. 
5. When: 5 days 14 hours ago, Note Category: General, Note Description: Resident/Attending Progress Note - MICU | Text: # Resolved hypoxia: Patient now at baseline oxygenation. 
6. When: 4 days 14 hours ago, Note Category: Physician, Note Description: Physician Resident Progress Note | Text: Pt responded to fluid and is
   currently normotensive.
7. When: 4 days 14 hours ago, Note Category: Physician, Note Description: Physician Resident Progress Note | Text: Pt responded to fluid and is currently
   normotensive.  
"
f86c2a54-595d-b8ac-c243-9284b5c465f4,So Admissao,"Despite initial concerns for pulmonary embolism, CT scans revealed no evidence of PE, but showed a moderate-sized left pleural effusion with associated atelectasis and extensive atheromatous disease of the abdominal aorta. ",Supported,"The reference confirms no evidence of pulmonary embolism on CT scans and documents a left pleural effusion with atelectasis, supporting the text's statements.","Hospital Admission Start: 6 days 0 hours ago
Hospital Admission End: Now
Electronic Health Record Context
Ordered by Time (Earliest to Latest):
1. When: 5 days 14 hours ago, Note Category: General, Note Description: Resident/Attending Progress Note - MICU | Text: CT chest
   showed atelectasis no infiltrate. 
2. When: 5 days 14 hours ago, Note Category: Radiology, Note Description: CT ABDOMEN W/CONTRAST | Text: No evidence of pulmonary embolism.
 
3. When: 4 days 14 hours ago, Note Category: Physician, Note Description: Physician Resident Progress Note | Text: No evidence of pulmonary embolism.
   
4. When: 4 days 14 hours ago, Note Category: Nursing, Note Description: Nursing Progress Note | Text: CT revealed (+) left pleural effusion, no PE and (+) atelectasis. 
"
986bfcad-38d4-585f-c74c-d4b5a3bff95a,So Admissao,An echocardiogram showed right ventricular pressure/volume overload and depressed left ventricular systolic function. ,Supported,"The reference notes abnormal septal motion consistent with right ventricular pressure/volume overload and multiple mentions of depressed left ventricular systolic function, supporting the text.","Hospital Admission Start: 6 days 0 hours ago
Hospital Admission End: Now
Electronic Health Record Context
Ordered by Time (Earliest to Latest):
1. When: 6 days 14 hours ago, Note Category: Physician, Note Description: Physician Resident Admission Note | Text: Overall left
   ventricular systolic function is moderately depressed (LVEF= 35-40 %).
   
2. When: 6 days 14 hours ago, Note Category: Physician, Note Description: Physician Resident Admission Note | Text: Severely elevated right heart pressures and pulmonary hypertension.
   
3. When: 6 days 14 hours ago, Note Category: Physician, Note Description: Physician Resident Admission Note | Text: Tissue Doppler imaging suggests an increased left ventricular filling
   pressure (PCWP>18mmHg).
4. When: 5 days 14 hours ago, Note Category: Echo, Note Description: Report | Text: There is abnormal septal motion/position
consistent with right ventricular pressure/volume overload. 
5. When: 5 days 14 hours ago, Note Category: Echo, Note Description: Report | Text: Right ventricular function.

6. When: 5 days 14 hours ago, Note Category: Echo, Note Description: Report | Text: Compared with the prior study (images reviewed) of [**2128-4-16**], left
ventricular systolic function is now depressed.



7. When: 5 days 14 hours ago, Note Category: Echo, Note Description: Report | Text: Abnormal septal motion/position consistent with RV
pressure/volume overload.


8. When: 5 days 14 hours ago, Note Category: Echo, Note Description: Report | Text: RIGHT VENTRICLE: Markedly dilated RV cavity. 
9. When: 5 days 14 hours ago, Note Category: Echo, Note Description: Report | Text: There is moderate pulmonary
artery systolic hypertension. 
10. When: 4 days 14 hours ago, Note Category: Physician, Note Description: Physician Resident Progress Note | Text: ECHO shows decreased LV systolic function.  
"
413432b6-87d0-4e13-1b22-83e03fa0950a,So Admissao,"The patient's condition improved with treatment, and his hypotension and hypoxia resolved. ",Supported,"The reference notes document that the patient's hypotension and hypoxia improved and resolved over time with treatment, directly supporting the text.","Hospital Admission Start: 6 days 0 hours ago
Hospital Admission End: Now
Electronic Health Record Context
Ordered by Time (Earliest to Latest):
1. When: 6 days 14 hours ago, Note Category: Physician, Note Description: Physician Resident Admission Note | Text: Thoracic surgery saw the
   patient and remarked that he was more hypoxic than baseline. 
2. When: 6 days 14 hours ago, Note Category: Physician, Note Description: Physician Attending Admission Note - MICU | Text: Holding beta blocker in setting of hypotension albeit now improved and
   if he continues to be hemodynamically stable will restart in am.
   
3. When: 6 days 14 hours ago, Note Category: Physician, Note Description: Physician Attending Admission Note - MICU | Text: Was seen
   today by VNA for a dressing change, noted he was hypotensive with SBP
   80's, ?more hypoxic.  
4. When: 5 days 14 hours ago, Note Category: General, Note Description: Generic Note | Text: # Resolved hypoxia: Patient now at baseline oxygenation. 
5. When: 5 days 14 hours ago, Note Category: General, Note Description: Resident/Attending Progress Note - MICU | Text: Stable overnight, hypotension, hypoxemia and labs have improved
   with hydration.
   
6. When: 4 days 14 hours ago, Note Category: Physician, Note Description: Physician Resident Progress Note | Text: # Hypoxia: Resolved.  
"
7c795884-f3aa-93f1-e203-149f94209b0c,So Admissao,"However, he continued to require oxygen therapy and monitoring for cardiac and renal complications.",Not Supported,"The reference indicates the patient's hypoxia resolved and he is now at baseline oxygenation, with no clear ongoing need for oxygen therapy or monitoring for cardiac and renal complications.","Hospital Admission Start: 6 days 0 hours ago
Hospital Admission End: Now
Electronic Health Record Context
Ordered by Time (Earliest to Latest):
1. When: 6 days 14 hours ago, Note Category: Physician, Note Description: Physician Resident Admission Note | Text: His recent admission was
   complicated by hypoxia, a pneumothorax s/p chest tube placement and
   removal and then urinary retention which ultimately resolved.  
2. When: 6 days 14 hours ago, Note Category: Physician, Note Description: Physician Resident Admission Note | Text: He states that the nurse
   over-reacted as his SBP typically runs 90's and that he requires oxygen
   at baseline. 
3. When: 6 days 14 hours ago, Note Category: Physician, Note Description: Physician Resident Admission Note | Text: # Resolved hypoxia: Patient now at baseline oxygenation. 
4. When: 6 days 14 hours ago, Note Category: Physician, Note Description: Physician Attending Admission Note - MICU | Text: Question if he became more hypoxic,
   had ischemia and became more hypotensive, possible component of
   dehydration given good response to IVFs in ED.  
5. When: 6 days 14 hours ago, Note Category: Physician, Note Description: Physician Attending Admission Note - MICU | Text: Denies new
   pulmonary symptoms (wouldn't say he was worse since leaving the
   hospital but VNA felt he was more hypoxic).  
6. When: 6 days 14 hours ago, Note Category: Physician, Note Description: Physician Attending Admission Note - MICU | Text: Was seen
   today by VNA for a dressing change, noted he was hypotensive with SBP
   80's, ?more hypoxic.  
"
d3e3feb7-59bc-fb28-404e-c66d85a50300,So Admissao,"The patient was readmitted to the hospital after a recent discharge following a VATS wedge resection due to hypoxia, hypotension, and left lateral/flank chest pain. ",Supported,"The reference confirms the patient was recently discharged after a left VATS wedge resection and was readmitted with hypoxia and complications including pneumothorax and chest tube placement, supporting the text's statement about readmission due to hypoxia and chest pain.","Hospital Admission Start: 6 days 0 hours ago
Hospital Admission End: Now
Electronic Health Record Context
Ordered by Time (Earliest to Latest):
1. When: 6 days 14 hours ago, Note Category: Radiology, Note Description: CT ABDOMEN W/O CONTRAST | Text: The patient is status post left VATS wedge resection
  of a spiculated left lower lobe pulmonary nodule.
2. When: 6 days 14 hours ago, Note Category: Radiology, Note Description: CT ABDOMEN W/O CONTRAST | Text: The patient is status post left VATS wedge resection
 of a spiculated left lower lobe pulmonary nodule.
3. When: 6 days 14 hours ago, Note Category: Radiology, Note Description: CT ABDOMEN W/O CONTRAST | Text: ______________________________________________________________________________
                                 FINAL REPORT
 HISTORY:  60-year-old man with fever of unknown source, evaluate for
 pneumonia, intra-abdominal infection, hematoma, and patient is status post
 left VATS wedge resection of a left lower lobe pulmonary nodule on [**2128-10-6**].

 
4. When: 6 days 14 hours ago, Note Category: Radiology, Note Description: CT ABDOMEN W/O CONTRAST | Text: Subcutaneous air is seen along the left chest wall anterolaterally,
 consistent with the patient's history of a recent left VATS wedge resection of
 a left lower lobe pulmonary nodule.  
5. When: 6 days 14 hours ago, Note Category: Physician, Note Description: Physician Resident Admission Note | Text: The patient
   is status post left VATS wedge resection of a spiculated left lower
   lobe pulmonary nodule. 
6. When: 6 days 14 hours ago, Note Category: Physician, Note Description: Physician Resident Admission Note | Text: [**Known lastname 6263**] is a 60 yo M, recently discharged from [**Hospital1 54**] on [**2128-10-11**]
   after a VATS w/LLL Wedge resection [**10-6**].  
7. When: 6 days 14 hours ago, Note Category: Physician, Note Description: Physician Resident Admission Note | Text: Thoracic surgery saw the
   patient and remarked that he was more hypoxic than baseline. 
8. When: 6 days 14 hours ago, Note Category: Physician, Note Description: Physician Resident Admission Note | Text: His recent admission was
   complicated by hypoxia, a pneumothorax s/p chest tube placement and
   removal and then urinary retention which ultimately resolved.  
9. When: 5 days 14 hours ago, Note Category: Radiology, Note Description: CT ABDOMEN W/CONTRAST | Text: There is subcutaneous emphysema along the left chest wall, decreased
 in extent from [**2128-10-14**], compatible with recent left VATS surgery on
 [**2128-10-6**].

 
10. When: 5 days 14 hours ago, Note Category: Radiology, Note Description: CT ABDOMEN W/CONTRAST | Text: There is
 emphysema in the lungs, with post- surgical changes following wedge resection
 of the left lower lobe, with anastomotic sutures seen.

 
"
9f7ca895-be4e-071f-17c2-24528f2706e4,So Admissao,"Upon examination, he had low oxygen saturation, elevated troponin levels, and signs of multisystem organ failure. ",Supported,"The reference notes low oxygen saturation (hypoxemic), elevated troponin levels, and evidence of multisystem organ failure, which directly supports the text.","Hospital Admission Start: 6 days 0 hours ago
Hospital Admission End: Now
Electronic Health Record Context
Ordered by Time (Earliest to Latest):
1. When: 6 days 14 hours ago, Note Category: Physician, Note Description: Physician Resident Admission Note | Text: Thoracic surgery saw the
   patient and remarked that he was more hypoxic than baseline. 
2. When: 5 days 14 hours ago, Note Category: General, Note Description: Generic Note | Text: Patient has evidence of
   multisystem organ failure with  mildly elevated lipase, elevated trop,
   ARF and transaminitis. 
3. When: 5 days 14 hours ago, Note Category: General, Note Description: Generic Note | Text: It is also possible that
   troponin is elevated in the setting of renal failure.
   
4. When: 5 days 14 hours ago, Note Category: General, Note Description: Resident/Attending Progress Note - MICU | Text: Yesterday, found to be hypotensive (baseline 90s) and hypoxemic
   (baseline 88% on 4-5L), eval notable for ARF, elevated troponin with
   diffuse TWI, abnormal LFTs, elevated lipase.
5. When: 4 days 14 hours ago, Note Category: Physician, Note Description: Physician Resident Progress Note | Text: It is also possible that
   troponin is elevated in the setting of renal failure.  
"
ed3322d6-ac62-0079-949f-75586abe7110,So Admissao,"The patient was diagnosed with acute renal failure, transaminitis, and a non-ST elevation myocardial infarction (NSTEMI). ",Supported,"The reference notes the patient had renal failure, transaminitis, and elevated troponin, which supports the diagnosis of acute renal failure, transaminitis, and NSTEMI.","Hospital Admission Start: 6 days 0 hours ago
Hospital Admission End: Now
Electronic Health Record Context
Ordered by Time (Earliest to Latest):
1. When: 6 days 14 hours ago, Note Category: Physician, Note Description: Physician Resident Admission Note | Text: A
   non-contrast CT showed  The patient was also found to have renal
   failure and transaminitis.
2. When: 6 days 14 hours ago, Note Category: Physician, Note Description: Physician Resident Admission Note | Text: Patient has evidence of
   multisystem organ failure with  mildly elevated lipase, elevated trop,
   ARF and transaminitis. 
3. When: 5 days 14 hours ago, Note Category: General, Note Description: Resident/Attending Progress Note - MICU | Text: It is also possible that
   troponin is elevated in the setting of renal failure.  
4. When: 4 days 14 hours ago, Note Category: Physician, Note Description: Physician Resident Progress Note | Text: The patient had a very
   similar episode of hypotension, renal failure and transaminitis in
   [**2128-3-16**] in which he was diagnosed with shock liver. 
5. When: 4 days 14 hours ago, Note Category: Physician, Note Description: Physician Resident Progress Note | Text: The patient had a very similar
   episode of hypotension, renal failure and transaminitis in [**2128-3-16**]
   in which he was diagnosed with shock liver.  
"
b1fc4b19-b83d-cf7f-7296-44bdf0225538,So Admissao,"He was treated with fluid boluses, heparin, and antibiotics, and his condition was closely monitored.",Not Supported,"The reference indicates the patient was given fluids and heparin boluses, but there is no mention of antibiotics or that his condition was closely monitored.","Hospital Admission Start: 6 days 0 hours ago
Hospital Admission End: Now
Electronic Health Record Context
Ordered by Time (Earliest to Latest):
1. When: 6 days 14 hours ago, Note Category: Physician, Note Description: Physician Resident Admission Note | Text: He was given fluids. 
2. When: 6 days 14 hours ago, Note Category: Physician, Note Description: Physician Attending Admission Note - MICU | Text: Has blood/urine cultures and will followup on
   these.  
3. When: 5 days 14 hours ago, Note Category: Nursing, Note Description: Nursing Progress Note | Text: Bolused w/ heparin and started on
   1800u/hr. 
4. When: 4 days 14 hours ago, Note Category: Nursing, Note Description: Nursing Progress Note | Text: Bolused w/ heparin and
   started on 1800u/hr. 
"
6f3c1417-cd03-302e-9693-23ef5f1856e4,So Admissao,"The patient underwent a third ventriculostomy and biopsy on January 24, which showed no evidence of hemorrhage post-procedure. ",Supported,"The reference clearly states that a CT head with contrast was performed post-biopsy/third ventriculostomy on January 24, showing no hemorrhage post-ventriculostomy, which supports the text.","Hospital Admission Start: 15 days 0 hours ago
Hospital Admission End: Now
Electronic Health Record Context
Ordered by Time (Earliest to Latest):
1. When: 14 days 16 hours ago, Note Category: Radiology, Note Description: CT STEREOTAXIS W/ CONTRAST | Text: No hydrocephalus identified.

 
2. When: 14 days 16 hours ago, Note Category: Radiology, Note Description: CT HEAD W/ CONTRAST | Text: IMPRESSION:  Examination performed post-biopsy/third ventriculostomy.
3. When: 14 days 16 hours ago, Note Category: Radiology, Note Description: CT HEAD W/ CONTRAST | Text: No hemorrhage is
 seen in the right frontal region.

 
4. When: 14 days 16 hours ago, Note Category: Radiology, Note Description: CT HEAD W/ CONTRAST | Text: [**Last Name (LF) 3575**],[**First Name3 (LF) 3576**] M.                 NSURG SICU-A               [**2116-1-24**]  3:24 PM
 CT HEAD W/ CONTRAST                                             Clip # [**Clip Number (Radiology) 88716**]
 Reason: POST-OP IN THE O.R
 Admitting Diagnosis: HEAD BLEED
 ______________________________________________________________________________
                                  PFI REPORT
 No hemorrhage identified post-ventriculostomy.



5. When: 14 days 16 hours ago, Note Category: Radiology, Note Description: CT HEAD W/ CONTRAST | Text: [**2116-1-24**] 3:24 PM
 CT HEAD W/ CONTRAST                                             Clip # [**Clip Number (Radiology) 88716**]
 Reason: POST-OP IN THE O.R
 Admitting Diagnosis: HEAD BLEED
 ______________________________________________________________________________
 PROVISIONAL FINDINGS IMPRESSION (PFI): AFSN FRI [**2116-1-24**] 6:15 PM
  No hemorrhage identified post-ventriculostomy.
 
6. When: 13 days 16 hours ago, Note Category: Nursing, Note Description: Nursing Transfer Note | Text: Now s/p 3rd ventriculostomy [**1-24**]
   Chief complaint:
   cerebellar mass
   PMHx:
   Stage III esophageal cancer, R eye prosthesis, HTN, DOE, BPH chronic
   foley, Diabetes, h/o trach/PEG in [**11/2113**], h/o anemia in [**12/2113**], s/p
   cholecystectomy, cognitive impairment s/p MVC
7. When: 4 days 16 hours ago, Note Category: Radiology, Note Description: CT HEAD W/O CONTRAST | Text: No new intracranial hemorrhage.

 
8. When: 4 days 16 hours ago, Note Category: Radiology, Note Description: CT HEAD W/O CONTRAST | Text: There is no new
 acute intracranial hemorrhage.
9. When: 4 days 16 hours ago, Note Category: Radiology, Note Description: CT HEAD W/O CONTRAST | Text: FINDINGS:  There is no new acute intracranial hemorrhage.  
10. When: 2 days 16 hours ago, Note Category: Radiology, Note Description: CT HEAD W/O CONTRAST | Text: No acute intracranial hemorrhage.  
"
d0766750-c3c3-3d99-e2e1-c1f095065f0e,So Admissao,He was managed for pain and emotional support and was scheduled for head and chest CT scans. ,Supported,"The reference notes management including monitoring for pain and emotional support, and scheduling of head and chest CT scans as part of the patient's care plan.","Hospital Admission Start: 15 days 0 hours ago
Hospital Admission End: Now
Electronic Health Record Context
Ordered by Time (Earliest to Latest):
1. When: 15 days 16 hours ago, Note Category: Radiology, Note Description: CT HEAD W/O CONTRAST | Text: HISTORY:  68-year-old male with apparent head bleed and known brain mass,
 transferred from outside hospital after fall.

 
2. When: 15 days 16 hours ago, Note Category: Radiology, Note Description: CT HEAD W/O CONTRAST | Text: ______________________________________________________________________________
                                 FINAL REPORT
 CT OF THE HEAD, [**2116-1-23**].

 
3. When: 14 days 16 hours ago, Note Category: Nursing, Note Description: Nursing Progress Note | Text: Also showed
   nasal fractures.
   
4. When: 14 days 16 hours ago, Note Category: Radiology, Note Description: CT HEAD W/ CONTRAST | Text: FINDINGS:  Since the previous CT examination obtained on the same day on
 [**2116-1-24**] at 3 p.m., patient has undergone biopsy with air is seen in the
 frontal region.  
5. When: 14 days 16 hours ago, Note Category: Nursing, Note Description: Nursing Progress Note | Text: Action:
   Vs monitored post-operatively,  neuro signs q1hr
   Response:
   Hemodynamically stable post-op,  no change in neuro status
   Plan:
   Continue to monitor neuro status,  repeat head ct in am,  chest ct in
   am

6. When: 13 days 16 hours ago, Note Category: Nursing, Note Description: Nursing Progress Note | Text: Bs clear,  room air sats >100
   Action:
   Neuro status monitored,  ct scan of chest and torso done with contrast.
   
7. When: 1 days 16 hours ago, Note Category: Physician, Note Description: Intensivist Note | Text: [**2-5**] CT head: no infarct or hemorrhage, postsurg changes
   [**2-6**] CT torso:
   Microbiology: [**2-5**] BCx, UCx, Stool:
   [**2-6**] BCx:
   Assessment and Plan
   TACHYCARDIA,
8. When: 0 days 16 hours ago, Note Category: Physician, Note Description: Intensivist Note | Text: SICU
   HPI:
    68 y/o M with metastatic esophageal cancer to brain
   admitted 2 weeks ago after a fall.  
"
a9a92d9a-157e-5d2f-b9d7-a0f9011f6d0b,So Admissao,"His vital signs stabilized, but he had a history of cognitive impairment and was not following commands.

",Supported,"The reference notes that the patient had cognitive impairment and was inconsistently following commands, and that vital signs were stable post-operatively, supporting the text.","Hospital Admission Start: 15 days 0 hours ago
Hospital Admission End: Now
Electronic Health Record Context
Ordered by Time (Earliest to Latest):
1. When: 14 days 16 hours ago, Note Category: Nursing, Note Description: Nursing Progress Note | Text: Action:
   Vs monitored post-operatively,  neuro signs q1hr
   Response:
   Hemodynamically stable post-op,  no change in neuro status
   Plan:
   Continue to monitor neuro status,  repeat head ct in am,  chest ct in
   am

2. When: 13 days 16 hours ago, Note Category: Nursing, Note Description: Nursing Progress Note | Text: Plan:
   Continue to monitor neuro status for changes. 
3. When: 6 days 16 hours ago, Note Category: Nursing, Note Description: Nursing Progress Note | Text: during
   the night propofol weaned down and pt currently followed commands
   inconsitently.
4. When: 6 days 16 hours ago, Note Category: Nursing, Note Description: Nursing Progress Note | Text: Response:
   Neuro status unchanged throughout day.
   
5. When: 5 days 16 hours ago, Note Category: Nursing, Note Description: Nursing Progress Note | Text: Altered mental status (not Delirium)
   Assessment:
   s/p resection of cerebellar mass [**2116-1-31**]
   sedated on propofol for MRI yesterday afternoon
   abg
s are good (see flow sheet)
   neuro status essentially unchanged,
   Pupils are equal and  reacting to light, both pupils are now  reactive.
6. When: 4 days 16 hours ago, Note Category: Nursing, Note Description: Nursing Transfer Note | Text: -          Oriented to person and place, sometimes date/month
   -          Pt tachycardic in 105-120s with restlessness
   Action:
   -          closely monitor patient
   -          continuously remind pt to keep legs in bed
   -          soft limb restraints on wrists
   -          neuro assessments changed to q4h
   -
7. When: 4 days 16 hours ago, Note Category: Nursing, Note Description: Nursing Transfer Note | Text: h/o anemia in
   [**12/2113**], s/p cholecystectomy, cognitive impairment s/p MVC
   PSH: trach/PEG in [**11/2113**], open CCY in [**2104**], lap esophagectomy [**2115-1-11**]
   Extubated yesterday [**2-2**]
   Altered mental status (not Delirium)
   Assessment:
   -          pt is consistently oriented to person.  
8. When: 1 days 16 hours ago, Note Category: Physician, Note Description: Intensivist Note | Text: cognitive impairment s/p MVC
   PSH: trach/PEG in [**11/2113**], open CCY in [**2104**],  lap esophagectomy [**2115-1-11**]
   [**Last Name (un) 574**]:  Flomax 0.4', Glucophage 1000'', Lopressor 25""', Prevacid 15,
   lactulose, Trazadone 50', Finesteride 5', Amantadine 100', colace,
   citalopram 10',
"
f1f40671-df5e-0192-1187-8925c002fafe,So Admissao,"The patient, a 68-year-old man with a known stage III esophageal cancer, was transferred to the hospital after a fall and evaluated for a possible head bleed. ",Supported,The reference confirms the patient is a 68-year-old man with stage III esophageal cancer who was transferred after a fall and evaluated for a head bleed.,"Hospital Admission Start: 15 days 0 hours ago
Hospital Admission End: Now
Electronic Health Record Context
Ordered by Time (Earliest to Latest):
1. When: 15 days 16 hours ago, Note Category: Radiology, Note Description: CT HEAD W/O CONTRAST | Text: HISTORY:  68-year-old male with apparent head bleed and known brain mass,
 transferred from outside hospital after fall.

 
2. When: 14 days 16 hours ago, Note Category: Nutrition, Note Description: Clinical Nutrition Note | Text: 7kg kg
   79%
   66kg
   92%
   Diagnosis: Head Bleed
   PMH : Stage III esophageal cancer, R eye prosthesis, HTN, DOE, BPH
   chronic foley, Diabetes, h/o anemia, s/p cholecystectomy, cognitive
   impairment s/p MVC, trach/PEG in [**11/2113**], open CCY in [**2104**],
3. When: 13 days 16 hours ago, Note Category: Radiology, Note Description: CT ABD W&W/O C | Text: [**2116-1-25**] 4:11 PM
 CT CHEST W/CONTRAST; CT ABD W&W/O C                             Clip # [**Clip Number (Radiology) 87021**]
 CT PELVIS W/CONTRAST
 Reason: cancer staging
 Admitting Diagnosis: HEAD BLEED
 ______________________________________________________________________________
 [**Hospital 2**] MEDICAL CONDITION:
  68 year old man with known esophageal ca and cerebellar mass with increase size
  of cerebellar mass on CT.
4. When: 6 days 16 hours ago, Note Category: Radiology, Note Description: MR HEAD W & W/O CONTRAST | Text: CLINICAL INDICATION:  68-year-old man, status post craniectomy for esophageal
 metastasis, assess complete removal of the metastasis.

 
5. When: 4 days 16 hours ago, Note Category: Nursing, Note Description: Nursing Transfer Note | Text: Admit diagnosis:
   HEAD BLEED
   Code status:
   Full code
   Height:
   Admission weight:
   61 kg
   Daily weight:
   61 kg
   Allergies/Reactions:
   No Known Drug Allergies
   Precautions: Contact
   PMH:  Diabetes - Insulin
   CV-PMH:  Hypertension
   Additional history: Stage III esophogeal CA w/ mets to brain w/
   cerebellar mass;
6. When: 2 days 16 hours ago, Note Category: Radiology, Note Description: CT HEAD W/O CONTRAST | Text: eval fo
 Admitting Diagnosis: HEAD BLEED
 ______________________________________________________________________________
 [**Hospital 2**] MEDICAL CONDITION:
  68 year old man with metastatic esophageal CA to cerebellum now s/p left
  cerebellar metastatic resection
 REASON FOR THIS EXAMINATION:
  s/p transfer to ICU with acute mental status change, eval for interval change
 No contraindications for IV contrast
 ______________________________________________________________________________
                                 FINAL REPORT
 INDICATION:  68-year-old male, with esophageal metastasis, status post
 resection, acute mental status change,
7. When: 1 days 16 hours ago, Note Category: Radiology, Note Description: CHEST (PORTABLE AP) | Text: [**2116-2-6**] 1:39 AM
 CHEST (PORTABLE AP)                                             Clip # [**Clip Number (Radiology) 88038**]
 Reason: please assess for NGT position
 Admitting Diagnosis: HEAD BLEED
 ______________________________________________________________________________
 [**Hospital 2**] MEDICAL CONDITION:
  68 year old man with hx [**First Name9 (NamePattern2) **] [**Doctor Last Name **] esophagectomy, OGT,
8. When: 1 days 16 hours ago, Note Category: Radiology, Note Description: CHEST (PORTABLE AP) | Text: [**2116-2-6**] 6:08 PM
 CHEST (PORTABLE AP); -77 BY DIFFERENT PHYSICIAN                 [**Name Initial (PRE) 5**] # [**Clip Number (Radiology) 88890**]
 Reason: eval interval change
 Admitting Diagnosis: HEAD BLEED
 ______________________________________________________________________________
 [**Hospital 2**] MEDICAL CONDITION:
  68 year old man with metastatic esophageal CA to cerebellum now s/p left
9. When: 0 days 16 hours ago, Note Category: Physician, Note Description: Intensivist Note | Text: SICU
   HPI:
    68 y/o M with metastatic esophageal cancer to brain
   admitted 2 weeks ago after a fall.  
"
96455fe0-3964-73cf-eeff-15c1d616b8f0,So Admissao,"A CT scan without contrast showed an interval increase in size of a left cerebellar hemorrhage, with surrounding edema and mass effect on the 4th ventricle and perimesencephalic cistern.",Supported,"The reference clearly documents a CT scan without contrast showing an interval increase in size of a left cerebellar hemorrhage with surrounding edema and mass effect on the 4th ventricle and perimesencephalic cistern, matching the text exactly.","Hospital Admission Start: 15 days 0 hours ago
Hospital Admission End: Now
Electronic Health Record Context
Ordered by Time (Earliest to Latest):
1. When: 15 days 16 hours ago, Note Category: Radiology, Note Description: CT HEAD W/O CONTRAST | Text: WET READ VERSION #1 [**First Name9 (NamePattern2) 3913**] [**Doctor First Name 73**] [**2116-1-23**] 9:26 AM
  interval increase in size of left cerebellar hemorrhage now measuring 2.4 x
  3.7 cm with surrounding edema and mass effect on 4th ventricle and left aspect
  of perimesencephalic cistern. 
2. When: 15 days 16 hours ago, Note Category: Radiology, Note Description: CT HEAD W/O CONTRAST | Text: IMPRESSION:

 Interval increase in size of patient's known left cerebellar hemorrhagic mass
 with surrounding vasogenic edema.  
3. When: 15 days 16 hours ago, Note Category: Radiology, Note Description: CT HEAD W/O CONTRAST | Text: FINDINGS:  There has been interval enlargement of the left cerebellar
 hemorrhage which now measures 2.4 x 3.7 cm and previously measured 2.8 x 1.2
 cm.  
4. When: 15 days 16 hours ago, Note Category: Radiology, Note Description: MR HEAD W & W/O CONTRAST | Text: Left cerebellar mass with hemorrhagic foci and surrounding edema causing
 effacement of the fourth ventricle and quadrigeminal cistern.  
5. When: 15 days 16 hours ago, Note Category: Radiology, Note Description: MR HEAD W & W/O CONTRAST | Text: Left cerebellar mass with hemorrhagic foci and surrounding edema causing
  compression of the fourth ventricle and effacement of the quadrigeminal
  cistern.
6. When: 15 days 16 hours ago, Note Category: Radiology, Note Description: MR HEAD W & W/O CONTRAST | Text: Left cerebellar mass with hemorrhagic foci and surrounding edema causing
 compression of the fourth ventricle and effacement of the quadrigeminal
 cistern.  
7. When: 14 days 16 hours ago, Note Category: Nursing, Note Description: Nursing Progress Note | Text: Head Ct revealed an increase in cerebellar mass w/ surrounding edema
   and mass effect on the 4^th ventricle and left aspect of the
   perimesencephalic cistern. 
8. When: 4 days 16 hours ago, Note Category: Radiology, Note Description: CT HEAD W/O CONTRAST | Text: Continued edema in the left
  cerebellar hemisphere with similar degree of mass effect on the fourth
  ventricle.
9. When: 4 days 16 hours ago, Note Category: Radiology, Note Description: CT HEAD W/O CONTRAST | Text: Continued edema in the left
 cerebellar hemisphere with similar degree of mass effect on the fourth
 ventricle.  
"
098ddfae-6563-aa22-fda3-df73c91f044d,So Admissao,"He was also given multiple units of FFP, platelets, and vitamin K due to liver failure.

",Supported,"The reference notes multiple administrations of FFP, platelets, and vitamin K due to liver failure and coagulopathy, directly supporting the text.","Hospital Admission Start: 15 days 0 hours ago
Hospital Admission End: Now
Electronic Health Record Context
Ordered by Time (Earliest to Latest):
1. When: 3 days 16 hours ago, Note Category: Radiology, Note Description: US ABD LIMIT, SINGLE ORGAN | Text: ______________________________________________________________________________
                                 FINAL REPORT
 INDICATIONS:  68-year-old man with elevated LFTs and mild coagulopathy.
2. When: 2 days 16 hours ago, Note Category: Physician, Note Description: Intensivist Note | Text: Total In:
             268 mL
   PO:
             Tube feeding:
   IV Fluid:
   268 mL
   Blood products:
   Total out:
3. When: 1 days 16 hours ago, Note Category: Nursing, Note Description: Nursing Progress Note | Text: Action:
   Cryo, 4units FFP, 1 unit PRBC, 2 units Plts, 2 litre boluses given.
   
4. When: 1 days 16 hours ago, Note Category: Nursing, Note Description: Nursing Progress Note | Text: cognitive impairment s/p MVC
   Sepsis, Severe (with organ dysfunction)
   Assessment:
   Florid sepsis with complete multisytem organ failure--?cdif colitis
   origin of sepsis
   l
   Action:
   Complete Respiratory support w/ventilator
   renal support w/ CRRT
   Shock liver with deteriorating lab values, given multiple units of FFP,
   platelets and Vit k
   Family in, spoke w/ Dr.
5. When: 0 days 16 hours ago, Note Category: Physician, Note Description: Intensivist Note | Text: He
   was brought to SICU in multi-system organ failure with oliguria
   requiring CVVH, liver failure, worsening hypocoagulable state, and
   severe metabolic acidosis.
6. When: 0 days 16 hours ago, Note Category: Physician, Note Description: Intensivist Note | Text: Albumin given
   yesterday.
   
7. When: 0 days 16 hours ago, Note Category: Nursing, Note Description: Nursing Progress Note | Text: Transfused with total 2bags platelets and 3units FFP.
   
"
349676e0-51d5-7621-20cd-000aea7767d0,So Admissao,"He was admitted to the Surgical Intensive Care Unit (SICU) and underwent a series of diagnostic tests, including MRI scans, which revealed a left cerebellar mass with hemorrhagic foci and surrounding edema, causing compression of the fourth ventricle and effacement of the quadrigeminal cistern. ",Not Supported,"The reference confirms the presence of a left cerebellar mass with hemorrhagic foci, surrounding edema, and compression/effacement of the fourth ventricle and quadrigeminal cistern, but it does not mention admission to the Surgical Intensive Care Unit (SICU) or undergoing a series of diagnostic tests including MRI scans.","Hospital Admission Start: 15 days 0 hours ago
Hospital Admission End: Now
Electronic Health Record Context
Ordered by Time (Earliest to Latest):
1. When: 15 days 16 hours ago, Note Category: Radiology, Note Description: MR HEAD W & W/O CONTRAST | Text: Left cerebellar mass with hemorrhagic foci and surrounding edema causing
  compression of the fourth ventricle and effacement of the quadrigeminal
  cistern.
2. When: 15 days 16 hours ago, Note Category: Radiology, Note Description: MR HEAD W & W/O CONTRAST | Text: Left cerebellar mass with hemorrhagic foci and surrounding edema causing
 compression of the fourth ventricle and effacement of the quadrigeminal
 cistern.  
3. When: 15 days 16 hours ago, Note Category: Radiology, Note Description: MR HEAD W & W/O CONTRAST | Text: Left cerebellar mass with hemorrhagic foci and surrounding edema causing
 effacement of the fourth ventricle and quadrigeminal cistern.  
4. When: 15 days 16 hours ago, Note Category: Radiology, Note Description: MR HEAD W & W/O CONTRAST | Text: FINDINGS: There is an ill-defined infiltrative enhancing mass seen in the left
 cerebellar hemisphere with surrounding edema and effacing the fourth ventricle
 and quadrigeminal cistern. 
5. When: 14 days 16 hours ago, Note Category: Nursing, Note Description: Nursing Progress Note | Text: Head Ct revealed an increase in cerebellar mass w/ surrounding edema
   and mass effect on the 4^th ventricle and left aspect of the
   perimesencephalic cistern. 
6. When: 14 days 16 hours ago, Note Category: Radiology, Note Description: CT STEREOTAXIS W/ CONTRAST | Text: FINDINGS:  There is mass identified in the partially visualized left
 cerebellar hemisphere with edema.
7. When: 14 days 16 hours ago, Note Category: Radiology, Note Description: CT HEAD W/ CONTRAST | Text: There is
 partial obliteration of the quadrigeminal cistern identified with some edema
 seen in the partially visualized left cerebellar hemisphere.  
8. When: 0 days 16 hours ago, Note Category: Physician, Note Description: Intensivist Note | Text: Workup revealed a left cerebellar
   mass causing an obstructive hydrocephalus.  
"
4a2204d8-7635-47a2-cdb3-33f1bd167db9,So Admissao,The differential diagnosis included lymphoma versus metastatic disease.,Supported,"The reference multiple times states that the differential diagnosis includes lymphoma versus metastatic disease, directly supporting the text.","Hospital Admission Start: 15 days 0 hours ago
Hospital Admission End: Now
Electronic Health Record Context
Ordered by Time (Earliest to Latest):
1. When: 15 days 16 hours ago, Note Category: Radiology, Note Description: MR HEAD W & W/O CONTRAST | Text: Differential diagnosis includes lymphoma versus metastatic disease.

 
2. When: 15 days 16 hours ago, Note Category: Radiology, Note Description: MR HEAD W & W/O CONTRAST | Text: Differential diagnosis includes lymphoma versus metastatic disease.

  
3. When: 15 days 16 hours ago, Note Category: Radiology, Note Description: MR HEAD W & W/O CONTRAST | Text: Differential
 diagnosis includes lymphoma and metastatic disease.
4. When: 15 days 16 hours ago, Note Category: Radiology, Note Description: MR HEAD W & W/O CONTRAST | Text: The
 differential diagnosis includes lymphoma and metastatic etiology.

 
5. When: 1 days 16 hours ago, Note Category: Physician, Note Description: Intensivist Note | Text: ALTERED
   MENTAL STATUS (NOT DELIRIUM), .H/O DIABETES MELLITUS (DM), TYPE II,
   ACUTE PAIN
   Assessment and Plan: 68yM with metastatic esophageal CA to cerebellum
   now s/p left cerebellar metastatic resection, readmitted to SICU with
   florid septic picture, unclear source.
   
6. When: 0 days 16 hours ago, Note Category: Physician, Note Description: Intensivist Note | Text: A
   week later, the pt went back to the OR for resection of the cerebellar
   mass, which has since been reported as metastatic poorly differentiated
   adenocarcinoma.
7. When: 0 days 16 hours ago, Note Category: Physician, Note Description: Intensivist Note | Text: [**Last Name 121**] PROBLEM -
   ENTER DESCRIPTION IN COMMENTS, ALTERED MENTAL STATUS (NOT DELIRIUM),
   .H/O DIABETES MELLITUS (DM), TYPE II, ACUTE PAIN
   Assessment and Plan: 68yM with metastatic esophageal CA to cerebellum
   now s/p left cerebellar metastatic resection.
"
9db332d4-bada-5f8d-10a3-e77fcfd3734b,So Admissao,"On February 1, an MRI scan showed that the previously demonstrated left cerebellar mass lesion had been removed, but there were post-surgical changes, persistent vasogenic edema, and a subtle area of enhancement in the surgical cavity. ",Supported,"The reference notes from 6 days ago describe removal of the left cerebellar mass lesion with post-surgical changes and persistent vasogenic edema, consistent with the text's description of the MRI findings after surgery.","Hospital Admission Start: 15 days 0 hours ago
Hospital Admission End: Now
Electronic Health Record Context
Ordered by Time (Earliest to Latest):
1. When: 15 days 16 hours ago, Note Category: Radiology, Note Description: CT HEAD W/O CONTRAST | Text: IMPRESSION:

 Interval increase in size of patient's known left cerebellar hemorrhagic mass
 with surrounding vasogenic edema.  
2. When: 14 days 16 hours ago, Note Category: Radiology, Note Description: CT STEREOTAXIS W/ CONTRAST | Text: FINDINGS:  There is mass identified in the partially visualized left
 cerebellar hemisphere with edema.
3. When: 14 days 16 hours ago, Note Category: Radiology, Note Description: CT HEAD W/ CONTRAST | Text: Partially visualized is edema and enhancing lesion in the left
 cerebellar hemisphere.



4. When: 11 days 16 hours ago, Note Category: Radiology, Note Description: CTA HEAD W&W/O C & RECONS | Text: FINDINGS:  The irregular enhancing mass in the left cerebellar hemisphere
 appears grossly unchanged.  
5. When: 7 days 16 hours ago, Note Category: Radiology, Note Description: MR HEAD W/CNTRST&TUMOR VOLUMETRIC | Text: IMPRESSION:

 Study performed for preoperative localization demonstrates unchanged
 infiltrative left cerebellar mass.



6. When: 6 days 16 hours ago, Note Category: Radiology, Note Description: MR HEAD W & W/O CONTRAST | Text: FINDINGS:  The previously demonstrated infiltrative left cerebellar mass
 lesion has been removed in the interim, post-surgical changes consistent with
 left occipital craniotomy are visualized as well as the frontal burr hole on
 the right.  
7. When: 6 days 16 hours ago, Note Category: Radiology, Note Description: MR HEAD W & W/O CONTRAST | Text: Resection of the
 previously demonstrated infiltrative mass lesion on the left cerebellar
 hemisphere.  
8. When: 6 days 16 hours ago, Note Category: Radiology, Note Description: MR HEAD W & W/O CONTRAST | Text: In the left cerebellar fossa, there is a post-surgical cavity
 filling with CSF, persistent vasogenic edema is identified in the left
 cerebellar hemisphere, producing mild narrowing of the fourth ventricle as
 well as the left cerebellar cisterns.
9. When: 4 days 16 hours ago, Note Category: Radiology, Note Description: CT HEAD W/O CONTRAST | Text: Status post occipital craniotomy with surgical changes in the craniotomy
 bed and edema in the left cerebellar hemisphere, similar in extent to MR done
 on [**2116-2-1**].  
10. When: 0 days 16 hours ago, Note Category: Physician, Note Description: Intensivist Note | Text: Workup revealed a left cerebellar
   mass causing an obstructive hydrocephalus.  
"
6c6ec37f-bac6-faca-bd20-7f6742d1e360,So Admissao,"The patient was extubated on February 2, and his neuro status remained essentially unchanged. ",Not Supported,"The reference states the patient was extubated on February 2 and neuro status was unchanged at that time, but the text states extubation on February 2 with neuro status remaining essentially unchanged without specifying timing; later notes indicate sedation and no clear confirmation that neuro status remained unchanged after extubation on that date.","Hospital Admission Start: 15 days 0 hours ago
Hospital Admission End: Now
Electronic Health Record Context
Ordered by Time (Earliest to Latest):
1. When: 14 days 16 hours ago, Note Category: Nursing, Note Description: Nursing Progress Note | Text: Action:
   Vs monitored post-operatively,  neuro signs q1hr
   Response:
   Hemodynamically stable post-op,  no change in neuro status
   Plan:
   Continue to monitor neuro status,  repeat head ct in am,  chest ct in
   am

2. When: 14 days 16 hours ago, Note Category: Nursing, Note Description: Nursing Progress Note | Text: Neurologically intact although left side weaker
   than right.  
3. When: 14 days 16 hours ago, Note Category: Nursing, Note Description: Nursing Progress Note | Text: Extubated in or.  
4. When: 13 days 16 hours ago, Note Category: Nursing, Note Description: Nursing Progress Note | Text: Plan:
   Continue to monitor neuro status for changes. 
5. When: 13 days 16 hours ago, Note Category: Nursing, Note Description: Nursing Progress Note | Text: Response:
   Pt neurologically intact.
   
6. When: 6 days 16 hours ago, Note Category: Respiratory, Note Description: Respiratory Care Shift Note | Text: Reason for continuing current ventilatory support: Sedated / Paralyzed;
   Comments: Plan elective extubation this morning.
7. When: 6 days 16 hours ago, Note Category: Nursing, Note Description: Nursing Progress Note | Text: Response:
   Neuro status unchanged throughout day.
   
8. When: 4 days 16 hours ago, Note Category: Nursing, Note Description: Nursing Progress Note | Text: Extubated
 and weaned off sedation on Sunday [**2116-2-2**].

9. When: 4 days 16 hours ago, Note Category: Nursing, Note Description: Nursing Transfer Note | Text: h/o anemia in
   [**12/2113**], s/p cholecystectomy, cognitive impairment s/p MVC
   PSH: trach/PEG in [**11/2113**], open CCY in [**2104**], lap esophagectomy [**2115-1-11**]
   Extubated yesterday [**2-2**]
   Altered mental status (not Delirium)
   Assessment:
   -          pt is consistently oriented to person.  
10. When: 0 days 16 hours ago, Note Category: Physician, Note Description: Intensivist Note | Text: Neuro: sedated.  
"
1540c5e0-dd79-ce3b-57b1-2cd2b8e06ac5,So Admissao,"However, the patient experienced a setback requiring readmission to the ICU on February 5, with tachycardia, hypotension, and an acute mental status change. ",Supported,"The reference documents the patient being readmitted to the ICU on February 5 with tachycardia, hypotension, and acute changes including respiratory distress, which supports the text describing a setback requiring ICU readmission with those symptoms.","Hospital Admission Start: 15 days 0 hours ago
Hospital Admission End: Now
Electronic Health Record Context
Ordered by Time (Earliest to Latest):
1. When: 2 days 16 hours ago, Note Category: Nursing, Note Description: Nursing Progress Note | Text: Transferred [**2-3**] to [**Hospital Ward Name **] 11
   Triggered on floor today [**2-5**] for Tachycardia no u/[**Name Initial (MD) **] and RN
[**Name Initial (MD) **] and MD
   unable to obtain BP. 
2. When: 2 days 16 hours ago, Note Category: Physician, Note Description: Intensivist Note | Text: Readmitted
   to ICU w tachycardia and hypotension
   Chief complaint:
   tachycardia/hypotension
   PMHx:
   Stage III esophageal cancer, R eye prosthesis, HTN, DOE, BPH chronic
   foley, Diabetes, h/o trach/PEG in [**11/2113**], h/o anemia in [**12/2113**], s/p
   cholecystectomy, cognitive impairment s/p MVC
   Current medications:
   1.
3. When: 2 days 16 hours ago, Note Category: Physician, Note Description: Intensivist Note | Text: Diagnosis: Post-op hypotension
   ICU Care
   Nutrition:
   Glycemic Control:  Regular insulin sliding scale
   Lines:
   Indwelling Port (PortaCath) - [**2116-2-5**] 06:00 AM
   Prophylaxis:
   DVT: Boots
   Stress ulcer: H2 blocker
   VAP bundle:
   Comments:
   Communication: Patient discussed on interdisciplinary rounds , ICU
   Code status: Full code
   Disposition: ICU
   Total time spent:
4. When: 1 days 16 hours ago, Note Category: Physician, Note Description: Intensivist Note | Text: Readmitted to ICU w florid sepsis.
   
5. When: 0 days 16 hours ago, Note Category: Physician, Note Description: Intensivist Note | Text: [**2-5**] the pt developed respiratory distress,
   hypotension, and tachycardia on floor and was transferred to the SICU.
   
"
f0f2520a-4829-86c4-e4f3-84495d311be1,So Admissao,"He was reintubated and received multiple medications, including antibiotics and hydration therapy. ",Supported,"The reference notes that the patient was intubated and started on broad spectrum antibiotics and pressors, and there are mentions of hydration therapy plans, supporting the statement that he was reintubated and received multiple medications including antibiotics and hydration therapy.","Hospital Admission Start: 15 days 0 hours ago
Hospital Admission End: Now
Electronic Health Record Context
Ordered by Time (Earliest to Latest):
1. When: 14 days 16 hours ago, Note Category: Nursing, Note Description: Nursing Progress Note | Text: Extubated in or.  
2. When: 5 days 16 hours ago, Note Category: Nursing, Note Description: Nursing Progress Note | Text: Hydralazine given. 
3. When: 5 days 16 hours ago, Note Category: Nursing, Note Description: Nursing Progress Note | Text: Plan:
   Continue with hydralazine prn.

4. When: 5 days 16 hours ago, Note Category: Nursing, Note Description: Nursing Progress Note | Text: Haldo, ativan and Fentanyl given.
   
5. When: 4 days 16 hours ago, Note Category: Nursing, Note Description: Nursing Progress Note | Text: Extubated
 and weaned off sedation on Sunday [**2116-2-2**].

6. When: 4 days 16 hours ago, Note Category: Physician, Note Description: Intensivist Note | Text: Morphine Sulfate
   24 Hour Events:
 EXTUBATION - At [**2116-2-2**] 08:30 AM
   Post operative day:
   POD#3 - ws/p craniotomy
   Allergies:
   No Known Drug Allergies
   Last dose of Antibiotics:
   Cefazolin - [**2116-2-1**] 04:26
7. When: 0 days 16 hours ago, Note Category: Physician, Note Description: Intensivist Note | Text: He was intubated, started on pressors as well as broad spectrum abx. 
8. When: 0 days 16 hours ago, Note Category: Nursing, Note Description: Nursing Progress Note | Text: Plan:
   Restore and maintain hemodynamic stability in order to start removing
   fluid.
   
"
7405f258-91ac-3930-4927-2412d0126402,So Admissao,"Throughout his hospital stay, the patient required ongoing management of his neurological status, pain, and anxiety, as well as treatment for septic shock, fluid overload, and metabolic acidosis. ",Supported,"The reference documents ongoing monitoring of neurological status, management of pain and anxiety, and treatment for septic shock, fluid overload, and metabolic acidosis throughout the hospital stay.","Hospital Admission Start: 15 days 0 hours ago
Hospital Admission End: Now
Electronic Health Record Context
Ordered by Time (Earliest to Latest):
1. When: 13 days 16 hours ago, Note Category: Nursing, Note Description: Nursing Progress Note | Text: Plan:
   Continue to monitor neuro status for changes. 
2. When: 4 days 16 hours ago, Note Category: Radiology, Note Description: CT HEAD W/O CONTRAST | Text: The patient is
 post-suboccipital craniotomy, with continued fluid in the postoperative bed.
3. When: 2 days 16 hours ago, Note Category: Physician, Note Description: Intensivist Note | Text: Consults: Neuro surgery
   Billing Diagnosis: Post-op hypotension
   ICU Care
   Nutrition:
   Glycemic Control:  Regular insulin sliding scale
   Lines:
   Indwelling Port (PortaCath) - [**2116-2-5**] 06:00 AM
   Prophylaxis:
   DVT: Boots
   Stress ulcer: H2 blocker
   VAP bundle:
   Comments:
   Communication: Patient discussed on interdisciplinary rounds ,
4. When: 1 days 16 hours ago, Note Category: Physician, Note Description: Intensivist Note | Text: OTHER, HYPERTENSION, BENIGN, ANXIETY, DELIRIUM /
   CONFUSION, [**Last Name 121**] PROBLEM - ENTER DESCRIPTION IN COMMENTS, ALTERED
   MENTAL STATUS (NOT DELIRIUM), .H/O DIABETES MELLITUS (DM), TYPE II,
   ACUTE PAIN
   Assessment and Plan: 68yM with metastatic esophageal CA to cerebellum
   now s/p left cerebellar metastatic resection, readmitted to SICU with
   florid septic picture.
5. When: 1 days 16 hours ago, Note Category: Nursing, Note Description: Nursing Progress Note | Text: Remains in met acidosis.
   
6. When: 0 days 16 hours ago, Note Category: Respiratory, Note Description: Respiratory Care Shift Note | Text: ventilation to control pH
   Reason for continuing current ventilatory support: Underlying illness
   not resolved
   Pt has a severe metabolic acidosis.
7. When: 0 days 16 hours ago, Note Category: Physician, Note Description: Intensivist Note | Text: Admit to SICU [**2-5**] with
   sepsis and multiorgan system failure
   Neuro: sedated.  
8. When: 0 days 16 hours ago, Note Category: Physician, Note Description: Intensivist Note | Text: He
   was brought to SICU in multi-system organ failure with oliguria
   requiring CVVH, liver failure, worsening hypocoagulable state, and
   severe metabolic acidosis.
9. When: 0 days 16 hours ago, Note Category: Nursing, Note Description: Nursing Progress Note | Text: [**Last Name **] Problem
 [**Name (NI) **] measures
   Assessment:
   Profound sepsis with mutisystem organ failure
   Action:
   Aggressive treatment supporting all systems until family meeting w/dr.
   
"
298f3674-4277-9c9d-75b9-53b668fda4cb,So Admissao,"On February 7, despite aggressive treatment, the patient's condition remained unstable, and after a family meeting with the doctor, it was decided to stop treatment due to the unsurvivable situation. ",Supported,"The reference notes the patient remained unstable with profound sepsis and multisystem organ failure despite aggressive treatment, and that after discussion with the family, all agreed to stop treatment due to unsurvivability.","Hospital Admission Start: 15 days 0 hours ago
Hospital Admission End: Now
Electronic Health Record Context
Ordered by Time (Earliest to Latest):
1. When: 13 days 16 hours ago, Note Category: Radiology, Note Description: CT ABD W&W/O C | Text: This lesion is stable from
 [**2114-12-13**].
 
2. When: 5 days 16 hours ago, Note Category: Nursing, Note Description: Nursing Progress Note | Text: Immediately became
   very agitated, hypertensive and uncooperative, trying to get out of bed
   and interfere with treatment.
   
3. When: 4 days 16 hours ago, Note Category: Nursing, Note Description: Nursing Progress Note | Text: Plan:
   Continue to monitor of increased agitation and treat with
   non-pharmacological as well as pharmacological interventions.

4. When: 1 days 16 hours ago, Note Category: Nursing, Note Description: Nursing Progress Note | Text: [**Last Name (STitle) **], aware that patient is not a surgical
   candidate due to overwhelming sepsis and liver failure.
   
5. When: 0 days 16 hours ago, Note Category: Physician, Note Description: Intensivist Note | Text: gen [**Doctor First Name 458**] consult yesterday and feel given clinical
   status pt is not a candidate for surgery at this time.
   
6. When: 0 days 16 hours ago, Note Category: Nursing, Note Description: Nursing Progress Note | Text: Response:
   Remains overall unstable, with episodes of dipping bp and cardiac
   output, with elevated svv.
   
7. When: 0 days 16 hours ago, Note Category: Nursing, Note Description: Nursing Progress Note | Text: All in agreement to stop treatment, and provide [**Name (STitle) 1396**] only to family.
   
8. When: 0 days 16 hours ago, Note Category: Nursing, Note Description: Nursing Progress Note | Text: [**First Name (STitle) **]
   [**Name (STitle) 53**]
s wishes and unsurvivability of situation discussed w/family.
   
9. When: 0 days 16 hours ago, Note Category: Nursing, Note Description: Nursing Progress Note | Text: [**Last Name **] Problem
 [**Name (NI) **] measures
   Assessment:
   Profound sepsis with mutisystem organ failure
   Action:
   Aggressive treatment supporting all systems until family meeting w/dr.
   
"
63c3af56-948e-25d9-f752-2e3f9e91d612,So Admissao,"The patient's care was withdrawn, and morphine was administered to manage symptoms. ",Supported,"The reference notes that care was withdrawn and morphine was administered as needed, supporting the text stating care was withdrawn and morphine was used to manage symptoms.","Hospital Admission Start: 15 days 0 hours ago
Hospital Admission End: Now
Electronic Health Record Context
Ordered by Time (Earliest to Latest):
1. When: 14 days 16 hours ago, Note Category: Nursing, Note Description: Nursing Progress Note | Text: Pain
   management. 
2. When: 6 days 16 hours ago, Note Category: Nursing, Note Description: Nursing Progress Note | Text: Action:
   Medicated with iv fentanyl.
   
3. When: 4 days 16 hours ago, Note Category: Physician, Note Description: Intensivist Note | Text: Morphine Sulfate
   24 Hour Events:
 EXTUBATION - At [**2116-2-2**] 08:30 AM
   Post operative day:
   POD#3 - ws/p craniotomy
   Allergies:
   No Known Drug Allergies
   Last dose of Antibiotics:
   Cefazolin - [**2116-2-1**] 04:26
4. When: 4 days 16 hours ago, Note Category: Physician, Note Description: Intensivist Note | Text: discontinued fentanyl and transitioned to morphine prn
   yesterday.
   
5. When: 2 days 16 hours ago, Note Category: Physician, Note Description: Intensivist Note | Text: morphine
   prn yesterday.
   
6. When: 2 days 16 hours ago, Note Category: Physician, Note Description: Intensivist Note | Text: morphine
   prn yesterday.Consider head CT ? 
7. When: 1 days 16 hours ago, Note Category: Nursing, Note Description: Nursing Progress Note | Text: Withdraws to painful stimuli. 
8. When: 0 days 16 hours ago, Note Category: Nursing, Note Description: Nursing Progress Note | Text: Care withdrawn @1530, vent left on on lower rate.
   
"
ae5a654d-37ad-a8cc-31e1-5d605160ef66,So Admissao,The patient was pronounced dead at 1650 with the family present and in agreement with the plan.,Supported,"The reference notes that the patient was pronounced at 1650 and that all family were present and in agreement with the plan to stop treatment, supporting the text statement.","Hospital Admission Start: 15 days 0 hours ago
Hospital Admission End: Now
Electronic Health Record Context
Ordered by Time (Earliest to Latest):
1. When: 14 days 16 hours ago, Note Category: Nursing, Note Description: Nursing Progress Note | Text: Plan: To OR today for intervention of brain lesion, daughters aware and
   request to be contact[**Name (NI) **] prior to procedure. 
2. When: 14 days 16 hours ago, Note Category: Nursing, Note Description: Nursing Progress Note | Text: Action:
   Vs monitored post-operatively,  neuro signs q1hr
   Response:
   Hemodynamically stable post-op,  no change in neuro status
   Plan:
   Continue to monitor neuro status,  repeat head ct in am,  chest ct in
   am

3. When: 6 days 16 hours ago, Note Category: Nursing, Note Description: Nursing Progress Note | Text: Plan:
   ?extubate today if possible. 
4. When: 6 days 16 hours ago, Note Category: Nursing, Note Description: Nursing Progress Note | Text: Plan:
   Continue to monitor pain and medicate prn.

5. When: 6 days 16 hours ago, Note Category: Nursing, Note Description: Nursing Progress Note | Text: Plan:
   Continue propofol gtt until ready to extubate. 
6. When: 1 days 16 hours ago, Note Category: Nursing, Note Description: Nursing Progress Note | Text: [**Last Name (STitle) **], aware that patient is not a surgical
   candidate due to overwhelming sepsis and liver failure.
   
7. When: 0 days 16 hours ago, Note Category: Nursing, Note Description: Nursing Progress Note | Text: Patient pronounced at 1650.
   
8. When: 0 days 16 hours ago, Note Category: Nursing, Note Description: Nursing Progress Note | Text: All family present, all in agreement with plan.
   
9. When: 0 days 16 hours ago, Note Category: Nursing, Note Description: Nursing Progress Note | Text: All in agreement to stop treatment, and provide [**Name (STitle) 1396**] only to family.
   
10. When: 0 days 16 hours ago, Note Category: Nursing, Note Description: Nursing Progress Note | Text: [**First Name (STitle) **]
   [**Name (STitle) 53**]
s wishes and unsurvivability of situation discussed w/family.
   
"
e31f24d4-036e-d2d3-398b-208ff377d612,So Admissao,"On February 6, the patient developed a florid septic picture, with severe diffuse large bowel thickening, likely due to severe colitis, possibly caused by C. difficile. ",Supported,"The reference documents severe diffuse large bowel thickening likely due to severe colitis, with C. difficile being the most likely pathogen, consistent with the text stating a florid septic picture with severe colitis possibly caused by C. difficile on February 6.","Hospital Admission Start: 15 days 0 hours ago
Hospital Admission End: Now
Electronic Health Record Context
Ordered by Time (Earliest to Latest):
1. When: 1 days 16 hours ago, Note Category: Radiology, Note Description: CT CHEST W/CONTRAST | Text: Diffuse wall thickening from the cecum to the splenic flexure likely
 reflects severe colitis with C. difficile being the most likely pathogen.

 
2. When: 1 days 16 hours ago, Note Category: Radiology, Note Description: CT CHEST W/CONTRAST | Text: Severe diffuse large bowel thickening which
  is dilated and stool filled with nml appearing small bowel.  
3. When: 1 days 16 hours ago, Note Category: Radiology, Note Description: CT CHEST W/CONTRAST | Text: [**Month (only) **] relate to
  severe 3rd spacing or other causes of pan colitis such as c. diff.
4. When: 1 days 16 hours ago, Note Category: Radiology, Note Description: CT CHEST W/CONTRAST | Text: Marked
 colonic wall thickening is most prominent from the cecum to the splenic
                                                             (Over)

 [**2116-2-6**] 3:42 AM
 CT CHEST W/CONTRAST;
5. When: 1 days 16 hours ago, Note Category: Nursing, Note Description: Nursing Progress Note | Text: Ct showed dilated loops of bowel w/ large amt of stool.
   
6. When: 1 days 16 hours ago, Note Category: Nutrition, Note Description: Clinical Nutrition Note | Text: Given pt
s large
   amount of stool output and likely c diff colitis, pt will likely need
   TPN for now.
   
7. When: 0 days 16 hours ago, Note Category: Physician, Note Description: Intensivist Note | Text: etiology
   of clinical picture and his multi-system organ failure likely from
   infectious colitis possibly due to C. difficile. 
8. When: 0 days 16 hours ago, Note Category: Physician, Note Description: Intensivist Note | Text: CT abdomen shows severe diffuse large bowel thickening which
   is dilated and stool filled with normal appearing small bowel. 
"
10fb55a1-337b-b6bc-3970-014f908eb71b,So Admissao,"He was treated with broad-spectrum antibiotics, vasopressin, norepinephrine, and propofol infusions. ",Supported,"The reference notes multiple entries confirming treatment with broad-spectrum antibiotics, vasopressin, norepinephrine, and propofol infusions.","Hospital Admission Start: 15 days 0 hours ago
Hospital Admission End: Now
Electronic Health Record Context
Ordered by Time (Earliest to Latest):
1. When: 1 days 16 hours ago, Note Category: Physician, Note Description: Intensivist Note | Text: STOP [**2116-2-5**] 11:58 PM
   Post operative day:
   POD#6 - ws/p craniotomy
   Allergies:
   No Known Drug Allergies
   Last dose of Antibiotics:
   Infusions:
   Vasopressin - 1.2 units/hour
   Propofol - 15 mcg/Kg/min
   Norepinephrine - 0.
2. When: 1 days 16 hours ago, Note Category: Nursing, Note Description: Nursing Progress Note | Text: Sedated on Propofol. 
3. When: 1 days 16 hours ago, Note Category: Nutrition, Note Description: Clinical Nutrition Note | Text: Pertinent medications: Levophed, Vasopressin, propofol, D5 c/ Bicarb
   @100cc/hr,
4. When: 0 days 16 hours ago, Note Category: Physician, Note Description: Intensivist Note | Text: He was intubated, started on pressors as well as broad spectrum abx. 
5. When: 0 days 16 hours ago, Note Category: Physician, Note Description: Intensivist Note | Text: [**2116-2-7**] 12:00 AM
   Infusions:
   Vasopressin - 2.4 units/hour
   Propofol - 20 mcg/Kg/min
   Calcium Gluconate (CRRT) - 24 grams/hour
   Phenylephrine - 2 mcg/Kg/min
   Other ICU medications:
   Insulin - Regular - [**2116-2-6**] 10:20 AM
   Other medications:
   Flowsheet Data as of
6. When: 0 days 16 hours ago, Note Category: Nursing, Note Description: Nursing Progress Note | Text: Action:
   Initially weaned off levo and neo on low dose, but eventually needed to
   increase dose of vasopressin.
   
"
7c4968b0-893c-bff5-32c4-f02742922b83,So Admissao,"His condition was critical, requiring close monitoring and multidisciplinary care. ",Supported,"The reference describes the patient as critically ill, requiring ICU care, multi-system organ failure management, and multidisciplinary communication, which supports the text stating the condition was critical and required close monitoring and multidisciplinary care.","Hospital Admission Start: 15 days 0 hours ago
Hospital Admission End: Now
Electronic Health Record Context
Ordered by Time (Earliest to Latest):
1. When: 13 days 16 hours ago, Note Category: Nursing, Note Description: Nursing Progress Note | Text: Plan:
   Continue to monitor neuro status for changes. 
2. When: 1 days 16 hours ago, Note Category: Physician, Note Description: Intensivist Note | Text: Boots
   Stress ulcer: H2 blocker
   VAP bundle: HOB elevation, Mouth care, Daily wake up, RSBI
   Comments:
   Communication: Patient discussed on interdisciplinary rounds , Family
   meeting held  Comments: Spent >1 hour speaking with family about
   patient
s status
   Code status: Full code
   Disposition: ICU
   Total time spent: 40 minutes
   Patient is critically ill
3. When: 1 days 16 hours ago, Note Category: Nursing, Note Description: Nursing Progress Note | Text: [**Last Name (STitle) **], aware that patient is not a surgical
   candidate due to overwhelming sepsis and liver failure.
   
4. When: 0 days 16 hours ago, Note Category: Physician, Note Description: Intensivist Note | Text: He
   was brought to SICU in multi-system organ failure with oliguria
   requiring CVVH, liver failure, worsening hypocoagulable state, and
   severe metabolic acidosis.
5. When: 0 days 16 hours ago, Note Category: Physician, Note Description: Intensivist Note | Text: etiology
   of clinical picture and his multi-system organ failure likely from
   infectious colitis possibly due to C. difficile. 
6. When: 0 days 16 hours ago, Note Category: Physician, Note Description: Intensivist Note | Text: He was intubated, started on pressors as well as broad spectrum abx. 
7. When: 0 days 16 hours ago, Note Category: Nursing, Note Description: Nursing Progress Note | Text: [**Last Name **] Problem
 [**Name (NI) **] measures
   Assessment:
   Profound sepsis with mutisystem organ failure
   Action:
   Aggressive treatment supporting all systems until family meeting w/dr.
   
"
b25f8ad4-4961-c9a5-9c82-5a1ae734d335,So Admissao,"The patient was diagnosed with multisystem organ failure, including renal failure, liver failure, and severe metabolic acidosis, and was given maximal support with ventilation, CRRT, and triple pressors. ",Supported,"The reference notes the patient was brought to SICU in multi-system organ failure including liver failure, oliguria requiring CVVH (renal support), and severe metabolic acidosis, and was given maximal support with ventilation, CRRT, and triple pressors.","Hospital Admission Start: 15 days 0 hours ago
Hospital Admission End: Now
Electronic Health Record Context
Ordered by Time (Earliest to Latest):
1. When: 1 days 16 hours ago, Note Category: Physician, Note Description: Intensivist Note | Text: Severe metabolic acidosis, improving - cont bicarb
   gtt, trend lactates.
   
2. When: 1 days 16 hours ago, Note Category: Physician, Note Description: Intensivist Note | Text: Severe metabolic acidosis, improving - cont bicarb
   gtt, trend lactates. 
3. When: 1 days 16 hours ago, Note Category: Nursing, Note Description: Nursing Progress Note | Text: Response:
   Maximally support with CRRT/ventilation and triple pressors.
4. When: 0 days 16 hours ago, Note Category: Respiratory, Note Description: Respiratory Care Shift Note | Text: ventilation to control pH
   Reason for continuing current ventilatory support: Underlying illness
   not resolved
   Pt has a severe metabolic acidosis.
5. When: 0 days 16 hours ago, Note Category: Physician, Note Description: Intensivist Note | Text: He
   was brought to SICU in multi-system organ failure with oliguria
   requiring CVVH, liver failure, worsening hypocoagulable state, and
   severe metabolic acidosis.
6. When: 0 days 16 hours ago, Note Category: Physician, Note Description: Intensivist Note | Text: nephrology, med/[**Female First Name (un) 1290**]
   Disposition: SICU, continue ETT and pressors but NO CPR
   Billing Diagnosis:
   ICU Care
   Nutrition:
   Glycemic Control:  Regular insulin sliding scale
   Lines:
   Indwelling Port (PortaCath) - [**2116-2-5**] 06:00 AM
   Arterial Line - [**2116-2-5**] 03:00 PM
   Multi Lumen -
7. When: 0 days 16 hours ago, Note Category: Nursing, Note Description: Nursing Progress Note | Text: Support optimal vent support for adequate oxygenation and acid/base
   correction.

"
cce5bab5-168c-5735-f64b-e1175cae2d18,So Admissao,"On January 31, the patient underwent a suboccipital craniectomy, which showed expected post-operative changes, including pneumocephalus and small blood products, but no large hemorrhage or shift of midline structures. ",Not Supported,"The reference notes indicate the suboccipital craniectomy and expected postoperative changes including pneumocephalus and small blood products, but the date of surgery is not January 31; the imaging was done 7 days ago and 2 days ago relative to admission, so the exact date of surgery is not confirmed as January 31.","Hospital Admission Start: 15 days 0 hours ago
Hospital Admission End: Now
Electronic Health Record Context
Ordered by Time (Earliest to Latest):
1. When: 7 days 16 hours ago, Note Category: Radiology, Note Description: CT HEAD W/O CONTRAST | Text: Expected post-suboccipital craniectomy changes, with pneumocephalus and
 small amount of resulting blood products.

 
2. When: 7 days 16 hours ago, Note Category: Radiology, Note Description: CT HEAD W/O CONTRAST | Text: HEAD CT WITHOUT IV CONTRAST:  There has been suboccipital craniectomy, with
 expected pneumocephalus in the posterior fossa as well as a small amount of
 surrounding blood products (2:3).  
3. When: 7 days 16 hours ago, Note Category: Radiology, Note Description: CT HEAD W/O CONTRAST | Text: patient to come
  directly from OR
 No contraindications for IV contrast
 ______________________________________________________________________________
                                  PFI REPORT
 Post suboccipital craniectomy changes with no unexpected hemorrhage.  
4. When: 7 days 16 hours ago, Note Category: Radiology, Note Description: CT HEAD W/O CONTRAST | Text: ______________________________________________________________________________
                                 FINAL REPORT
 HISTORY:  68-year-old male with suboccipital craniectomy and mass excision.
5. When: 6 days 16 hours ago, Note Category: Radiology, Note Description: MR HEAD W & W/O CONTRAST | Text: IMPRESSION:  Status post left occipital craniotomy.  
6. When: 4 days 16 hours ago, Note Category: Radiology, Note Description: CT HEAD W/O CONTRAST | Text: The patient is
 post-suboccipital craniotomy, with continued fluid in the postoperative bed.
7. When: 4 days 16 hours ago, Note Category: Radiology, Note Description: CT HEAD W/O CONTRAST | Text: s/p resection
 REASON FOR THIS EXAMINATION:
  Interval change
 No contraindications for IV contrast
 ______________________________________________________________________________
                                  PFI REPORT
 Status post left occipital craniotomy with fluid in postoperative bed and
 expected decrease in amount of pneumocephalus.  
8. When: 4 days 16 hours ago, Note Category: Radiology, Note Description: CT HEAD W/O CONTRAST | Text: No new intracranial hemorrhage.

 
9. When: 2 days 16 hours ago, Note Category: Radiology, Note Description: CT HEAD W/O CONTRAST | Text: FINDINGS:

 Patient is status post left-sided suboccipital craniotomy.
10. When: 2 days 16 hours ago, Note Category: Radiology, Note Description: CT HEAD W/O CONTRAST | Text: There is no acute intracranial hemorrhage, shift of normally midline
 structures.  
"
a0ad74d3-2317-c446-7859-5495ed723cb9,So Admissao,"Post-operatively, the patient was intubated and received mechanical ventilation. ",Supported,"The reference notes multiple instances confirming the patient was intubated and received mechanical ventilation post-operatively, including respiratory and physician notes documenting intubation and ventilatory support.","Hospital Admission Start: 15 days 0 hours ago
Hospital Admission End: Now
Electronic Health Record Context
Ordered by Time (Earliest to Latest):
1. When: 6 days 16 hours ago, Note Category: Respiratory, Note Description: Respiratory Care Shift Note | Text: Reason for continuing current ventilatory support: Sedated / Paralyzed;
   Comments: Plan elective extubation this morning.
2. When: 6 days 16 hours ago, Note Category: Respiratory, Note Description: Respiratory Care Shift Note | Text: Comments:
   Plan
   Next 24-48 hours: extubate after mri
   Reason for continuing current ventilatory support:
   Respiratory Care Shift Procedures
   Transports:
   Destination (R/T)
   Time
   Complications
   Comments
   Bedside Procedures:
   Comments:
3. When: 4 days 16 hours ago, Note Category: Nursing, Note Description: Nursing Progress Note | Text: Extubated
 and weaned off sedation on Sunday [**2116-2-2**].

4. When: 2 days 16 hours ago, Note Category: Radiology, Note Description: CHEST (PORTABLE AP) | Text: AP PORTABLE CHEST:  There has been interval intubation of the patient with the
 endotracheal tube in satisfactory position.
5. When: 2 days 16 hours ago, Note Category: Respiratory, Note Description: Respiratory Care Shift Note | Text: 24-48 hours:
   Reason for continuing current ventilatory support:
   Respiratory Care Shift Procedures
   Transports:
   Destination (R/T)
   Time
   Complications
   Comments
   Bedside Procedures:
   Comments:
   Patient intubated due respiratory failure # 7.5 @ 21 cm.Patient very
   acidotic needs volume ressucitation
6. When: 1 days 16 hours ago, Note Category: Respiratory, Note Description: Respiratory Care Shift Note | Text: Respiratory Care Shift Procedures
   Transports:
   Destination (R/T)
   Time
   Complications
   Comments
   Bedside Procedures:
   Comments: Pt received intubated on full vent support. 
7. When: 0 days 16 hours ago, Note Category: Physician, Note Description: Intensivist Note | Text: Pulm: Intubated [**2-5**]. 
8. When: 0 days 16 hours ago, Note Category: Physician, Note Description: Intensivist Note | Text: He was intubated, started on pressors as well as broad spectrum abx. 
"
cdab7f54-0d39-ef0f-03c1-9f9af1ce18d2,So Admissao,"His vital signs were stable, and he was being treated for altered mental status, diabetes, and acute pain. ",Supported,"The reference notes the patient was treated for altered mental status, has a history of diabetes mellitus type II, and acute pain, and mentions stable vital signs such as good ABGs and neuro status essentially unchanged, supporting the statement that his vital signs were stable and he was being treated for these conditions.","Hospital Admission Start: 15 days 0 hours ago
Hospital Admission End: Now
Electronic Health Record Context
Ordered by Time (Earliest to Latest):
1. When: 13 days 16 hours ago, Note Category: Nursing, Note Description: Nursing Progress Note | Text: Plan:
   Continue to monitor neuro status for changes. 
2. When: 5 days 16 hours ago, Note Category: Nursing, Note Description: Nursing Progress Note | Text: Altered mental status (not Delirium)
   Assessment:
   s/p resection of cerebellar mass [**2116-1-31**]
   sedated on propofol for MRI yesterday afternoon
   abg
s are good (see flow sheet)
   neuro status essentially unchanged,
   Pupils are equal and  reacting to light, both pupils are now  reactive.
3. When: 4 days 16 hours ago, Note Category: Nursing, Note Description: Nursing Transfer Note | Text: -          Able to encourage pt to eat, pt successfully ate 1 cup of
   ensure pudding with assistance
   Plan:
   -          continue to monitor neuro status
   -          consistently monitor pt for restlessness and desire to get
   OOB
   -          continue to assess incision appearance
   -          continue to assist pt eating soft foods
   Tachycardia,
4. When: 2 days 16 hours ago, Note Category: Physician, Note Description: Intensivist Note | Text: 5 mg/dL
   Assessment and Plan
   TACHYCARDIA, OTHER, HYPERTENSION, BENIGN, ANXIETY, DELIRIUM /
   CONFUSION, [**Last Name 121**] PROBLEM - ENTER DESCRIPTION IN COMMENTS, ALTERED
   MENTAL STATUS (NOT DELIRIUM), .H/O DIABETES MELLITUS (DM), TYPE II,
5. When: 1 days 16 hours ago, Note Category: Physician, Note Description: Intensivist Note | Text: OTHER, HYPERTENSION, BENIGN, ANXIETY, DELIRIUM /
   CONFUSION, [**Last Name 121**] PROBLEM - ENTER DESCRIPTION IN COMMENTS, ALTERED
   MENTAL STATUS (NOT DELIRIUM), .H/O DIABETES MELLITUS (DM), TYPE II,
   ACUTE PAIN
   Assessment and Plan: 68yM with metastatic esophageal CA to cerebellum
   now s/p left cerebellar metastatic resection, readmitted to SICU with
   florid septic picture.
6. When: 1 days 16 hours ago, Note Category: Physician, Note Description: Intensivist Note | Text: ALTERED
   MENTAL STATUS (NOT DELIRIUM), .H/O DIABETES MELLITUS (DM), TYPE II,
   ACUTE PAIN
   Assessment and Plan: 68yM with metastatic esophageal CA to cerebellum
   now s/p left cerebellar metastatic resection, readmitted to SICU with
   florid septic picture, unclear source.
   
7. When: 0 days 16 hours ago, Note Category: Physician, Note Description: Intensivist Note | Text: He was intubated, started on pressors as well as broad spectrum abx. 
"
10f3ccfb-c86d-5c12-f260-1872566fb443,So Admissao,"The plan was to wean him off the ventilator, monitor his neurological status, and manage his pain and blood sugar levels.

",Supported,"The reference notes include plans to wean sedation and extubate (wean off ventilator), monitor neurological status frequently, and manage pain and glycemic control with medications, supporting the text's stated plan.","Hospital Admission Start: 15 days 0 hours ago
Hospital Admission End: Now
Electronic Health Record Context
Ordered by Time (Earliest to Latest):
1. When: 14 days 16 hours ago, Note Category: Nursing, Note Description: Nursing Progress Note | Text: Action:
   Vs monitored post-operatively,  neuro signs q1hr
   Response:
   Hemodynamically stable post-op,  no change in neuro status
   Plan:
   Continue to monitor neuro status,  repeat head ct in am,  chest ct in
   am

2. When: 13 days 16 hours ago, Note Category: Nursing, Note Description: Nursing Progress Note | Text: Plan:
   Continue to monitor neuro status for changes. 
3. When: 6 days 16 hours ago, Note Category: Nursing, Note Description: Nursing Progress Note | Text: Plan:
   ?extubate today if possible. 
4. When: 6 days 16 hours ago, Note Category: Nursing, Note Description: Nursing Progress Note | Text: during
   the night propofol weaned down and pt currently followed commands
   inconsitently.
5. When: 6 days 16 hours ago, Note Category: Respiratory, Note Description: Respiratory Care Shift Note | Text: Reason for continuing current ventilatory support: Sedated / Paralyzed;
   Comments: Plan elective extubation this morning.
6. When: 6 days 16 hours ago, Note Category: Nursing, Note Description: Nursing Progress Note | Text: Plan:
   Continue to monitor pain and medicate prn.

7. When: 6 days 16 hours ago, Note Category: Nursing, Note Description: Nursing Progress Note | Text: Plan:
   Continue propofol gtt until ready to extubate. 
8. When: 5 days 16 hours ago, Note Category: Nursing, Note Description: Nursing Progress Note | Text: Action:
   Propofol weaned to 25 mcg to allow for gradual wake-up
   Response:
   Pt is waking, will wean Propofol to off
   Plan:
   Wean to extubated early this am
   Reassess pain issues, medicate with fentanyl if indicated
   Continue to check neuro signs as ordered.
9. When: 2 days 16 hours ago, Note Category: Physician, Note Description: Intensivist Note | Text: Consults: Neuro surgery
   Billing Diagnosis: Post-op hypotension
   ICU Care
   Nutrition:
   Glycemic Control:  Regular insulin sliding scale
   Lines:
   Indwelling Port (PortaCath) - [**2116-2-5**] 06:00 AM
   Prophylaxis:
   DVT: Boots
   Stress ulcer: H2 blocker
   VAP bundle:
   Comments:
   Communication: Patient discussed on interdisciplinary rounds ,
10. When: 0 days 16 hours ago, Note Category: Nursing, Note Description: Nursing Progress Note | Text: Plan:
   Restore and maintain hemodynamic stability in order to start removing
   fluid.
   
"
58a77b64-0677-13dc-5904-2bfa037c6767,So Admissao,"After stabilization, attempts were made to wean him off sedation and ventilator settings, and he was eventually extubated on the second hospital day. ",Not Supported,The reference indicates the patient self-extubated on the morning of the second hospital day rather than being weaned off sedation and ventilator settings and then extubated as planned.,"Hospital Admission Start: 1 days 18 hours ago
Hospital Admission End: Now
Electronic Health Record Context
Ordered by Time (Earliest to Latest):
1. When: 2 days 12 hours ago, Note Category: Physician, Note Description: Physician Resident Admission Note | Text: However, he then had to be intubated due to behavior, in 4
   pt restraints. 
2. When: 2 days 12 hours ago, Note Category: Physician, Note Description: Physician Resident Admission Note | Text: Transferred to MICU intubated, sedated and hemodynamically stable.
3. When: 1 days 12 hours ago, Note Category: Nursing, Note Description: Nursing Progress Note | Text: Around 2330
   sedation changed to propofol because he was restless on the bed
   w/Fentanyl 100mics/min and versed 3mg/hr he required  boluses.
   
4. When: 1 days 12 hours ago, Note Category: Physician, Note Description: Physician Resident Progress Note | Text: -self extubated this am.
   
5. When: 1 days 12 hours ago, Note Category: Nursing, Note Description: Nursing Transfer Note | Text: After extubation, he
   was very confused and completely disoriented.
6. When: 1 days 12 hours ago, Note Category: Nursing, Note Description: Nursing Transfer Note | Text: He self
   extubated, just prior to the planned extubation.  
7. When: 1 days 12 hours ago, Note Category: Nursing, Note Description: Nursing Transfer Note | Text: Plan:
   Continue with regular pain med schedule, starting slowly, gradually
   getting back to the levels he was at, at home.
   
8. When: 1 days 12 hours ago, Note Category: Nursing, Note Description: Nursing Transfer Note | Text: After this point he began to become more clear, was
   completely alert, oriented and was pleasant and cooperative
   Plan:
   Suggestions made to separate his meds at home so this doesn
t occur
   again, patient is back to baseline.  
9. When: 1 days 12 hours ago, Note Category: Nursing, Note Description: Nursing Transfer Note | Text: Altered mental status (not Delirium)
   Assessment:
   At the start of the shift patient was intubated and restrained on
   propofol, writhing in bed and following commands but inconsistently,
   uncooperative, very lethargic and kept his eyes closed.  
"
3e183e01-ca30-0d24-20f4-562e9e45197b,So Admissao,"Following extubation, the patient's condition improved, and he was found to have taken Ambien instead of his prescribed methadone, which led to his altered mental state.",Supported,"The reference notes that after extubation the patient was confused and disoriented but then became alert and oriented, and it was discovered he had taken Ambien instead of methadone, which explains his altered mental state.","Hospital Admission Start: 1 days 18 hours ago
Hospital Admission End: Now
Electronic Health Record Context
Ordered by Time (Earliest to Latest):
1. When: 2 days 12 hours ago, Note Category: Physician, Note Description: Physician Resident Admission Note | Text: He was given ativan and 4mg morphine
   initially. 
2. When: 1 days 12 hours ago, Note Category: Physician, Note Description: Physician Attending Progress Note | Text: uti vs pna, with further altered mental status and agitation
   after narca, now extubated during rounds, doing well:
   uri vs pna: non-toxic,
   -switch to levofloxacin 750 daily
   -stop all other abx
   chronic pain
   -clarify home meds and restart home pain meds
   -prn morphine
   ?change in mental status: appears to be resolved
   -fu head ct read
   -fu csf culture
   -better history from patient and wife today
3. When: 1 days 12 hours ago, Note Category: Nursing, Note Description: Nursing Transfer Note | Text: Action:
   Reorientation several times throughout the morning, he spoke with his
   wife trying to
put the pieces back together
   Response:
   As he started to clear he was able to remember that he had mixed up his
   medication and took ambien instead of his methadone yesterday
   afternoon.  
4. When: 1 days 12 hours ago, Note Category: Nursing, Note Description: Nursing Transfer Note | Text: After extubation, he
   was very confused and completely disoriented.
5. When: 1 days 12 hours ago, Note Category: Nursing, Note Description: Nursing Transfer Note | Text: Altered mental status (not Delirium)
   Assessment:
   At the start of the shift patient was intubated and restrained on
   propofol, writhing in bed and following commands but inconsistently,
   uncooperative, very lethargic and kept his eyes closed.  
6. When: 1 days 12 hours ago, Note Category: Nursing, Note Description: Nursing Transfer Note | Text: After this point he began to become more clear, was
   completely alert, oriented and was pleasant and cooperative
   Plan:
   Suggestions made to separate his meds at home so this doesn
t occur
   again, patient is back to baseline.  
7. When: 1 days 12 hours ago, Note Category: Nursing, Note Description: Nursing Transfer Note | Text: Orders were written to restart
   methadone and venlafaxine (tonight)
   Response:
   Great relief with sitting up in the chair.  
8. When: 1 days 12 hours ago, Note Category: Nursing, Note Description: Nursing Transfer Note | Text: Methadone afternoon dose was given.
   
"
c4477c25-0fa4-9ea1-d405-0d0f1a18713c,So Admissao,"The patient was admitted to the ICU with altered mental status (AMS), agitation, and a urinary tract infection (UTI). ",Supported,"The reference documents the patient presenting with altered mental status, agitation, and a urinary tract infection, consistent with the text stating ICU admission for AMS, agitation, and UTI.","Hospital Admission Start: 1 days 18 hours ago
Hospital Admission End: Now
Electronic Health Record Context
Ordered by Time (Earliest to Latest):
1. When: 2 days 12 hours ago, Note Category: Physician, Note Description: Physician Resident Admission Note | Text: Called EMS, walked into ambulance and was given narcan per
   protocol at which point patient became agitated and more confused and
   needed intubation in ED for agitation and large doses of
   benzos/narcotics to control behavior.
   
2. When: 1 days 12 hours ago, Note Category: Physician, Note Description: Physician Resident Progress Note | Text: She states that he was acting slightly combative and
   anxious this week but otherwise had no other symptoms of infection,
   usually does not have symptoms of UTI.
3. When: 1 days 12 hours ago, Note Category: Physician, Note Description: Physician Resident Progress Note | Text: Lymph:18.6 %, Mono:6.7 %, Eos:3.1 %, Lactic
   Acid:1.3 mmol/L, Albumin:3.7 g/dL, LDH:185 IU/L, Ca++:8.9 mg/dL,
   Mg++:1.9 mg/dL, PO4:2.9 mg/dL
   Assessment and Plan
 URINARY TRACT INFECTION (UTI)
 ALTERED MENTAL STATUS (NOT DELIRIUM)
   .
4. When: 1 days 12 hours ago, Note Category: Physician, Note Description: Physician Attending Progress Note | Text: uti vs pna, with further altered mental status and agitation
   after narca, now extubated during rounds, doing well:
   uri vs pna: non-toxic,
   -switch to levofloxacin 750 daily
   -stop all other abx
   chronic pain
   -clarify home meds and restart home pain meds
   -prn morphine
   ?change in mental status: appears to be resolved
   -fu head ct read
   -fu csf culture
   -better history from patient and wife today
5. When: 1 days 12 hours ago, Note Category: Physician, Note Description: Physician Attending Progress Note | Text: HPI:
   61M with h/o prostate ca, s/p surgery with multiple complications, h/o
   recurrent UTIs,  picked up by EMS for ?confusion, after a week or so of
   agitation. 
6. When: 1 days 12 hours ago, Note Category: Physician, Note Description: Physician Attending Progress Note | Text: Extra agitated in the ED, not responsive to multiple
   medications
   24 Hour Events:
   -in the ED,
7. When: 1 days 12 hours ago, Note Category: Nursing, Note Description: Nursing Transfer Note | Text: Altered mental status (not Delirium)
   Assessment:
   At the start of the shift patient was intubated and restrained on
   propofol, writhing in bed and following commands but inconsistently,
   uncooperative, very lethargic and kept his eyes closed.  
"
b0f6b04c-6f0c-e805-314a-9ed093a1d298,So Admissao,"He was intubated and sedated due to agitated behavior and was found to have positive toxicology screens for benzodiazepines, barbiturates, and methadone. ",Supported,"The reference states the patient had positive toxicology screens for benzodiazepines, barbiturates, and methadone, and was intubated due to agitated behavior, which fully supports the text.","Hospital Admission Start: 1 days 18 hours ago
Hospital Admission End: Now
Electronic Health Record Context
Ordered by Time (Earliest to Latest):
1. When: 2 days 12 hours ago, Note Category: Physician, Note Description: Physician Resident Admission Note | Text: In addition, pt with tox screen positive for benzos, barbs, and
   methadone. 
2. When: 2 days 12 hours ago, Note Category: Physician, Note Description: Physician Resident Admission Note | Text: He was given ativan and 4mg morphine
   initially. 
3. When: 2 days 12 hours ago, Note Category: Physician, Note Description: Physician Resident Admission Note | Text: However, he then had to be intubated due to behavior, in 4
   pt restraints. 
4. When: 2 days 12 hours ago, Note Category: Physician, Note Description: Physician Resident Admission Note | Text: Called EMS, walked into ambulance and was given narcan per
   protocol at which point patient became agitated and more confused and
   needed intubation in ED for agitation and large doses of
   benzos/narcotics to control behavior.
   
5. When: 1 days 12 hours ago, Note Category: Nursing, Note Description: Nursing Progress Note | Text: Around 2330
   sedation changed to propofol because he was restless on the bed
   w/Fentanyl 100mics/min and versed 3mg/hr he required  boluses.
   
6. When: 1 days 12 hours ago, Note Category: Nursing, Note Description: Nursing Progress Note | Text: He was given 2mg IV narcan.
"
cf2b711a-9e77-fbbf-9718-cf2cac9f835e,So Admissao,"The etiology of his AMS was unclear, but possible causes included infection, toxic metabolic disorder, or intracranial process. ",Supported,"The reference notes multiple possible causes for AMS including infection, toxic metabolic disorder, and states the etiology is unclear at this point, which fully supports the text.","Hospital Admission Start: 1 days 18 hours ago
Hospital Admission End: Now
Electronic Health Record Context
Ordered by Time (Earliest to Latest):
1. When: 2 days 12 hours ago, Note Category: Physician, Note Description: Physician Resident Admission Note | Text: Infectious etiology
   such as bacteremia, UTI, or menigitis are possible. 
2. When: 2 days 12 hours ago, Note Category: Physician, Note Description: Physician Resident Admission Note | Text: Most likely etiology is infection
   with narcotic use compounded but pt being given narcan.
   
3. When: 1 days 12 hours ago, Note Category: Physician, Note Description: Physician Resident Progress Note | Text: Toxic metabolic is most-likely etiology. 
4. When: 1 days 12 hours ago, Note Category: Physician, Note Description: Physician Resident Progress Note | Text: #AMS-unclear etiology at this point. 
"
c9716950-6faf-7a95-ca83-c1385d4bea01,So Admissao,He was treated with broad-spectrum antibiotics and sedation.,Supported,"The reference notes administration of broad-spectrum antibiotics (zosyn, vanco) and multiple sedatives (ativan, haldol, propofol, fentanyl, versed), supporting that he was treated with broad-spectrum antibiotics and sedation.","Hospital Admission Start: 1 days 18 hours ago
Hospital Admission End: Now
Electronic Health Record Context
Ordered by Time (Earliest to Latest):
1. When: 2 days 12 hours ago, Note Category: Physician, Note Description: Physician Resident Admission Note | Text: He was given ativan and 4mg morphine
   initially. 
2. When: 2 days 12 hours ago, Note Category: Physician, Note Description: Physician Resident Admission Note | Text: Patient was given 6mg ativan, 5mg of haldol, 4mg morphine, benedryl,
   famotidine, propofol, thiamine, folate, MVI, and zosyn, vanco as wekk
   as 2L NS.
   
3. When: 1 days 12 hours ago, Note Category: Nursing, Note Description: Nursing Progress Note | Text: Around 2330
   sedation changed to propofol because he was restless on the bed
   w/Fentanyl 100mics/min and versed 3mg/hr he required  boluses.
   
4. When: 1 days 12 hours ago, Note Category: Physician, Note Description: Physician Attending Progress Note | Text: - [**2198-8-2**] 08:45 PM
   Fentanyl - [**2198-8-3**] 12:00 AM
   Other medications:
   mvi, thiamin, famotidine, s/p zosyn
   Changes to medical and family history:
   PMH, SH, FH and ROS are unchanged from Admission except where noted
   above and below
   Review of systems is unchanged from admission except as noted below
   Review of systems:
   Constitutional: No(t) Fatigue, No(t) Fever
   Ear,
5. When: 1 days 12 hours ago, Note Category: Nursing, Note Description: Nursing Transfer Note | Text: After this point he began to become more clear, was
   completely alert, oriented and was pleasant and cooperative
   Plan:
   Suggestions made to separate his meds at home so this doesn
t occur
   again, patient is back to baseline.  
6. When: 1 days 12 hours ago, Note Category: Nursing, Note Description: Nursing Transfer Note | Text: Plan:
   Continue with regular pain med schedule, starting slowly, gradually
   getting back to the levels he was at, at home.
   
7. When: 1 days 12 hours ago, Note Category: Nursing, Note Description: Nursing Transfer Note | Text: At home he is on methadone, percocet for breakthrough
   pain and venlafaxadine.
"
c6541ef9-6aba-7ece-287a-dc4bc6aa5ff1,So Admissao,"He was transferred to the floor, where he continued to recover and was planned for discharge with a regular pain medication schedule and education on separating his medications at home to prevent similar incidents.",Supported,"The reference notes indicate the patient was transferred to the floor, continued on a regular pain medication schedule, and was given education on separating medications at home to prevent recurrence, which fully supports the text.","Hospital Admission Start: 1 days 18 hours ago
Hospital Admission End: Now
Electronic Health Record Context
Ordered by Time (Earliest to Latest):
1. When: 2 days 12 hours ago, Note Category: Physician, Note Description: Physician Resident Admission Note | Text: He was given ativan and 4mg morphine
   initially. 
2. When: 2 days 12 hours ago, Note Category: Physician, Note Description: Physician Resident Admission Note | Text: Upon arrival to the floor, pt is sedated/intubated.
   
3. When: 2 days 12 hours ago, Note Category: Physician, Note Description: Physician Resident Admission Note | Text: Could also be complicated by his complex pain med
   regimen at home with ?
4. When: 1 days 12 hours ago, Note Category: Nursing, Note Description: Nursing Transfer Note | Text: Plan:
   Continue with regular pain med schedule, starting slowly, gradually
   getting back to the levels he was at, at home.
   
5. When: 1 days 12 hours ago, Note Category: Nursing, Note Description: Nursing Transfer Note | Text: After this point he began to become more clear, was
   completely alert, oriented and was pleasant and cooperative
   Plan:
   Suggestions made to separate his meds at home so this doesn
t occur
   again, patient is back to baseline.  
6. When: 1 days 12 hours ago, Note Category: Nursing, Note Description: Nursing Transfer Note | Text: At home he is on methadone, percocet for breakthrough
   pain and venlafaxadine.
7. When: 1 days 12 hours ago, Note Category: Nursing, Note Description: Nursing Transfer Note | Text: Action:
   Reorientation several times throughout the morning, he spoke with his
   wife trying to
put the pieces back together
   Response:
   As he started to clear he was able to remember that he had mixed up his
   medication and took ambien instead of his methadone yesterday
   afternoon.  
8. When: 1 days 12 hours ago, Note Category: Nursing, Note Description: Nursing Transfer Note | Text: Orders were written to restart
   methadone and venlafaxine (tonight)
   Response:
   Great relief with sitting up in the chair.  
"
90bac79c-0735-51d8-27cd-9eb1415280ba,So Admissao,"He was also treated for acute renal failure, bacteremia, and hypernatremia. ",Not Supported,The reference mentions treatment for hypernatremia but does not mention treatment for acute renal failure or bacteremia.,"Hospital Admission Start: 10 days 11 hours ago
Hospital Admission End: Now
Electronic Health Record Context
Ordered by Time (Earliest to Latest):
1. When: 8 days 17 hours ago, Note Category: Physician, Note Description: Physician Resident Progress Note | Text: 5.Hypernatremia:  Likely due to decreased access to free water.  
2. When: 8 days 17 hours ago, Note Category: Physician, Note Description: Physician Attending Progress Note | Text: hypernatremia: continue free water bolus.
   
3. When: 7 days 17 hours ago, Note Category: Physician, Note Description: Physician Resident Progress Note | Text: #.Hypernatremia:  Likely due to decreased access to free water.
4. When: 7 days 17 hours ago, Note Category: Physician, Note Description: Physician Resident Progress Note | Text: #.Hypernatremia:  Likely due to decreased access to free water.  
5. When: 6 days 17 hours ago, Note Category: Physician, Note Description: Physician Attending Progress Note | Text: hypernatremia:  continue free H20 250 q4h.
   
"
6565f860-8455-5b69-5914-f90662b57ad9,So Admissao,"The patient showed improvement with treatment, including the discontinuation of invasive ventilation and the removal of his PICC line.

",Supported,"The reference notes that the PICC line was pulled and invasive ventilation was stopped, indicating improvement with treatment as stated in the text.","Hospital Admission Start: 10 days 11 hours ago
Hospital Admission End: Now
Electronic Health Record Context
Ordered by Time (Earliest to Latest):
1. When: 10 days 17 hours ago, Note Category: Radiology, Note Description: CHEST (PORTABLE AP) | Text: A retracted
 right PICC line ends outside the chest wall.  
2. When: 10 days 17 hours ago, Note Category: Nursing, Note Description: Nursing Progress Note | Text: He was seen by IP due to possible air leak as he was pulling
   tidal volumes of 200.  he was bronched here in the icu and trach
   replaced. 
3. When: 9 days 17 hours ago, Note Category: Physician, Note Description: Physician Resident Progress Note | Text: If possible, will remove PICC line.
   
4. When: 9 days 17 hours ago, Note Category: Physician, Note Description: Physician Resident Progress Note | Text: Free water via OGT
   # Prophylaxis: Subcutaneous heparin
   # Access: PICC line
   # Communication: Wife and daughter
   # Code:  Full per prior admission
   # Disposition: ICU pending clinical improvement
   ICU Care
   Nutrition:
   Glycemic Control:
   Lines:
   PICC Line - [**2182-5-20**] 02:23 PM
   Prophylaxis:
   DVT:
   Stress ulcer:
   VAP:
   Comments:
   Communication:  Comments:
   Code status:
   Disposition:
5. When: 9 days 17 hours ago, Note Category: Physician, Note Description: Physician Resident Progress Note | Text: Disposition: ICU pending clinical improvement
   ICU Care
   Nutrition:
   Glycemic Control:
   Lines:
   PICC Line - [**2182-5-20**] 02:23 PM
   Prophylaxis:
   DVT:
   Stress ulcer:
   VAP:
   Comments:
   Communication:  Comments:
   Code status:
   Disposition:
6. When: 9 days 17 hours ago, Note Category: Echo, Note Description: Report | Text: INTERPRETATION:

Findings:

Patient trached on ventilatory support.

7. When: 8 days 17 hours ago, Note Category: Physician, Note Description: Physician Resident Progress Note | Text: - PICC line stayed in.
8. When: 7 days 17 hours ago, Note Category: Physician, Note Description: Physician Resident Progress Note | Text: - On bumex for goal 1-2 L neg fluid balance today
   - PICC pulled today given [**2-11**] GPCs, will culture tip and repeat
   peripheral blood cx
   - heparin gtt discontinued (received 48 hrs)
   - Interpreter visited; [**Name8 (MD) **] RN pt was fully alert, oriented, following
   commands
   - Invasive ventilation stopped.
9. When: 7 days 17 hours ago, Note Category: Rehab Services, Note Description: PMV & Swallow Evaluation | Text: He
underwent rigid bronch with removal of the stent and trach
placement on [**2182-5-6**]. 
"
f85e9e42-3cc1-3d3b-207c-99d3b440e967,So Admissao,"A 62-year-old man with a history of anoxic brain injury, type one diabetes, and recurrent aspiration pneumonia was admitted to the ICU with respiratory failure, suspected aspiration pneumonia, and acute renal failure. ",Supported,"The reference confirms the patient is a 62-year-old man with anoxic brain injury, type one diabetes, and recurrent aspiration pneumonia, admitted to the ICU with respiratory failure and suspected aspiration pneumonia, as well as acute renal failure (noted by s/p renal transplant and related complications).","Hospital Admission Start: 10 days 11 hours ago
Hospital Admission End: Now
Electronic Health Record Context
Ordered by Time (Earliest to Latest):
1. When: 9 days 17 hours ago, Note Category: Nursing, Note Description: Nursing Progress Note | Text: HPI:
   62 yo man with anoxic brain injury, DM I, s/p renal transplant in
   [**2175**].  
2. When: 9 days 17 hours ago, Note Category: Nursing, Note Description: Nursing Progress Note | Text: 61 yo Russian-speaking man w/anoxic brain injury and with hx of
   DMI, s/p cadaveric kidney transplant([**2175**]), h/o CVA and chronic
   aspiration (multiple admissions for aspiration PNA - last [**3-19**]),
   CABG in [**2170**], widespread tracheomalacia with trach stent, and recent
   admission to the ICU from [**Date range (2) 12126**] for PNA, stent removal and
   tracheostomy.
3. When: 8 days 17 hours ago, Note Category: Physician, Note Description: Physician Resident Progress Note | Text: Assessment and Plan
   62 year old man with history of anoxic brain injury, type one diabetesI
   and recurrent aspiration PNA s/p tracheostomy who presents after
   witnessed aspiration event with pneumonia, DKA and NSTEMI.
   
4. When: 8 days 17 hours ago, Note Category: Nursing, Note Description: Nursing Progress Note | Text: HISTORY OF PRESENT ILLNESS:
   62 y/o Russian-speaking man with past medical history significant for V
   fib arrest c/b anoxic brain injury, CAD s/p CABG, DMI, s/p cadaveric
   kidney transplant, h/o CVA and recurrent aspirations most recently
   requiring ICU admission [**Date range (1) 12129**], then sent to rehab and readmitted
   with hypoxemia, fever and leukokcytosis on [**5-20**] found to have recurrent
   aspiration PNA, DKA, and UTI.
"
35f26cda-afc9-cf66-9eff-c5a27edf20b0,So Admissao,"He was treated with antibiotics, including vancomycin and cefepime, and was started on an insulin drip for diabetic ketoacidosis. ",Supported,"The reference indicates treatment with vancomycin and cefepime for aspiration pneumonia and continuation of an insulin drip for diabetic ketoacidosis, supporting the text.","Hospital Admission Start: 10 days 11 hours ago
Hospital Admission End: Now
Electronic Health Record Context
Ordered by Time (Earliest to Latest):
1. When: 10 days 17 hours ago, Note Category: Physician, Note Description: Physician Attending Admission Note - MICU | Text: DM I:  Can start insulin drip.  
2. When: 9 days 17 hours ago, Note Category: Physician, Note Description: Physician Attending Progress Note | Text: Continue insulin drip, as he needs free water.
   
3. When: 8 days 17 hours ago, Note Category: Nursing, Note Description: Nursing Progress Note | Text: He was treated for aspiration PNA with Vanc, Levo,
   Flagyl and then switched to Cefepime and Azithro to complete a 10 day
   course.  
4. When: 8 days 17 hours ago, Note Category: Nursing, Note Description: Nursing Progress Note | Text: He was also given Cipro x 7 days for a UTI.  
5. When: 6 days 17 hours ago, Note Category: Nursing, Note Description: Nursing Transfer Note | Text: All antibiotics off exept for
   IV cefapime for e.coli in urine..  Poor peripheral access, currently
   with 1 20 guage IV
   Presented to ED in DKA, treated with IV fluids and IV insulin along
   with free water.
"
06255243-ac33-aed0-7fb6-74d536825ba2,So Admissao,The patient required invasive ventilation through a tracheostomy tube and was also receiving treatment for his renal transplant and was on prophylaxis for DVT and stress ulcer.,Supported,"The reference indicates the patient had a tracheostomy tube and was on ventilatory support, had a renal transplant, and the clinical context supports prophylaxis for DVT and stress ulcer as standard care in such patients.","Hospital Admission Start: 10 days 11 hours ago
Hospital Admission End: Now
Electronic Health Record Context
Ordered by Time (Earliest to Latest):
1. When: 10 days 17 hours ago, Note Category: Physician, Note Description: Physician Resident Admission Note | Text: History:
   - Cadaveric renal transplant in [**2175**]
   - CVA-residual right hemiparesis
   - DM Type I
   - HTN
   - Hx non-QMI and Vfib arrest [**2169**] with anoxic brain injury
   - CAD/CABG [**2170**]
   - Swallow study-showed silent aspiration
   - hx of aspiration pneumonia
   - tracheomalacia after long intubation requiring trach stent and
   button complicated by site cellulitis and
2. When: 10 days 17 hours ago, Note Category: Nursing, Note Description: Nursing Progress Note | Text: 61 yo Russian-speaking man w/anoxic brain injury and with hx of
   DMI, s/p cadaveric kidney transplant([**2175**]), h/o CVA and chronic
   aspiration (multiple admissions for aspiration PNA - last [**3-19**]),
   CABG in [**2170**], widespread tracheomalacia with trach stent, and recent
   admission to the ICU from [**Date range (2) 12126**] for PNA, stent removal and
   tracheostomy.
3. When: 10 days 17 hours ago, Note Category: Nursing, Note Description: Nursing Progress Note | Text: He was seen by IP due to possible air leak as he was pulling
   tidal volumes of 200.  he was bronched here in the icu and trach
   replaced. 
4. When: 9 days 17 hours ago, Note Category: Echo, Note Description: Report | Text: INTERPRETATION:

Findings:

Patient trached on ventilatory support.

5. When: 6 days 17 hours ago, Note Category: Radiology, Note Description: CHEST (PORTABLE AP) | Text: Tracheostomy tube is again seen.



6. When: 6 days 17 hours ago, Note Category: Nursing, Note Description: Nursing Transfer Note | Text: HPI:
   62 yo man with anoxic brain injury, DM I, s/p renal transplant in
   [**2175**].  
"
2f437854-97a2-ee50-48fa-e68ceac0b932,So Admissao,He was eventually weaned off the ventilator and was considered for cardiac catheterization. ,Not Supported,The reference mentions plans and considerations for cardiac catheterization and ventilator-related care but does not state that he was actually weaned off the ventilator or that he was considered for cardiac catheterization after being weaned.,"Hospital Admission Start: 10 days 11 hours ago
Hospital Admission End: Now
Electronic Health Record Context
Ordered by Time (Earliest to Latest):
1. When: 10 days 17 hours ago, Note Category: Physician, Note Description: Physician Resident Admission Note | Text: The plan was to replace his trach once in the
   ICU.
   
2. When: 10 days 17 hours ago, Note Category: Physician, Note Description: Physician Resident Admission Note | Text: He was discharged
   with a dobhoff feeding tube and on tube feeds.
3. When: 10 days 17 hours ago, Note Category: Nursing, Note Description: Nursing Progress Note | Text: He was seen by IP due to possible air leak as he was pulling
   tidal volumes of 200.  he was bronched here in the icu and trach
   replaced. 
4. When: 10 days 17 hours ago, Note Category: Nursing, Note Description: Nursing Progress Note | Text: Ekg done. 
5. When: 8 days 17 hours ago, Note Category: Physician, Note Description: Physician Attending Progress Note | Text: Will have cardiology see, to assess whether he should have cath.
   
6. When: 8 days 17 hours ago, Note Category: Physician, Note Description: Cardiology Consult | Text: -Once renal function returns to baseline, and UTI is treated we would
   perform left heart catheterization, if that is within the patient and
   his family's acceptable goals of care.
   
7. When: 8 days 17 hours ago, Note Category: Nursing, Note Description: Nursing Progress Note | Text: pulled out NGT
   Replaced and confirmed by cxray
   Russian interpreter in this am, patient following commands and denying
   pain
   Cardiology consult obtained in the setting of new MI
   Heparin gtt stopped, lopressor decreased
   Sub-c heparin begun
   Glargine hs insulin increased to 30 u
   Free water to be given via gut
   Response:
   Tolerating all changes well
   Plan:
   Transfer back to rehab
   ?Need for heart cath is that is what family want for patient
s care
8. When: 7 days 17 hours ago, Note Category: General, Note Description: Attending Progress Note | Text: Will try to get information on his CABG.
   
9. When: 7 days 17 hours ago, Note Category: Rehab Services, Note Description: PMV & Swallow Evaluation | Text: Pt is
scheduled for a cardiac cath Monday, but after discussion with
MD, it was decided to take him for the video swallow tomorrow. 
"
eca0c6e8-cefb-a51b-0ffe-5278353fda89,So Admissao,"The patient's treatment plan included monitoring for cardiac biomarkers, managing his diabetes and hypertension, and addressing his acute renal failure and hypernatremia.

",Supported,"The reference notes monitoring of renal function (trend creatinine), managing diabetes and hypertension (medications and glucose control), and addressing acute renal failure and hypernatremia (IVF, electrolyte monitoring, nutrition adjustments).","Hospital Admission Start: 10 days 11 hours ago
Hospital Admission End: Now
Electronic Health Record Context
Ordered by Time (Earliest to Latest):
1. When: 10 days 17 hours ago, Note Category: Nursing, Note Description: Nursing Progress Note | Text: Plan:
   Con
t glucose control. 
2. When: 9 days 17 hours ago, Note Category: Physician, Note Description: Physician Resident Progress Note | Text: - renally dose medication
   - hold nephrotoxic medication (enalapril)
   - renal transplant recs
   - trend creatinine
   - continue IVF
   .
   
3. When: 9 days 17 hours ago, Note Category: Physician, Note Description: Physician Resident Progress Note | Text: - renally dose medication
   - hold nephrotoxic medication (enalapril)
   - renal transplant recs
   - trend creatinine
   - continue IVF
   - [**Hospital1 **] electrolytes
   .
   
4. When: 8 days 17 hours ago, Note Category: Physician, Note Description: Physician Resident Progress Note | Text: - renally dose medication
   - hold nephrotoxic medication (enalapril)
   - renal transplant recs: monitor CK in setting of pravastatin and
   tacrolimus interaction
   - trend creatinine
   - continue IVF
   - [**Hospital1 **] electrolytes
   .
   
5. When: 8 days 17 hours ago, Note Category: Physician, Note Description: Physician Resident Progress Note | Text: - renally dose medication
   - touch base with renal regarding nephrotoxic medication (enalapril)
   - renal transplant recs: monitor CK in setting of pravastatin and
   tacrolimus interaction
   - trend creatinine
   - continue IVF
   - [**Hospital1 **] electrolytes
   .
   
6. When: 8 days 17 hours ago, Note Category: Physician, Note Description: Cardiology Consult | Text: ASSESSMENT AND PLAN, AS REVIEWED AND DISCUSSED IN MULTIDISCIPLINARY
   ROUNDS:
   62 y/o man with CAD s/p CABG in [**2170**], HTN, Dyslipidemia, DM1 with
   multiple end organ complications, prior CVA who has had recurrent
   aspiration pneumonias and was readmitted with hypoxia, leukocytosis,
   acute renal failure and fever being treated for UTI, with
   hospitalization c/b new ECG changes,
7. When: 8 days 17 hours ago, Note Category: Physician, Note Description: Cardiology Consult | Text: MICU course c/b NSTEMI, found to have
   ECG changes
   On [**5-20**] he was started on heparin gtt, ASA 325mg po daily, and
   pravastatin 80mg po qhs, he was continued on his home metoprolol, but
   his ACE-I was held [**3-12**] acute renal insufficiency.  
8. When: 7 days 17 hours ago, Note Category: Physician, Note Description: Physician Resident Progress Note | Text: - Nutrition: switched to Novasource/beneprotein TF with 250 cc water
   q4h for hypernatremia (equivalent to 60 cc/hr, per renal recs)
   - Renal recs: need 60 ml/hr free h20 for 1.8L deficit; also may
   consider stopping cellcept and continuing on 2 dose immunosuppresive
   regimen (prednisone/tacrolimus) once Cr is stable (so that can monitor
   for rejection by Cr level),
9. When: 7 days 17 hours ago, Note Category: Physician, Note Description: Physician Resident Progress Note | Text: - renally dose medication
   - Enalapril restarted [**5-22**] (discussed with renal)
   - renal transplant recs: monitor CK in setting of pravastatin and
   tacrolimus interaction
   - trend creatinine
   - continue IVF
   - [**Hospital1 **] electrolytes
   .
   
"
df931bb6-582f-88b7-37bf-325de9cb3431,So Admissao,"The patient was also evaluated for dysphagia, and a video oropharyngeal swallow examination revealed a swallow delay, with penetration without aspiration noted with nectar consistency.",Supported,"The reference documents a video oropharyngeal swallow examination noting a swallow delay and penetration without aspiration with nectar consistency, directly supporting the text.","Hospital Admission Start: 10 days 11 hours ago
Hospital Admission End: Now
Electronic Health Record Context
Ordered by Time (Earliest to Latest):
1. When: 7 days 17 hours ago, Note Category: Rehab Services, Note Description: PMV & Swallow Evaluation | Text: Video swallow tomorrow for further evaluation. 
2. When: 7 days 17 hours ago, Note Category: Rehab Services, Note Description: PMV & Swallow Evaluation | Text: A swallow evaluation was
completed and he was advanced to nectar thick liquids and ground
solids. 
3. When: 7 days 17 hours ago, Note Category: Rehab Services, Note Description: PMV & Swallow Evaluation | Text: His last video swallow was completed in [**10-17**] and he was
placed on nectar thick liquids and pureed solids. 
4. When: 7 days 17 hours ago, Note Category: Rehab Services, Note Description: PMV & Swallow Evaluation | Text: A swallow was also completed and he had
repeat swallows and delayed coughing concerning for possible
pharyngeal residue.
5. When: 6 days 17 hours ago, Note Category: Physician, Note Description: Physician Resident Progress Note | Text: Video
   swallow tomorrow for further evaluation. 
6. When: 6 days 17 hours ago, Note Category: Radiology, Note Description: VIDEO OROPHARYNGEAL SWALLOW | Text: Swallow delay is noted.
7. When: 6 days 17 hours ago, Note Category: Radiology, Note Description: VIDEO OROPHARYNGEAL SWALLOW | Text: There was penetration with nectar
 without aspiration.  
8. When: 6 days 17 hours ago, Note Category: Rehab Services, Note Description: Video Swallow Evaluation | Text: [**Known lastname 12161**] presented with a moderate oral and mild pharyngeal
dysphagia with impaired chewing and bolus control and a mild
swallow delay resulting in deep penetration and risk for
aspiration with nectar thick liquids.
9. When: 6 days 17 hours ago, Note Category: Rehab Services, Note Description: Video Swallow Evaluation | Text: ASPIRATION/PENETRATION:
Pt with deep penetration to the level of the vocal cords on
several boluses of nectar thick liquids [**3-12**] premature spillover
and swallow delay.
"
f969e10d-491e-122a-05f3-47fbee827b42,So Admissao,"The patient's condition was closely monitored, with a focus on managing his multiple comorbidities and preventing further complications. ",Not Addressed,"The reference notes various clinical evaluations and recommendations but does not explicitly mention close monitoring of the patient's condition, management of multiple comorbidities, or prevention of further complications.","Hospital Admission Start: 10 days 11 hours ago
Hospital Admission End: Now
Electronic Health Record Context
Ordered by Time (Earliest to Latest):
1. When: 10 days 17 hours ago, Note Category: ECG, Note Description: Report | Text: Clinical correlation is suggested.

2. When: 8 days 17 hours ago, Note Category: Physician, Note Description: Physician Attending Progress Note | Text: Chief Complaint: respiratory failure
   I saw and examined the patient, and was physically present with the ICU
   Resident for key portions of the services provided.  
3. When: 8 days 17 hours ago, Note Category: Physician, Note Description: Cardiology Consult | Text: This patient was seen, discussed and evaluated with Dr.
4. When: 8 days 17 hours ago, Note Category: Physician, Note Description: Cardiology Consult | Text: Please
   see his note in the inpatient medical record/OMR/metavision for
   additional comments.

5. When: 8 days 17 hours ago, Note Category: ECG, Note Description: Report | Text: Clinical correlation is
suggested. 
6. When: 7 days 17 hours ago, Note Category: Rehab Services, Note Description: PMV & Swallow Evaluation | Text: These recommendations were shared with the patient, nurse and
medical team.

7. When: 6 days 17 hours ago, Note Category: Physician, Note Description: Physician Resident Progress Note | Text: - [**Last Name (un) **] recs: do not stack insulin bolus (no repeat use of ss w/in 4
   hours since last dose); reduce lantus from 30 to 28; increase sliding
   scale by 1 unit per interval but only give q6h with possible additional
   correction if needed (and only if it is >4 hours since last bolus)
   - speech and swallow: patient able to speak with valve, answered
   questions about his pain, AOx1, singing songs/quoting poetry. 
8. When: 6 days 17 hours ago, Note Category: Rehab Services, Note Description: Video Swallow Evaluation | Text: These recommendations were shared with the patient, the nurse and
the medical team.

"
d63a4a4d-8359-9c34-2db3-c9ab3c252596,So Admissao,"The patient's condition continued to improve, and he was eventually transferred to the floor with a plan for continued management of his complex medical conditions, including cardiac catheterization and possible PEG tube placement.",Not Addressed,"The reference mentions plans for cardiac catheterization contingent on renal function and family goals, and discusses transfer to the floor when stable, but does not confirm that the patient was eventually transferred to the floor or that PEG tube placement was planned.","Hospital Admission Start: 10 days 11 hours ago
Hospital Admission End: Now
Electronic Health Record Context
Ordered by Time (Earliest to Latest):
1. When: 10 days 17 hours ago, Note Category: Physician, Note Description: Physician Resident Admission Note | Text: The plan was to replace his trach once in the
   ICU.
   
2. When: 8 days 17 hours ago, Note Category: Physician, Note Description: Cardiology Consult | Text: -Once renal function returns to baseline, and UTI is treated we would
   perform left heart catheterization, if that is within the patient and
   his family's acceptable goals of care.
   
3. When: 8 days 17 hours ago, Note Category: Physician, Note Description: Cardiology Consult | Text: ASSESSMENT AND PLAN, AS REVIEWED AND DISCUSSED IN MULTIDISCIPLINARY
   ROUNDS:
   62 y/o man with CAD s/p CABG in [**2170**], HTN, Dyslipidemia, DM1 with
   multiple end organ complications, prior CVA who has had recurrent
   aspiration pneumonias and was readmitted with hypoxia, leukocytosis,
   acute renal failure and fever being treated for UTI, with
   hospitalization c/b new ECG changes,
4. When: 8 days 17 hours ago, Note Category: Physician, Note Description: Cardiology Consult | Text: Until [**Name2 (NI) 1563**] he was able to get to clinic in a wheelchair.  
5. When: 8 days 17 hours ago, Note Category: Nursing, Note Description: Nursing Progress Note | Text: pulled out NGT
   Replaced and confirmed by cxray
   Russian interpreter in this am, patient following commands and denying
   pain
   Cardiology consult obtained in the setting of new MI
   Heparin gtt stopped, lopressor decreased
   Sub-c heparin begun
   Glargine hs insulin increased to 30 u
   Free water to be given via gut
   Response:
   Tolerating all changes well
   Plan:
   Transfer back to rehab
   ?Need for heart cath is that is what family want for patient
s care
6. When: 7 days 17 hours ago, Note Category: Nursing, Note Description: Nursing Progress Note | Text: Plan:
   Continue to pulmonary toilet.  
7. When: 7 days 17 hours ago, Note Category: Physician, Note Description: Physician Resident Progress Note | Text: Can
   transfer to [**Hospital1 2259**] when stable for floor.
8. When: 7 days 17 hours ago, Note Category: Physician, Note Description: Physician Resident Progress Note | Text: not yet discussed again with family
   # Disposition: ICU pending clinical improvement
   ICU Care
   Nutrition:
   Boost Glucose Control (Full) - [**2182-5-23**] 04:39 AM 50 mL/hour
   Glycemic Control:  see above
   Lines:
   20 Gauge - [**2182-5-22**] 08:04 PM
   Prophylaxis:
   DVT:
   Stress ulcer:
   VAP:
   Comments:
   Communication:  Comments:
   Code status:
   Disposition:
9. When: 6 days 17 hours ago, Note Category: Rehab Services, Note Description: Video Swallow Evaluation | Text: These recommendations were shared with the patient, the nurse and
the medical team.

"
660fdd54-963c-bac8-9057-995fed34ae9e,So Admissao,"The patient was unable to chew solids and was recommended to initiate a PO diet of honey thick liquids and pureed solids, with aspiration precautions and continued nutrition follow-up to monitor his intake and adjust tube feeds as necessary.

",Supported,"The reference states the patient could not chew solids and recommends initiating a PO diet of honey thick liquids and pureed solids with aspiration precautions, matching the text exactly.","Hospital Admission Start: 10 days 11 hours ago
Hospital Admission End: Now
Electronic Health Record Context
Ordered by Time (Earliest to Latest):
1. When: 9 days 17 hours ago, Note Category: Nutrition, Note Description: Clinical Nutrition Note | Text: Patient is tube feed
   dependent and has a ppft.  
2. When: 7 days 17 hours ago, Note Category: Rehab Services, Note Description: PMV & Swallow Evaluation | Text: A swallow evaluation was
completed and he was advanced to nectar thick liquids and ground
solids. 
3. When: 7 days 17 hours ago, Note Category: Rehab Services, Note Description: PMV & Swallow Evaluation | Text: His last video swallow was completed in [**10-17**] and he was
placed on nectar thick liquids and pureed solids. 
4. When: 6 days 17 hours ago, Note Category: Physician, Note Description: Physician Resident Progress Note | Text: Speech and swallow video study pending; pt may need PEG for permanently
   feeding solution given recurrent silent aspiration events in past.
   
5. When: 6 days 17 hours ago, Note Category: Radiology, Note Description: VIDEO OROPHARYNGEAL SWALLOW | Text: The patient could not chew any solids.

 
6. When: 6 days 17 hours ago, Note Category: Rehab Services, Note Description: Video Swallow Evaluation | Text: Suggest a PO diet of honey thick liquids and pureed solids.

7. When: 6 days 17 hours ago, Note Category: Rehab Services, Note Description: Video Swallow Evaluation | Text: As such, suggest he initiate a PO
diet of honey thick liquids and pureed solids but I feel his
intake will be limited. 
8. When: 6 days 17 hours ago, Note Category: Rehab Services, Note Description: Video Swallow Evaluation | Text: [**Known lastname 12161**] presented with a moderate oral and mild pharyngeal
dysphagia with impaired chewing and bolus control and a mild
swallow delay resulting in deep penetration and risk for
aspiration with nectar thick liquids.
9. When: 6 days 17 hours ago, Note Category: Rehab Services, Note Description: Video Swallow Evaluation | Text: Honey thick liquid,
Nectar-thick liquid, pureed consistency barium, and one ground
cookie coated with barium were administered. 
"
ae7fe870-8d6a-aedf-be16-536e309411bc,So Admissao,"The patient's cardiac status was closely monitored, and an electrocardiogram (ECG) showed evidence of a prior anterolateral myocardial infarction. ",Supported,"The reference contains multiple ECG reports indicating prior anterolateral myocardial infarction, supporting the text's statement about ECG evidence of a prior anterolateral myocardial infarction and close cardiac monitoring.","Hospital Admission Start: 10 days 11 hours ago
Hospital Admission End: Now
Electronic Health Record Context
Ordered by Time (Earliest to Latest):
1. When: 10 days 17 hours ago, Note Category: Nursing, Note Description: Nursing Progress Note | Text: Ekg done. 
2. When: 10 days 17 hours ago, Note Category: ECG, Note Description: Report | Text: Consider anterolateral myocardial
infarction. 
3. When: 10 days 17 hours ago, Note Category: ECG, Note Description: Report | Text: There are tiny R waves in the
inferior leads consistent with possible prior inferior myocardial infarction.

4. When: 10 days 17 hours ago, Note Category: ECG, Note Description: Report | Text: There is
a late transition with tiny R waves in the anterior leads consistent with
possible prior anterior myocardial infarction.  
5. When: 9 days 17 hours ago, Note Category: ECG, Note Description: Report | Text: Possible inferior myocardial infarction. 
6. When: 8 days 17 hours ago, Note Category: ECG, Note Description: Report | Text: Anterolateral myocardial infarction of indeterminate age.

7. When: 8 days 17 hours ago, Note Category: ECG, Note Description: Report | Text: Consider prior myocardial infarction and possible left anterior fascicular
block although are non-diagnostic. 
8. When: 3 days 17 hours ago, Note Category: ECG, Note Description: Report | Text: Prior anterolateral myocardial infarction. 
9. When: 3 days 17 hours ago, Note Category: ECG, Note Description: Report | Text: Consider prior
inferior myocardial infarction and possible left anterior fascicular block
although are non-diagnostic. 
10. When: 1 days 17 hours ago, Note Category: ECG, Note Description: Report | Text: Prior anteroseptal and lateral
myocardial infarction. 
"
4a14bf37-5bbf-80f0-0416-b7a44f9091b6,So Admissao,"A chest port line placement examination showed the PICC terminated just distal to the cavoatrial junction, with improved aeration in the left lower lobe.",Supported,"The reference states that the right PICC terminates just distal to the cavoatrial junction and notes improved aeration in the left lower lobe, which fully supports the text.","Hospital Admission Start: 10 days 11 hours ago
Hospital Admission End: Now
Electronic Health Record Context
Ordered by Time (Earliest to Latest):
1. When: 10 days 17 hours ago, Note Category: Radiology, Note Description: CHEST (PORTABLE AP) | Text: A retracted
 right PICC line ends outside the chest wall.  
2. When: 9 days 17 hours ago, Note Category: Radiology, Note Description: CHEST (PORTABLE AP) | Text: FINDINGS:  The NG tube passes into the distal stomach, tracheostomy tube and
 right PICC line are unchanged in position with the PICC tip in the axilla.
 
3. When: 8 days 17 hours ago, Note Category: Radiology, Note Description: CHEST (PORTABLE AP) | Text: Discarded right PICC again terminates outside the chest wall.
 
4. When: 8 days 17 hours ago, Note Category: Radiology, Note Description: CHEST (PORTABLE AP) | Text: Lung ventilation is improved, with decreased left
 lower lobe atelectasis.
5. When: 8 days 17 hours ago, Note Category: Physician, Note Description: Physician Resident Progress Note | Text: - PICC line stayed in.
6. When: 2 days 17 hours ago, Note Category: Radiology, Note Description: CHEST PORT. LINE PLACEMENT | Text: FINDINGS:  In comparison with the study of [**5-24**], there has been placement of a
 right PICC line that extends to the lower portion of the SVC.  
7. When: 2 days 17 hours ago, Note Category: Radiology, Note Description: CHEST PORT. LINE PLACEMENT | Text: call [**Doctor Last Name 1910**] [**Numeric Identifier 754**] w/ wet read
 ______________________________________________________________________________
 WET READ: MBue TUE [**2182-5-28**] 8:17 PM
  RT PICC TERM JUST DISTAL TO CAVOATRIAL JUNCTION.  
8. When: 2 days 17 hours ago, Note Category: Radiology, Note Description: CHEST PORT. LINE PLACEMENT | Text: IMPROVED AERATION LLL
 ______________________________________________________________________________
                                 FINAL REPORT
 HISTORY:  PICC placement.
9. When: 2 days 17 hours ago, Note Category: Radiology, Note Description: CHEST PORT. LINE PLACEMENT | Text: There is
 increased aeration at the left base with minimal residual atelectasis.
"
16ec8278-2d0a-c68a-0157-cf8bce802cc4,So Admissao,"During his hospital course, the patient developed a non-ST elevation myocardial infarction (NSTEMI) and underwent various procedures, including bronchoscopy, PICC line placement, and a Passy-Muir Valve evaluation.",Supported,"The reference documents the patient developed NSTEMI during hospitalization and underwent bronchoscopy (rigid bronch with stent removal), Passy-Muir Valve evaluation, and PICC line placement is implied by the clinical context of complex care.","Hospital Admission Start: 10 days 11 hours ago
Hospital Admission End: Now
Electronic Health Record Context
Ordered by Time (Earliest to Latest):
1. When: 9 days 17 hours ago, Note Category: Nursing, Note Description: Nursing Progress Note | Text: Myocardial infarction, acute (AMI, STEMI, NSTEMI)
   Assessment:
   Rhythm is NSR to SB  rate 80-58.
   
2. When: 9 days 17 hours ago, Note Category: Nursing, Note Description: Nursing Progress Note | Text: admitted
   [**Date range (1) 12129**] with aspiration PNA, stent removal, s/p trach.  
3. When: 8 days 17 hours ago, Note Category: Physician, Note Description: Physician Attending Progress Note | Text: Will have cardiology see, to assess whether he should have cath.
   
4. When: 8 days 17 hours ago, Note Category: Physician, Note Description: Physician Attending Progress Note | Text: Assessment and Plan
 MYOCARDIAL INFARCTION, ACUTE (AMI, STEMI, NSTEMI)
 PNEUMONIA, ASPIRATION
 HYPERGLYCEMIA
 [**Last Name 121**] PROBLEM - ENTER DESCRIPTION IN COMMENTS
   PNA:  Sputum cx. 
5. When: 7 days 17 hours ago, Note Category: General, Note Description: Attending Progress Note | Text: presented with respiratory failure,
   pulmonary edema, NSTEMI.
   
6. When: 7 days 17 hours ago, Note Category: Rehab Services, Note Description: PMV & Swallow Evaluation | Text: TITLE:
PASSY-MUIR VALVE EVALUATION / DISPENSE and Swallow Evaluation
HISTORY:
Thank you for consulting on this  62 y/o Russian speaking male
s/p V fib arrest  with anoxic brain injury, CVA wit recurrent
aspiration PNA, renal failure s/p renal transplant, tracheo
bronchomalacia s/p stent  and IDDM recently admitted for several
weeks [**3-12**] respiratory distress and stent was displaced.
7. When: 7 days 17 hours ago, Note Category: Rehab Services, Note Description: PMV & Swallow Evaluation | Text: He
underwent rigid bronch with removal of the stent and trach
placement on [**2182-5-6**]. 
8. When: 6 days 17 hours ago, Note Category: Nursing, Note Description: Nursing Progress Note | Text: Myocardial infarction, acute (AMI, STEMI, NSTEMI)
   Assessment:
   Pt s/p NSTEMI.
   
9. When: 6 days 17 hours ago, Note Category: Radiology, Note Description: CHEST (PORTABLE AP) | Text: [**2182-5-24**] 7:24 AM
 CHEST (PORTABLE AP); -76 BY SAME PHYSICIAN                      [**Name Initial (PRE) 1**] # [**Clip Number (Radiology) 89586**]
 Reason: please evaluate NGT placement
 Admitting Diagnosis: PNEUMONIA
 ______________________________________________________________________________
 [**Hospital 3**] MEDICAL CONDITION:
  62 year old man with NSTEMI, on trach collar, self-removed NGT,
10. When: 6 days 17 hours ago, Note Category: Physician, Note Description: Physician Attending Progress Note | Text: HPI:
   61 yo man with trach, admitted with STEMI, pulmonary edema, respiratory
   failure.  
"
ae93731f-6c74-58eb-7f2c-426d2fe471e3,So Admissao,"A chest radiograph on admission was normal, and a subsequent portable chest X-ray on 2146-11-01 showed no interval change or evidence of acute abnormality.",Supported,"The reference includes a chest radiograph on admission described as normal without evidence of pneumonia and a subsequent portable chest X-ray on 2146-11-01 showing no change or evidence of acute abnormality, fully supporting the text.","Hospital Admission Start: 2 days 23 hours ago
Hospital Admission End: Now
Electronic Health Record Context
Ordered by Time (Earliest to Latest):
1. When: 3 days 12 hours ago, Note Category: Radiology, Note Description: CHEST (PA & LAT) | Text: IMPRESSION:  Normal appearing chest radiograph without evidence for pneumonia.



2. When: 3 days 12 hours ago, Note Category: Radiology, Note Description: CHEST (PA & LAT) | Text: The lungs are clear without
 evidence for pneumonia or pleural effusion.  
3. When: 3 days 12 hours ago, Note Category: Radiology, Note Description: CHEST (PA & LAT) | Text: COMPARISON:  Chest radiograph from [**2146-1-6**].
4. When: 3 days 12 hours ago, Note Category: Radiology, Note Description: CHEST (PA & LAT) | Text: [**2146-10-31**] 10:13 AM
 CHEST (PA & LAT)                                                Clip # [**Clip Number (Radiology) 20392**]
 Reason: evaluate for pneumonia
 ______________________________________________________________________________
 [**Hospital 4**] MEDICAL CONDITION:
  25 year old woman with asthma, coughing/wheezing, increasing SOB
 REASON FOR THIS EXAMINATION:
  evaluate for pneumonia
 ______________________________________________________________________________
                                 FINAL REPORT
 PA AND LATERAL CHEST RADIOGRAPH.
5. When: 2 days 12 hours ago, Note Category: Physician, Note Description: Physician Resident Admission Note | Text: Was also intubated for respiratory distress after
   initial presentation in [**2145-4-25**].
6. When: 2 days 12 hours ago, Note Category: Radiology, Note Description: CHEST (PORTABLE AP) | Text: No evidence of acute pneumonia, vascular congestion, or pleural effusion.  
7. When: 2 days 12 hours ago, Note Category: Radiology, Note Description: CHEST (PORTABLE AP) | Text: No
 evidence of mediastinal mass.
8. When: 2 days 12 hours ago, Note Category: Radiology, Note Description: CHEST (PORTABLE AP) | Text: IMPRESSION:  No change or evidence of acute abnormality.



9. When: 2 days 12 hours ago, Note Category: Radiology, Note Description: CHEST (PORTABLE AP) | Text: [**2146-11-1**] 3:14 AM
 CHEST (PORTABLE AP)                                             Clip # [**Clip Number (Radiology) 10158**]
 Reason: r/o infiltrate, interval change
 Admitting Diagnosis: MYASTHENIA EXACERBATION
 ______________________________________________________________________________
 [**Hospital 2**] MEDICAL CONDITION:
  25 year old woman with myasthenia [**Last Name (un) 9787**], asthma, presents with SOB, URI
  symptoms.
10. When: 2 days 12 hours ago, Note Category: Nursing, Note Description: Nursing Transfer Note | Text: dx in [**5-2**] and has required
   intubation x2 since for flares as well as plasma phoresis, R lung
   nodual, VAP, GERD, s/p c section.
   
"
7da8f6c3-1575-f5ec-a2a4-d39e07b89c07,So Admissao,"The patient, a 25-year-old woman with a history of myasthenia gravis and asthma, was admitted to the ICU on 2146-10-31 with worsening dyspnea and diplopia, despite increased use of her albuterol nebulizers and increased doses of Mestinon and prednisone. ",Supported,"The reference confirms the patient is a 25-year-old woman with a history of myasthenia gravis and asthma, admitted to the ICU with worsening dyspnea and diplopia, increased use of albuterol nebulizers, and increased doses of Mestinon and prednisone.","Hospital Admission Start: 2 days 23 hours ago
Hospital Admission End: Now
Electronic Health Record Context
Ordered by Time (Earliest to Latest):
1. When: 3 days 12 hours ago, Note Category: Radiology, Note Description: CHEST (PA & LAT) | Text: HISTORY:  25-year-old woman with asthma, coughing and wheezing, and increasing
 shortness of breath.  
2. When: 3 days 12 hours ago, Note Category: Nursing, Note Description: Nursing Progress Note | Text: [**Known lastname 5845**],[**Known firstname **]: [**Hospital1 54**] Notes Detail - CCC Record #[**Numeric Identifier 5846**]
   This is a 25 year-old woman with a history of myasthenia [**Last Name (un) 3383**]
   (diagnosed in [**2145-4-25**] and intubated twice) and asthma she came to
   the EW with worsening dyspnea and diplopia over the past week.
3. When: 3 days 12 hours ago, Note Category: Nursing, Note Description: Nursing Progress Note | Text: Over the week, she has had worsening dyspnea,
   requiring increased use of her albuterol nebulizers up to four times a
   day. 
4. When: 3 days 12 hours ago, Note Category: Nursing, Note Description: Nursing Progress Note | Text: In the EW she was given prednisone 60 mg and a
   combivent nebulizer. 
5. When: 2 days 12 hours ago, Note Category: Physician, Note Description: Physician Resident Admission Note | Text: **]
   -Prednisone 10 mg daily (taper)
   -Mestinon 60 mg TID
   -Albuterol nebulizer (has increased use to four times daily over
   past three days)
   -Zantac 75 mg [**Hospital1 **]
   Past medical history:
   Family history:
   Social History:
   -Myasthenia [**Last Name (un) 3383**], Dx [**5-2**].
6. When: 2 days 12 hours ago, Note Category: Physician, Note Description: Physician Resident Admission Note | Text: Chief Complaint:  Dysnpea, Wheezing, Malaise
   HPI:
   25yoF with hx of Myasthenia [**Last Name (un) **] (dx [**5-2**], with two associated
   intubations) and asthma presents with dyspnea, malaise and diplopia. 
7. When: 2 days 12 hours ago, Note Category: Physician, Note Description: Physician Resident Admission Note | Text: Intubated for respiratory distress during
   exacerbation [**1-1**] when she also presentewd with dipolpia and
   dyspnea.  
8. When: 2 days 12 hours ago, Note Category: Physician, Note Description: Physician Attending Progress Note | Text: Myesthenia: Severe course in the past year requiring intubation x 2,
   admitted to ICU with asthma exacerbation and concern that it was
   leadint o resp muscle fatigue so admitted to MICU for q2 nif and VC.
9. When: 2 days 12 hours ago, Note Category: Nursing, Note Description: Nursing Transfer Note | Text: 25yoF with hx of Myasthenia [**Last Name (un) **] (dx [**5-2**], with two associated
   intubations),VAP, GERD, s/p C-section .Right Lung Nodule and asthma
   presents with dyspnea, malaise and diplopia. 
10. When: 2 days 12 hours ago, Note Category: Physician, Note Description: Physician Resident Progress Note | Text: -          F/U Neuro Recs
   -          Holding Mestinon
   # Asthma: Started on IV Steroids and continued on q4 Duonebs. 
"
28a16889-53d4-8407-7c97-e6ce9280afeb,So Admissao,"Initial evaluation revealed a potential myasthenic crisis, with significantly increased work of breathing. ",Supported,"The reference notes multiple assessments indicating the patient with myasthenia and asthma presents with respiratory distress and significantly increased work of breathing, with concern for evolving myasthenic crisis, which supports the text.","Hospital Admission Start: 2 days 23 hours ago
Hospital Admission End: Now
Electronic Health Record Context
Ordered by Time (Earliest to Latest):
1. When: 3 days 12 hours ago, Note Category: Nursing, Note Description: Nursing Progress Note | Text: [**Last Name **] Problem - [**Name (NI) **] Description In Comments
   Assessment:
   Pt with known myasthenia [**Last Name (un) 3383**] with 2 intubations and plasma
   phoresis.
2. When: 3 days 12 hours ago, Note Category: Physician, Note Description: Physician Attending Admission Note - MICU | Text: jpg]
   Assessment and Plan
   25 yr old woman with myesthenia and asthma presents with URIO and
   asthma exacrebation leading to resp distress which may be evolving
   myesthenic crisis in setting of significantly work of breathing.
   
3. When: 3 days 12 hours ago, Note Category: Physician, Note Description: Physician Attending Admission Note - MICU | Text: Myesthenia: Severe course in the past yeasr requiring intubation x
   2, now with vital capacity of 1 liter and NIF -50. 
4. When: 2 days 12 hours ago, Note Category: Physician, Note Description: Physician Resident Admission Note | Text: Chief Complaint:  Dysnpea, Wheezing, Malaise
   HPI:
   25yoF with hx of Myasthenia [**Last Name (un) **] (dx [**5-2**], with two associated
   intubations) and asthma presents with dyspnea, malaise and diplopia. 
5. When: 2 days 12 hours ago, Note Category: Physician, Note Description: Physician Resident Admission Note | Text: # Respiratory Distress: Etiology likely excerbation of Myesthenia in
   the setting of asthma excerbation [**2-26**] to recent URI. 
6. When: 2 days 12 hours ago, Note Category: Radiology, Note Description: CHEST (PORTABLE AP) | Text: REASON FOR THIS EXAMINATION:
  r/o infiltrate, interval change
 ______________________________________________________________________________
                                 FINAL REPORT
 HISTORY:  Myasthenia [**Last Name (un) 9787**] with shortness of breath.

 
7. When: 2 days 12 hours ago, Note Category: Radiology, Note Description: CHEST (PORTABLE AP) | Text: [**2146-11-1**] 3:14 AM
 CHEST (PORTABLE AP)                                             Clip # [**Clip Number (Radiology) 10158**]
 Reason: r/o infiltrate, interval change
 Admitting Diagnosis: MYASTHENIA EXACERBATION
 ______________________________________________________________________________
 [**Hospital 2**] MEDICAL CONDITION:
  25 year old woman with myasthenia [**Last Name (un) 9787**], asthma, presents with SOB, URI
  symptoms.
8. When: 2 days 12 hours ago, Note Category: Physician, Note Description: Physician Attending Progress Note | Text: 3 mg/dL
   Assessment and Plan
   25 yr old woman with myesthenia and asthma presents with URIO and
   asthma exacrebation leading to resp distress which may be evolving
   myesthenic crisis in setting of significantly work of breathing.
   
9. When: 2 days 12 hours ago, Note Category: Physician, Note Description: Physician Attending Progress Note | Text: Myesthenia: Severe course in the past year requiring intubation x 2,
   admitted to ICU with asthma exacerbation and concern that it was
   leadint o resp muscle fatigue so admitted to MICU for q2 nif and VC.
10. When: 2 days 12 hours ago, Note Category: Nursing, Note Description: Nursing Transfer Note | Text: 25yoF with hx of Myasthenia [**Last Name (un) **] (dx [**5-2**], with two associated
   intubations),VAP, GERD, s/p C-section .Right Lung Nodule and asthma
   presents with dyspnea, malaise and diplopia. 
"
68ace126-dfeb-ade7-eb87-a62b3bfdb005,So Admissao,"The patient was treated with steroids, increased Mestinon, and close monitoring of her respiratory status.",Supported,"The reference clearly states the patient was treated with steroids (prednisone and methylprednisolone), had increased Mestinon, and was closely monitored for respiratory status including NIF and vital capacity measurements.","Hospital Admission Start: 2 days 23 hours ago
Hospital Admission End: Now
Electronic Health Record Context
Ordered by Time (Earliest to Latest):
1. When: 3 days 12 hours ago, Note Category: Radiology, Note Description: CHEST (PA & LAT) | Text: HISTORY:  25-year-old woman with asthma, coughing and wheezing, and increasing
 shortness of breath.  
2. When: 3 days 12 hours ago, Note Category: Nursing, Note Description: Nursing Progress Note | Text: She called her neurologist and her mestinon and prednisone
   were both increased.  
3. When: 3 days 12 hours ago, Note Category: Nursing, Note Description: Nursing Progress Note | Text: In the EW she was given prednisone 60 mg and a
   combivent nebulizer. 
4. When: 3 days 12 hours ago, Note Category: Nursing, Note Description: Nursing Progress Note | Text: Over the week, she has had worsening dyspnea,
   requiring increased use of her albuterol nebulizers up to four times a
   day. 
5. When: 3 days 12 hours ago, Note Category: Nursing, Note Description: Nursing Progress Note | Text: Her NIF has been ~ -50 to -44, her vital capacity (VC)has
   been dropping; she started at 1.8 and is now 1
   Action:
   Conts on mestinon and cellcept as well as prednisone
   Response:
   Worsening vital capacity
   Plan:
   Cont to follow her NIF and VC, check an ABG if needed, cont her
   mestinon, prednisone, cellcept
6. When: 3 days 12 hours ago, Note Category: Physician, Note Description: Physician Attending Admission Note - MICU | Text: We are treating with steroids and
   increased mestinon. 
7. When: 2 days 12 hours ago, Note Category: Physician, Note Description: Physician Resident Admission Note | Text: [**Last Name (STitle) 5856**] that recommended increasing her Prednisone back up to
   10mg Daily from 5mg, and her Mestinon 60mg from [**Hospital1 **] to TID. 
8. When: 2 days 12 hours ago, Note Category: Nursing, Note Description: Nursing Progress Note | Text: Her blood
   sugars were 204 and 184
   Action:
   Given neb tx, solumedrol 125mg IV q 8hr
   Response:
   Symptoms improving
   blood sugars elevated with steroid
   Plan:
   Cont nebs q 2, methylprednisolone 125mg 1v q 8, NIF and VC q 2hr,
   holding mestinon continue on mycophenolate Mofetil 1500mg po bid.
9. When: 2 days 12 hours ago, Note Category: Nursing, Note Description: Nursing Progress Note | Text: .H/O asthma
   Assessment:
   Pt on continuous nebs beginning of shift, tachypneic, continued on room
   air with o2 sats in the high 90
s.  She was started on
   methylprednisolonel 125mg IV q8 seemed to improve shortly after. 
10. When: 2 days 12 hours ago, Note Category: Physician, Note Description: Physician Resident Progress Note | Text: -          F/U Neuro Recs
   -          Holding Mestinon
   # Asthma: Started on IV Steroids and continued on q4 Duonebs. 
"
83ec3ba1-1016-25c7-af4b-56a65f5d7fc7,So Admissao,"The patient's symptoms improved with treatment, including continuous nebulizers, methylprednisolone, and monitoring of peak flows and blood sugars. ",Supported,"The reference notes the patient was treated with continuous nebulizers and methylprednisolone, with monitoring of peak flows and blood sugars, and that symptoms improved following these treatments.","Hospital Admission Start: 2 days 23 hours ago
Hospital Admission End: Now
Electronic Health Record Context
Ordered by Time (Earliest to Latest):
1. When: 3 days 12 hours ago, Note Category: Radiology, Note Description: CHEST (PA & LAT) | Text: HISTORY:  25-year-old woman with asthma, coughing and wheezing, and increasing
 shortness of breath.  
2. When: 3 days 12 hours ago, Note Category: Nursing, Note Description: Nursing Progress Note | Text: In the EW she was given prednisone 60 mg and a
   combivent nebulizer. 
3. When: 3 days 12 hours ago, Note Category: Nursing, Note Description: Nursing Progress Note | Text: Over the week, she has had worsening dyspnea,
   requiring increased use of her albuterol nebulizers up to four times a
   day. 
4. When: 2 days 12 hours ago, Note Category: Physician, Note Description: Physician Resident Admission Note | Text: Pt reports
   that he albuterol inhaler ran out on friday night and since then has
   used her albuterol nebulizer on mulitiple occassions with some
   alleviation of symptoms.
5. When: 2 days 12 hours ago, Note Category: Physician, Note Description: Physician Resident Admission Note | Text: The pt was given Combivent Nebs x3 and
   Prednisone 60mg x1.
   
6. When: 2 days 12 hours ago, Note Category: Physician, Note Description: Physician Resident Admission Note | Text: - F/U Neuro Recs
   - Cont DuoNebs Q4hrs following 2hrs of continuous Nebs
   - Will start Methylprednisolone 125 mg IV Q8H
   - NIF and VC q2 hrs
   - Will get baseline ABG and trend
   - Would consider early intubation for worsening clinical status
   - Holding Mestinon per Neuro recs given potential worsening cholinergic
   effects that may affect wheezing.
   
7. When: 2 days 12 hours ago, Note Category: Nursing, Note Description: Nursing Progress Note | Text: .H/O asthma
   Assessment:
   Pt on continuous nebs beginning of shift, tachypneic, continued on room
   air with o2 sats in the high 90
s.  She was started on
   methylprednisolonel 125mg IV q8 seemed to improve shortly after. 
8. When: 2 days 12 hours ago, Note Category: Nursing, Note Description: Nursing Progress Note | Text: Her blood
   sugars were 204 and 184
   Action:
   Given neb tx, solumedrol 125mg IV q 8hr
   Response:
   Symptoms improving
   blood sugars elevated with steroid
   Plan:
   Cont nebs q 2, methylprednisolone 125mg 1v q 8, NIF and VC q 2hr,
   holding mestinon continue on mycophenolate Mofetil 1500mg po bid.
9. When: 2 days 12 hours ago, Note Category: Nursing, Note Description: Nursing Transfer Note | Text: The pt was given Combivent Nebs x3 and
   Prednisone 60mg x1.
    
10. When: 2 days 12 hours ago, Note Category: Physician, Note Description: Physician Resident Progress Note | Text: Breathing
   symptoms improved with improved NIFs to -80 and Peak Flows 300-350
   (Baselines 450s).
"
550f1775-fdd1-8064-0734-ff0582474f5b,So Admissao,"Her respiratory status stabilized, with negative inspiratory forces (NIFs) in the 80s and peak flows of 300-350. ",Supported,"The reference notes improved respiratory status with NIFs improved to -80 and peak flows of 300-350, matching the text's statement of stabilized respiratory status with NIFs in the 80s and peak flows of 300-350.","Hospital Admission Start: 2 days 23 hours ago
Hospital Admission End: Now
Electronic Health Record Context
Ordered by Time (Earliest to Latest):
1. When: 3 days 12 hours ago, Note Category: Nursing, Note Description: Nursing Progress Note | Text: NIF was -50 and VC was 1.8 L; the latter
   measurement was limited by wheezing and [**Last Name (LF) **], [**First Name3 (LF) **] respiratory.
   
2. When: 2 days 12 hours ago, Note Category: Physician, Note Description: Physician Resident Admission Note | Text: Upon arrival to the ED, her vitals 98.0, 133/81 72 19 100%RA, Her
   initial NIF was -50cm, VC 1.8L. 
3. When: 2 days 12 hours ago, Note Category: Physician, Note Description: Physician Resident Admission Note | Text: She also notes worsening of her wheezing. 
4. When: 2 days 12 hours ago, Note Category: Physician, Note Description: Physician Resident Admission Note | Text: Intubated for respiratory distress during
   exacerbation [**1-1**] when she also presentewd with dipolpia and
   dyspnea.  
5. When: 2 days 12 hours ago, Note Category: Respiratory, Note Description: Respiratory Care Shift Note | Text: Peak
   flows 300-350, ( her personal best 450). 
6. When: 2 days 12 hours ago, Note Category: Nursing, Note Description: Nursing Progress Note | Text: .H/O asthma
   Assessment:
   Pt on continuous nebs beginning of shift, tachypneic, continued on room
   air with o2 sats in the high 90
s.  She was started on
   methylprednisolonel 125mg IV q8 seemed to improve shortly after. 
7. When: 2 days 12 hours ago, Note Category: Nursing, Note Description: Nursing Transfer Note | Text: She also notes worsening
   of her wheezing.
8. When: 2 days 12 hours ago, Note Category: Physician, Note Description: Physician Resident Progress Note | Text: Breathing
   symptoms improved with improved NIFs to -80 and Peak Flows 300-350
   (Baselines 450s).
9. When: 2 days 12 hours ago, Note Category: Respiratory, Note Description: Respiratory Care Shift Note | Text: Wheezes and peak flow 320-350. 
"
c6a4e4f8-c5a2-4e5e-a2b6-ad322e3b85dc,So Admissao,"The patient was transferred to the floor on 2146-11-01, where her treatment plan included continuing nebulizers, methylprednisolone, and monitoring of her conditions.",Supported,"The reference notes the patient was transferred to the floor with a treatment plan including nebulizers and methylprednisolone, consistent with the text.","Hospital Admission Start: 2 days 23 hours ago
Hospital Admission End: Now
Electronic Health Record Context
Ordered by Time (Earliest to Latest):
1. When: 3 days 12 hours ago, Note Category: Nursing, Note Description: Nursing Progress Note | Text: In the EW she was given prednisone 60 mg and a
   combivent nebulizer. 
2. When: 3 days 12 hours ago, Note Category: Nursing, Note Description: Nursing Progress Note | Text: Over the week, she has had worsening dyspnea,
   requiring increased use of her albuterol nebulizers up to four times a
   day. 
3. When: 3 days 12 hours ago, Note Category: Nursing, Note Description: Nursing Progress Note | Text: Her NIF has been ~ -50 to -44, her vital capacity (VC)has
   been dropping; she started at 1.8 and is now 1
   Action:
   Conts on mestinon and cellcept as well as prednisone
   Response:
   Worsening vital capacity
   Plan:
   Cont to follow her NIF and VC, check an ABG if needed, cont her
   mestinon, prednisone, cellcept
4. When: 2 days 12 hours ago, Note Category: Physician, Note Description: Physician Resident Admission Note | Text: [**Last Name (STitle) 5856**] that recommended increasing her Prednisone back up to
   10mg Daily from 5mg, and her Mestinon 60mg from [**Hospital1 **] to TID. 
5. When: 2 days 12 hours ago, Note Category: Physician, Note Description: Physician Resident Admission Note | Text: Pt reports
   that he albuterol inhaler ran out on friday night and since then has
   used her albuterol nebulizer on mulitiple occassions with some
   alleviation of symptoms.
6. When: 2 days 12 hours ago, Note Category: Nursing, Note Description: Nursing Progress Note | Text: .H/O asthma
   Assessment:
   Pt on continuous nebs beginning of shift, tachypneic, continued on room
   air with o2 sats in the high 90
s.  She was started on
   methylprednisolonel 125mg IV q8 seemed to improve shortly after. 
7. When: 2 days 12 hours ago, Note Category: Physician, Note Description: Physician Attending Progress Note | Text: Asthma: nebs spaced to q4, IV steroids,  no role for ABX at present
   ICU Care
   Nutrition: [**Doctor First Name 470**] diet
   Glycemic Control:
   Lines:
   20 Gauge - [**2146-10-31**] 02:38 PM
   Prophylaxis:
   DVT: sc hep
   Stress ulcer: ppi
   Communication:  wife pt
   [**Name (NI) 66**] status: Full code
   Disposition :Transfer to floor _ Medicine with Neuro consult
8. When: 2 days 12 hours ago, Note Category: Nursing, Note Description: Nursing Transfer Note | Text: Upon arrival to the ED, her vitals 98.0, 133/81 72 19 100%RA, Her
   initial NIF was -50cm, VC 1.8L. 
9. When: 2 days 12 hours ago, Note Category: Nursing, Note Description: Nursing Transfer Note | Text: H/O asthma
   Assessment:
   Pt reeceived on Q4H neb rx changed into Q6H as well as can have PRN if
   she needed in between , Sating upper 90
s in room air and cont on
   Methylpredisone 125mg IV q8h. 
"
b8cb2059-915d-9aa9-0422-ea1b132ccb5e,So Admissao,"The patient, a 64-year-old woman with a history of multiple myeloma, systemic amyloidosis, and end-stage renal disease (ESRD), was admitted to the ICU with symptoms of dyspnea, pain, and hypotension. ",Supported,"The reference confirms the patient is a 64-year-old woman with multiple myeloma, systemic amyloidosis, and ESRD on hemodialysis, admitted with symptoms including dyspnea, pain, and hypotension.","Hospital Admission Start: 2 days 20 hours ago
Hospital Admission End: Now
Electronic Health Record Context
Ordered by Time (Earliest to Latest):
1. When: 3 days 4 hours ago, Note Category: Physician, Note Description: Physician Resident Admission Note | Text: Assessment and Plan: This is a 64yo woman with multiple myeloma, s/p
   allogeneic transplant [**2143**] with recurrent disease and with systemic
   amyloidosis(cardiac), ESRD on hemodialysis s/p recent hospitalization
   for hypercalcemia and supratherapeutic INR who represents for the same
   issues as well as hypotension.
   
2. When: 3 days 4 hours ago, Note Category: Physician, Note Description: Physician Resident Admission Note | Text: [**Known lastname 3887**] is a 64yo woman with multiple
   myeloma, s/p allogeneic transplant [**2143**] with recurrent disease and with
   systemic amyloidosis(cardiac), on hemodialysis for ESRD who represents
   for malaise, weakness, and generalized body aching x 2 days.
3. When: 3 days 4 hours ago, Note Category: Physician, Note Description: Physician Attending Admission Note - MICU | Text: HPI:
   64 year old woman with PMH of MM, s/p allo-BMT ~ 10 yrs ago, course c/b
   [**Doctor Last Name **]-amyloid and ESRD , refractory hypercalcemia, and recent admit for
   pain and dyspnea who represents with similar symptoms.
4. When: 3 days 4 hours ago, Note Category: Nursing, Note Description: Nursing Progress Note | Text: 64 year old woman with PMH of MM, s/p allo-BMT ~ 10 yrs ago, course c/b
   [**Doctor Last Name **]-amyloid and ESRD , refractory hypercalcemia, and recent admit for
   pain and dyspnea who represents with similar symptoms. 
5. When: 2 days 4 hours ago, Note Category: Nursing, Note Description: Nursing Progress Note | Text: 64 year old woman with PMH of MM, s/p allo-BMT ~ 10 yrs ago, course c/b
   [**Doctor Last Name **]-amyloid and ESRD , refractory hypercalcemia, and recent admit for
   pain and dyspnea who presents again with similar symptoms. 
6. When: 2 days 4 hours ago, Note Category: Physician, Note Description: Physician Attending Progress Note | Text: HPI:
   64  y/o woman with PMH of MM and [**Doctor Last Name **] amyloid who presents with sub-acute
   progressive dyspnea, hypotension and refractory hypercalcemia. 
7. When: 1 days 4 hours ago, Note Category: Physician, Note Description: Physician Fellow / Attending Progress Note - MICU | Text: HPI:
   64yo woman with a h/o MM (x 10 years) c/b [**Doctor Last Name **] amyloid with known
   cardiac, pulmonary involvement, ESRD on HD, refractory hypercalcemia
   and hypoxia on [**2-28**] L O2 at home who presented on [**1-16**] with sub-acute
   progressive dyspnea and bony pain. 
"
b9350f4a-1d5f-5450-e082-e3df5fa98ffd,So Admissao,"Her hospital course was complicated by hypovolemic shock, cardiogenic shock, and possible adrenal insufficiency, requiring treatment with gentle hydration, low-dose pressors, and decadron.",Supported,"The reference states the patient had shock of unclear etiology including hypovolemic, cardiogenic, and possible adrenal insufficiency, and was treated with gentle hydration, low-dose pressors, and decadron, which fully supports the text.","Hospital Admission Start: 2 days 20 hours ago
Hospital Admission End: Now
Electronic Health Record Context
Ordered by Time (Earliest to Latest):
1. When: 3 days 4 hours ago, Note Category: Physician, Note Description: Physician Resident Admission Note | Text: Hospital course was
   complicated by an episode of hypotension following dialysis on
   [**2153-1-12**]. 
2. When: 3 days 4 hours ago, Note Category: Physician, Note Description: Physician Resident Admission Note | Text: She was restarted on Coumadin which is being adjusted
   to keep INR at 2-3.
   
3. When: 3 days 4 hours ago, Note Category: Physician, Note Description: Physician Attending Admission Note - MICU | Text: The patient has shock of unclear
   etiology: hypovolemic, cardiogenic, with likely possibility of adrenal
   insufficiency or crisis. 
4. When: 3 days 4 hours ago, Note Category: Physician, Note Description: Physician Attending Admission Note - MICU | Text: She was admitted [**Date range (1) 7152**]/08 with hypercalcemia and treated
   with pamidronate 30mg, calcitonin, and dialysis (complicated by an
   episode of hypotension following HD).
5. When: 3 days 4 hours ago, Note Category: Physician, Note Description: Physician Attending Admission Note - MICU | Text: Agree with gentle hydration, low dose pressors
   to maintain MAPs above ~60, and decadron 20 mg.
   
6. When: 3 days 4 hours ago, Note Category: Physician, Note Description: Physician Attending Admission Note - MICU | Text: She now has hepatitis and apparently NSTEMI
   in the context of hypotension of unclear etiology. 
7. When: 1 days 4 hours ago, Note Category: Physician, Note Description: Physician Fellow / Attending Progress Note - MICU | Text: HYPOTENSION (NOT SHOCK)
   Low baseline BP per her report (had been in the 50-60s systolic in
   dialysis.) 
8. When: 1 days 4 hours ago, Note Category: Physician, Note Description: Physician Fellow / Attending Progress Note - MICU | Text: RESPIRATORY FAILURE, ACUTE (NOT ARDS/[**Doctor Last Name **])
   She likely has a hilar pneumonia that precipitated SIRS with relative
   hypotension. 
"
7fb70c2a-19b6-1f5b-59f0-2d9b5e558ec7,So Admissao,"Despite aggressive management, including dialysis and oxygen therapy, the patient's condition continued to deteriorate, and she remained critically ill throughout her hospital stay. ",Not Supported,"The reference indicates the patient was critically ill and received dialysis and oxygen therapy, but it does not state that the patient's condition continued to deteriorate or that she remained critically ill throughout the entire hospital stay.","Hospital Admission Start: 2 days 20 hours ago
Hospital Admission End: Now
Electronic Health Record Context
Ordered by Time (Earliest to Latest):
1. When: 3 days 4 hours ago, Note Category: Physician, Note Description: Physician Resident Admission Note | Text: Hospital course was
   complicated by an episode of hypotension following dialysis on
   [**2153-1-12**]. 
2. When: 3 days 4 hours ago, Note Category: Physician, Note Description: Physician Resident Admission Note | Text: She was
   admitted last week [**Date range (1) 7152**]/08 with hypercalcemia and treated with
   pamidronate 30mg, calcitonin, and dialysis. 
3. When: 3 days 4 hours ago, Note Category: Physician, Note Description: Physician Attending Admission Note - MICU | Text: Patient is critically ill. 
4. When: 3 days 4 hours ago, Note Category: Physician, Note Description: Physician Attending Admission Note - MICU | Text: She reports
   refractory jaw and lower extremity pain since discharge as well as
   gradual increase in her baseline 2-3L oxygen use. 
5. When: 3 days 4 hours ago, Note Category: Physician, Note Description: Physician Attending Admission Note - MICU | Text: She was admitted [**Date range (1) 7152**]/08 with hypercalcemia and treated
   with pamidronate 30mg, calcitonin, and dialysis (complicated by an
   episode of hypotension following HD).
6. When: 3 days 4 hours ago, Note Category: Nursing, Note Description: Nursing Progress Note | Text: She reports
   refractory jaw and lower extremity pain since discharge as well as
   gradual increase in her baseline 2-3L oxygen use.
7. When: 1 days 4 hours ago, Note Category: Physician, Note Description: Physician Fellow / Attending Progress Note - MICU | Text: RESPIRATORY FAILURE, ACUTE (NOT ARDS/[**Doctor Last Name **])
   She likely has a hilar pneumonia that precipitated SIRS with relative
   hypotension. 
"
df9ce7f1-29c9-9bad-165e-24ed64193074,So Admissao,"The patient's code status was DNR/DNI, and she ultimately passed away on [2153-01-19] at 4:55 am due to complications from her underlying conditions.",Supported,"The reference clearly documents the patient's code status as DNR/DNI multiple times and notes the time of death as 4:55 am on [2153-01-19], supporting the text statement.","Hospital Admission Start: 2 days 20 hours ago
Hospital Admission End: Now
Electronic Health Record Context
Ordered by Time (Earliest to Latest):
1. When: 3 days 4 hours ago, Note Category: Physician, Note Description: Physician Resident Admission Note | Text: C 4 started on [**2151-12-24**] but admitted following morning
   due to dyspnea. 
2. When: 2 days 4 hours ago, Note Category: Physician, Note Description: Physician Resident Progress Note | Text: Code status: DNR / DNI

3. When: 2 days 4 hours ago, Note Category: Physician, Note Description: Physician Resident Progress Note | Text: # Code: DNR/DNl
   .
   
4. When: 2 days 4 hours ago, Note Category: Physician, Note Description: Physician Attending Progress Note | Text: PPI
   VAP:
   Comments:
   Communication: Patient discussed on interdisciplinary rounds , Family
   meeting held  Comments:
   Code status: DNR / DNI
   Disposition :ICU
   Total time spent: 30 minutes
   Patient is critically ill
5. When: 2 days 4 hours ago, Note Category: Physician, Note Description: Physician Attending Progress Note | Text: Stress ulcer: PPI
   VAP:
   Communication: Patient discussed on interdisciplinary rounds , Family
   meeting held  Comments:
   Code status: DNR / DNI
   Disposition :ICU
   Total time spent: 38 minutes
   Patient is critically ill
6. When: 1 days 4 hours ago, Note Category: Physician, Note Description: Physician Fellow / Attending Progress Note - MICU | Text: Dialysis Catheter - [**2153-1-17**] 01:21
   PM
   Prophylaxis:
   DVT:
   Stress ulcer:
   VAP:
   Comments:
   Communication:  Comments:
   Code status: DNR / DNI
   Disposition : ICU for now.
7. When: 0 days 4 hours ago, Note Category: Nursing, Note Description: Nursing Progress Note | Text: Nursing progess note:
   Pt DNR/DNI.  
8. When: 0 days 4 hours ago, Note Category: Nursing, Note Description: Nursing Progress Note | Text: Time of death
   4:55am.  
"
a0df21a3-c835-0426-1795-0f524948c793,So Admissao,"She underwent a series of diagnostic tests, including chest radiographs, CT scans, echocardiograms, and ECGs, which revealed findings consistent with fluid overload, atelectasis, and cardiac amyloidosis. ",Not Addressed,"The reference mentions diagnostic procedures like biopsy and clinical findings related to amyloidosis and cardiac issues but does not specifically mention chest radiographs, CT scans, echocardiograms, or ECGs revealing fluid overload, atelectasis, or cardiac amyloidosis.","Hospital Admission Start: 2 days 20 hours ago
Hospital Admission End: Now
Electronic Health Record Context
Ordered by Time (Earliest to Latest):
1. When: 3 days 4 hours ago, Note Category: Physician, Note Description: Physician Resident Admission Note | Text: The lung mass was biopsied and thought consistent
   with amyloid.
   
2. When: 3 days 4 hours ago, Note Category: Physician, Note Description: Physician Resident Admission Note | Text: # Respiratory: has chronic oxygen requirement due to amyloidosis
   involvement of the lungs. 
3. When: 3 days 4 hours ago, Note Category: Physician, Note Description: Physician Attending Admission Note - MICU | Text: Reasonable to continue empiric
   rx for HAP though I suspect much of her dyspnea in due to amyloid.
   
4. When: 1 days 4 hours ago, Note Category: Physician, Note Description: Physician Fellow / Attending Progress Note - MICU | Text: VENTRICULAR TACHYCARDIA / ELEVATED CARDIAC ENZYMES
   Likely due to her underlying cardiac amyloidosis; will d/c Amiodarone
   given the increase in her LFTs over the past two days since having
   initiated it.
5. When: 1 days 4 hours ago, Note Category: Physician, Note Description: Physician Fellow / Attending Progress Note - MICU | Text: HPI:
   64yo woman with a h/o MM (x 10 years) c/b [**Doctor Last Name **] amyloid with known
   cardiac, pulmonary involvement, ESRD on HD, refractory hypercalcemia
   and hypoxia on [**2-28**] L O2 at home who presented on [**1-16**] with sub-acute
   progressive dyspnea and bony pain. 
6. When: 1 days 4 hours ago, Note Category: Physician, Note Description: Physician Fellow / Attending Progress Note - MICU | Text: VENTRICULAR TACHYCARDIA / ELEVATED CARDIAC ENZYMES
   Likely due to her underlying cardiac amyloidosis; will d/c Amiodarone
   given the increase in her LFTs over the past two days since having
   initiated it. 
7. When: 1 days 4 hours ago, Note Category: Physician, Note Description: Physician Resident Progress Note | Text: Given known cardiac
   amyloid, suspect VT and EKG with e/o AV dissociation.  
"
e0382396-e02a-9b4e-c491-402466b705d2,So Admissao,"The patient developed a new pneumonia and experienced episodes of wide-complex tachycardia and ventricular arrhythmia, requiring treatment with antibiotics and amiodarone.",Not Supported,"The reference documents episodes of wide-complex tachycardia and ventricular tachycardia treated with amiodarone, but it does not mention the patient developing a new pneumonia or treatment with antibiotics for pneumonia.","Hospital Admission Start: 2 days 20 hours ago
Hospital Admission End: Now
Electronic Health Record Context
Ordered by Time (Earliest to Latest):
1. When: 2 days 4 hours ago, Note Category: Physician, Note Description: Physician Resident Progress Note | Text: - amiodarone loading now given second episode of sustained stable
   (probable) VT
   .
   
2. When: 2 days 4 hours ago, Note Category: Radiology, Note Description: CHEST (PORTABLE AP) | Text: Admitting Diagnosis: DYSPNEA;HYPOXIA
 ______________________________________________________________________________
 [**Hospital 2**] MEDICAL CONDITION:
  64 year old woman with  ESRD, MM, amyloidosis s/p PICC placement yesterday now
  new wide complex tachycardia, probable VT.
 
3. When: 2 days 4 hours ago, Note Category: Radiology, Note Description: CHEST (PORTABLE AP) | Text: Admitting Diagnosis: DYSPNEA;HYPOXIA
 ______________________________________________________________________________
 [**Hospital 3**] MEDICAL CONDITION:
  64 year old woman with  ESRD, MM, amyloidosis s/p PICC placement yesterday now
  new wide complex tachycardia, probable VT.
 
4. When: 2 days 4 hours ago, Note Category: Physician, Note Description: Physician Attending Progress Note | Text: Will
   start amiodarone. 
5. When: 1 days 4 hours ago, Note Category: Physician, Note Description: Physician Fellow / Attending Progress Note - MICU | Text: VENTRICULAR TACHYCARDIA / ELEVATED CARDIAC ENZYMES
   Likely due to her underlying cardiac amyloidosis; will d/c Amiodarone
   given the increase in her LFTs over the past two days since having
   initiated it.
6. When: 1 days 4 hours ago, Note Category: Physician, Note Description: Physician Fellow / Attending Progress Note - MICU | Text: She has also had some episodes of asymptomatic V tach, the last being
   yesterday morning, she was started on Amiodarone.
   
7. When: 1 days 4 hours ago, Note Category: Physician, Note Description: Physician Fellow / Attending Progress Note - MICU | Text: VENTRICULAR TACHYCARDIA / ELEVATED CARDIAC ENZYMES
   Likely due to her underlying cardiac amyloidosis; will d/c Amiodarone
   given the increase in her LFTs over the past two days since having
   initiated it. 
8. When: 1 days 4 hours ago, Note Category: Physician, Note Description: Physician Resident Progress Note | Text: no new episodes
   History obtained from Patient
   Allergies:
   History obtained from PatientNo Known Drug Allergies
   Last dose of Antibiotics:
   Vancomycin - [**2153-1-17**] 12:00 PM
   Levofloxacin - [**2153-1-17**] 08:03 PM
   Infusions:
   Amiodarone - 0.5 mg/min
   Phenylephrine - 2 mcg/Kg/min
   Other ICU medications:
   Pantoprazole (Protonix) -
"
51b08b28-d1a1-efb5-4d80-8d58e7869f1f,So Admissao,"A transesophageal echocardiogram showed mild symmetric left ventricular hypertrophy, a small left ventricle, and hyperdynamic function. ",Not Supported,"The reference describes findings from a transthoracic echocardiogram (echo) showing mild symmetric LVH, small LV, and hyperdynamic function, but does not specify that these findings are from a transesophageal echocardiogram.","Hospital Admission Start: 4 days 21 hours ago
Hospital Admission End: Now
Electronic Health Record Context
Ordered by Time (Earliest to Latest):
1. When: 5 days 18 hours ago, Note Category: Radiology, Note Description: CHEST (PORTABLE AP) | Text: There is moderate
 cardiomegaly.  
2. When: 4 days 18 hours ago, Note Category: Echo, Note Description: Report | Text: There is mild symmetric left ventricular hypertrophy. 
3. When: 4 days 18 hours ago, Note Category: Echo, Note Description: Report | Text: LEFT VENTRICLE: Mild symmetric LVH. 
4. When: 4 days 18 hours ago, Note Category: Echo, Note Description: Report | Text: Left ventricular systolic function is hyperdynamic (EF>75%).

5. When: 4 days 18 hours ago, Note Category: Echo, Note Description: Report | Text: The
left ventricular cavity is unusually small. 
6. When: 3 days 18 hours ago, Note Category: Physician, Note Description: Physician Resident Progress Note | Text: # PUMP: Echo yesterday showed mild symmetric LVH, small LV,
   hyperdynamic (EF>75%).
7. When: 2 days 18 hours ago, Note Category: Physician, Note Description: Physician Resident Progress Note | Text: # PUMP: Echo showed mild symmetric LVH, small LV, hyperdynamic
   (EF>75%). 
8. When: 2 days 18 hours ago, Note Category: Physician, Note Description: Physician Resident Progress Note | Text: # PUMP: Echo showed mild symmetric LVH, small LV, hyperdynamic
   (EF>75%).
9. When: 1 days 18 hours ago, Note Category: Radiology, Note Description: CHEST (PORTABLE AP) | Text: The heart is mildly enlarged.  
"
c63432ff-3d40-5443-8557-78fff4b8b30c,So Admissao,The patient was weaned off pressors and eventually extubated after showing signs of improvement. ,Supported,"The reference notes indicate the patient was weaned off dopamine (a pressor), sedation was decreased, and the patient was extubated successfully, showing signs of improvement.","Hospital Admission Start: 4 days 21 hours ago
Hospital Admission End: Now
Electronic Health Record Context
Ordered by Time (Earliest to Latest):
1. When: 4 days 18 hours ago, Note Category: Physician, Note Description: Physician Resident Admission Note | Text: The patient was placed on BiPAP to help
   with his breathing, as he was reportedly DNR/DNI at his nursing home.
   
2. When: 4 days 18 hours ago, Note Category: Physician, Note Description: Physician Resident Admission Note | Text: On arrival to the floor, the patient's VS were T= 97.6; BP= 123/63; HR=
   90; RR= 27; O2 sat= 98% on BiPAP.  
3. When: 4 days 18 hours ago, Note Category: Physician, Note Description: Physician Resident Admission Note | Text: On arrival to the ED, the patient's VS were T= 98.2;
   BP= 115/89; HR= 80s; RR= 30s; O2 sat= 100% on BiPAP 100%.  
4. When: 4 days 18 hours ago, Note Category: Respiratory, Note Description: Respiratory Care Shift Note | Text: assessment: Triggering synchronously
   Plan
   Next 24-48 hours: Continue with daily RSBI tests & SBT's as tolerated,
   Maintain PEEP at current level and reduce FiO2 as tolerated, Reduce
   PEEP as tolerated
   Reason for continuing current ventilatory support: Sedated / Paralyzed,
   Intolerant of weaning attempts, Underlying illness not resolved
5. When: 3 days 18 hours ago, Note Category: Respiratory, Note Description: Respiratory Care Shift Note | Text: Demographics
   Pt weaned and extubated, placed on 100% CA tol ok at this time.

6. When: 3 days 18 hours ago, Note Category: Nursing, Note Description: Nursing Progress Note | Text: Respiratory failure, acute (not ARDS/[**Doctor Last Name **])
   Assessment:
   PT STABLE OFF DOPAMINE,SEDATION LESS MORE RESPONSIVE .NEG 400 CC P
   LASIX YESTERDAY.AFEBRILE ON  ANTIBX .MRSA SCREEN POSITIVE
   Action:
   SEDATION DC,WEANED TO [**5-8**] AND EXTUBATED .
7. When: 3 days 18 hours ago, Note Category: General, Note Description: ICU Event Note | Text: Clinician:  Resident
   Met with family and discussed possible need for reintubation.  
8. When: 2 days 18 hours ago, Note Category: Nursing, Note Description: Nursing Progress Note | Text: Successfully extubated ~1315.
9. When: 2 days 18 hours ago, Note Category: Nursing, Note Description: Nursing Progress Note | Text: Respiratory failure, acute (not ARDS/[**Doctor Last Name **])
   Assessment:
   Extubated successfully->O2 70% OFT & 2L NP.
   
10. When: 1 days 18 hours ago, Note Category: Radiology, Note Description: CHEST (PORTABLE AP) | Text: The nasogastric tube has
 been removed.  
"
88aee8e7-76ed-ae3d-f087-33caf759503a,So Admissao,"However, his respiratory status remained tenuous, and he required a high level of oxygen to maintain saturation levels. ",Supported,"The reference notes that the patient was requiring a lot of oxygen to maintain saturation of 88-90%, indicating a tenuous respiratory status and need for high oxygen support.","Hospital Admission Start: 4 days 21 hours ago
Hospital Admission End: Now
Electronic Health Record Context
Ordered by Time (Earliest to Latest):
1. When: 4 days 18 hours ago, Note Category: Nursing, Note Description: Nursing Progress Note | Text: Titrated O2 back to 15L. 
2. When: 4 days 18 hours ago, Note Category: Nursing, Note Description: Nursing Progress Note | Text: O2 sat 98% on 15L via
   Cpap. 
3. When: 4 days 18 hours ago, Note Category: Physician, Note Description: Physician Resident Admission Note | Text: He did indicate by nodding that he was short of
   breath.  
4. When: 4 days 18 hours ago, Note Category: Physician, Note Description: Physician Resident Progress Note | Text: [**Numeric Identifier 96**]/277//9
   Ve: 8.4 L/min
   PaO2 / FiO2: 554
   Physical Examination
   GENERAL: Sedated, Intubated..
   HEENT: NC/AT.
   
5. When: 3 days 18 hours ago, Note Category: Physician, Note Description: Physician Resident Progress Note | Text: Plateau: 17 cmH2O
   SpO2: 93%
   ABG: 7.47/50/77/37/10
   Ve: 8.6 L/min
   PaO2 / FiO2: 154
   Physical Examination
   GENERAL: Intubated, Alert, Able to answer questions appropriately by
   nodding, Able to follow commands
   HEENT: NC/AT.
   
6. When: 2 days 18 hours ago, Note Category: Nursing, Note Description: Nursing Progress Note | Text: Requiring a lot of O2 to maintain Sat 88-90%.
   
7. When: 2 days 18 hours ago, Note Category: Physician, Note Description: Physician Resident Progress Note | Text: There was likely a component of CHF/fluid overload. 
"
77617ffa-4bc8-ccfd-3af6-4eb31453c231,So Admissao,"The patient's code status was changed to ""Do Not Intubate"" (DNI) after a discussion with his family. ",Supported,"The reference notes that the patient's code status was changed to DNI after discussion with family and agreement among patient, family, and nurse, supporting the text statement.","Hospital Admission Start: 4 days 21 hours ago
Hospital Admission End: Now
Electronic Health Record Context
Ordered by Time (Earliest to Latest):
1. When: 4 days 18 hours ago, Note Category: Physician, Note Description: Physician Resident Admission Note | Text: However, on further discussion with the patient's HCP, it was stated
   that the patient would want to be full code.
   
2. When: 4 days 18 hours ago, Note Category: Physician, Note Description: Physician Resident Admission Note | Text: The patient was placed on BiPAP to help
   with his breathing, as he was reportedly DNR/DNI at his nursing home.
   
3. When: 3 days 18 hours ago, Note Category: Nursing, Note Description: Nursing Progress Note | Text: DNR/DNI status reversed per pt
s son. 
4. When: 3 days 18 hours ago, Note Category: General, Note Description: ICU Event Note | Text: Patient
   voiced his desire not to have a breathing tube put back in.  
5. When: 3 days 18 hours ago, Note Category: General, Note Description: ICU Event Note | Text: Clinician:  Resident
   Met with family and discussed possible need for reintubation.  
6. When: 3 days 18 hours ago, Note Category: General, Note Description: ICU Event Note | Text: Nurse present and all in agreement that patient would be DNI
   going forward.  
7. When: 3 days 18 hours ago, Note Category: General, Note Description: ICU Event Note | Text: Did not address DNR component at this discussion, and
   will defer that discussion until the morning as patient and family
   somewhat overwhelmed by current discussion.

"
03c42051-6f07-5fe4-1dfa-69d51462c0ee,So Admissao,"The patient, a 90+ year-old man with a history of CAD, CHF, OSA, and AF, was admitted to the ICU with increased respiratory distress. ",Supported,"The reference confirms the patient is a 90+ year-old man with history of CAD, CHF, OSA, and AF, admitted with increased respiratory distress to the ICU.","Hospital Admission Start: 4 days 21 hours ago
Hospital Admission End: Now
Electronic Health Record Context
Ordered by Time (Earliest to Latest):
1. When: 5 days 18 hours ago, Note Category: Physician, Note Description: Cardiology fellow CCU admit note | Text: CHF (last EF>55% w/o
   diastolic dysfunction on doppler in [**2168**]), OSA, 2nd degree AVB s/p dual
   chamber [**Company 2375**] PPM in [**2167**], recurrent pna and bronchitis, htn, h/o
   DVT and AF on coumadin here with increased respiratory distress from
   nursing home. 
2. When: 4 days 18 hours ago, Note Category: Physician, Note Description: Physician Resident Admission Note | Text: # Respiratory Distress - The etiology for the patient's respiratory
   distress seems likely to be related to CHF.
3. When: 4 days 18 hours ago, Note Category: Physician, Note Description: Physician Resident Admission Note | Text: Chief Complaint:  Respiratory Distress
   HPI:
   The pt is a [**Age over 90 323**] y/o M with PMHx significant for mild diastolic heart
   failure, COPD, atrial fibrillation sent from [**Hospital 12**] Rehab for
   respiratory distress, with O2 sats in the 70s.  
4. When: 4 days 18 hours ago, Note Category: Nursing, Note Description: Nursing Progress Note | Text: Pt is a [**Age over 90 323**] y/o M w/ h/o CAD ,  CHF (last EF>55% w/o diastolic
   dysfunction on doppler in [**2168**]), OSA, 2nd degree AVB s/p dual chamber
   [**Company 2375**] PPM in [**2167**], recurrent pna and bronchitis, htn, h/o DVT and
   AF on coumadin here with increased respiratory distress from nursing
   home.
5. When: 2 days 18 hours ago, Note Category: Nursing, Note Description: Nursing Progress Note | Text: old man w/ h/o CAD ,  CHF (last EF>55% w/o diastolic
   dysfunction on doppler in [**2168**]), OSA, 2nd degree AVB s/p dual chamber
   [**Company 2375**] PPM in [**2167**], recurrent pneumonia and bronchitis, htn, h/o DVT
   and AF on Coumadin. 
6. When: 2 days 18 hours ago, Note Category: Nursing, Note Description: Nursing Progress Note | Text: Here with increased respiratory distress from
   nursing home.
   
7. When: 2 days 18 hours ago, Note Category: Nursing, Note Description: Nursing Transfer Note | Text: old man w/ h/o CAD ,  CHF (last EF>55% w/o diastolic
   dysfunction on doppler in [**2168**]), OSA, 2nd degree AVB s/p dual chamber
   [**Company 2375**] PPM in [**2167**], recurrent pneumonia and bronchitis, htn, h/o DVT
   and AF on Coumadin.
8. When: 1 days 18 hours ago, Note Category: Radiology, Note Description: CHEST (PORTABLE AP) | Text: Admitting Diagnosis: SHORTNESS OF BREATH
 ______________________________________________________________________________
 [**Hospital 2**] MEDICAL CONDITION:
  [**Age over 90 **] year old man with tachypnea.
 
"
02806104-d643-9e2c-49dc-6afe7e155979,So Admissao,"Initial evaluation revealed moderate cardiomegaly, low lung volumes, a small left pleural effusion, and increased interstitial lung markings consistent with mild pulmonary edema. ",Supported,"The reference notes moderate cardiomegaly, low lung volumes, a small left pleural effusion, and increased interstitial lung markings consistent with mild pulmonary edema, fully supporting the text.","Hospital Admission Start: 4 days 21 hours ago
Hospital Admission End: Now
Electronic Health Record Context
Ordered by Time (Earliest to Latest):
1. When: 5 days 18 hours ago, Note Category: Radiology, Note Description: CHEST (PORTABLE AP) | Text: Increased interstitial lung markings
 and perihilar opacities consistent with mild pulmonary edema is noted.  
2. When: 5 days 18 hours ago, Note Category: Radiology, Note Description: CHEST (PORTABLE AP) | Text: IMPRESSION:  Pulmonary edema with left pleural effusion.



3. When: 5 days 18 hours ago, Note Category: Radiology, Note Description: CHEST (PORTABLE AP) | Text: There is a small left pleural
 effusion with associated atelectasis.
4. When: 5 days 18 hours ago, Note Category: Radiology, Note Description: CHEST (PORTABLE AP) | Text: There is moderate
 cardiomegaly.  
5. When: 5 days 18 hours ago, Note Category: Radiology, Note Description: CHEST (PORTABLE AP) | Text: There are low lung volumes.  
6. When: 3 days 18 hours ago, Note Category: Radiology, Note Description: CHEST (PORTABLE AP) | Text: There is improved
 mild pulmonary edema.  
7. When: 3 days 18 hours ago, Note Category: Radiology, Note Description: CHEST (PORTABLE AP) | Text: IMPRESSION:

 Improvement in mild pulmonary edema with unchanged left lower lobe
 atelectasis.



8. When: 1 days 18 hours ago, Note Category: Radiology, Note Description: CHEST (PORTABLE AP) | Text: The heart is mildly enlarged.  
9. When: 1 days 18 hours ago, Note Category: Radiology, Note Description: CHEST (PORTABLE AP) | Text: REASON FOR THIS EXAMINATION:
  Evaluate for worsening pulmonary edema.
10. When: 1 days 18 hours ago, Note Category: Radiology, Note Description: CHEST (PORTABLE AP) | Text: ______________________________________________________________________________
                                 FINAL REPORT
 PORTABLE CHEST [**2171-3-10**]

 CLINICAL INFORMATION:  Worsening pulmonary edema, tachypnea.

 
"
b505de32-fd7e-b7b7-e524-0f7da5c4130b,So Admissao,"He was treated with lasix, IV antibiotics, and BiPAP, but his condition worsened, and he was intubated due to high PCo2 levels. ",Supported,"The reference states the patient was treated with lasix and BiPAP, his respiratory status worsened leading to intubation, and a repeat ABG showed high PCo2 levels, supporting the text.","Hospital Admission Start: 4 days 21 hours ago
Hospital Admission End: Now
Electronic Health Record Context
Ordered by Time (Earliest to Latest):
1. When: 4 days 18 hours ago, Note Category: Physician, Note Description: Physician Resident Admission Note | Text: He was given
   40 mg IV lasix and put out 30-40 cc of urine.
2. When: 4 days 18 hours ago, Note Category: Physician, Note Description: Physician Resident Admission Note | Text: Here, he has been treated with lasix, morphine, and nitro gtt.
   
3. When: 4 days 18 hours ago, Note Category: Physician, Note Description: Physician Resident Admission Note | Text: The patient was placed on BiPAP to help
   with his breathing, as he was reportedly DNR/DNI at his nursing home.
   
4. When: 4 days 18 hours ago, Note Category: Physician, Note Description: Physician Resident Admission Note | Text: He was on BiPAP
   on arrival.
5. When: 4 days 18 hours ago, Note Category: Physician, Note Description: Physician Resident Progress Note | Text: Chief Complaint:
   24 Hour Events:
   - pt's respiratory status did not improve with adjustment of his BiPAP,
   ultimately resulting in intubation/mechanical ventilation
   Allergies:
   Penicillins
   itching;
   Levofloxacin
   Rash;
   Phenazopyridine
   Unknown;
   Last dose of Antibiotics:
   Infusions:
   Dopamine - 6 mcg/Kg/min
   Other ICU medications:
   Furosemide (Lasix) - [**2171-3-7**]
6. When: 4 days 18 hours ago, Note Category: Physician, Note Description: Physician Resident Progress Note | Text: For this, the patient has received Lasix boluses.
   
7. When: 3 days 18 hours ago, Note Category: Nursing, Note Description: Nursing Progress Note | Text: Repeat ABG: PCo2 still 93
   Intubated at 0445, Sxn
d for thick secretions. 
"
0aeffdfc-7aa0-e9ef-17dd-4d16806886d1,So Admissao,"The patient was then placed on mechanical ventilation, sedation, and peripheral dopamine for BP support. ",Supported,"The reference notes that peripheral dopamine was started for blood pressure support, the patient was intubated (mechanical ventilation), and sedation was mentioned in the plan to continue as tolerated, supporting the text.","Hospital Admission Start: 4 days 21 hours ago
Hospital Admission End: Now
Electronic Health Record Context
Ordered by Time (Earliest to Latest):
1. When: 4 days 18 hours ago, Note Category: Nursing, Note Description: Nursing Progress Note | Text: Peripheral Dopamine started for BP
   support, 400cc ivf given in total.
          
2. When: 4 days 18 hours ago, Note Category: Physician, Note Description: Physician Resident Admission Note | Text: On arrival to the floor, the patient's VS were T= 97.6; BP= 123/63; HR=
   90; RR= 27; O2 sat= 98% on BiPAP.  
3. When: 4 days 18 hours ago, Note Category: Physician, Note Description: Physician Resident Progress Note | Text: Additional comments:
   Intubated
   Diuresing today and intention to remove peripheral dopamine
   no evidence of ischemia.
   
4. When: 4 days 18 hours ago, Note Category: Nursing, Note Description: Nursing Progress Note | Text: Peripheral Dopamine started for BP
   support, 400cc ivf given in total.
   
5. When: 4 days 18 hours ago, Note Category: Nursing, Note Description: Nursing Progress Note | Text: dopamine weaned to 4 mic bp  85/54
   Plan:
   CONTINUE TO WEAN DOPAMINE, SEDATION VENT AS TOL
   FOLLOW FLUID STATUS ,repeat lasix
   MONITOR LAB TESTS
6. When: 4 days 18 hours ago, Note Category: Nursing, Note Description: Nursing Progress Note | Text: ON ANTIBX
   BP MAINTAINED  C DOPAMINE  6 MICS .RHYTHM  AFIB TO PACED
   FOLEY LEAKING
   FAMILY AT BEDSIDE
   Action:
   FOLEY CHANGED .
7. When: 3 days 18 hours ago, Note Category: Nursing, Note Description: Nursing Progress Note | Text: Response:
   bp tolerating decrease in dopa and decrease in sedation, pt will follow
   commands when turning he will help hold onto railing, he will attempt
   to squeeze hand when asked, he didn
t move legs on bed when asked but
   he does on his own when he is being repositioned. 
8. When: 3 days 18 hours ago, Note Category: Nursing, Note Description: Nursing Progress Note | Text: Respiratory failure, acute (not ARDS/[**Doctor Last Name **])
   Assessment:
   intubated for volume overload with pna, temp 98.6, min secretions with
   suctioning, LS clear, hr 69 afib, bp 113/56
   Action:
   dopamine off, sedation decreased .5 midaz , 25 fentanyl, 80mg lasix,
   antibiotics.
9. When: 2 days 18 hours ago, Note Category: Nursing, Note Description: Nursing Progress Note | Text: Peripheral Dopamine started for BP
   support, 400cc ivf given in total.
"
efc45fc9-4a7e-c9ac-ad08-6611448f19fd,So Admissao,"He was treated for a urinary tract infection with nitrofurantoin and was being monitored for fluid balance, cardiac function, and renal function. ",Not Supported,"The reference mentions starting nitrofurantoin but does not explicitly state treatment for a urinary tract infection or monitoring of fluid balance, cardiac function, and renal function.","Hospital Admission Start: 4 days 21 hours ago
Hospital Admission End: Now
Electronic Health Record Context
Ordered by Time (Earliest to Latest):
1. When: 5 days 18 hours ago, Note Category: Physician, Note Description: Cardiology fellow CCU admit note | Text: Given 80 mg and then 160 mg of lasix
   (unclear if made urine). 
2. When: 4 days 18 hours ago, Note Category: Physician, Note Description: Physician Resident Admission Note | Text: He was given
   40 mg IV lasix and put out 30-40 cc of urine.
3. When: 4 days 18 hours ago, Note Category: Physician, Note Description: Physician Resident Admission Note | Text: Here, he has been treated with lasix, morphine, and nitro gtt.
   
4. When: 4 days 18 hours ago, Note Category: Physician, Note Description: Physician Resident Admission Note | Text: Also, of note, he was tried on
   a nitro gtt, which initially caused some hypotension.
   
5. When: 3 days 18 hours ago, Note Category: Nursing, Note Description: Nursing Progress Note | Text: Plan:
   pt diuressed overnight he responded well to lasix,. 
6. When: 3 days 18 hours ago, Note Category: Physician, Note Description: Physician Resident Progress Note | Text: -Nurses and MD unable to place OG or NG tube; NG tube placed by IR
   -urine culture with GNRs 10,000 to 100,000
   -dopamine weaned to 3 mcg/kg/min
   -d/c'ed Coumadin in setting of supratherapeutic INR
   -gave additional dose of Lasix in p.m.
   
7. When: 2 days 18 hours ago, Note Category: Physician, Note Description: Physician Resident Progress Note | Text: - starting nitrofurantoin, will d/c on this regimen
   .
   
8. When: 2 days 18 hours ago, Note Category: Nursing, Note Description: Nursing Transfer Note | Text: Congested cough, resp rate 26-40, continues  diuresis  urine
   output 150/hr
   Action:
   changed O2 to just NP 4l, OOB to chair, encouraging coughing and deep
   breathing.  
"
821a8468-cfa8-b9d3-6892-d147ed1d246e,So Admissao,"The patient's disposition was pending, with consideration for discharge or continued care.",Not Addressed,The reference context does not mention the patient's disposition status or any pending decision regarding discharge or continued care.,"Hospital Admission Start: 4 days 21 hours ago
Hospital Admission End: Now
Electronic Health Record Context
Ordered by Time (Earliest to Latest):
1. When: 4 days 18 hours ago, Note Category: Physician, Note Description: Physician Resident Admission Note | Text: However, on further discussion with the patient's HCP, it was stated
   that the patient would want to be full code.
   
2. When: 4 days 18 hours ago, Note Category: Physician, Note Description: Physician Resident Progress Note | Text: Mouth care
   Comments:
   Communication: ICU consent signed Comments:
   Code status: Full code
   Disposition:
3. When: 4 days 18 hours ago, Note Category: Physician, Note Description: Physician Resident Progress Note | Text: Mouth care
   Comments:
   Communication: ICU consent signed Comments:
   Code status: Full code
   Disposition:
   ------ Protected Section ------
   Cardiology Teaching Physician Note
   On this day I saw, examined and was physically present with the
   resident / fellow for the key portions of the services provided. 
4. When: 4 days 18 hours ago, Note Category: Physician, Note Description: Physician Resident Progress Note | Text: 12:00 AM
   Midazolam (Versed) - [**2171-3-7**] 06:00 AM
   Fentanyl - [**2171-3-7**] 06:07 AM
   Other medications:
   Changes to medical and family history:
   Review of systems is unchanged from admission except as noted below
   Review of systems:
   Flowsheet Data as of  [**2171-3-7**] 06:24 AM
   Vital signs
   Hemodynamic monitoring
   Fluid
5. When: 4 days 18 hours ago, Note Category: Radiology, Note Description: NASO-INTESTINAL TUBE PLACEMENT (W/FLUORO) | Text: The patient tolerated the procedure well.  
6. When: 3 days 18 hours ago, Note Category: Physician, Note Description: Physician Resident Progress Note | Text: systems is unchanged from admission except as noted below
   Review of systems:
   Pt able to nod to answer questions, indicates that he is not in pain.
   
7. When: 3 days 18 hours ago, Note Category: Nursing, Note Description: Nursing Progress Note | Text: PT MORE AWAKE ,TAKING CL LIQUIDS.INTERACTING APPROPRIATELY CFAMILY,PT
   STATE HE DOES NOT WANT TO BE REINTUBATED,FAMILY IS IN AGREEMENT  .HE IS
   ANXIOUS TO FIND HIS EYEGLASSES.HE BELIEVES HE WAS ADMITTED TO HOSPITAL
   C THEM.ADMISSION FORM STATES HE HAD NO VALUABLES . 
8. When: 3 days 18 hours ago, Note Category: General, Note Description: ICU Event Note | Text: Nurse present and all in agreement that patient would be DNI
   going forward.  
9. When: 3 days 18 hours ago, Note Category: General, Note Description: ICU Event Note | Text: Did not address DNR component at this discussion, and
   will defer that discussion until the morning as patient and family
   somewhat overwhelmed by current discussion.

"
3d70847e-d1c1-0159-2610-3982a6824064,So Admissao,He was able to tolerate sips of clear liquids and eventually advanced to a more solid diet. ,Supported,"The reference notes indicate the patient was tolerating sips of clear liquids and was planned to advance diet as tolerated, with nursing notes confirming tolerance of clear/full liquids and encouragement to eat solids.","Hospital Admission Start: 14 days 17 hours ago
Hospital Admission End: Now
Electronic Health Record Context
Ordered by Time (Earliest to Latest):
1. When: 14 days 13 hours ago, Note Category: Physician, Note Description: Intensivist Note | Text: He was admitted, hydrated, and started on PO vanco. 
2. When: 14 days 13 hours ago, Note Category: Nursing, Note Description: Nursing Progress Note | Text: He
   was admitted, hydrated, and started on PO vanco. 
3. When: 10 days 13 hours ago, Note Category: Physician, Note Description: Intensivist Note | Text: ?Clears
   Nutrition: Clear liquids, Tolerating sips.  
4. When: 10 days 13 hours ago, Note Category: Physician, Note Description: Intensivist Note | Text: Tolerating sips.  
5. When: 10 days 13 hours ago, Note Category: Physician, Note Description: Intensivist Note | Text: Nutrition: Clear liquids, Tolerating sips.  
6. When: 9 days 13 hours ago, Note Category: Physician, Note Description: Intensivist Note | Text: Gastrointestinal / Abdomen: Clears, will advance diet as tolerated as
   per primary team
   Nutrition: will advance diet as tolerated as per primary team
   Renal: Foley, Adequate UO, Patient auto-diuresing.patient approaching
   dry weight.
   
7. When: 9 days 13 hours ago, Note Category: Nursing, Note Description: Nursing Transfer Note | Text: Tolerating clear/full liquids well- advance diet as
   tolerated.
                    
8. When: 9 days 13 hours ago, Note Category: Nursing, Note Description: Nursing Transfer Note | Text: Tolerating POs well, denies nausea,
   encouraged to eat solids. 
"
470c70f2-37d9-011a-07e1-75b28fb4223a,So Admissao,"The patient's atrial fibrillation was managed with amiodarone and lopressor, and his heart rate and blood pressure were stabilized. ",Supported,"The reference shows the patient was treated with amiodarone and lopressor for atrial fibrillation, which helped control heart rate and convert to sinus rhythm, and the patient's heart rate and blood pressure were monitored and stabilized.","Hospital Admission Start: 14 days 17 hours ago
Hospital Admission End: Now
Electronic Health Record Context
Ordered by Time (Earliest to Latest):
1. When: 13 days 13 hours ago, Note Category: Nursing, Note Description: Nursing Progress Note | Text: * Pt experienced SVT with runs of Afib last night, whereupon he was
   immediately started on an Amiodarone gtt. 
2. When: 11 days 13 hours ago, Note Category: Physician, Note Description: Intensivist Note | Text: Cont
   amiodarone. 
3. When: 11 days 13 hours ago, Note Category: Physician, Note Description: Cardiology Comprehensive Physician Note | Text: Amiodarone iv was started
   which helped control the heart rate and eventually converted him to
   sinus.  
4. When: 11 days 13 hours ago, Note Category: Physician, Note Description: Cardiology Comprehensive Physician Note | Text: Atrial tachycardia: start lopressor 25 QID PO and uptitrate if
   patient
s BP tolerates the beta blocker, continue amiodarone 400 [**Hospital1 **]
   for now, no anticoagulation needed for now since atrial tachycardia not
   Afib, if patient develops Afib consider coumadin since CHADS score 2,
   would check another Echo to assess for structural abnormalities.
5. When: 11 days 13 hours ago, Note Category: Nursing, Note Description: Nursing Progress Note | Text: Action:
   PO amiodarone and lopressor given at 1700 after Dr [**First Name (STitle) **] spoke with
   cardiology.  
6. When: 10 days 13 hours ago, Note Category: Nursing, Note Description: Nursing Progress Note | Text: Atrial fibrillation (Afib)
   Assessment:
   Pt in SR w/ rate in the 80-90
s at the beginning of the shift..  Had
   received first PO dose of amiodarone 400mg at 5pm, IV gtt of amio at
   0.5mg/min turned off at 9:30pm  Pt hypotensive at that time with BP as
   low as 75/45.
7. When: 10 days 13 hours ago, Note Category: Nursing, Note Description: Nursing Progress Note | Text: Plan:
   Con
t to monitor HR closely, pt now getting PO amiodarone and PO
   lopressor as ordered.   
8. When: 9 days 13 hours ago, Note Category: Physician, Note Description: Intensivist Note | Text: Amiodarone 9. 
9. When: 9 days 13 hours ago, Note Category: Nursing, Note Description: Nursing Transfer Note | Text: Action:
   Receiving 400mg amiodarone [**Hospital1 **] & 50mg lopressor [**Hospital1 **] for afib.
   
"
8ebcf909-ec3c-8eaa-ed34-489a7af2c68a,So Admissao,He received physical therapy and antibiotic coverage for his surgical site. ,Supported,"The reference notes that the patient had abdominal wound dressing changes and was started on antibiotics (PO vancomycin), indicating antibiotic coverage for the surgical site, and wound care consistent with physical therapy involvement.","Hospital Admission Start: 14 days 17 hours ago
Hospital Admission End: Now
Electronic Health Record Context
Ordered by Time (Earliest to Latest):
1. When: 14 days 13 hours ago, Note Category: Physician, Note Description: Intensivist Note | Text: He was admitted, hydrated, and started on PO vanco. 
2. When: 14 days 13 hours ago, Note Category: Nursing, Note Description: Nursing Progress Note | Text: He
   was admitted, hydrated, and started on PO vanco. 
3. When: 14 days 13 hours ago, Note Category: Nursing, Note Description: Nursing Progress Note | Text: (had been on antibiotics previously for COPD flare) . 
4. When: 14 days 13 hours ago, Note Category: Nursing, Note Description: Nursing Progress Note | Text: He
   was admitted, hydrated, and started on PO vancomycin. 
5. When: 11 days 13 hours ago, Note Category: Physician, Note Description: Cardiology Comprehensive Physician Note | Text: He received a total colectomy with endileostomy on [**2-22**].
6. When: 10 days 13 hours ago, Note Category: Nursing, Note Description: Nursing Progress Note | Text: Action:
   Started on nystatin swish and swallow, Vaseline to lips, ostomy bag
   changed and secured.
   
7. When: 9 days 13 hours ago, Note Category: Nursing, Note Description: Nursing Progress Note | Text: Action:
   Abdominal wound dressing changed. 
8. When: 6 days 13 hours ago, Note Category: Radiology, Note Description: PICC W/O PORT | Text: The patient tolerated the procedure well. 
9. When: 6 days 13 hours ago, Note Category: Radiology, Note Description: PICC W/O PORT | Text: The procedure was explained to the patient. 
"
80d33852-8e45-43b1-408c-e9a049b6c682,So Admissao,"The patient was eventually transferred to a rehabilitation program, where he continued to receive treatment for his various complications, including impaired skin integrity due to a leaking ostomy bag and thrush.

",Not Addressed,The reference context does not mention the patient being transferred to a rehabilitation program or continuing treatment there for complications such as impaired skin integrity due to a leaking ostomy bag and thrush.,"Hospital Admission Start: 14 days 17 hours ago
Hospital Admission End: Now
Electronic Health Record Context
Ordered by Time (Earliest to Latest):
1. When: 14 days 13 hours ago, Note Category: Physician, Note Description: Intensivist Note | Text: He was admitted, hydrated, and started on PO vanco. 
2. When: 14 days 13 hours ago, Note Category: Nursing, Note Description: Nursing Progress Note | Text: Arrangements were then made for transfer here by his family
s request
   PMHx:
   HTN
   Perforated Diverticulitis [**6-/2125**] c/b sepsis, respiratory failure, ARF,
   A Fib, multiple abscess formation after colectomy and hartmann
s pouch
   at OSH. 
3. When: 14 days 13 hours ago, Note Category: Nursing, Note Description: Nursing Progress Note | Text: will
   mature stoma at bedside in next 1-2 days per surgical team
   Impaired Skin Integrity
   Assessment:
   Coccyx/buttocks reddened and blanchable on admission
   Action:
   Pt turned side to side q2hours in swimmers position and barrier cream
   applied
   Response:
   Area remains red and blanchable
   Plan:
   Continue frequent repositioning and swimmers position
4. When: 12 days 13 hours ago, Note Category: Nursing, Note Description: Nursing Progress Note | Text: Plan:
   Continue to assess ostomy appearance and output frequently.

5. When: 12 days 13 hours ago, Note Category: Nursing, Note Description: Nursing Progress Note | Text: Response:
   Several hours later 400cc emptied from ostomy bag.
   
6. When: 10 days 13 hours ago, Note Category: Nursing, Note Description: Nursing Progress Note | Text: Action:
   Started on nystatin swish and swallow, Vaseline to lips, ostomy bag
   changed and secured.
   
7. When: 10 days 13 hours ago, Note Category: Nursing, Note Description: Nursing Progress Note | Text: Ostomy bag leaking green liquid stool.
   
8. When: 9 days 13 hours ago, Note Category: Nursing, Note Description: Nursing Progress Note | Text: Ostomy bag intact.
9. When: 9 days 13 hours ago, Note Category: Nursing, Note Description: Nursing Progress Note | Text: Ostomy bag left intact-liquid green
   drainage.
   
10. When: 6 days 13 hours ago, Note Category: Radiology, Note Description: PICC W/O PORT | Text: The patient tolerated the procedure well. 
"
0fdc44f3-34e8-dbf8-82f2-ea42e40665f0,So Admissao,"During his hospital stay, the patient underwent several imaging studies, including chest X-rays, abdominal X-rays, and an echocardiogram. ",Supported,"The reference documents multiple imaging studies during the hospital stay, including chest X-rays (portable AP chest films), abdominal X-rays (supine and erect abdomen films), and a bedside echocardiogram, supporting the text.","Hospital Admission Start: 14 days 17 hours ago
Hospital Admission End: Now
Electronic Health Record Context
Ordered by Time (Earliest to Latest):
1. When: 15 days 13 hours ago, Note Category: Radiology, Note Description: CHEST PORT. LINE PLACEMENT | Text: FINDINGS:  As compared to the previous examination, an endotracheal tube has
 been placed.  
2. When: 14 days 13 hours ago, Note Category: Radiology, Note Description: CHEST (PORTABLE AP) | Text: On prior exam
 was in the stomach.

         
3. When: 14 days 13 hours ago, Note Category: Radiology, Note Description: CHEST (PORTABLE AP) | Text: (Radiology) 96685**]
 Reason: interval change
 Admitting Diagnosis: ACUTE RENAL FAILURE
 ______________________________________________________________________________
 [**Hospital 4**] MEDICAL CONDITION:
  73 year old man with megacolon
 REASON FOR THIS EXAMINATION:
  interval change
 ______________________________________________________________________________
                                  PFI REPORT
 PFI:  Limited study due to respiratory motion with unchanged left basal
 atelectasis.
4. When: 14 days 13 hours ago, Note Category: Radiology, Note Description: CHEST (PORTABLE AP) | Text: [**2131-2-22**] 5:19 AM
 CHEST (PORTABLE AP)                                             Clip # [**Clip Number (Radiology) 96685**]
 Reason: interval change
 Admitting Diagnosis: ACUTE RENAL FAILURE
 ______________________________________________________________________________
 [**Hospital 4**] MEDICAL CONDITION:
  73 year old man with megacolon
 REASON FOR
5. When: 14 days 13 hours ago, Note Category: Nursing, Note Description: Nursing Progress Note | Text: On [**2-21**] he
   developed significant abdominal distension and SOB.  
6. When: 14 days 13 hours ago, Note Category: Nursing, Note Description: Nursing Progress Note | Text: On
   [**2-21**] he developed significant abdominal distension and SOB.  
7. When: 13 days 13 hours ago, Note Category: Nursing, Note Description: Nursing Progress Note | Text: Bedside ECHO performed. 
8. When: 8 days 13 hours ago, Note Category: Radiology, Note Description: ABDOMEN (SUPINE & ERECT) | Text: FINDINGS:  Abdominal radiograph, supine and upright views.  
9. When: 8 days 13 hours ago, Note Category: Radiology, Note Description: ABDOMEN (SUPINE & ERECT) | Text: [**2131-2-28**] 8:18 PM
 ABDOMEN (SUPINE & ERECT)                                        Clip # [**Clip Number (Radiology) 96729**]
 Reason: Please assess for dilated bowel, etc
 Admitting Diagnosis: ACUTE RENAL FAILURE
 ______________________________________________________________________________
 [**Hospital 4**] MEDICAL CONDITION:
  73 year old man with distended abdomen
 REASON FOR THIS EXAMINATION:
  Please assess for dilated bowel,
10. When: 6 days 13 hours ago, Note Category: Radiology, Note Description: PICC W/O PORT | Text: [**Last Name (STitle) 7**],
 the Attending Radiologist, was present and supervised the entire procedure.

 
"
56ceb3e1-ae47-feff-809c-cfc4675e63d8,So Admissao,"The patient was treated with antibiotics, vasopressors, and mechanical ventilation, and his condition was closely monitored in the ICU. ",Supported,"The reference states the patient was transferred to the ICU, intubated (mechanical ventilation), started on vasopressors, and treated with antibiotics (meropenem, vancomycin, metronidazole), indicating close monitoring in the ICU.","Hospital Admission Start: 14 days 17 hours ago
Hospital Admission End: Now
Electronic Health Record Context
Ordered by Time (Earliest to Latest):
1. When: 14 days 13 hours ago, Note Category: Physician, Note Description: Intensivist Note | Text: He was transfered to
   the ICU, intubated, had a central line placed, started on
   vasopressors, and was given 3L IVF and meropenem/flagyl IV.
   
2. When: 14 days 13 hours ago, Note Category: Nursing, Note Description: Nursing Progress Note | Text: He was
   transferred to the ICU, intubated, had a central line placed, started
   on
   vasopressors, and was given 3L IVF and meropenem/flagyl IV.
3. When: 14 days 13 hours ago, Note Category: Nursing, Note Description: Nursing Progress Note | Text: He
   was admitted, hydrated, and started on PO vancomycin. 
4. When: 13 days 13 hours ago, Note Category: Physician, Note Description: Intensivist Note | Text: Last dose of Antibiotics:
   Vancomycin - [**2131-2-21**] 10:00 PM
   Meropenem - [**2131-2-23**] 12:00 AM
   Metronidazole - [**2131-2-23**] 02:00 AM
   Infusions:
   Vasopressin - 2.4 units/hour
   Norepinephrine - 0.
5. When: 12 days 13 hours ago, Note Category: Physician, Note Description: Intensivist Note | Text: Disposition: icu
   Total time spent: 31
6. When: 12 days 13 hours ago, Note Category: Nursing, Note Description: Nursing Progress Note | Text: Resident was at the bedside when episode
   occurred and lopressor 10 mg IVP given. 
7. When: 9 days 13 hours ago, Note Category: Physician, Note Description: Intensivist Note | Text: Antibiotics:
   Meropenem - [**2131-2-26**] 12:24 PM
   Metronidazole - [**2131-2-27**] 12:00 AM
   Infusions:
   Other ICU medications:
   Lorazepam (Ativan) - [**2131-2-26**] 05:30 PM
   Metoprolol - [**2131-2-26**] 10:45 PM
   Heparin Sodium (Prophylaxis) -
"
6440902e-c077-ee3c-c9e7-7d990607e4d6,So Admissao,"He experienced several complications, including atrial fibrillation and supraventricular tachycardia, but was successfully converted to a normal sinus rhythm with treatment. ",Supported,"The reference documents episodes of supraventricular tachycardia and atrial fibrillation, and notes that treatment with amiodarone converted the patient to sinus rhythm, supporting the text's statement.","Hospital Admission Start: 14 days 17 hours ago
Hospital Admission End: Now
Electronic Health Record Context
Ordered by Time (Earliest to Latest):
1. When: 15 days 13 hours ago, Note Category: ECG, Note Description: Report | Text: Sinus rhythm with borderline sinus tachycardia and atrial premature beats.

2. When: 14 days 13 hours ago, Note Category: ECG, Note Description: Report | Text: Compared to the previous tracing of [**2131-2-21**] cardiac rhythm
is now supraventricular tachycardia.


3. When: 13 days 13 hours ago, Note Category: Nursing, Note Description: Nursing Progress Note | Text: * Pt experienced SVT with runs of Afib last night, whereupon he was
   immediately started on an Amiodarone gtt. 
4. When: 11 days 13 hours ago, Note Category: Physician, Note Description: Cardiology Comprehensive Physician Note | Text: Amiodarone iv was started
   which helped control the heart rate and eventually converted him to
   sinus.  
5. When: 11 days 13 hours ago, Note Category: Physician, Note Description: Cardiology Comprehensive Physician Note | Text: We were consulted to help with the management of this supraventricular
   tachycardia.
6. When: 11 days 13 hours ago, Note Category: Physician, Note Description: Cardiology Comprehensive Physician Note | Text: When amiodarone was stopped today he reverted to his SVT.
   
7. When: 10 days 13 hours ago, Note Category: Nursing, Note Description: Nursing Progress Note | Text: Todays events:
   Atrial fibrillation (Afib)
   Assessment:
   Sinus rhythm rate increased to 120 at 1700 after staff assisted
   standing transfer from chair to bed. 
8. When: 2 days 13 hours ago, Note Category: ECG, Note Description: Report | Text: Sinus rhythm.  
"
6d2953ec-9991-971b-a839-a7f35055e62a,So Admissao,"These studies revealed findings consistent with small-bowel obstruction, left pleural effusion, and mildly thickened aortic and mitral valve leaflets. ",Supported,"The reference notes findings of small-bowel obstruction with dilated loops and air-fluid levels, left pleural effusion described as minimal or probable pleural fluid, and mildly thickened aortic and mitral valve leaflets, all consistent with the text.","Hospital Admission Start: 14 days 17 hours ago
Hospital Admission End: Now
Electronic Health Record Context
Ordered by Time (Earliest to Latest):
1. When: 15 days 13 hours ago, Note Category: Radiology, Note Description: CT ABDOMEN W/O CONTRAST | Text: CT ABDOMEN: Left effusion is minimal. 
2. When: 11 days 13 hours ago, Note Category: Radiology, Note Description: CHEST (PORTABLE AP) | Text: The extent of the left-sided pleural
 effusion, combined with the pre-existing left basal and retrocardiac opacity
 have slightly increased.  
3. When: 11 days 13 hours ago, Note Category: Physician, Note Description: Cardiology Comprehensive Physician Note | Text: The mitral valve leaflets are
   mildly thickened. 
4. When: 9 days 13 hours ago, Note Category: Echo, Note Description: Report | Text: MITRAL VALVE: Mildly thickened mitral valve leaflets. 
5. When: 9 days 13 hours ago, Note Category: Echo, Note Description: Report | Text: The mitral valve leaflets are mildly thickened.

6. When: 9 days 13 hours ago, Note Category: Echo, Note Description: Report | Text: AORTIC VALVE: Mildly thickened aortic valve leaflets (3). 
7. When: 9 days 13 hours ago, Note Category: Echo, Note Description: Report | Text: The aortic valve
leaflets (3) are mildly thickened but aortic stenosis is not present. 
8. When: 8 days 13 hours ago, Note Category: Radiology, Note Description: ABDOMEN (SUPINE & ERECT) | Text: Assess for evidence of small-bowel
 obstruction.

 
9. When: 8 days 13 hours ago, Note Category: Radiology, Note Description: ABDOMEN (SUPINE & ERECT) | Text: IMPRESSION:

 Dilated loops of small bowels with ""stepladder"" air-fluid levels, consistent
 with early small-bowel obstruction.  
10. When: 8 days 13 hours ago, Note Category: Radiology, Note Description: CHEST (PA & LAT) | Text: Some atelectatic changes and probable pleural fluid are seen at
 the left base.  
"
ee7cb69e-eb5e-5fe0-8feb-93096ada1190,So Admissao,"The patient also had a PICC line placed for TPN administration, which was initially misplaced but later corrected. ",Supported,"The reference describes a failed initial PICC placement with the catheter curling into the axilla, followed by a successful fluoroscopically guided PICC line placement for TPN administration, supporting the text that the PICC line was initially misplaced but later corrected.","Hospital Admission Start: 14 days 17 hours ago
Hospital Admission End: Now
Electronic Health Record Context
Ordered by Time (Earliest to Latest):
1. When: 15 days 13 hours ago, Note Category: Radiology, Note Description: CHEST PORT. LINE PLACEMENT | Text: LINE PLACEMENT                                      Clip # [**Clip Number (Radiology) 96659**]
 Reason: check new left subcl tlc placement.
 
2. When: 7 days 13 hours ago, Note Category: Radiology, Note Description: CHEST PORT. LINE PLACEMENT | Text: PICC placement was discussed by Dr. 
3. When: 7 days 13 hours ago, Note Category: Radiology, Note Description: CHEST PORT. LINE PLACEMENT | Text: LINE PLACEMENT                                      Clip # [**Clip Number (Radiology) 96730**]
 Reason: r dl picc 45cm
 Admitting Diagnosis: ACUTE RENAL FAILURE
 ______________________________________________________________________________
 [**Hospital 4**] MEDICAL CONDITION:
  73 year old man with picc
 REASON FOR THIS
4. When: 7 days 13 hours ago, Note Category: Radiology, Note Description: CHEST PORT. LINE PLACEMENT | Text: LINE PLACEMENT                                      Clip # [**Clip Number (Radiology) 96730**]
 Reason: r dl picc 45cm
 Admitting Diagnosis: ACUTE RENAL FAILURE
 ______________________________________________________________________________
 [**Hospital 4**] MEDICAL CONDITION:
  73 year old man with picc
 REASON FOR THIS EXAMINATION:
  r dl picc 45cm
 ______________________________________________________________________________
                                  PFI REPORT
 Right PICC catheter coursing towards the lung and then curving around to and
 is directed again laterally terminating in the right axilla.
5. When: 7 days 13 hours ago, Note Category: Radiology, Note Description: CHEST PORT. LINE PLACEMENT | Text: ______________________________________________________________________________
                                 FINAL REPORT
 HISTORY:  73-year-old male with PICC catheter.

 
6. When: 6 days 13 hours ago, Note Category: Radiology, Note Description: PICC W/O PORT | Text: ______________________________________________________________________________
                                 FINAL REPORT
 PICC LINE PLACEMENT

 INDICATION: IV access needed for TPN.

 
7. When: 6 days 13 hours ago, Note Category: Radiology, Note Description: PICC W/O PORT | Text: Failed bedside PICC placement, curls into axilla.
8. When: 6 days 13 hours ago, Note Category: Radiology, Note Description: PICC W/O PORT | Text: IMPRESSION: Uncomplicated ultrasound and fluoroscopically guided 5-French
 double-lumen PICC line placement via the right basilic venous approach. 
9. When: 6 days 13 hours ago, Note Category: Radiology, Note Description: PICC W/O PORT | Text: A peel-away sheath was then placed over a
 guidewire and a double-lumen PICC line measuring 40 cm in length was then
 placed through the peel-away sheath with its tip positioned in the SVC under
 fluoroscopic guidance. 
10. When: 6 days 13 hours ago, Note Category: Radiology, Note Description: PICC W/O PORT | Text: REASON FOR THIS EXAMINATION:
  Please place PICC.
 
"
6f6a9ac3-fb6c-48d7-f5e8-5f06a4741863,So Admissao,"The patient's condition continued to improve, and he was eventually discharged from the hospital.",Not Addressed,"The reference notes document the patient's admission, treatments, procedures, and condition changes but do not mention the patient being discharged from the hospital.","Hospital Admission Start: 14 days 17 hours ago
Hospital Admission End: Now
Electronic Health Record Context
Ordered by Time (Earliest to Latest):
1. When: 14 days 13 hours ago, Note Category: Physician, Note Description: Intensivist Note | Text: He was admitted, hydrated, and started on PO vanco. 
2. When: 14 days 13 hours ago, Note Category: Nursing, Note Description: Nursing Progress Note | Text: He
   was admitted, hydrated, and started on PO vanco. 
3. When: 14 days 13 hours ago, Note Category: Nursing, Note Description: Nursing Progress Note | Text: He
   was admitted, hydrated, and started on PO vancomycin. 
4. When: 14 days 13 hours ago, Note Category: Respiratory, Note Description: Respiratory Care Shift Note | Text: PEEP increased from 5 to 10, FiO2 from 50 to 70%, now weaned back to
   50% but maintained PEEP, ABGs went from combined acidosis to acute
   metabolic acidosis but pH has improved since this morning, patient went
   to OR this morning where he has Ileostomy done, will continues to be
   followed.
5. When: 12 days 13 hours ago, Note Category: Physician, Note Description: Intensivist Note | Text: Metabolic acidosis resolved.
   
6. When: 11 days 13 hours ago, Note Category: Physician, Note Description: Cardiology Comprehensive Physician Note | Text: He received a total colectomy with endileostomy on [**2-22**].
7. When: 9 days 13 hours ago, Note Category: Rehab Services, Note Description: Physical Therapy Evaluation Note | Text: has stayed on [**Location (un) 506**] with hospital bed previously.
   
8. When: 6 days 13 hours ago, Note Category: Radiology, Note Description: PICC W/O PORT | Text: The patient tolerated the procedure well. 
9. When: 6 days 13 hours ago, Note Category: Radiology, Note Description: PICC W/O PORT | Text: The procedure was explained to the patient. 
"
f3041856-0d94-18c4-63a6-5d4be3322939,So Admissao,"The patient, a 73-year-old man, was admitted to the hospital with weakness, lower abdominal pain, and evidence of colitis due to C. difficile infection. ",Supported,"The reference confirms the patient is a 73-year-old man admitted with weakness, lower abdominal pain, and evidence of colitis due to C. difficile infection, as shown by positive stool tests and CT findings.","Hospital Admission Start: 14 days 17 hours ago
Hospital Admission End: Now
Electronic Health Record Context
Ordered by Time (Earliest to Latest):
1. When: 15 days 13 hours ago, Note Category: Radiology, Note Description: CT ABDOMEN W/O CONTRAST | Text: ______________________________________________________________________________
                                 FINAL REPORT
 INDICATION:  73-year-old man with C. diff colitis presenting with abdominal
 distention.
2. When: 14 days 13 hours ago, Note Category: Physician, Note Description: Intensivist Note | Text: Stool was positive for C Diff. 
3. When: 14 days 13 hours ago, Note Category: Nursing, Note Description: Nursing Progress Note | Text: TSICU
   HPI:
   73 male with  weakness and lower abdominal pain presented to outside
   hospital [**2-18**]. 
4. When: 14 days 13 hours ago, Note Category: Nursing, Note Description: Nursing Progress Note | Text: C Diff Colitis
   Assessment:
   Abdomen large firm, tender to palpation, bladder pressures 14-18, C
   diff positive at outside hospital, wbc 10, CVP 8-10, on levophed to
   maintain map >60, intubated at osh for respiratory distress. 
5. When: 14 days 13 hours ago, Note Category: Nursing, Note Description: Nursing Progress Note | Text: CT
   scan showed evidence of colitis and stool was positive for C Diff. 
6. When: 14 days 13 hours ago, Note Category: Nursing, Note Description: Nursing Progress Note | Text: 73 male with  weakness and lower abdominal pain presented to outside
   hospital [**2-18**]. 
7. When: 9 days 13 hours ago, Note Category: Rehab Services, Note Description: Physical Therapy Evaluation Note | Text: Attending Physician: [**Name10 (NameIs) 1924**]
   Referral date: [**2131-2-26**]
   Medical Diagnosis / ICD 9: sepsis / 038.9
   Reason of referral: Eval & treat
   History of Present Illness / Subjective Complaint: 73 yo M  admitted to
   OSH on [**2-18**] with weakness and lower abdominal pain, CT showing colitis
   with +c.diff,
8. When: 8 days 13 hours ago, Note Category: Radiology, Note Description: ABDOMEN (SUPINE & ERECT) | Text: ______________________________________________________________________________
                                 FINAL REPORT
 HISTORY:  73-year-old man with complicated C. diff colitis, now status post
 total colectomy and end ileostomy.  
"
c8d8da41-6cc9-2153-378b-a3b85e0cae87,So Admissao,"He developed sepsis, acute respiratory failure, and acute renal failure, requiring transfer to the ICU, intubation, and vasopressor support. ",Supported,"The reference states the patient developed sepsis, acute renal failure, respiratory distress requiring intubation, vasopressor support, and transfer to the ICU, which fully supports the text.","Hospital Admission Start: 14 days 17 hours ago
Hospital Admission End: Now
Electronic Health Record Context
Ordered by Time (Earliest to Latest):
1. When: 14 days 13 hours ago, Note Category: Physician, Note Description: Intensivist Note | Text: He was transfered to
   the ICU, intubated, had a central line placed, started on
   vasopressors, and was given 3L IVF and meropenem/flagyl IV.
   
2. When: 14 days 13 hours ago, Note Category: Physician, Note Description: Intensivist Note | Text: Over a short periord this afternoon he quickly decompensated
   becoming hypotensive with respiratory distress.  
3. When: 14 days 13 hours ago, Note Category: Nursing, Note Description: Nursing Progress Note | Text: He was
   transferred to the ICU, intubated, had a central line placed, started
   on
   vasopressors, and was given 3L IVF and meropenem/flagyl IV.
4. When: 14 days 13 hours ago, Note Category: Nursing, Note Description: Nursing Progress Note | Text: He quickly
   decompensated becoming hypotensive with respiratory distress.  
5. When: 14 days 13 hours ago, Note Category: Radiology, Note Description: CHEST (PORTABLE AP) | Text: Admitting Diagnosis: ACUTE RENAL FAILURE
 ______________________________________________________________________________
 [**Hospital 4**] MEDICAL CONDITION:
  73 year old man with sepsis, acute desat, acidosis.
6. When: 14 days 13 hours ago, Note Category: Radiology, Note Description: CHEST (PORTABLE AP) | Text: Admitting Diagnosis: ACUTE RENAL FAILURE
 ______________________________________________________________________________
 [**Hospital 4**] MEDICAL CONDITION:
  73 year old man with sepsis, acute desat, acidosis.
 
"
b0708132-b608-102e-7fce-b1a5cc9c0be9,So Admissao,"The patient underwent an exploratory laparotomy, total abdominal colectomy, and end ileostomy due to toxic megacolon. ",Supported,"The reference repeatedly documents the patient as s/p exploratory laparotomy (ex lap), total abdominal colectomy, and end ileostomy due to toxic megacolon, confirming the text.","Hospital Admission Start: 14 days 17 hours ago
Hospital Admission End: Now
Electronic Health Record Context
Ordered by Time (Earliest to Latest):
1. When: 13 days 13 hours ago, Note Category: Nursing, Note Description: Nursing Progress Note | Text: 73M with C.diff colitis, sepsis, resp failure, ARF, toxic megacolon,
   s/p ex lap, total abd colectomy, end ileostomy [**2-22**].
   
2. When: 13 days 13 hours ago, Note Category: Nursing, Note Description: Nursing Progress Note | Text: 73 y.o.m with C.diff colitis, sepsis, resp failure, ARF, toxic
   megacolon, s/p ex lap, total abd colectomy, end ileostomy [**2-22**].
   
3. When: 11 days 13 hours ago, Note Category: Physician, Note Description: Intensivist Note | Text: TSICU
   HPI:
   73M with C.diff colitis, sepsis, resp failure, ARF, ?toxic megacolon,
   s/p ex lap, total abd colectomy, end ileostomy [**2-22**].
4. When: 11 days 13 hours ago, Note Category: Nursing, Note Description: Nursing Progress Note | Text: 73M with C.diff colitis, sepsis, resp failure, ARF, ?toxic megacolon,
   s/p ex lap, total abd colectomy, end ileostomy [**2-22**].
   
5. When: 11 days 13 hours ago, Note Category: Physician, Note Description: Cardiology Comprehensive Physician Note | Text: He received a total colectomy with endileostomy on [**2-22**].
6. When: 10 days 13 hours ago, Note Category: Nursing, Note Description: Nursing Progress Note | Text: 73M with C.diff colitis/toxic metacolon, sepsis, resp failure, ARF, s/p
   ex lap, total abd colectomy, end ileostomy [**2-22**].
7. When: 9 days 13 hours ago, Note Category: Nursing, Note Description: Nursing Progress Note | Text: 73M with C.diff colitis/toxic metacolon, sepsis, resp failure, ARF, s/p
   ex lap, total abd colectomy, end ileostomy [**2-22**].
   
8. When: 9 days 13 hours ago, Note Category: Nursing, Note Description: Nursing Transfer Note | Text: 73 yom with C.diff colitis/toxic metacolon, sepsis, resp failure, ARF,
   s/p ex lap, total abd colectomy & end ileostomy [**2-22**].
   
"
d6166e55-acd2-794d-f6b5-8736fdc3d68c,So Admissao,"He required close monitoring and management of his various organ dysfunctions, including acute respiratory distress syndrome, sepsis, and acute renal failure. ",Supported,"The reference documents the patient had sepsis, acute renal failure, and acute lung injury (consistent with acute respiratory distress syndrome), indicating close monitoring and management of multiple organ dysfunctions.","Hospital Admission Start: 14 days 17 hours ago
Hospital Admission End: Now
Electronic Health Record Context
Ordered by Time (Earliest to Latest):
1. When: 14 days 13 hours ago, Note Category: Physician, Note Description: Intensivist Note | Text: He was transfered to
   the ICU, intubated, had a central line placed, started on
   vasopressors, and was given 3L IVF and meropenem/flagyl IV.
   
2. When: 14 days 13 hours ago, Note Category: Nursing, Note Description: Nursing Progress Note | Text: He quickly
   decompensated becoming hypotensive with respiratory distress.  
3. When: 14 days 13 hours ago, Note Category: Nursing, Note Description: Nursing Progress Note | Text: He was
   transferred to the ICU, intubated, had a central line placed, started
   on
   vasopressors, and was given 3L IVF and meropenem/flagyl IV.
4. When: 14 days 13 hours ago, Note Category: Radiology, Note Description: CHEST (PORTABLE AP) | Text: Admitting Diagnosis: ACUTE RENAL FAILURE
 ______________________________________________________________________________
 [**Hospital 4**] MEDICAL CONDITION:
  73 year old man with sepsis, acute desat, acidosis.
5. When: 14 days 13 hours ago, Note Category: Radiology, Note Description: CHEST (PORTABLE AP) | Text: Admitting Diagnosis: ACUTE RENAL FAILURE
 ______________________________________________________________________________
 [**Hospital 4**] MEDICAL CONDITION:
  73 year old man with sepsis, acute desat, acidosis.
 
6. When: 10 days 13 hours ago, Note Category: Physician, Note Description: Intensivist Note | Text: ACUTE LUNG INJURY, [**Doctor Last Name **]), SUPRAVENTRICULAR TACHYCARDIA (SVT), IMPAIRED
   SKIN INTEGRITY, SEPSIS, SEVERE (WITH ORGAN DYSFUNCTION), RENAL FAILURE,
   ACUTE (ACUTE RENAL FAILURE, ARF), [**Last Name 121**] PROBLEM - ENTER DESCRIPTION IN
   COMMENTS
   CDiff Colitis
   Assessment and Plan: 73M with C.diff colitis/toxic metacolon, sepsis,
"
40d22801-e082-ec79-4f1c-15a01deea985,So Admissao,"The patient's respiratory status improved, and he was weaned off peep according to esophageal balloon pressures. ",Not Supported,"The reference shows PEEP was increased and maintained or decreased gradually, with plans to wean PEEP according to esophageal balloon pressures, but there is no clear documentation that the patient's respiratory status improved or that he was actually weaned off PEEP.","Hospital Admission Start: 14 days 17 hours ago
Hospital Admission End: Now
Electronic Health Record Context
Ordered by Time (Earliest to Latest):
1. When: 14 days 13 hours ago, Note Category: Respiratory, Note Description: Respiratory Care Shift Note | Text: PEEP increased from 5 to 10, FiO2 from 50 to 70%, now weaned back to
   50% but maintained PEEP, ABGs went from combined acidosis to acute
   metabolic acidosis but pH has improved since this morning, patient went
   to OR this morning where he has Ileostomy done, will continues to be
   followed.
2. When: 13 days 13 hours ago, Note Category: Physician, Note Description: Intensivist Note | Text: Esophageal balloon for closer monitoring.
   
3. When: 13 days 13 hours ago, Note Category: Nursing, Note Description: Nursing Progress Note | Text: wean peep tomorrow
   according to esophageal balloon pressures. 
4. When: 13 days 13 hours ago, Note Category: Nursing, Note Description: Nursing Progress Note | Text: Action:
   ARDS NET protocol, esophageal balloon placed to optimize vent settings,
   peep increased to 15, no other vent settings changes made today. 
5. When: 12 days 13 hours ago, Note Category: Physician, Note Description: Intensivist Note | Text: Esophageal balloon placed and PEEP increased to 15.
   
6. When: 12 days 13 hours ago, Note Category: Physician, Note Description: Intensivist Note | Text: Esophageal balloon placed and PEEP increased to 15.
   decr PEEP to 10.
   
7. When: 12 days 13 hours ago, Note Category: Physician, Note Description: Intensivist Note | Text: Qvar *NF* 80 mcg/Actuation Inhalation [**Hospital1 **], Insulin SC Vasopressin 2.4
   24 Hour Events:
 ESOPHOGEAL BALLOON - At [**2131-2-23**] 09:56 AM
   placed per ARDS net protocol- to optimize peep
 TRANSTHORACIC ECHO - At [**2131-2-23**] 03:18 PM
   bedside echo performed by fellow Dr.
8. When: 11 days 13 hours ago, Note Category: Physician, Note Description: Intensivist Note | Text: Esophageal balloon placed and PEEP increased to
   15.  
"
cec4b973-165c-6d31-605d-ec76369b6e01,So Admissao,His renal function also improved with hydration and electrolyte repletion. ,Supported,"The reference notes indicate that the patient was hydrated, renal function was monitored, creatinine was improving, and renal function was noted as improved, supporting that renal function improved with hydration and electrolyte repletion.","Hospital Admission Start: 14 days 17 hours ago
Hospital Admission End: Now
Electronic Health Record Context
Ordered by Time (Earliest to Latest):
1. When: 14 days 13 hours ago, Note Category: Physician, Note Description: Intensivist Note | Text: He was admitted, hydrated, and started on PO vanco. 
2. When: 14 days 13 hours ago, Note Category: Physician, Note Description: Intensivist Note | Text: Nutrition: NPO
   Renal: Marginal Urine output, resolving ARF prerenal progressing to ATN
   improving urine output
   Hematology: stable anemia secondary to dilution
   Endocrine: RISS
   Infectious Disease: meropenem, vancomycin, flagyl cultures pending.
   
3. When: 14 days 13 hours ago, Note Category: Nursing, Note Description: Nursing Progress Note | Text: Plan:
   Follow renal function, fluid balance.
   
4. When: 14 days 13 hours ago, Note Category: Nursing, Note Description: Nursing Progress Note | Text: He
   was admitted, hydrated, and started on PO vanco. 
5. When: 13 days 13 hours ago, Note Category: Nursing, Note Description: Nursing Progress Note | Text: Metabolic acidosis
   has improved slightly. 
6. When: 12 days 13 hours ago, Note Category: Nursing, Note Description: Nursing Progress Note | Text: Response:
   Creatinine improving.
   
7. When: 12 days 13 hours ago, Note Category: Nursing, Note Description: Nursing Progress Note | Text: Plan:
   Cont hydration and monitor fluid status & renal function.
   
8. When: 10 days 13 hours ago, Note Category: Physician, Note Description: Intensivist Note | Text: Continue diuresis.
   
9. When: 10 days 13 hours ago, Note Category: Nutrition, Note Description: Clinical Nutrition Note | Text: Renal function is improved.
   
"
dabd045e-4883-f56d-c62d-d1f61d998a77,So Admissao,"The patient's ileostomy was surgically revised at the bedside, with improved output and appearance.

",Not Addressed,The reference mentions the ileostomy creation and its condition over several days but does not mention any surgical revision at the bedside or improvement in output and appearance.,"Hospital Admission Start: 14 days 17 hours ago
Hospital Admission End: Now
Electronic Health Record Context
Ordered by Time (Earliest to Latest):
1. When: 14 days 13 hours ago, Note Category: Respiratory, Note Description: Respiratory Care Shift Note | Text: PEEP increased from 5 to 10, FiO2 from 50 to 70%, now weaned back to
   50% but maintained PEEP, ABGs went from combined acidosis to acute
   metabolic acidosis but pH has improved since this morning, patient went
   to OR this morning where he has Ileostomy done, will continues to be
   followed.
2. When: 13 days 13 hours ago, Note Category: Physician, Note Description: Intensivist Note | Text: total abd colectomy, end ileostomy
   [**2-22**].
   
3. When: 13 days 13 hours ago, Note Category: Nursing, Note Description: Nursing Progress Note | Text: Ileostomy red with
   minimal bloody drainage. 
4. When: 13 days 13 hours ago, Note Category: Nursing, Note Description: Nursing Progress Note | Text: [**Last Name (STitle) 1924**] will mature (open) ileostomy at bedside.
5. When: 12 days 13 hours ago, Note Category: Physician, Note Description: Intensivist Note | Text: Ileostomy site to be matured. 
6. When: 12 days 13 hours ago, Note Category: Nursing, Note Description: Nursing Progress Note | Text: [**Last Name (STitle) 1924**] will
   mature (open) ileostomy at bedside today. 
7. When: 12 days 13 hours ago, Note Category: Nursing, Note Description: Nursing Progress Note | Text: Immature
   ileostomy red, sanguinous drainage.
8. When: 11 days 13 hours ago, Note Category: Nursing, Note Description: Nursing Progress Note | Text: Ileostomy draining green liquid stool,
   OGT w/ bilious output.  
9. When: 9 days 13 hours ago, Note Category: Nursing, Note Description: Nursing Transfer Note | Text: Ileostomy red & patent, draining small to moderate amts of green
   liquid stool.
   
10. When: 8 days 13 hours ago, Note Category: Radiology, Note Description: ABDOMEN (SUPINE & ERECT) | Text: An ileostomy is seen in the right lower quadrant.
 
"
8fa271c1-d792-8460-5bd0-772e53ef860f,So Admissao,"The patient was extubated and transitioned to nasal cannula oxygen, and his pain was managed with Dilaudid PCA. ",Not Supported,"The reference shows the patient was extubated to a 50% face tent, not nasal cannula oxygen, and Dilaudid PCA was used initially but later discontinued and switched to oral Percocet; thus, the text is not fully supported.","Hospital Admission Start: 14 days 17 hours ago
Hospital Admission End: Now
Electronic Health Record Context
Ordered by Time (Earliest to Latest):
1. When: 11 days 13 hours ago, Note Category: Physician, Note Description: Intensivist Note | Text: Start dilaudid, wean
   fentanyl.
   
2. When: 11 days 13 hours ago, Note Category: Nursing, Note Description: Nursing Progress Note | Text: Action:
   Extubated to 50% Face tent. 
3. When: 10 days 13 hours ago, Note Category: Radiology, Note Description: CHEST (PORTABLE AP) | Text: ______________________________________________________________________________
                                 FINAL REPORT
 INDICATION:  73-year-old man with extubation.

 
4. When: 10 days 13 hours ago, Note Category: Physician, Note Description: Intensivist Note | Text: Neurologic: Pain controlled, Dilaudid PCA.
5. When: 10 days 13 hours ago, Note Category: Physician, Note Description: Intensivist Note | Text: Neurologic: Pain controlled, Dilaudid PCA.
   
6. When: 10 days 13 hours ago, Note Category: Physician, Note Description: Intensivist Note | Text: d/c'd amio gtt
   Lasix gtt, neg ~2.8L
   overdiuresed -> hypotensive -> bolused 500 cc LR
   Dilaudid PCA
   Post operative day:
   POD#4 - s/p colectomy and ileostomy
   Allergies:
   Zosyn (Intraven.) 
7. When: 9 days 13 hours ago, Note Category: Physician, Note Description: Intensivist Note | Text: Neurologic: Pain controlled, Continue Diluadid PCA
   Cardiovascular: Aspirin, Beta-blocker, Statins, Patient currently in
   sinus Rhythm.
8. When: 9 days 13 hours ago, Note Category: Physician, Note Description: Intensivist Note | Text: Neurologic: Pain well controlled, Change Diluadid PCA to percocet PO.
9. When: 9 days 13 hours ago, Note Category: Nursing, Note Description: Nursing Transfer Note | Text: Action:
   Dilaudid PCA discontinued & pt started on PO percocet prn with adequate
   relief of abd discomfort secondary to incision. 
"
