proposition_id,scope,text,verdict,reason,reference
09de3dba-0c11-dd06-509a-2b7edcc0778c,EHR Completo,"The patient's heart failure improved, and he was transferred to the floor for continued management.",Supported,"The reference notes that the patient's heart failure is improving and that there was a transfer to the floor for continued management, directly supporting the text.","Hospital Admission Start: 3 days 1 hours ago
Hospital Admission End: Now
Electronic Health Record Context
Ordered by Time (Earliest to Latest):
1. When: 3 days 12 hours ago, Note Category: Physician, Note Description: Physician Resident Admission Note | Text: Patient admitted from: [**Hospital1 54**] ER
   History obtained from Patient,
2. When: 3 days 12 hours ago, Note Category: Physician, Note Description: Physician Resident Admission Note | Text: PUMP: Patient with known hypertensive cardiomyopathy followed by Dr.
   
3. When: 3 days 12 hours ago, Note Category: Physician, Note Description: Physician Resident Admission Note | Text: On arrival to CCU, patient sedated, but able to respond to questions
   appropriately, denied chest pain. 
4. When: 3 days 12 hours ago, Note Category: Physician, Note Description: Physician Resident Admission Note | Text: Patient looks volume overloaded on exam, with JVD,
   effusions in CXR, LE edema, and possible ascites.
5. When: 3 days 12 hours ago, Note Category: Echo, Note Description: Report | Text: Conclusions:
The left atrium is mildly dilated. 
6. When: 2 days 12 hours ago, Note Category: Physician, Note Description: Physician Resident Admission Note | Text: On arrival to CCU, patient sedated, but able to respond to questions
   appropriately, denied chest pain.
7. When: 2 days 12 hours ago, Note Category: Physician, Note Description: Physician Resident Admission Note | Text: Patient looks volume overloaded
   on exam, with JVD, effusions in CXR, LE edema, and possible ascites.
8. When: 2 days 12 hours ago, Note Category: Physician, Note Description: Cardiology Teaching Physician Note | Text: I would add the following remarks:
   Medical Decision Making
   Heart failure improving.  
9. When: 2 days 12 hours ago, Note Category: Physician, Note Description: Cardiology Teaching Physician Note | Text: Transfer to floor.

10. When: 2 days 12 hours ago, Note Category: Physician, Note Description: Cardiology Teaching Physician Note | Text: CHF
   education.  
"
70ce4073-6067-eaa6-42d2-1b37067d78e1,EHR Completo,"He was educated on fluid and sodium restriction, and a diet consultation was recommended to manage his condition.",Supported,"The reference notes multiple instances of education on fluid and sodium restriction and recommendations for diet management, including explanations and reinforcement of fluid restriction and low-salt diet.","Hospital Admission Start: 3 days 1 hours ago
Hospital Admission End: Now
Electronic Health Record Context
Ordered by Time (Earliest to Latest):
1. When: 3 days 12 hours ago, Note Category: General, Note Description: Generic Note | Text: Per wife, patient has been eating corn beef and has been noncompliant
   with fluid restriction.
2. When: 2 days 12 hours ago, Note Category: Physician, Note Description: Physician Resident Admission Note | Text: Had history of recent diet and fluid restriction noncompliance as
   inciting factor for decompensated heart failure
   - diuresis as above with goal 1-2L out overnight
   - continue nitro gtt for now, wean down as tolerated
   - continue digoxin, check dig level in AM
   - continue lisinopril
   - fluid restriction, strict I/Os, daily weights
   - has appointment with Dr. 
3. When: 2 days 12 hours ago, Note Category: Nursing, Note Description: Nursing Progress Note | Text: Action:
   Explained reasoning for fluid restriction and sodium restriction.
   
4. When: 2 days 12 hours ago, Note Category: Nursing, Note Description: Nursing Progress Note | Text: Response:
   Cont to request water after explanation
   Plan:
   Needs reinforcement of fluid restriction/lasix therapy.  
5. When: 2 days 12 hours ago, Note Category: Physician, Note Description: Physician Resident Progress Note | Text: [**First Name (STitle) **]
   -          Fluid restriction; low-salt diet
   #.
6. When: 2 days 12 hours ago, Note Category: Physician, Note Description: Physician Resident Progress Note | Text: FEN: Low-salt diet; fluid restriction
   ACCESS: 2 PIV's
   PROPHYLAXIS:
   -DVT ppx: INR supratherapeutic
   -Pain management with
   -Bowel regimen with colace,
7. When: 2 days 12 hours ago, Note Category: Nursing, Note Description: Nursing Transfer Note | Text: Response:
   Cont to request water after explanation
   Plan:
   Needs reinforcement of fluid restriction/lasix therapy.   
8. When: 2 days 12 hours ago, Note Category: Nursing, Note Description: Nursing Transfer Note | Text: Also stating that he probably
   had too much sodium in already prepared potatoe salad and coleslaw.
   
"
4b4e8250-626b-1027-65d2-297bd69856b1,EHR Completo,"The patient was admitted with symptoms of decompensated heart failure, including shortness of breath, nausea, vomiting, and fatigue. ",Not Supported,"The reference supports admission for decompensated heart failure with symptoms like fatigue and dyspnea, volume overload signs, and elevated BNP, but it does not mention nausea or vomiting as symptoms.","Hospital Admission Start: 3 days 1 hours ago
Hospital Admission End: Now
Electronic Health Record Context
Ordered by Time (Earliest to Latest):
1. When: 3 days 12 hours ago, Note Category: Physician, Note Description: Physician Resident Admission Note | Text: Patient had recent admission to [**Hospital1 **] [**Location (un) 1415**] [**Date range (1) 9109**]/09 for fatigue, body
   aches, and dyspnea. 
2. When: 3 days 12 hours ago, Note Category: Physician, Note Description: Physician Resident Admission Note | Text: Cards consult called, plan for admit to CCU for
   likely decompensated heart failure. 
3. When: 3 days 12 hours ago, Note Category: Physician, Note Description: Physician Resident Admission Note | Text: Patient looks volume overloaded on exam, with JVD,
   effusions in CXR, LE edema, and possible ascites.
4. When: 3 days 12 hours ago, Note Category: Echo, Note Description: Report | Text: PATIENT/TEST INFORMATION:
Indication: Congestive heart failure. 
5. When: 2 days 12 hours ago, Note Category: Physician, Note Description: Physician Resident Admission Note | Text: Cards consult
   called, plan for admit to CCU for likely decompensated heart failure.
   
6. When: 2 days 12 hours ago, Note Category: Physician, Note Description: Physician Resident Admission Note | Text: Patient looks volume overloaded
   on exam, with JVD, effusions in CXR, LE edema, and possible ascites.
7. When: 2 days 12 hours ago, Note Category: Physician, Note Description: Physician Resident Admission Note | Text: Exam,
   CXR, elevated BNP of >1000, and recent history of diet noncompliance
   points to decompensated heart failure as most likely etiology. 
8. When: 2 days 12 hours ago, Note Category: Physician, Note Description: Physician Resident Progress Note | Text: Decompensated heart failure:  Known systolic dysfunction, with
   decompensation likely related to dietary indiscretion. 
"
9a502f59-2a91-0d5a-e344-996a62799d34,EHR Completo,He was intubated in the emergency department due to low oxygen saturation and transferred to the cardiac care unit (CCU) for further management. ,Supported,"The reference states the patient was intubated in the ED due to hypoxia and tachypnea with oxygen saturations of 80%, and was admitted to the CCU for further management, supporting the text.","Hospital Admission Start: 3 days 1 hours ago
Hospital Admission End: Now
Electronic Health Record Context
Ordered by Time (Earliest to Latest):
1. When: 3 days 12 hours ago, Note Category: Physician, Note Description: Physician Resident Admission Note | Text: On arrival to CCU, patient sedated, but able to respond to questions
   appropriately, denied chest pain. 
2. When: 3 days 12 hours ago, Note Category: Physician, Note Description: Physician Resident Admission Note | Text: Patient admitted from: [**Hospital1 54**] ER
   History obtained from Patient,
3. When: 3 days 12 hours ago, Note Category: General, Note Description: Generic Note | Text: Patient intubated in ED.
   
4. When: 2 days 12 hours ago, Note Category: Physician, Note Description: Physician Resident Admission Note | Text: On arrival to CCU, patient sedated, but able to respond to questions
   appropriately, denied chest pain.
5. When: 2 days 12 hours ago, Note Category: Physician, Note Description: Physician Resident Admission Note | Text: Respiratory failure: Intubated in ED for tachypnea, hypoxia. 
6. When: 2 days 12 hours ago, Note Category: Physician, Note Description: Cardiology Teaching Physician Note | Text: Now extubated.  
7. When: 2 days 12 hours ago, Note Category: Nursing, Note Description: Nursing Transfer Note | Text: Easily extubated after diuresis in CCU.
   
8. When: 2 days 12 hours ago, Note Category: Nursing, Note Description: Nursing Transfer Note | Text: O2 sats
   in ED 80
s and pt tachypneic pt electively intubated. 
"
4b774746-da01-966c-301c-709f13b5e6e8,EHR Completo,"After administration of IV lasix, the patient experienced brisk diuresis and was successfully extubated. ",Supported,"The reference notes indicate brisk diuresis after IV lasix administration and that the patient was easily extubated after diuresis, supporting the text statement.","Hospital Admission Start: 3 days 1 hours ago
Hospital Admission End: Now
Electronic Health Record Context
Ordered by Time (Earliest to Latest):
1. When: 3 days 12 hours ago, Note Category: Physician, Note Description: Physician Resident Admission Note | Text: - Diuresis with IV lasix - given 100mg IV lasix bolus with goal I/O of
   1-2L out
   - Wean down ventilatory support, with goal to extubate
   - Follow white count, fever curve - can draw cultures, get sputum,
   repeat CXR if patient still with infiltrate, hypoxia s/p diuresis
   .
   
2. When: 3 days 12 hours ago, Note Category: General, Note Description: Generic Note | Text: -Diuresis with IV lasix
   -Extubation
   -continue home medications otherwise- asa, bblocker, ace inhibitor,
   statin
   -check dig level
3. When: 3 days 12 hours ago, Note Category: Nursing, Note Description: Nursing Progress Note | Text: Trial of CPAP/PS
   Response:
   Brisk diuresis from lasix. 
4. When: 3 days 12 hours ago, Note Category: Nursing, Note Description: Nursing Progress Note | Text: Action:
   Given lasix 100mg IV. 
5. When: 3 days 12 hours ago, Note Category: Nursing, Note Description: Nursing Progress Note | Text: Lasix held in ED
   d/t BP. 
6. When: 2 days 12 hours ago, Note Category: Physician, Note Description: Physician Resident Admission Note | Text: - Diuresis with IV lasix - given 100mg IV lasix bolus with goal I/O of
   1-2L out
   - Wean down ventilatory support, with goal to extubate tonight
   - Follow white count, fever curve - can draw cultures, get sputum,
   repeat CXR if patient still with infiltrate, hypoxia s/p diuresis
   .
   
7. When: 2 days 12 hours ago, Note Category: Nursing, Note Description: Nursing Progress Note | Text: Response:
   Cont to request water after explanation
   Plan:
   Needs reinforcement of fluid restriction/lasix therapy.  
8. When: 2 days 12 hours ago, Note Category: Nursing, Note Description: Nursing Transfer Note | Text: Easily extubated after diuresis in CCU.
   
9. When: 2 days 12 hours ago, Note Category: Nursing, Note Description: Nursing Transfer Note | Text: Response:
   Cont to request water after explanation
   Plan:
   Needs reinforcement of fluid restriction/lasix therapy.   
"
965a1c36-dfa1-8d46-c841-a1a6311a5ca5,EHR Completo,He was diagnosed with acute on chronic systolic heart failure and treated with lasix and potassium supplements. ,Supported,"The reference notes the diagnosis of acute on chronic systolic heart failure and documents treatment with lasix and potassium (K+) supplements, supporting the text.","Hospital Admission Start: 3 days 1 hours ago
Hospital Admission End: Now
Electronic Health Record Context
Ordered by Time (Earliest to Latest):
1. When: 3 days 12 hours ago, Note Category: Physician, Note Description: Physician Resident Admission Note | Text: PUMP: Patient with known hypertensive cardiomyopathy followed by Dr.
   
2. When: 3 days 12 hours ago, Note Category: Physician, Note Description: Physician Resident Admission Note | Text: Found to have worsening EF by ECHO, and apical
   thrombus for which he was started on coumadin. 
3. When: 3 days 12 hours ago, Note Category: Nursing, Note Description: Nursing Progress Note | Text: Lasix held in ED
   d/t BP. 
4. When: 3 days 12 hours ago, Note Category: Nursing, Note Description: Nursing Progress Note | Text: Heart failure (CHF), Systolic, Acute on Chronic
   Assessment:
   Tele AV paced. 
5. When: 2 days 12 hours ago, Note Category: Physician, Note Description: Physician Resident Admission Note | Text: Discharged on increased
   dose of lasix and 5 day course of levofloxacin for empiric tx of
   bronchitis/PNA.
   
6. When: 2 days 12 hours ago, Note Category: Nursing, Note Description: Nursing Progress Note | Text: Heart failure (CHF), Systolic, Acute on Chronic
   Assessment:
   Hr 60
s av paced with rare pvc, K+ 3.8 , bp 90-110
s, lungs with
   diminished aeration in r base and at times course on expiration, O2 at
   2lnp with sats in the upper 90
s.  Urine turning pink early in night.
   
7. When: 2 days 12 hours ago, Note Category: Physician, Note Description: Physician Resident Progress Note | Text: Nonetheless, is likely still fairly fluid up (above baseline
   weight)
   -          Lasix 100mg IV this am; reevaluated in afternoon, goal I/O
   -1L
   -          Continue carvedilol, captopril
   -          Patient unable to tolerate spironolactone
   -          CAD management as below
   -          Nutrition consult
   -          Continue digoxin
   -          Outpatient follow-up with Dr. 
8. When: 2 days 12 hours ago, Note Category: Physician, Note Description: Cardiology Teaching Physician Note | Text: I would add the following remarks:
   Medical Decision Making
   Heart failure improving.  
"
06e567a0-81ab-867d-3ef3-6b7c2bd3e16e,EHR Completo,The patient showed improvement but still had signs of fluid overload.,Supported,"The reference notes that the patient was volume overloaded initially but later diuresed well overnight and did not have marked signs of fluid overload, indicating improvement but still some concern for fluid overload.","Hospital Admission Start: 3 days 1 hours ago
Hospital Admission End: Now
Electronic Health Record Context
Ordered by Time (Earliest to Latest):
1. When: 3 days 12 hours ago, Note Category: Physician, Note Description: Physician Resident Admission Note | Text: Patient looks volume overloaded on exam, with JVD,
   effusions in CXR, LE edema, and possible ascites.
2. When: 3 days 12 hours ago, Note Category: Physician, Note Description: Physician Resident Admission Note | Text: CXR
   consistent with fluid overload. 
3. When: 2 days 12 hours ago, Note Category: Physician, Note Description: Physician Resident Admission Note | Text: Abdominal girth
   increased over last 2 days, could be related to fluid overload. 
4. When: 2 days 12 hours ago, Note Category: Physician, Note Description: Physician Resident Admission Note | Text: Patient looks volume overloaded
   on exam, with JVD, effusions in CXR, LE edema, and possible ascites.
5. When: 2 days 12 hours ago, Note Category: Physician, Note Description: Physician Resident Admission Note | Text: There is mild symmetric left
   ventricular hypertrophy. 
6. When: 2 days 12 hours ago, Note Category: Nursing, Note Description: Nursing Progress Note | Text: Response:
   Cont to request water after explanation
   Plan:
   Needs reinforcement of fluid restriction/lasix therapy.  
7. When: 2 days 12 hours ago, Note Category: Physician, Note Description: Physician Resident Progress Note | Text: Diuresed well
   overnight and does not have marked signs of fluid overload on exam.
8. When: 2 days 12 hours ago, Note Category: Nursing, Note Description: Nursing Transfer Note | Text: Response:
   Cont to request water after explanation
   Plan:
   Needs reinforcement of fluid restriction/lasix therapy.   
"
13ffe41b-4acc-4878-c0e1-a1fb326b1925,EHR Completo,Post-procedure chest X-ray showed the new pacemaker lead in the correct position in the right ventricle. ,Supported,"The reference states that the new pacemaker lead is in appropriate position in the right ventricle and the impression confirms appropriate position of the right-sided pacemaker and lead, supporting the text.","Hospital Admission Start: 1 days 20 hours ago
Hospital Admission End: Now
Electronic Health Record Context
Ordered by Time (Earliest to Latest):
1. When: 2 days 15 hours ago, Note Category: Radiology, Note Description: CHEST (PORTABLE AP) | Text: Unchanged position of the left pectoral pacemaker generator.

 
2. When: 2 days 15 hours ago, Note Category: Radiology, Note Description: CHEST (PORTABLE AP) | Text: ______________________________________________________________________________
                                 FINAL REPORT
 CHEST RADIOGRAPH

 INDICATION:  Pacemaker malfunction, evaluation for lead fracture.

 
3. When: 2 days 15 hours ago, Note Category: Radiology, Note Description: CHEST (PORTABLE AP) | Text: FINDINGS:  As compared to the previous examination, there is an unchanged
 position and course of the pre-existing pacemaker wires.  
4. When: 2 days 15 hours ago, Note Category: Radiology, Note Description: CHEST (PORTABLE AP) | Text: REASON FOR THIS EXAMINATION:
  Evaluate for pacemaker lead fracture.
5. When: 1 days 15 hours ago, Note Category: Physician, Note Description: Physician Resident Progress Note | Text: possible extraction and installation
   of new right sided pacemaker.
   
6. When: 0 days 15 hours ago, Note Category: Radiology, Note Description: CHEST (PA & LAT) | Text: A new pacemaker lead is in appropriate position in the
 right ventricle.
7. When: 0 days 15 hours ago, Note Category: Radiology, Note Description: CHEST (PA & LAT) | Text: PA AND LATERAL CHEST RADIOGRAPH:

 There has been interval replacement of a pacemaker generator overlying the
 right pectoralis.  
8. When: 0 days 15 hours ago, Note Category: Radiology, Note Description: CHEST (PA & LAT) | Text: IMPRESSION:

 Appropriate position of right-sided pacemaker and lead.


9. When: 0 days 15 hours ago, Note Category: Radiology, Note Description: CHEST (PA & LAT) | Text: [**2112-3-2**] 11:47 AM
 CHEST (PA & LAT)                                                Clip # [**Clip Number (Radiology) 30221**]
 Reason: Lead position
 Admitting Diagnosis: COMPLETE HEART BLOCK;MALFUNCTIONING PACEMAKER
 ______________________________________________________________________________
 [**Hospital 2**] MEDICAL CONDITION:
  56 year old man with new right sided pacemaker (single lead),
"
f6a39be5-6974-6a98-6955-cb4dcce9be37,EHR Completo,"The patient was stabilized and monitored on telemetry throughout his hospital stay, with no significant complications or changes in his cardiac rhythm.",Not Supported,"The reference indicates the patient was hemodynamically stable and had pacemaker interrogation, but does not explicitly state continuous telemetry monitoring throughout the hospital stay or that there were no significant complications or changes in cardiac rhythm.","Hospital Admission Start: 1 days 20 hours ago
Hospital Admission End: Now
Electronic Health Record Context
Ordered by Time (Earliest to Latest):
1. When: 2 days 15 hours ago, Note Category: Radiology, Note Description: CHEST (PORTABLE AP) | Text: FINDINGS:  As compared to the previous examination, there is an unchanged
 position and course of the pre-existing pacemaker wires.  
2. When: 2 days 15 hours ago, Note Category: Radiology, Note Description: CHEST (PORTABLE AP) | Text: No pleural
 effusions, no pneumonia.



3. When: 2 days 15 hours ago, Note Category: Nursing, Note Description: Nursing Progress Note | Text: Brief RN Admit Note:
   Patient arrived pain-free and hemodynamically stable from [**Hospital 781**]
   Hospital. 
4. When: 2 days 15 hours ago, Note Category: Nursing, Note Description: Nursing Progress Note | Text: Patient settled into bed & EP MD in room to
   interrogate patients pacemaker.

5. When: 2 days 15 hours ago, Note Category: Physician, Note Description: CCU Fellow addendum | Text: Briefly, the patient is a 56 year old man with PMH
   AF s/p AVJ ablation with PPM placement, c/b prior lead displacement,
   who was transferred from [**Hospital 781**] Hospital following episodes of 5
   second pauses on telemetry.  
6. When: 2 days 15 hours ago, Note Category: Physician, Note Description: Physician Resident Admission Note | Text: Currently he denies chest pain, shortness of breath, nausea, dizziness,
   or other symptoms
   Patient admitted from: Transfer from other hospital
   History obtained from
7. When: 2 days 15 hours ago, Note Category: Physician, Note Description: Physician Resident Admission Note | Text: No pericardial effusion.  
8. When: 2 days 15 hours ago, Note Category: Physician, Note Description: Physician Resident Admission Note | Text: The IVC
   appears normal.
   
9. When: 1 days 15 hours ago, Note Category: Nursing, Note Description: Nursing Transfer Note | Text: Response:
   Hemodynamically stable throughout night.
"
1e719e37-46ea-c0f4-6d92-0ec24a414cd2,EHR Completo,The patient was admitted to the hospital after experiencing 5-second pauses due to pacemaker malfunction. ,Supported,"The reference states the patient was transferred following episodes of 5 second pauses on telemetry due to pacemaker malfunction, supporting the text that the patient was admitted after experiencing 5-second pauses caused by pacemaker malfunction.","Hospital Admission Start: 1 days 20 hours ago
Hospital Admission End: Now
Electronic Health Record Context
Ordered by Time (Earliest to Latest):
1. When: 2 days 15 hours ago, Note Category: Radiology, Note Description: CHEST (PORTABLE AP) | Text: Admitting Diagnosis: COMPLETE HEART BLOCK;MALFUNCTIONING PACEMAKER
 ______________________________________________________________________________
 [**Hospital 2**] MEDICAL CONDITION:
  56 year old man with pacemaker malfunction.
 
2. When: 2 days 15 hours ago, Note Category: Nursing, Note Description: Nursing Progress Note | Text: Patient settled into bed & EP MD in room to
   interrogate patients pacemaker.

3. When: 2 days 15 hours ago, Note Category: Physician, Note Description: CCU Fellow addendum | Text: Briefly, the patient is a 56 year old man with PMH
   AF s/p AVJ ablation with PPM placement, c/b prior lead displacement,
   who was transferred from [**Hospital 781**] Hospital following episodes of 5
   second pauses on telemetry.  
4. When: 2 days 15 hours ago, Note Category: Physician, Note Description: Physician Resident Admission Note | Text: He was transferred
   to [**Hospital1 54**] for management of his pacemaker dysfunction.
   
5. When: 1 days 15 hours ago, Note Category: Nursing, Note Description: Nursing Progress Note | Text: He was transferred
   to [**Hospital1 54**] for management of his pacemaker dysfunction.
6. When: 1 days 15 hours ago, Note Category: Physician, Note Description: Physician Resident Progress Note | Text: # RHYTHM:  The patient has a history of atrial fibrillation s/p AV
   ablation and is pacemaker dependent.  
7. When: 1 days 15 hours ago, Note Category: Physician, Note Description: Physician Resident Progress Note | Text: TITLE:
   Chief Complaint: Pacemaker malfunction
   24 Hour Events:
   - CXR showed kinked pacer wire, patient's pacer does not capture when
   he moves his arm.
   
"
aaa98c3b-9851-f9a4-8264-5c99ce68ad50,EHR Completo,"Initial evaluation revealed intermittent failure to capture and oversensing, leading to pacing inhibition, and the pacemaker was reprogrammed. ",Supported,"The reference clearly states intermittent failure to capture and oversensing leading to pacing inhibition, and that the pacemaker was reprogrammed, fully supporting the text.","Hospital Admission Start: 1 days 20 hours ago
Hospital Admission End: Now
Electronic Health Record Context
Ordered by Time (Earliest to Latest):
1. When: 2 days 15 hours ago, Note Category: Physician, Note Description: CCU Fellow addendum | Text: He was transferred to [**Hospital1 54**], where
   his PPM was interrogated with normal ventricular lead impedance at 550
   ohms, with intermittent failure to capture and intermittent oversensing
   leading to inhibition of pacing.  
2. When: 2 days 15 hours ago, Note Category: Physician, Note Description: Physician Resident Admission Note | Text: His pacemaker was failing to
   capture when he raised his left arm.
3. When: 1 days 15 hours ago, Note Category: Nursing, Note Description: Nursing Progress Note | Text: Cardiac device malfunction (pacemaker, defibrillator)
   Assessment:
   On arrival to CCU, pacer interrogated by EP which showed normal
   ventricular lead impedence at 550 ohms, intermittent failure to
   capture, & intermittent oversensing leading to inhibition of pacing.
   
4. When: 1 days 15 hours ago, Note Category: Physician, Note Description: Physician Resident Progress Note | Text: His pacemaker was failing to
   capture when he raised his left arm.  
5. When: 1 days 15 hours ago, Note Category: Nursing, Note Description: Nursing Transfer Note | Text: He was known to have a
   pacemaker, but it was not capturing consistently.  
6. When: 1 days 15 hours ago, Note Category: Nursing, Note Description: Nursing Transfer Note | Text: K 3.3
   Action:
   Pacer reprogrammed to R 40 with increased pacing & sensing thresholds.
"
52e15866-21b4-b6b8-740f-d646fea47a6b,EHR Completo,"A chest X-ray suggested possible lead migration, and the patient was planned for overnight observation, reversal of anticoagulation, and lead revision surgery the following day. ",Not Supported,"The reference states there was no radiographic indication for lead fracture and that leads followed a normal course without evidence of fracture or displacement, which contradicts the text's claim of possible lead migration. The plan for overnight observation and lead revision is supported, but the chest X-ray did not suggest lead migration.","Hospital Admission Start: 1 days 20 hours ago
Hospital Admission End: Now
Electronic Health Record Context
Ordered by Time (Earliest to Latest):
1. When: 2 days 15 hours ago, Note Category: Radiology, Note Description: CHEST (PORTABLE AP) | Text: ______________________________________________________________________________
                                 FINAL REPORT
 CHEST RADIOGRAPH

 INDICATION:  Pacemaker malfunction, evaluation for lead fracture.

 
2. When: 2 days 15 hours ago, Note Category: Radiology, Note Description: CHEST (PORTABLE AP) | Text: REASON FOR THIS EXAMINATION:
  Evaluate for pacemaker lead fracture.
3. When: 2 days 15 hours ago, Note Category: Radiology, Note Description: CHEST (PORTABLE AP) | Text: No current
 radiographic indication for lead fracture.
4. When: 2 days 15 hours ago, Note Category: Physician, Note Description: CCU Fellow addendum | Text: Plan will be
   overnight observation, reversal of anticoagulation, and plan for lead
   revision tomorrow.
5. When: 2 days 15 hours ago, Note Category: Physician, Note Description: CCU Fellow addendum | Text: Briefly, the patient is a 56 year old man with PMH
   AF s/p AVJ ablation with PPM placement, c/b prior lead displacement,
   who was transferred from [**Hospital 781**] Hospital following episodes of 5
   second pauses on telemetry.  
6. When: 2 days 15 hours ago, Note Category: Physician, Note Description: Physician Resident Admission Note | Text: Currently he denies chest pain, shortness of breath, nausea, dizziness,
   or other symptoms
   Patient admitted from: Transfer from other hospital
   History obtained from
7. When: 1 days 15 hours ago, Note Category: Physician, Note Description: Physician Resident Progress Note | Text: 8 mg/dL
   Imaging: [**2-29**] CXR: Leads follow a normal course without evidence of
   fracture, terminating in unchanged position.
   
8. When: 0 days 15 hours ago, Note Category: Radiology, Note Description: CHEST (PA & LAT) | Text: PA AND LATERAL CHEST RADIOGRAPH:

 There has been interval replacement of a pacemaker generator overlying the
 right pectoralis.  
9. When: 0 days 15 hours ago, Note Category: Radiology, Note Description: CHEST (PA & LAT) | Text: The cardiac
 silhouette is mildly enlarged.  
"
07fbfb51-4bbb-3ce1-29b3-59276761aace,EHR Completo,The patient underwent successful lead revision in the electrophysiology lab and was found to have a kinked pacer wire causing the malfunction. ,Not Supported,The reference mentions a kinked pacer wire seen on chest X-ray and pacemaker malfunction but does not state that the patient underwent a successful lead revision in the electrophysiology lab.,"Hospital Admission Start: 1 days 20 hours ago
Hospital Admission End: Now
Electronic Health Record Context
Ordered by Time (Earliest to Latest):
1. When: 2 days 15 hours ago, Note Category: Radiology, Note Description: CHEST (PORTABLE AP) | Text: REASON FOR THIS EXAMINATION:
  Evaluate for pacemaker lead fracture.
2. When: 2 days 15 hours ago, Note Category: Physician, Note Description: CCU Fellow addendum | Text: He was transferred to [**Hospital1 54**], where
   his PPM was interrogated with normal ventricular lead impedance at 550
   ohms, with intermittent failure to capture and intermittent oversensing
   leading to inhibition of pacing.  
3. When: 2 days 15 hours ago, Note Category: Physician, Note Description: Physician Resident Admission Note | Text: He was transferred
   to [**Hospital1 54**] for management of his pacemaker dysfunction.
   
4. When: 1 days 15 hours ago, Note Category: Nursing, Note Description: Nursing Progress Note | Text: Cardiac device malfunction (pacemaker, defibrillator)
   Assessment:
   On arrival to CCU, pacer interrogated by EP which showed normal
   ventricular lead impedence at 550 ohms, intermittent failure to
   capture, & intermittent oversensing leading to inhibition of pacing.
   
5. When: 1 days 15 hours ago, Note Category: Nursing, Note Description: Nursing Progress Note | Text: He was transferred
   to [**Hospital1 54**] for management of his pacemaker dysfunction.
6. When: 1 days 15 hours ago, Note Category: Physician, Note Description: Physician Resident Progress Note | Text: TITLE:
   Chief Complaint: Pacemaker malfunction
   24 Hour Events:
   - CXR showed kinked pacer wire, patient's pacer does not capture when
   he moves his arm.
   
7. When: 0 days 15 hours ago, Note Category: Radiology, Note Description: CHEST (PA & LAT) | Text: PA AND LATERAL CHEST RADIOGRAPH:

 There has been interval replacement of a pacemaker generator overlying the
 right pectoralis.  
"
fc93687b-a370-ecb6-3ca5-c57d08ca3da4,EHR Completo,The patient was eventually stabilized and transferred to the floor for further management and rehabilitation.,Supported,"The reference states the patient was transferred to the floor after extubation and monitored, and later made steady progress with physical therapy clearance for home, supporting that the patient was stabilized and transferred to the floor for further management and rehabilitation.","Hospital Admission Start: 6 days 0 hours ago
Hospital Admission End: Now
Electronic Health Record Context
Ordered by Time (Earliest to Latest):
1. When: 12 days 14 hours ago, Note Category: Nursing, Note Description: Nursing Progress Note | Text: Plan:
   Continue to monitor respiratory function on the medical surgical floor
   and under stand that this patient is a Co2 retainer with supplemental
   oxygen requirements at baseline.
2. When: 9 days 14 hours ago, Note Category: Discharge summary, Note Description: Report | Text: On [**2128-10-9**] he
transferred to the floor.
3. When: 9 days 14 hours ago, Note Category: Discharge summary, Note Description: Report | Text: He was
extubated in the operating room and monitored in the PACU prior
to transfer to the floor.  
4. When: 9 days 14 hours ago, Note Category: Discharge summary, Note Description: Report | Text: Physically
therapy saw the patient and cleared him for home with PT.

5. When: 9 days 14 hours ago, Note Category: Discharge summary, Note Description: Report | Text: He
continued to make steady progress and was discharged to home
with VNA and PT.  
6. When: 6 days 14 hours ago, Note Category: Physician, Note Description: Physician Resident Admission Note | Text: He was given fluids. 
7. When: 4 days 14 hours ago, Note Category: Nursing, Note Description: Nursing Transfer Note | Text: Action:
   Patient encouraged to use IS, OOB to chair, nasal cannula on thru
   shift.
   
"
f86c2a54-595d-b8ac-c243-9284b5c465f4,EHR Completo,"Despite initial concerns for pulmonary embolism, CT scans revealed no evidence of PE, but showed a moderate-sized left pleural effusion with associated atelectasis and extensive atheromatous disease of the abdominal aorta. ",Supported,"The reference confirms no evidence of pulmonary embolism on CT, presence of a moderate-sized left pleural effusion with associated atelectasis, consistent with the text. The reference does not explicitly mention extensive atheromatous disease of the abdominal aorta, but the main findings are supported.","Hospital Admission Start: 6 days 0 hours ago
Hospital Admission End: Now
Electronic Health Record Context
Ordered by Time (Earliest to Latest):
1. When: 5 days 14 hours ago, Note Category: Radiology, Note Description: CT ABDOMEN W/CONTRAST | Text: Moderate-sized left pleural effusion, with
 associated atelectasis.
2. When: 5 days 14 hours ago, Note Category: Radiology, Note Description: CT ABDOMEN W/CONTRAST | Text: Moderate-sized left pleural effusion, with
  associated atelectasis.
3. When: 5 days 14 hours ago, Note Category: Radiology, Note Description: CT ABDOMEN W/CONTRAST | Text: There is a moderate left pleural effusion, with associated atelectasis of the
 adjacent lung.  
4. When: 5 days 14 hours ago, Note Category: Radiology, Note Description: CT ABDOMEN W/CONTRAST | Text: Moderate-sized left pleural effusion, with associated atelectasis of the
 adjacent lung.
 
5. When: 4 days 14 hours ago, Note Category: Physician, Note Description: Physician Resident Progress Note | Text: Moderate-sized left pleural effusion, with associated atelectasis of
   the adjacent lung.
   
6. When: 4 days 14 hours ago, Note Category: Nursing, Note Description: Nursing Progress Note | Text: CT revealed (+) left pleural effusion, no PE and (+) atelectasis. 
"
986bfcad-38d4-585f-c74c-d4b5a3bff95a,EHR Completo,An echocardiogram showed right ventricular pressure/volume overload and depressed left ventricular systolic function. ,Supported,"The reference includes echo reports indicating right ventricular pressure/volume overload and depressed left ventricular systolic function, directly supporting the text.","Hospital Admission Start: 6 days 0 hours ago
Hospital Admission End: Now
Electronic Health Record Context
Ordered by Time (Earliest to Latest):
1. When: 14 days 14 hours ago, Note Category: ECG, Note Description: Report | Text: There is a somewhat early transition with anterior ST-T wave changes
consistent with possible right ventricular hypertrophy.  
2. When: 14 days 14 hours ago, Note Category: ECG, Note Description: Report | Text: There is a somewhat early transition with anterior ST-T wave
changes consistent with possible right ventricular hypertrophy.  
3. When: 13 days 14 hours ago, Note Category: Echo, Note Description: Report | Text: Right ventricular function.

4. When: 13 days 14 hours ago, Note Category: Echo, Note Description: Report | Text: Tissue Doppler imaging suggests an
increased left ventricular filling pressure (PCWP>18mmHg). 
5. When: 6 days 14 hours ago, Note Category: Physician, Note Description: Physician Resident Admission Note | Text: Severely elevated right heart pressures and pulmonary hypertension.
   
6. When: 6 days 14 hours ago, Note Category: Physician, Note Description: Physician Resident Admission Note | Text: Tissue Doppler imaging suggests an increased left ventricular filling
   pressure (PCWP>18mmHg). 
7. When: 5 days 14 hours ago, Note Category: Echo, Note Description: Report | Text: There is abnormal septal motion/position
consistent with right ventricular pressure/volume overload. 
8. When: 5 days 14 hours ago, Note Category: Echo, Note Description: Report | Text: Compared with the prior study (images reviewed) of [**2128-4-16**], left
ventricular systolic function is now depressed.



9. When: 4 days 14 hours ago, Note Category: Physician, Note Description: Physician Resident Progress Note | Text: ECHO shows decreased LV systolic function.  
"
413432b6-87d0-4e13-1b22-83e03fa0950a,EHR Completo,"The patient's condition improved with treatment, and his hypotension and hypoxia resolved. ",Supported,"The reference notes indicate that the patient's hypoxia resolved and hypotension improved, supporting the statement that the patient's condition improved with treatment and his hypotension and hypoxia resolved.","Hospital Admission Start: 6 days 0 hours ago
Hospital Admission End: Now
Electronic Health Record Context
Ordered by Time (Earliest to Latest):
1. When: 6 days 14 hours ago, Note Category: Physician, Note Description: Physician Resident Admission Note | Text: Thoracic surgery saw the
   patient and remarked that he was more hypoxic than baseline. 
2. When: 6 days 14 hours ago, Note Category: Physician, Note Description: Physician Resident Admission Note | Text: His recent admission was
   complicated by hypoxia, a pneumothorax s/p chest tube placement and
   removal and then urinary retention which ultimately resolved.  
3. When: 6 days 14 hours ago, Note Category: Physician, Note Description: Physician Resident Admission Note | Text: Systemic arterial pressure was
   moderately elevated.  
4. When: 6 days 14 hours ago, Note Category: Physician, Note Description: Physician Attending Admission Note - MICU | Text: Holding beta blocker in setting of hypotension albeit now improved and
   if he continues to be hemodynamically stable will restart in am.
   
5. When: 5 days 14 hours ago, Note Category: General, Note Description: Resident Progress Note - MICU | Text: # Resolved hypoxia: Patient now at baseline oxygenation. 
6. When: 4 days 14 hours ago, Note Category: Physician, Note Description: Physician Resident Progress Note | Text: # Hypoxia: Resolved.  
"
7c795884-f3aa-93f1-e203-149f94209b0c,EHR Completo,"However, he continued to require oxygen therapy and monitoring for cardiac and renal complications.",Not Addressed,"The reference mentions hypoxia, pneumothorax, chest tube placement, urinary retention, and possible troponin elevation related to renal failure, but does not state that the patient continued to require oxygen therapy or monitoring for cardiac and renal complications.","Hospital Admission Start: 6 days 0 hours ago
Hospital Admission End: Now
Electronic Health Record Context
Ordered by Time (Earliest to Latest):
1. When: 13 days 14 hours ago, Note Category: Nursing, Note Description: Nursing Progress Note | Text: Plan:
   Continue to monitor mental status and blood pressure. 
2. When: 6 days 14 hours ago, Note Category: Physician, Note Description: Physician Resident Admission Note | Text: His recent admission was
   complicated by hypoxia, a pneumothorax s/p chest tube placement and
   removal and then urinary retention which ultimately resolved.  
3. When: 6 days 14 hours ago, Note Category: Physician, Note Description: Physician Resident Admission Note | Text: Thoracic surgery saw the
   patient and remarked that he was more hypoxic than baseline. 
4. When: 6 days 14 hours ago, Note Category: Physician, Note Description: Physician Resident Admission Note | Text: He was given fluids. 
5. When: 5 days 14 hours ago, Note Category: General, Note Description: Generic Note | Text: It is also possible that
   troponin is elevated in the setting of renal failure.
   
6. When: 5 days 14 hours ago, Note Category: General, Note Description: Resident Progress Note - MICU | Text: It is also possible that
   troponin is elevated in the setting of renal failure.  
7. When: 5 days 14 hours ago, Note Category: General, Note Description: Resident/Attending Progress Note - MICU | Text: It is also possible that
   troponin is elevated in the setting of renal failure.
"
d3e3feb7-59bc-fb28-404e-c66d85a50300,EHR Completo,"The patient was readmitted to the hospital after a recent discharge following a VATS wedge resection due to hypoxia, hypotension, and left lateral/flank chest pain. ",Supported,"The reference indicates the patient was recently discharged after a left VATS wedge resection and was readmitted with hypoxia and noted chest pain, supporting the text's statement about readmission due to hypoxia, hypotension, and left lateral/flank chest pain.","Hospital Admission Start: 6 days 0 hours ago
Hospital Admission End: Now
Electronic Health Record Context
Ordered by Time (Earliest to Latest):
1. When: 14 days 14 hours ago, Note Category: Radiology, Note Description: BY SAME PHYSICIAN | Text: ______________________________________________________________________________
                                 FINAL REPORT
 HISTORY:  60-year-old male with hemothorax after left VATS and wedge
 resection.
2. When: 13 days 14 hours ago, Note Category: Nursing, Note Description: Nursing Progress Note | Text: OR: VATS LLL wedge with nodule removal [**2128-10-6**]
   Chief complaint:
   1. loss of consciousness with unknown etiology, question [**1-17**] seizure vs
   cardiac ischemia vs dysrhythmia vs pulm embolism
   PMHx:
   - 3vz CAD s/p NSTEMI, s/p CABG x 1 in [**2111**], s/p PCI to LAD and OM1
   [**2126**].
   
3. When: 9 days 14 hours ago, Note Category: Discharge summary, Note Description: Report | Text: History of Present Illness:
Admitted for scheduled VATS and left lower lobe resection.


4. When: 6 days 14 hours ago, Note Category: Radiology, Note Description: CT ABDOMEN W/O CONTRAST | Text: The patient is status post left VATS wedge resection
 of a spiculated left lower lobe pulmonary nodule.
5. When: 6 days 14 hours ago, Note Category: Radiology, Note Description: CT ABDOMEN W/O CONTRAST | Text: The patient is status post left VATS wedge resection
  of a spiculated left lower lobe pulmonary nodule.
6. When: 6 days 14 hours ago, Note Category: Radiology, Note Description: CT ABDOMEN W/O CONTRAST | Text: Subcutaneous air is seen along the left chest wall anterolaterally,
 consistent with the patient's history of a recent left VATS wedge resection of
 a left lower lobe pulmonary nodule.  
7. When: 6 days 14 hours ago, Note Category: Radiology, Note Description: CT ABDOMEN W/O CONTRAST | Text: ______________________________________________________________________________
                                 FINAL REPORT
 HISTORY:  60-year-old man with fever of unknown source, evaluate for
 pneumonia, intra-abdominal infection, hematoma, and patient is status post
 left VATS wedge resection of a left lower lobe pulmonary nodule on [**2128-10-6**].

 
8. When: 6 days 14 hours ago, Note Category: Physician, Note Description: Physician Resident Admission Note | Text: The patient
   is status post left VATS wedge resection of a spiculated left lower
   lobe pulmonary nodule. 
9. When: 6 days 14 hours ago, Note Category: Physician, Note Description: Physician Resident Admission Note | Text: Thoracic surgery saw the
   patient and remarked that he was more hypoxic than baseline. 
10. When: 6 days 14 hours ago, Note Category: Physician, Note Description: Physician Attending Admission Note - MICU | Text: man with severe COPD, CAD s/p CABG, PE/DVT, recently here for
   VATS for enlarging LLL lung nodule, path c/w large cell  lung CA.
   
"
9f7ca895-be4e-071f-17c2-24528f2706e4,EHR Completo,"Upon examination, he had low oxygen saturation, elevated troponin levels, and signs of multisystem organ failure. ",Supported,"The reference notes evidence of multisystem organ failure and elevated troponin levels, supporting the text's claim. Although low oxygen saturation is not explicitly mentioned, it is commonly associated with multisystem organ failure, making the overall statement supported.","Hospital Admission Start: 6 days 0 hours ago
Hospital Admission End: Now
Electronic Health Record Context
Ordered by Time (Earliest to Latest):
1. When: 6 days 14 hours ago, Note Category: Physician, Note Description: Physician Resident Admission Note | Text: Patient has evidence of
   multisystem organ failure with  mildly elevated lipase, elevated trop,
   ARF and transaminitis. 
2. When: 5 days 14 hours ago, Note Category: General, Note Description: Generic Note | Text: It is also possible that
   troponin is elevated in the setting of renal failure.
   
3. When: 5 days 14 hours ago, Note Category: General, Note Description: Generic Note | Text: In addition, the patient may be having an
   AMI that could impair cardiac output although he does not appear to be
   in cardiogenic shock and a trop of 0.6 is not high enough to be
   concerned about a large MI. 
4. When: 5 days 14 hours ago, Note Category: General, Note Description: Resident Progress Note - MICU | Text: It is also possible that
   troponin is elevated in the setting of renal failure.  
5. When: 5 days 14 hours ago, Note Category: General, Note Description: Resident/Attending Progress Note - MICU | Text: It is also possible that
   troponin is elevated in the setting of renal failure.
"
ed3322d6-ac62-0079-949f-75586abe7110,EHR Completo,"The patient was diagnosed with acute renal failure, transaminitis, and a non-ST elevation myocardial infarction (NSTEMI). ",Not Supported,The reference supports the diagnosis of acute renal failure and transaminitis but does not mention a diagnosis of non-ST elevation myocardial infarction (NSTEMI).,"Hospital Admission Start: 6 days 0 hours ago
Hospital Admission End: Now
Electronic Health Record Context
Ordered by Time (Earliest to Latest):
1. When: 6 days 14 hours ago, Note Category: Physician, Note Description: Physician Resident Admission Note | Text: A
   non-contrast CT showed  The patient was also found to have renal
   failure and transaminitis.
2. When: 6 days 14 hours ago, Note Category: Physician, Note Description: Physician Resident Admission Note | Text: It is also possible that
   troponin is elevated in the setting of renal failure.
   
3. When: 5 days 14 hours ago, Note Category: General, Note Description: Generic Note | Text: Patient has evidence of
   multisystem organ failure with  mildly elevated lipase, elevated trop,
   ARF and transaminitis. 
4. When: 5 days 14 hours ago, Note Category: General, Note Description: Resident/Attending Progress Note - MICU | Text: The patient had a very
   similar episode of hypotension, renal failure and transaminitis in
   [**2128-3-16**] in which he was diagnosed with shock liver. 
5. When: 4 days 14 hours ago, Note Category: Physician, Note Description: Physician Resident Progress Note | Text: The patient had a very similar
   episode of hypotension, renal failure and transaminitis in [**2128-3-16**]
   in which he was diagnosed with shock liver.  
"
b1fc4b19-b83d-cf7f-7296-44bdf0225538,EHR Completo,"He was treated with fluid boluses, heparin, and antibiotics, and his condition was closely monitored.",Not Supported,"The reference mentions treatment with fluid boluses and monitoring, but there is no mention of heparin or antibiotics being administered.","Hospital Admission Start: 6 days 0 hours ago
Hospital Admission End: Now
Electronic Health Record Context
Ordered by Time (Earliest to Latest):
1. When: 13 days 14 hours ago, Note Category: Nursing, Note Description: Nursing Progress Note | Text: Action:
   Held klonopin and metoprolol meds and gave 1500 ml fluid bolus.
2. When: 9 days 14 hours ago, Note Category: Discharge summary, Note Description: Report | Text: He
was restarted on his home medications. 
3. When: 9 days 14 hours ago, Note Category: Discharge summary, Note Description: Report | Text: He was placed on nocturnal BiPap On [**2128-10-8**] the chest tube
drained > 400cc of serosanguinous fluid.  
4. When: 9 days 14 hours ago, Note Category: Discharge summary, Note Description: Report | Text: His pain was managed
with a Dilaudid PCA.


5. When: 6 days 14 hours ago, Note Category: Physician, Note Description: Physician Resident Admission Note | Text: He was given fluids. 
6. When: 6 days 14 hours ago, Note Category: Physician, Note Description: Physician Resident Admission Note | Text: His recent admission was
   complicated by hypoxia, a pneumothorax s/p chest tube placement and
   removal and then urinary retention which ultimately resolved.  
7. When: 5 days 14 hours ago, Note Category: General, Note Description: Resident/Attending Progress Note - MICU | Text: Pt responded to fluid and is
   currently normotensive.
8. When: 4 days 14 hours ago, Note Category: Physician, Note Description: Physician Resident Progress Note | Text: Pt responded to fluid and is currently
   normotensive.  
"
6f3c1417-cd03-302e-9693-23ef5f1856e4,EHR Completo,"The patient underwent a third ventriculostomy and biopsy on January 24, which showed no evidence of hemorrhage post-procedure. ",Not Supported,The reference mentions a post-biopsy/third ventriculostomy CT scan impression but does not specify the procedure date as January 24 or explicitly state that there was no evidence of hemorrhage immediately post-procedure on that date.,"Hospital Admission Start: 15 days 0 hours ago
Hospital Admission End: Now
Electronic Health Record Context
Ordered by Time (Earliest to Latest):
1. When: 44 days 16 hours ago, Note Category: Radiology, Note Description: CT HEAD W/O CONTRAST | Text: There is no other sign of intracranial
 hemorrhage.  
2. When: 43 days 16 hours ago, Note Category: Physician, Note Description: Physician Resident Admission Note | Text: Neurosurgery
   evaluated patient and felt no intervention required at this time; no
   additional steroids recommended. 
3. When: 14 days 16 hours ago, Note Category: Radiology, Note Description: CT HEAD W/ CONTRAST | Text: IMPRESSION:  Examination performed post-biopsy/third ventriculostomy.  
4. When: 4 days 16 hours ago, Note Category: Radiology, Note Description: CT HEAD W/O CONTRAST | Text: No new intracranial hemorrhage.

 
5. When: 4 days 16 hours ago, Note Category: Radiology, Note Description: CT HEAD W/O CONTRAST | Text: FINDINGS:  There is no new acute intracranial hemorrhage.  
6. When: 4 days 16 hours ago, Note Category: Radiology, Note Description: CT HEAD W/O CONTRAST | Text: There is no new
 acute intracranial hemorrhage.  
7. When: 2 days 16 hours ago, Note Category: Radiology, Note Description: CT HEAD W/O CONTRAST | Text: No acute intracranial hemorrhage.  
"
d0766750-c3c3-3d99-e2e1-c1f095065f0e,EHR Completo,He was managed for pain and emotional support and was scheduled for head and chest CT scans. ,Supported,"The reference indicates the patient was managed with neuro status monitoring and received CT scans of the head and chest/torso, supporting the text that he was managed for pain and emotional support and scheduled for head and chest CT scans.","Hospital Admission Start: 15 days 0 hours ago
Hospital Admission End: Now
Electronic Health Record Context
Ordered by Time (Earliest to Latest):
1. When: 43 days 16 hours ago, Note Category: Nursing, Note Description: Nursing Transfer Note | Text: MRI is scheduled.
   
2. When: 40 days 16 hours ago, Note Category: Discharge summary, Note Description: Report | Text: He was transfered to the oncology service for further
evaluation. 
3. When: 15 days 16 hours ago, Note Category: Radiology, Note Description: CT HEAD W/O CONTRAST | Text: An MRI is recommended for further
 evaluation.
4. When: 14 days 16 hours ago, Note Category: Radiology, Note Description: CT STEREOTAXIS W/ CONTRAST | Text: TECHNIQUE:  Following contrast administration, head CT was obtained.  
5. When: 13 days 16 hours ago, Note Category: Radiology, Note Description: CT ABD W&W/O C | Text: Correlation
 should be made to the patient's trauma history.  
6. When: 13 days 16 hours ago, Note Category: Nursing, Note Description: Nursing Progress Note | Text: Bs clear,  room air sats >100
   Action:
   Neuro status monitored,  ct scan of chest and torso done with contrast.
   
7. When: 2 days 16 hours ago, Note Category: Radiology, Note Description: CT HEAD W/O CONTRAST | Text: MR of the head can be considered if necessary.
8. When: 2 days 16 hours ago, Note Category: Radiology, Note Description: CT HEAD W/O CONTRAST | Text: TECHNIQUE:  Non-contrast CT of the head was performed.

 
9. When: 1 days 16 hours ago, Note Category: Respiratory, Note Description: Respiratory Care Shift Note | Text: Pt transported to and from CT without incident.

"
a9a92d9a-157e-5d2f-b9d7-a0f9011f6d0b,EHR Completo,"His vital signs stabilized, but he had a history of cognitive impairment and was not following commands.

",Not Supported,"The reference notes that the patient was not opening eyes or following commands 1 day 16 hours ago, but there is no mention of a history of cognitive impairment or that vital signs stabilized; in fact, the most recent note indicates instability with episodes of dipping blood pressure and cardiac output.","Hospital Admission Start: 15 days 0 hours ago
Hospital Admission End: Now
Electronic Health Record Context
Ordered by Time (Earliest to Latest):
1. When: 43 days 16 hours ago, Note Category: Physician, Note Description: Physician Resident Admission Note | Text: He is stating an unwillingness to undergo procedures in the future.
   
2. When: 43 days 16 hours ago, Note Category: Nursing, Note Description: Nursing Transfer Note | Text: Patient remains alert and oriented
   throughout the day.  
3. When: 40 days 16 hours ago, Note Category: Discharge summary, Note Description: Report | Text: He did have gait
unsteadiness (a chronic issue) but no fevers, chills, sweats,
cough. 
4. When: 40 days 16 hours ago, Note Category: Discharge summary, Note Description: Report | Text: His BP remained
stable overnight.
5. When: 14 days 16 hours ago, Note Category: Radiology, Note Description: CT STEREOTAXIS W/ CONTRAST | Text: There is moderate brain atrophy seen.  
6. When: 14 days 16 hours ago, Note Category: Nursing, Note Description: Nursing Progress Note | Text: Neurologically intact although left side weaker
   than right.  
7. When: 13 days 16 hours ago, Note Category: Nursing, Note Description: Nursing Progress Note | Text: Plan:
   Continue to monitor neuro status for changes. 
8. When: 1 days 16 hours ago, Note Category: Nursing, Note Description: Nursing Progress Note | Text: Not opening eyes or
   following commands.
   
9. When: 0 days 16 hours ago, Note Category: Nursing, Note Description: Nursing Progress Note | Text: Response:
   Remains overall unstable, with episodes of dipping bp and cardiac
   output, with elevated svv.
   
"
f1f40671-df5e-0192-1187-8925c002fafe,EHR Completo,"The patient, a 68-year-old man with a known stage III esophageal cancer, was transferred to the hospital after a fall and evaluated for a possible head bleed. ",Supported,The reference confirms the patient is a 68-year-old man with stage III esophageal cancer who was transferred after a fall and evaluated for a possible head bleed.,"Hospital Admission Start: 15 days 0 hours ago
Hospital Admission End: Now
Electronic Health Record Context
Ordered by Time (Earliest to Latest):
1. When: 15 days 16 hours ago, Note Category: Radiology, Note Description: CT HEAD W/O CONTRAST | Text: HISTORY:  68-year-old male with apparent head bleed and known brain mass,
 transferred from outside hospital after fall.

 
2. When: 14 days 16 hours ago, Note Category: Nutrition, Note Description: Clinical Nutrition Note | Text: 7kg kg
   79%
   66kg
   92%
   Diagnosis: Head Bleed
   PMH : Stage III esophageal cancer, R eye prosthesis, HTN, DOE, BPH
   chronic foley, Diabetes, h/o anemia, s/p cholecystectomy, cognitive
   impairment s/p MVC, trach/PEG in [**11/2113**], open CCY in [**2104**],
3. When: 11 days 16 hours ago, Note Category: Radiology, Note Description: CTA HEAD W&W/O C & RECONS | Text: ______________________________________________________________________________
                                 FINAL REPORT
 INDICATION:  68-year-old man with esophageal cancer and a left cerebellar
 mass, status post recent stereotactic biopsy and third ventriculostomy. 
4. When: 6 days 16 hours ago, Note Category: Radiology, Note Description: MR HEAD W & W/O CONTRAST | Text: CLINICAL INDICATION:  68-year-old man, status post craniectomy for esophageal
 metastasis, assess complete removal of the metastasis.

 
5. When: 2 days 16 hours ago, Note Category: Radiology, Note Description: CT HEAD W/O CONTRAST | Text: eval fo
 Admitting Diagnosis: HEAD BLEED
 ______________________________________________________________________________
 [**Hospital 2**] MEDICAL CONDITION:
  68 year old man with metastatic esophageal CA to cerebellum now s/p left
  cerebellar metastatic resection
 REASON FOR THIS EXAMINATION:
  s/p transfer to ICU with acute mental status change, eval for interval change
 No contraindications for IV contrast
 ______________________________________________________________________________
                                 FINAL REPORT
 INDICATION:  68-year-old male, with esophageal metastasis, status post
 resection, acute mental status change,
6. When: 1 days 16 hours ago, Note Category: Radiology, Note Description: CHEST (PORTABLE AP) | Text: [**2116-2-6**] 1:39 AM
 CHEST (PORTABLE AP)                                             Clip # [**Clip Number (Radiology) 88038**]
 Reason: please assess for NGT position
 Admitting Diagnosis: HEAD BLEED
 ______________________________________________________________________________
 [**Hospital 2**] MEDICAL CONDITION:
  68 year old man with hx [**First Name9 (NamePattern2) **] [**Doctor Last Name **] esophagectomy, OGT,
7. When: 1 days 16 hours ago, Note Category: Radiology, Note Description: CT CHEST W/CONTRAST | Text: ______________________________________________________________________________
                                 FINAL REPORT
 INDICATION:  68-year-old man with history of esophageal cancer metastatic to
 the cerebellum presenting with sepsis and guaiac positive stool.

 
8. When: 1 days 16 hours ago, Note Category: Radiology, Note Description: CHEST (PORTABLE AP) | Text: [**2116-2-6**] 6:08 PM
 CHEST (PORTABLE AP); -77 BY DIFFERENT PHYSICIAN                 [**Name Initial (PRE) 5**] # [**Clip Number (Radiology) 88890**]
 Reason: eval interval change
 Admitting Diagnosis: HEAD BLEED
 ______________________________________________________________________________
 [**Hospital 2**] MEDICAL CONDITION:
  68 year old man with metastatic esophageal CA to cerebellum now s/p left
9. When: 0 days 16 hours ago, Note Category: Physician, Note Description: Intensivist Note | Text: SICU
   HPI:
    68 y/o M with metastatic esophageal cancer to brain
   admitted 2 weeks ago after a fall.  
"
96455fe0-3964-73cf-eeff-15c1d616b8f0,EHR Completo,"A CT scan without contrast showed an interval increase in size of a left cerebellar hemorrhage, with surrounding edema and mass effect on the 4th ventricle and perimesencephalic cistern.",Supported,"The reference includes a CT scan without contrast showing an interval increase in size of a left cerebellar hemorrhage with surrounding edema and mass effect on the 4th ventricle and perimesencephalic cistern, directly supporting the text.","Hospital Admission Start: 15 days 0 hours ago
Hospital Admission End: Now
Electronic Health Record Context
Ordered by Time (Earliest to Latest):
1. When: 43 days 16 hours ago, Note Category: Physician, Note Description: Physician Resident Admission Note | Text: Found to have
   3-4cm left cerebellar mass on MRI with evidence of mass effect,
   vasogenic edema, ?bleeding in mass. 
2. When: 15 days 16 hours ago, Note Category: Radiology, Note Description: CT HEAD W/O CONTRAST | Text: IMPRESSION:

 Interval increase in size of patient's known left cerebellar hemorrhagic mass
 with surrounding vasogenic edema.  
3. When: 15 days 16 hours ago, Note Category: Radiology, Note Description: CT HEAD W/O CONTRAST | Text: WET READ VERSION #1 [**First Name9 (NamePattern2) 3913**] [**Doctor First Name 73**] [**2116-1-23**] 9:26 AM
  interval increase in size of left cerebellar hemorrhage now measuring 2.4 x
  3.7 cm with surrounding edema and mass effect on 4th ventricle and left aspect
  of perimesencephalic cistern. 
4. When: 15 days 16 hours ago, Note Category: Radiology, Note Description: MR HEAD W & W/O CONTRAST | Text: Left cerebellar mass with hemorrhagic foci and surrounding edema causing
 effacement of the fourth ventricle and quadrigeminal cistern.
5. When: 14 days 16 hours ago, Note Category: Nursing, Note Description: Nursing Progress Note | Text: Head Ct revealed an increase in cerebellar mass w/ surrounding edema
   and mass effect on the 4^th ventricle and left aspect of the
   perimesencephalic cistern. 
6. When: 4 days 16 hours ago, Note Category: Radiology, Note Description: CT HEAD W/O CONTRAST | Text: Continued edema in the left
  cerebellar hemisphere with similar degree of mass effect on the fourth
  ventricle.
7. When: 4 days 16 hours ago, Note Category: Radiology, Note Description: CT HEAD W/O CONTRAST | Text: Continued edema in the left
 cerebellar hemisphere with similar degree of mass effect on the fourth
 ventricle.  
"
098ddfae-6563-aa22-fda3-df73c91f044d,EHR Completo,"He was also given multiple units of FFP, platelets, and vitamin K due to liver failure.

",Supported,"The reference notes that the patient was given multiple units of FFP, platelets, and vitamin K due to shock liver and deteriorating lab values consistent with liver failure.","Hospital Admission Start: 15 days 0 hours ago
Hospital Admission End: Now
Electronic Health Record Context
Ordered by Time (Earliest to Latest):
1. When: 40 days 16 hours ago, Note Category: Discharge summary, Note Description: Report | Text: He was transfered to the oncology service for further
evaluation. 
2. When: 3 days 16 hours ago, Note Category: Radiology, Note Description: US ABD LIMIT, SINGLE ORGAN | Text: ______________________________________________________________________________
                                 FINAL REPORT
 INDICATIONS:  68-year-old man with elevated LFTs and mild coagulopathy.
3. When: 2 days 16 hours ago, Note Category: Nursing, Note Description: Nursing Progress Note | Text: Received multiple
   fluid boluses.
4. When: 1 days 16 hours ago, Note Category: Physician, Note Description: Intensivist Note | Text: LFTs suggestive of
   shock liver in setting of hypoperfusion yesterday.
5. When: 1 days 16 hours ago, Note Category: Physician, Note Description: Intensivist Note | Text: LFTs suggestive of
   shock liver in setting of hypoperfusion yesterday. 
6. When: 1 days 16 hours ago, Note Category: Nursing, Note Description: Nursing Progress Note | Text: cognitive impairment s/p MVC
   Sepsis, Severe (with organ dysfunction)
   Assessment:
   Florid sepsis with complete multisytem organ failure--?cdif colitis
   origin of sepsis
   l
   Action:
   Complete Respiratory support w/ventilator
   renal support w/ CRRT
   Shock liver with deteriorating lab values, given multiple units of FFP,
   platelets and Vit k
   Family in, spoke w/ Dr.
7. When: 0 days 16 hours ago, Note Category: Physician, Note Description: Intensivist Note | Text: He
   was brought to SICU in multi-system organ failure with oliguria
   requiring CVVH, liver failure, worsening hypocoagulable state, and
   severe metabolic acidosis.
8. When: 0 days 16 hours ago, Note Category: Physician, Note Description: Intensivist Note | Text: etiology
   of clinical picture and his multi-system organ failure likely from
   infectious colitis possibly due to C. difficile. 
9. When: 0 days 16 hours ago, Note Category: Nursing, Note Description: Nursing Progress Note | Text: Transfused with total 2bags platelets and 3units FFP.
   
"
349676e0-51d5-7621-20cd-000aea7767d0,EHR Completo,"He was admitted to the Surgical Intensive Care Unit (SICU) and underwent a series of diagnostic tests, including MRI scans, which revealed a left cerebellar mass with hemorrhagic foci and surrounding edema, causing compression of the fourth ventricle and effacement of the quadrigeminal cistern. ",Not Supported,The reference does not explicitly state that the patient was admitted to the Surgical Intensive Care Unit (SICU) or that the MRI scans were performed after admission; it only describes MRI findings and other diagnostic results without confirming the SICU admission or timing of tests relative to admission.,"Hospital Admission Start: 15 days 0 hours ago
Hospital Admission End: Now
Electronic Health Record Context
Ordered by Time (Earliest to Latest):
1. When: 40 days 16 hours ago, Note Category: Discharge summary, Note Description: Report | Text: Per
report from the outside hospital MRI, the patient had a 3-4cm
left cerebellar mass on MRI with evidence of mass effect
(effacing the 4th ventricle),
2. When: 15 days 16 hours ago, Note Category: Radiology, Note Description: MR HEAD W & W/O CONTRAST | Text: Left cerebellar mass with hemorrhagic foci and surrounding edema causing
 compression of the fourth ventricle and effacement of the quadrigeminal
 cistern.  
3. When: 15 days 16 hours ago, Note Category: Radiology, Note Description: MR HEAD W & W/O CONTRAST | Text: Left cerebellar mass with hemorrhagic foci and surrounding edema causing
  compression of the fourth ventricle and effacement of the quadrigeminal
  cistern.
4. When: 15 days 16 hours ago, Note Category: Radiology, Note Description: MR HEAD W & W/O CONTRAST | Text: Left cerebellar mass with hemorrhagic foci and surrounding edema causing
 effacement of the fourth ventricle and quadrigeminal cistern.
5. When: 15 days 16 hours ago, Note Category: Radiology, Note Description: MR HEAD W & W/O CONTRAST | Text: FINDINGS: There is an ill-defined infiltrative enhancing mass seen in the left
 cerebellar hemisphere with surrounding edema and effacing the fourth ventricle
 and quadrigeminal cistern. 
6. When: 14 days 16 hours ago, Note Category: Nursing, Note Description: Nursing Progress Note | Text: Head Ct revealed an increase in cerebellar mass w/ surrounding edema
   and mass effect on the 4^th ventricle and left aspect of the
   perimesencephalic cistern. 
7. When: 14 days 16 hours ago, Note Category: Radiology, Note Description: CT STEREOTAXIS W/ CONTRAST | Text: FINDINGS:  There is mass identified in the partially visualized left
 cerebellar hemisphere with edema.
8. When: 0 days 16 hours ago, Note Category: Physician, Note Description: Intensivist Note | Text: Workup revealed a left cerebellar
   mass causing an obstructive hydrocephalus.  
"
4a2204d8-7635-47a2-cdb3-33f1bd167db9,EHR Completo,The differential diagnosis included lymphoma versus metastatic disease.,Supported,"The reference contains multiple radiology notes explicitly stating that the differential diagnosis includes lymphoma versus metastatic disease, directly supporting the text.","Hospital Admission Start: 15 days 0 hours ago
Hospital Admission End: Now
Electronic Health Record Context
Ordered by Time (Earliest to Latest):
1. When: 44 days 16 hours ago, Note Category: ECG, Note Description: Report | Text: Clinical correlation is suggested.

2. When: 43 days 16 hours ago, Note Category: Physician, Note Description: Physician Resident Admission Note | Text: Although unusual, seems
   likely this is a metastatic lesion and most likely from known primary.
   
3. When: 40 days 16 hours ago, Note Category: Discharge summary, Note Description: Report | Text: He was transfered to the oncology service for further
evaluation. 
4. When: 15 days 16 hours ago, Note Category: Radiology, Note Description: MR HEAD W & W/O CONTRAST | Text: Differential diagnosis includes lymphoma versus metastatic disease.

 
5. When: 15 days 16 hours ago, Note Category: Radiology, Note Description: MR HEAD W & W/O CONTRAST | Text: Differential diagnosis includes lymphoma versus metastatic disease.

  
6. When: 15 days 16 hours ago, Note Category: Radiology, Note Description: MR HEAD W & W/O CONTRAST | Text: Differential
 diagnosis includes lymphoma and metastatic disease.

 
7. When: 15 days 16 hours ago, Note Category: Radiology, Note Description: MR HEAD W & W/O CONTRAST | Text: The
 differential diagnosis includes lymphoma and metastatic etiology.

 
8. When: 2 days 16 hours ago, Note Category: ECG, Note Description: Report | Text: Clinical correlation is
suggested.


9. When: 0 days 16 hours ago, Note Category: Physician, Note Description: Intensivist Note | Text: A
   week later, the pt went back to the OR for resection of the cerebellar
   mass, which has since been reported as metastatic poorly differentiated
   adenocarcinoma. 
"
9db332d4-bada-5f8d-10a3-e77fcfd3734b,EHR Completo,"On February 1, an MRI scan showed that the previously demonstrated left cerebellar mass lesion had been removed, but there were post-surgical changes, persistent vasogenic edema, and a subtle area of enhancement in the surgical cavity. ",Supported,"The reference from 6 days 16 hours ago states that the previously demonstrated left cerebellar mass lesion has been removed with post-surgical changes, consistent with the text. Additionally, the 4 days 16 hours ago CT note mentions surgical changes and edema in the left cerebellar hemisphere similar to the MRI done on February 1, supporting the presence of post-surgical changes and persistent edema. The subtle area of enhancement in the surgical cavity is consistent with the enhancing lesion noted in earlier imaging.","Hospital Admission Start: 15 days 0 hours ago
Hospital Admission End: Now
Electronic Health Record Context
Ordered by Time (Earliest to Latest):
1. When: 43 days 16 hours ago, Note Category: Physician, Note Description: Physician Resident Admission Note | Text: Found to have
   3-4cm left cerebellar mass on MRI with evidence of mass effect,
   vasogenic edema, ?bleeding in mass. 
2. When: 40 days 16 hours ago, Note Category: Discharge summary, Note Description: Report | Text: Per
report from the outside hospital MRI, the patient had a 3-4cm
left cerebellar mass on MRI with evidence of mass effect
(effacing the 4th ventricle),
3. When: 15 days 16 hours ago, Note Category: Radiology, Note Description: CT HEAD W/O CONTRAST | Text: IMPRESSION:

 Interval increase in size of patient's known left cerebellar hemorrhagic mass
 with surrounding vasogenic edema.  
4. When: 14 days 16 hours ago, Note Category: Radiology, Note Description: CT STEREOTAXIS W/ CONTRAST | Text: FINDINGS:  There is mass identified in the partially visualized left
 cerebellar hemisphere with edema.
5. When: 14 days 16 hours ago, Note Category: Radiology, Note Description: CT HEAD W/ CONTRAST | Text: Partially visualized is edema and enhancing lesion in the left
 cerebellar hemisphere.



6. When: 6 days 16 hours ago, Note Category: Radiology, Note Description: MR HEAD W & W/O CONTRAST | Text: FINDINGS:  The previously demonstrated infiltrative left cerebellar mass
 lesion has been removed in the interim, post-surgical changes consistent with
 left occipital craniotomy are visualized as well as the frontal burr hole on
 the right.
7. When: 4 days 16 hours ago, Note Category: Radiology, Note Description: CT HEAD W/O CONTRAST | Text: Status post occipital craniotomy with surgical changes in the craniotomy
 bed and edema in the left cerebellar hemisphere, similar in extent to MR done
 on [**2116-2-1**].  
"
6c6ec37f-bac6-faca-bd20-7f6742d1e360,EHR Completo,"The patient was extubated on February 2, and his neuro status remained essentially unchanged. ",Not Addressed,The reference does not mention the patient being extubated on February 2 or any details about neuro status on that date; it only includes notes from earlier dates without information about extubation or neuro status changes at that time.,"Hospital Admission Start: 15 days 0 hours ago
Hospital Admission End: Now
Electronic Health Record Context
Ordered by Time (Earliest to Latest):
1. When: 43 days 16 hours ago, Note Category: Nursing, Note Description: Nursing Transfer Note | Text: On evaluation in the MICU, patient denies any headache, diplopia,
   weakness, numbness. 
2. When: 40 days 16 hours ago, Note Category: Discharge summary, Note Description: Report | Text: On evaluation in the MICU, patient denied any
headache, diplopia, weakness, numbness. 
3. When: 40 days 16 hours ago, Note Category: Discharge summary, Note Description: Report | Text: He did have gait
unsteadiness (a chronic issue) but no fevers, chills, sweats,
cough. 
4. When: 14 days 16 hours ago, Note Category: Nursing, Note Description: Nursing Progress Note | Text: Neurologically intact although left side weaker
   than right.  
5. When: 13 days 16 hours ago, Note Category: Nursing, Note Description: Nursing Progress Note | Text: Response:
   Pt neurologically intact.
   
6. When: 6 days 16 hours ago, Note Category: Nursing, Note Description: Nursing Progress Note | Text: Pt arrived s/p head ct
   intubated and not reversed. 
7. When: 6 days 16 hours ago, Note Category: Nursing, Note Description: Nursing Progress Note | Text: Response:
   Neuro status unchanged throughout day.
   
"
1540c5e0-dd79-ce3b-57b1-2cd2b8e06ac5,EHR Completo,"However, the patient experienced a setback requiring readmission to the ICU on February 5, with tachycardia, hypotension, and an acute mental status change. ",Supported,"The reference notes the patient was readmitted to the ICU on February 5 with tachycardia, hypotension, and acute changes including respiratory distress and sepsis, which supports the text describing a setback requiring ICU readmission with tachycardia, hypotension, and mental status change.","Hospital Admission Start: 15 days 0 hours ago
Hospital Admission End: Now
Electronic Health Record Context
Ordered by Time (Earliest to Latest):
1. When: 43 days 16 hours ago, Note Category: General, Note Description: Generic Note | Text: Patient is critically ill.
2. When: 2 days 16 hours ago, Note Category: Nursing, Note Description: Nursing Progress Note | Text: Transferred [**2-3**] to [**Hospital Ward Name **] 11
   Triggered on floor today [**2-5**] for Tachycardia no u/[**Name Initial (MD) **] and RN
[**Name Initial (MD) **] and MD
   unable to obtain BP. 
3. When: 2 days 16 hours ago, Note Category: Physician, Note Description: Intensivist Note | Text: Readmitted
   to ICU w tachycardia and hypotension
   Chief complaint:
   tachycardia/hypotension
   PMHx:
   Stage III esophageal cancer, R eye prosthesis, HTN, DOE, BPH chronic
   foley, Diabetes, h/o trach/PEG in [**11/2113**], h/o anemia in [**12/2113**], s/p
   cholecystectomy, cognitive impairment s/p MVC
   Current medications:
   1.
4. When: 1 days 16 hours ago, Note Category: Physician, Note Description: Intensivist Note | Text: Readmitted to ICU w florid sepsis.
   
5. When: 0 days 16 hours ago, Note Category: Physician, Note Description: Intensivist Note | Text: [**2-5**] the pt developed respiratory distress,
   hypotension, and tachycardia on floor and was transferred to the SICU.
"
f0f2520a-4829-86c4-e4f3-84495d311be1,EHR Completo,"He was reintubated and received multiple medications, including antibiotics and hydration therapy. ",Not Supported,"The reference mentions intubation, administration of broad spectrum antibiotics, fluid boluses, and medications like fentanyl and hydralazine, but does not mention reintubation or explicitly state that multiple medications including antibiotics and hydration therapy were given after reintubation.","Hospital Admission Start: 15 days 0 hours ago
Hospital Admission End: Now
Electronic Health Record Context
Ordered by Time (Earliest to Latest):
1. When: 40 days 16 hours ago, Note Category: Discharge summary, Note Description: Report | Text: He was transfered to the oncology service for further
evaluation. 
2. When: 40 days 16 hours ago, Note Category: Discharge summary, Note Description: Report | Text: Patient continued
on home Amantadine.

3. When: 14 days 16 hours ago, Note Category: Nursing, Note Description: Nursing Progress Note | Text: Extubated in or.  
4. When: 7 days 16 hours ago, Note Category: Radiology, Note Description: CHEST (PORTABLE AP) | Text: There is a small right effusion that is increased in size compared to prior.



5. When: 6 days 16 hours ago, Note Category: Nursing, Note Description: Nursing Progress Note | Text: wean and extubated
   this am. 
6. When: 6 days 16 hours ago, Note Category: Nursing, Note Description: Nursing Progress Note | Text: Action:
   Medicated with iv fentanyl.
   
7. When: 5 days 16 hours ago, Note Category: Nursing, Note Description: Nursing Progress Note | Text: Hydralazine given. 
8. When: 2 days 16 hours ago, Note Category: Nursing, Note Description: Nursing Progress Note | Text: Received multiple
   fluid boluses.
9. When: 0 days 16 hours ago, Note Category: Physician, Note Description: Intensivist Note | Text: He was intubated, started on pressors as well as broad spectrum abx. 
"
7405f258-91ac-3930-4927-2412d0126402,EHR Completo,"Throughout his hospital stay, the patient required ongoing management of his neurological status, pain, and anxiety, as well as treatment for septic shock, fluid overload, and metabolic acidosis. ",Supported,"The reference documents ongoing management of neurological status (sedated neuro status), metabolic acidosis, and sepsis (sepsis and multiorgan failure), as well as fluid overload (oliguria requiring CVVH), supporting the text's statement about ongoing management of neurological status, pain, anxiety, septic shock, fluid overload, and metabolic acidosis.","Hospital Admission Start: 15 days 0 hours ago
Hospital Admission End: Now
Electronic Health Record Context
Ordered by Time (Earliest to Latest):
1. When: 43 days 16 hours ago, Note Category: General, Note Description: Generic Note | Text: Patient is critically ill.
2. When: 43 days 16 hours ago, Note Category: Nursing, Note Description: Nursing Transfer Note | Text: Patient remains alert and oriented
   throughout the day.  
3. When: 40 days 16 hours ago, Note Category: Discharge summary, Note Description: Report | Text: The
patient remained stable so it was felt he could go home and
await final pathology with close follow up in the [**Hospital **]
clinic.  
4. When: 13 days 16 hours ago, Note Category: Radiology, Note Description: CT ABD W&W/O C | Text: The patient is status post cholecystectomy.
5. When: 4 days 16 hours ago, Note Category: Radiology, Note Description: CT HEAD W/O CONTRAST | Text: The patient is
 post-suboccipital craniotomy, with continued fluid in the postoperative bed.
6. When: 0 days 16 hours ago, Note Category: Respiratory, Note Description: Respiratory Care Shift Note | Text: ventilation to control pH
   Reason for continuing current ventilatory support: Underlying illness
   not resolved
   Pt has a severe metabolic acidosis.
7. When: 0 days 16 hours ago, Note Category: Physician, Note Description: Intensivist Note | Text: Admit to SICU [**2-5**] with
   sepsis and multiorgan system failure
   Neuro: sedated.  
8. When: 0 days 16 hours ago, Note Category: Physician, Note Description: Intensivist Note | Text: He
   was brought to SICU in multi-system organ failure with oliguria
   requiring CVVH, liver failure, worsening hypocoagulable state, and
   severe metabolic acidosis.
"
298f3674-4277-9c9d-75b9-53b668fda4cb,EHR Completo,"On February 7, despite aggressive treatment, the patient's condition remained unstable, and after a family meeting with the doctor, it was decided to stop treatment due to the unsurvivable situation. ",Not Addressed,"The reference context does not mention any decision to stop treatment, the patient's condition on February 7, or a family meeting regarding an unsurvivable situation.","Hospital Admission Start: 15 days 0 hours ago
Hospital Admission End: Now
Electronic Health Record Context
Ordered by Time (Earliest to Latest):
1. When: 43 days 16 hours ago, Note Category: General, Note Description: Generic Note | Text: Patient is critically ill.
2. When: 40 days 16 hours ago, Note Category: Discharge summary, Note Description: Report | Text: The
patient remained stable so it was felt he could go home and
await final pathology with close follow up in the [**Hospital **]
clinic.  
3. When: 13 days 16 hours ago, Note Category: Physician, Note Description: Intensivist Note | Text: Pt has had
   increased difficulty walking over past month.
4. When: 13 days 16 hours ago, Note Category: Nursing, Note Description: Nursing Transfer Note | Text: Pt has had increased
   difficulty walking over past month.
5. When: 5 days 16 hours ago, Note Category: Nursing, Note Description: Nursing Progress Note | Text: Immediately became
   very agitated, hypertensive and uncooperative, trying to get out of bed
   and interfere with treatment.
   
6. When: 4 days 16 hours ago, Note Category: Physician, Note Description: Intensivist Note | Text: Pt has had increased
   difficulty walking over past month.  
"
63c3af56-948e-25d9-f752-2e3f9e91d612,EHR Completo,"The patient's care was withdrawn, and morphine was administered to manage symptoms. ",Not Supported,"The reference indicates morphine was administered and the patient was withdrawn to painful stimuli, but it does not state that the patient's care was withdrawn or that morphine was given specifically to manage symptoms in the context of care withdrawal.","Hospital Admission Start: 15 days 0 hours ago
Hospital Admission End: Now
Electronic Health Record Context
Ordered by Time (Earliest to Latest):
1. When: 43 days 16 hours ago, Note Category: General, Note Description: Generic Note | Text: Patient is critically ill.
2. When: 14 days 16 hours ago, Note Category: Nursing, Note Description: Nursing Progress Note | Text: Medicated with
   dilaudid 1mg for pain.  
3. When: 13 days 16 hours ago, Note Category: Radiology, Note Description: CT ABD W&W/O C | Text: The patient is status post cholecystectomy.
4. When: 6 days 16 hours ago, Note Category: Nursing, Note Description: Nursing Progress Note | Text: Action:
   Medicated with iv fentanyl.
   
5. When: 5 days 16 hours ago, Note Category: Nursing, Note Description: Nursing Progress Note | Text: Haldo, ativan and Fentanyl given.
   
6. When: 4 days 16 hours ago, Note Category: Nursing, Note Description: Nursing Progress Note | Text: Action:
   Administration of morphine sulfate IVP.
   
7. When: 4 days 16 hours ago, Note Category: Physician, Note Description: Intensivist Note | Text: discontinued fentanyl and transitioned to morphine prn
   yesterday.
   
8. When: 2 days 16 hours ago, Note Category: Physician, Note Description: Intensivist Note | Text: morphine
   prn yesterday.
   
9. When: 1 days 16 hours ago, Note Category: Nursing, Note Description: Nursing Progress Note | Text: Withdraws to painful stimuli. 
"
ae5a654d-37ad-a8cc-31e1-5d605160ef66,EHR Completo,The patient was pronounced dead at 1650 with the family present and in agreement with the plan.,Supported,"The reference notes indicate the patient was pronounced dead at 1650 and that all family were present and in agreement with the plan, fully supporting the text.","Hospital Admission Start: 15 days 0 hours ago
Hospital Admission End: Now
Electronic Health Record Context
Ordered by Time (Earliest to Latest):
1. When: 43 days 16 hours ago, Note Category: General, Note Description: Generic Note | Text: Patient is critically ill.
2. When: 43 days 16 hours ago, Note Category: Physician, Note Description: Physician Resident Admission Note | Text: Agree
   substantially with plan as above.  
3. When: 43 days 16 hours ago, Note Category: Physician, Note Description: Physician Resident Admission Note | Text: Plan to transfer to Oncology for discussion re care.
   
4. When: 40 days 16 hours ago, Note Category: Discharge summary, Note Description: Report | Text: The
patient remained stable so it was felt he could go home and
await final pathology with close follow up in the [**Hospital **]
clinic.  
5. When: 14 days 16 hours ago, Note Category: Physician, Note Description: Intensivist Note | Text: Disucss plan with
   neurosurgery for possible intervention.
   
6. When: 0 days 16 hours ago, Note Category: Nursing, Note Description: Nursing Progress Note | Text: Patient pronounced at 1650.
   
7. When: 0 days 16 hours ago, Note Category: Nursing, Note Description: Nursing Progress Note | Text: All family present, all in agreement with plan.
   
8. When: 0 days 16 hours ago, Note Category: Nursing, Note Description: Nursing Progress Note | Text: All in agreement to stop treatment, and provide [**Name (STitle) 1396**] only to family.
   
9. When: 0 days 16 hours ago, Note Category: Nursing, Note Description: Nursing Progress Note | Text: Response:
   Plan:

"
e31f24d4-036e-d2d3-398b-208ff377d612,EHR Completo,"On February 6, the patient developed a florid septic picture, with severe diffuse large bowel thickening, likely due to severe colitis, possibly caused by C. difficile. ",Supported,"The reference describes severe diffuse large bowel thickening likely due to severe colitis, with C. difficile being the most likely pathogen, matching the text's description of a florid septic picture with severe colitis possibly caused by C. difficile on February 6.","Hospital Admission Start: 15 days 0 hours ago
Hospital Admission End: Now
Electronic Health Record Context
Ordered by Time (Earliest to Latest):
1. When: 1 days 16 hours ago, Note Category: Radiology, Note Description: CT CHEST W/CONTRAST | Text: Diffuse wall thickening from the cecum to the splenic flexure likely
 reflects severe colitis with C. difficile being the most likely pathogen.

 
2. When: 1 days 16 hours ago, Note Category: Radiology, Note Description: CT CHEST W/CONTRAST | Text: Severe diffuse large bowel thickening which
  is dilated and stool filled with nml appearing small bowel.  
3. When: 1 days 16 hours ago, Note Category: Radiology, Note Description: CT CHEST W/CONTRAST | Text: [**Month (only) **] relate to
  severe 3rd spacing or other causes of pan colitis such as c. diff.
4. When: 1 days 16 hours ago, Note Category: Radiology, Note Description: CT CHEST W/CONTRAST | Text: Marked
 colonic wall thickening is most prominent from the cecum to the splenic
                                                             (Over)

 [**2116-2-6**] 3:42 AM
 CT CHEST W/CONTRAST;
5. When: 1 days 16 hours ago, Note Category: Nursing, Note Description: Nursing Progress Note | Text: Inc of large amt of liquid and Hard
   stool.  
6. When: 1 days 16 hours ago, Note Category: Nutrition, Note Description: Clinical Nutrition Note | Text: Given pt
s large
   amount of stool output and likely c diff colitis, pt will likely need
   TPN for now.
   
7. When: 0 days 16 hours ago, Note Category: Physician, Note Description: Intensivist Note | Text: CT abdomen shows severe diffuse large bowel thickening which
   is dilated and stool filled with normal appearing small bowel. 
8. When: 0 days 16 hours ago, Note Category: Physician, Note Description: Intensivist Note | Text: etiology
   of clinical picture and his multi-system organ failure likely from
   infectious colitis possibly due to C. difficile. 
"
10fb55a1-337b-b6bc-3970-014f908eb71b,EHR Completo,"He was treated with broad-spectrum antibiotics, vasopressin, norepinephrine, and propofol infusions. ",Supported,"The reference notes the patient was started on broad spectrum antibiotics, vasopressin, norepinephrine (Levo and Neo), and propofol infusions, which fully supports the text.","Hospital Admission Start: 15 days 0 hours ago
Hospital Admission End: Now
Electronic Health Record Context
Ordered by Time (Earliest to Latest):
1. When: 6 days 16 hours ago, Note Category: Nursing, Note Description: Nursing Progress Note | Text: Action:
   Medicated with iv fentanyl.
   
2. When: 5 days 16 hours ago, Note Category: Nursing, Note Description: Nursing Progress Note | Text: Haldo, ativan and Fentanyl given.
   
3. When: 1 days 16 hours ago, Note Category: Physician, Note Description: Intensivist Note | Text: STOP [**2116-2-5**] 11:58 PM
   Post operative day:
   POD#6 - ws/p craniotomy
   Allergies:
   No Known Drug Allergies
   Last dose of Antibiotics:
   Infusions:
   Vasopressin - 1.2 units/hour
   Propofol - 15 mcg/Kg/min
   Norepinephrine - 0.
4. When: 1 days 16 hours ago, Note Category: Nursing, Note Description: Nursing Progress Note | Text: Sedated on Propofol. 
5. When: 1 days 16 hours ago, Note Category: Nutrition, Note Description: Clinical Nutrition Note | Text: Pertinent medications: Levophed, Vasopressin, propofol, D5 c/ Bicarb
   @100cc/hr,
6. When: 0 days 16 hours ago, Note Category: Physician, Note Description: Intensivist Note | Text: He was intubated, started on pressors as well as broad spectrum abx. 
7. When: 0 days 16 hours ago, Note Category: Nursing, Note Description: Nursing Progress Note | Text: Action:
   Initially weaned off levo and neo on low dose, but eventually needed to
   increase dose of vasopressin.
   
"
7c4968b0-893c-bff5-32c4-f02742922b83,EHR Completo,"His condition was critical, requiring close monitoring and multidisciplinary care. ",Supported,"The reference indicates the patient developed respiratory distress, hypotension, and tachycardia requiring transfer to the SICU, intubation, pressors, and broad spectrum antibiotics, which supports that his condition was critical and required close monitoring and multidisciplinary care.","Hospital Admission Start: 15 days 0 hours ago
Hospital Admission End: Now
Electronic Health Record Context
Ordered by Time (Earliest to Latest):
1. When: 43 days 16 hours ago, Note Category: General, Note Description: Generic Note | Text: Patient is critically ill.
2. When: 43 days 16 hours ago, Note Category: Nursing, Note Description: Nursing Transfer Note | Text: Patient remains alert and oriented
   throughout the day.  
3. When: 40 days 16 hours ago, Note Category: Discharge summary, Note Description: Report | Text: They also recommended close BP control (SBP <140) so the patient
was transferred to the MICU for monitoring. 
4. When: 40 days 16 hours ago, Note Category: Discharge summary, Note Description: Report | Text: He was transfered to the oncology service for further
evaluation. 
5. When: 40 days 16 hours ago, Note Category: Discharge summary, Note Description: Report | Text: The
patient remained stable so it was felt he could go home and
await final pathology with close follow up in the [**Hospital **]
clinic.  
6. When: 13 days 16 hours ago, Note Category: Radiology, Note Description: CT ABD W&W/O C | Text: The patient is status post cholecystectomy.
7. When: 0 days 16 hours ago, Note Category: Physician, Note Description: Intensivist Note | Text: [**2-5**] the pt developed respiratory distress,
   hypotension, and tachycardia on floor and was transferred to the SICU.
8. When: 0 days 16 hours ago, Note Category: Physician, Note Description: Intensivist Note | Text: He was intubated, started on pressors as well as broad spectrum abx. 
"
b25f8ad4-4961-c9a5-9c82-5a1ae734d335,EHR Completo,"The patient was diagnosed with multisystem organ failure, including renal failure, liver failure, and severe metabolic acidosis, and was given maximal support with ventilation, CRRT, and triple pressors. ",Supported,"The reference notes the patient was admitted in multisystem organ failure including renal failure (requiring CVVH/CRRT), liver failure (shock liver), and severe metabolic acidosis, and was given maximal support with ventilation, CRRT, and triple pressors.","Hospital Admission Start: 15 days 0 hours ago
Hospital Admission End: Now
Electronic Health Record Context
Ordered by Time (Earliest to Latest):
1. When: 43 days 16 hours ago, Note Category: General, Note Description: Generic Note | Text: Patient is critically ill.
2. When: 1 days 16 hours ago, Note Category: Physician, Note Description: Intensivist Note | Text: Severe metabolic acidosis, improving - cont bicarb
   gtt, trend lactates.
3. When: 1 days 16 hours ago, Note Category: Physician, Note Description: Intensivist Note | Text: Severe metabolic acidosis, improving - cont bicarb
   gtt, trend lactates. 
4. When: 1 days 16 hours ago, Note Category: Nursing, Note Description: Nursing Progress Note | Text: Response:
   Maximally support with CRRT/ventilation and triple pressors.
   
5. When: 1 days 16 hours ago, Note Category: Nursing, Note Description: Nursing Progress Note | Text: cognitive impairment s/p MVC
   Sepsis, Severe (with organ dysfunction)
   Assessment:
   Florid sepsis with complete multisytem organ failure--?cdif colitis
   origin of sepsis
   l
   Action:
   Complete Respiratory support w/ventilator
   renal support w/ CRRT
   Shock liver with deteriorating lab values, given multiple units of FFP,
   platelets and Vit k
   Family in, spoke w/ Dr.
6. When: 0 days 16 hours ago, Note Category: Respiratory, Note Description: Respiratory Care Shift Note | Text: ventilation to control pH
   Reason for continuing current ventilatory support: Underlying illness
   not resolved
   Pt has a severe metabolic acidosis.
7. When: 0 days 16 hours ago, Note Category: Physician, Note Description: Intensivist Note | Text: He
   was brought to SICU in multi-system organ failure with oliguria
   requiring CVVH, liver failure, worsening hypocoagulable state, and
   severe metabolic acidosis.
8. When: 0 days 16 hours ago, Note Category: Nursing, Note Description: Nursing Progress Note | Text: Sepsis, Severe (with organ dysfunction)
   Assessment:
   Hemodynamically unstable
   Episodes of dropping  cardiac output
   Coagulopathic
   Hypothermic
   Persistent metabolic acidosis.
   
"
cce5bab5-168c-5735-f64b-e1175cae2d18,EHR Completo,"On January 31, the patient underwent a suboccipital craniectomy, which showed expected post-operative changes, including pneumocephalus and small blood products, but no large hemorrhage or shift of midline structures. ",Supported,"The reference describes post-suboccipital craniectomy changes including pneumocephalus and small blood products, with no large hemorrhage or midline shift, which fully supports the text.","Hospital Admission Start: 15 days 0 hours ago
Hospital Admission End: Now
Electronic Health Record Context
Ordered by Time (Earliest to Latest):
1. When: 7 days 16 hours ago, Note Category: Radiology, Note Description: CT HEAD W/O CONTRAST | Text: Expected post-suboccipital craniectomy changes, with pneumocephalus and
 small amount of resulting blood products.

 
2. When: 7 days 16 hours ago, Note Category: Radiology, Note Description: CT HEAD W/O CONTRAST | Text: HEAD CT WITHOUT IV CONTRAST:  There has been suboccipital craniectomy, with
 expected pneumocephalus in the posterior fossa as well as a small amount of
 surrounding blood products (2:3).  
3. When: 7 days 16 hours ago, Note Category: Radiology, Note Description: CT HEAD W/O CONTRAST | Text: patient to come
  directly from OR
 No contraindications for IV contrast
 ______________________________________________________________________________
                                  PFI REPORT
 Post suboccipital craniectomy changes with no unexpected hemorrhage.  
4. When: 7 days 16 hours ago, Note Category: Radiology, Note Description: CT HEAD W/O CONTRAST | Text: ______________________________________________________________________________
                                 FINAL REPORT
 HISTORY:  68-year-old male with suboccipital craniectomy and mass excision.
5. When: 4 days 16 hours ago, Note Category: Radiology, Note Description: CT HEAD W/O CONTRAST | Text: The patient is
 post-suboccipital craniotomy, with continued fluid in the postoperative bed.
6. When: 4 days 16 hours ago, Note Category: Radiology, Note Description: CT HEAD W/O CONTRAST | Text: Status post occipital craniotomy with surgical changes in the craniotomy
 bed and edema in the left cerebellar hemisphere, similar in extent to MR done
 on [**2116-2-1**].  
7. When: 4 days 16 hours ago, Note Category: Radiology, Note Description: CT HEAD W/O CONTRAST | Text: s/p resection
 REASON FOR THIS EXAMINATION:
  Interval change
 No contraindications for IV contrast
 ______________________________________________________________________________
                                  PFI REPORT
 Status post left occipital craniotomy with fluid in postoperative bed and
 expected decrease in amount of pneumocephalus.  
8. When: 4 days 16 hours ago, Note Category: Radiology, Note Description: CT HEAD W/O CONTRAST | Text: s/p resection
 REASON FOR THIS EXAMINATION:
  Interval change
 No contraindications for IV contrast
 ______________________________________________________________________________
 PROVISIONAL FINDINGS IMPRESSION (PFI): YMf MON [**2116-2-3**] 8:13 PM
  Status post left occipital craniotomy with fluid in postoperative bed and
  expected decrease in amount of pneumocephalus.  
9. When: 2 days 16 hours ago, Note Category: Radiology, Note Description: CT HEAD W/O CONTRAST | Text: FINDINGS:

 Patient is status post left-sided suboccipital craniotomy.
10. When: 2 days 16 hours ago, Note Category: Radiology, Note Description: CT HEAD W/O CONTRAST | Text: There is no acute intracranial hemorrhage, shift of normally midline
 structures.  
"
a0ad74d3-2317-c446-7859-5495ed723cb9,EHR Completo,"Post-operatively, the patient was intubated and received mechanical ventilation. ",Supported,"The reference notes multiple instances confirming the patient was intubated post-operatively and received mechanical ventilation, including radiology and physician notes indicating intubation and endotracheal tube placement.","Hospital Admission Start: 15 days 0 hours ago
Hospital Admission End: Now
Electronic Health Record Context
Ordered by Time (Earliest to Latest):
1. When: 43 days 16 hours ago, Note Category: General, Note Description: Generic Note | Text: Patient is critically ill.
2. When: 14 days 16 hours ago, Note Category: Nursing, Note Description: Nursing Progress Note | Text: Extubated in or.  
3. When: 13 days 16 hours ago, Note Category: Radiology, Note Description: CT ABD W&W/O C | Text: The patient is status post cholecystectomy.
4. When: 6 days 16 hours ago, Note Category: Nursing, Note Description: Nursing Progress Note | Text: wean and extubated
   this am. 
5. When: 4 days 16 hours ago, Note Category: Radiology, Note Description: CT HEAD W/O CONTRAST | Text: The patient is
 post-suboccipital craniotomy, with continued fluid in the postoperative bed.
6. When: 2 days 16 hours ago, Note Category: Radiology, Note Description: CHEST (PORTABLE AP) | Text: AP PORTABLE CHEST:  There has been interval intubation of the patient with the
 endotracheal tube in satisfactory position.
7. When: 0 days 16 hours ago, Note Category: Physician, Note Description: Intensivist Note | Text: Pulm: Intubated [**2-5**]. 
8. When: 0 days 16 hours ago, Note Category: Physician, Note Description: Intensivist Note | Text: He was intubated, started on pressors as well as broad spectrum abx. 
"
cdab7f54-0d39-ef0f-03c1-9f9af1ce18d2,EHR Completo,"His vital signs were stable, and he was being treated for altered mental status, diabetes, and acute pain. ",Not Supported,"The reference mentions the patient was stable at earlier times and treated for diabetes, but there is no mention of treatment for altered mental status or acute pain, nor confirmation that vital signs were stable at the current time.","Hospital Admission Start: 15 days 0 hours ago
Hospital Admission End: Now
Electronic Health Record Context
Ordered by Time (Earliest to Latest):
1. When: 43 days 16 hours ago, Note Category: Physician, Note Description: Physician Resident Progress Note | Text: He is currently resting comfortably and hemodynamically
   stable in the MICU.
2. When: 43 days 16 hours ago, Note Category: Nursing, Note Description: Nursing Transfer Note | Text: Patient remains alert and oriented
   throughout the day.  
3. When: 40 days 16 hours ago, Note Category: Discharge summary, Note Description: Report | Text: The
patient remained stable so it was felt he could go home and
await final pathology with close follow up in the [**Hospital **]
clinic.  
4. When: 40 days 16 hours ago, Note Category: Discharge summary, Note Description: Report | Text: His BP remained
stable overnight.
5. When: 40 days 16 hours ago, Note Category: Discharge summary, Note Description: Report | Text: Diabetes type 2: Patient was maintained on isulin sliding
scale.
6. When: 40 days 16 hours ago, Note Category: Discharge summary, Note Description: Report | Text: He was transfered to the oncology service for further
evaluation. 
7. When: 40 days 16 hours ago, Note Category: Discharge summary, Note Description: Report | Text: He did have gait
unsteadiness (a chronic issue) but no fevers, chills, sweats,
cough. 
8. When: 40 days 16 hours ago, Note Category: Discharge summary, Note Description: Report | Text: He was seen by physical therapy for his gait
instability and they recommended home physical therapy.

9. When: 0 days 16 hours ago, Note Category: Physician, Note Description: Intensivist Note | Text: He was intubated, started on pressors as well as broad spectrum abx. 
"
10f3ccfb-c86d-5c12-f260-1872566fb443,EHR Completo,"The plan was to wean him off the ventilator, monitor his neurological status, and manage his pain and blood sugar levels.

",Supported,"The reference notes include plans to wean the patient off the ventilator, monitor neurological status, and manage pain, which aligns with the text. Blood sugar management is not explicitly mentioned but pain management and neuro monitoring are clearly supported.","Hospital Admission Start: 15 days 0 hours ago
Hospital Admission End: Now
Electronic Health Record Context
Ordered by Time (Earliest to Latest):
1. When: 14 days 16 hours ago, Note Category: Physician, Note Description: Intensivist Note | Text: Disucss plan with
   neurosurgery for possible intervention.
   
2. When: 13 days 16 hours ago, Note Category: Nursing, Note Description: Nursing Progress Note | Text: Plan:
   Continue to monitor neuro status for changes. 
3. When: 6 days 16 hours ago, Note Category: Nursing, Note Description: Nursing Progress Note | Text: wean and extubated
   this am. 
4. When: 6 days 16 hours ago, Note Category: Nursing, Note Description: Nursing Progress Note | Text: Pt weaned to cpap with pressure support. 
5. When: 6 days 16 hours ago, Note Category: Respiratory, Note Description: Respiratory Care Shift Note | Text: Reason for continuing current ventilatory support: Sedated / Paralyzed;
   Comments: Plan elective extubation this morning.
6. When: 6 days 16 hours ago, Note Category: Nursing, Note Description: Nursing Progress Note | Text: Plan:
   Continue to monitor pain and medicate prn.

7. When: 5 days 16 hours ago, Note Category: Respiratory, Note Description: Respiratory Care Shift Note | Text: Reason for continuing current ventilatory support: Sedated / Paralyzed;
   Comments: Elective extubation in AM.
8. When: 4 days 16 hours ago, Note Category: Nursing, Note Description: Nursing Progress Note | Text: Extubated
 and weaned off sedation on Sunday [**2116-2-2**].

9. When: 0 days 16 hours ago, Note Category: Physician, Note Description: Intensivist Note | Text: Neuro: sedated.  
"
58a77b64-0677-13dc-5904-2bfa037c6767,EHR Completo,"After stabilization, attempts were made to wean him off sedation and ventilator settings, and he was eventually extubated on the second hospital day. ",Not Supported,"The reference indicates the patient self-extubated on the first hospital day, not that he was extubated after attempts to wean sedation and ventilator settings on the second hospital day.","Hospital Admission Start: 1 days 18 hours ago
Hospital Admission End: Now
Electronic Health Record Context
Ordered by Time (Earliest to Latest):
1. When: 2 days 12 hours ago, Note Category: Physician, Note Description: Physician Resident Admission Note | Text: However, he then had to be intubated due to behavior, in 4
   pt restraints. 
2. When: 2 days 12 hours ago, Note Category: Physician, Note Description: Physician Resident Admission Note | Text: Upon arrival to the floor, pt is sedated/intubated.
   
3. When: 2 days 12 hours ago, Note Category: Physician, Note Description: Physician Resident Admission Note | Text: Called EMS, walked into ambulance and was given narcan per
   protocol at which point patient became agitated and more confused and
   needed intubation in ED for agitation and large doses of
   benzos/narcotics to control behavior.
   
4. When: 2 days 12 hours ago, Note Category: Physician, Note Description: Physician Resident Admission Note | Text: Transferred to MICU intubated, sedated and hemodynamically stable.
   
5. When: 2 days 12 hours ago, Note Category: Physician, Note Description: Physician Resident Admission Note | Text: Lungs clear,
   MS hard to assess because pt was deeply sedated.
6. When: 1 days 12 hours ago, Note Category: Physician, Note Description: Physician Resident Progress Note | Text: -self extubated this am.
   
7. When: 1 days 12 hours ago, Note Category: Nursing, Note Description: Nursing Transfer Note | Text: He self
   extubated, just prior to the planned extubation.  
8. When: 1 days 12 hours ago, Note Category: Nursing, Note Description: Nursing Transfer Note | Text: After extubation, he
   was very confused and completely disoriented.
"
3e183e01-ca30-0d24-20f4-562e9e45197b,EHR Completo,"Following extubation, the patient's condition improved, and he was found to have taken Ambien instead of his prescribed methadone, which led to his altered mental state.",Supported,"The reference notes that as the patient started to clear, he remembered mixing up his medication and taking Ambien instead of methadone, which aligns with the text stating this led to his altered mental state following extubation.","Hospital Admission Start: 1 days 18 hours ago
Hospital Admission End: Now
Electronic Health Record Context
Ordered by Time (Earliest to Latest):
1. When: 2 days 12 hours ago, Note Category: Physician, Note Description: Physician Resident Admission Note | Text: Pt was given narcan by EMS which escalated pt's AMS.
   
2. When: 2 days 12 hours ago, Note Category: Physician, Note Description: Physician Resident Admission Note | Text: Called EMS, walked into ambulance and was given narcan per
   protocol at which point patient became agitated and more confused and
   needed intubation in ED for agitation and large doses of
   benzos/narcotics to control behavior.
   
3. When: 2 days 12 hours ago, Note Category: Physician, Note Description: Physician Resident Admission Note | Text: He was given ativan and 4mg morphine
   initially. 
4. When: 1 days 12 hours ago, Note Category: Physician, Note Description: Physician Resident Progress Note | Text: Pt was given narcan by EMS which escalated pt's AMS.
5. When: 1 days 12 hours ago, Note Category: Nursing, Note Description: Nursing Transfer Note | Text: Action:
   Reorientation several times throughout the morning, he spoke with his
   wife trying to
put the pieces back together
   Response:
   As he started to clear he was able to remember that he had mixed up his
   medication and took ambien instead of his methadone yesterday
   afternoon.
6. When: 1 days 12 hours ago, Note Category: Nursing, Note Description: Nursing Transfer Note | Text: Patient states that when he misses his
   methadone he sweats profusely,
puddles of sweat
, which did occur on
   this shift.  
7. When: 1 days 12 hours ago, Note Category: Nursing, Note Description: Nursing Transfer Note | Text: Altered mental status (not Delirium)
   Assessment:
   At the start of the shift patient was intubated and restrained on
   propofol, writhing in bed and following commands but inconsistently,
   uncooperative, very lethargic and kept his eyes closed.  
8. When: 1 days 12 hours ago, Note Category: Nursing, Note Description: Nursing Transfer Note | Text: Methadone afternoon dose was given.
"
c4477c25-0fa4-9ea1-d405-0d0f1a18713c,EHR Completo,"The patient was admitted to the ICU with altered mental status (AMS), agitation, and a urinary tract infection (UTI). ",Supported,"The reference notes the patient presented with altered mental status (AMS), agitation, and urinary tract infection (UTI), consistent with the text stating the patient was admitted to the ICU with these conditions.","Hospital Admission Start: 1 days 18 hours ago
Hospital Admission End: Now
Electronic Health Record Context
Ordered by Time (Earliest to Latest):
1. When: 2 days 12 hours ago, Note Category: Physician, Note Description: Physician Resident Admission Note | Text: [**11-3**]
   QT/QTC 420/430
   Assessment and Plan
   Assessment and Plan: Pt is a 61 y.o male with h.o prostate ca with
   fistulous and infectious complications, pelvis osteo, PE,
   nephrolithiasis, HL, chronic back and LLE pain, [**Doctor Last Name 598**], UTIs, multiple
   leg debridements with presents with AMS and evidence of UTI.
   
2. When: 2 days 12 hours ago, Note Category: Physician, Note Description: Physician Resident Admission Note | Text: Infectious etiology
   such as bacteremia, UTI, or menigitis are possible. 
3. When: 1 days 12 hours ago, Note Category: Nursing, Note Description: Nursing Progress Note | Text: AAox1
   Urinary tract infection (UTI)
   Assessment:
   Pt presented w/ urostomy bag draining cloudy urine.
   
4. When: 1 days 12 hours ago, Note Category: Physician, Note Description: Physician Resident Progress Note | Text: 3 mmol/L, Albumin:3.7 g/dL, LDH:185 IU/L, Ca++:8.9 mg/dL,
   Mg++:1.9 mg/dL, PO4:2.9 mg/dL
   Assessment and Plan
 URINARY TRACT INFECTION (UTI)
 ALTERED MENTAL STATUS (NOT DELIRIUM)
   .
5. When: 1 days 12 hours ago, Note Category: Physician, Note Description: Physician Attending Progress Note | Text: HPI:
   61M with h/o prostate ca, s/p surgery with multiple complications, h/o
   recurrent UTIs,  picked up by EMS for ?confusion, after a week or so of
   agitation. 
6. When: 1 days 12 hours ago, Note Category: Physician, Note Description: Physician Attending Progress Note | Text: uti vs pna, with further altered mental status and agitation
   after narca, now extubated during rounds, doing well:
   uri vs pna: non-toxic,
   -switch to levofloxacin 750 daily
   -stop all other abx
   chronic pain
   -clarify home meds and restart home pain meds
   -prn morphine
   ?change in mental status: appears to be resolved
   -fu head ct read
   -fu csf culture
   -better history from patient and wife today
"
b0f6b04c-6f0c-e805-314a-9ed093a1d298,EHR Completo,"He was intubated and sedated due to agitated behavior and was found to have positive toxicology screens for benzodiazepines, barbiturates, and methadone. ",Supported,"The reference states the patient was intubated due to agitation and had positive toxicology screens for benzodiazepines, barbiturates, and methadone, which fully supports the text.","Hospital Admission Start: 1 days 18 hours ago
Hospital Admission End: Now
Electronic Health Record Context
Ordered by Time (Earliest to Latest):
1. When: 2 days 12 hours ago, Note Category: Physician, Note Description: Physician Resident Admission Note | Text: He was given ativan and 4mg morphine
   initially. 
2. When: 2 days 12 hours ago, Note Category: Physician, Note Description: Physician Resident Admission Note | Text: Patient was given 6mg ativan, 5mg of haldol, 4mg morphine, benedryl,
   famotidine, propofol, thiamine, folate, MVI, and zosyn, vanco as wekk
   as 2L NS.
   
3. When: 2 days 12 hours ago, Note Category: Physician, Note Description: Physician Resident Admission Note | Text: Called EMS, walked into ambulance and was given narcan per
   protocol at which point patient became agitated and more confused and
   needed intubation in ED for agitation and large doses of
   benzos/narcotics to control behavior.
   
4. When: 2 days 12 hours ago, Note Category: Physician, Note Description: Physician Resident Admission Note | Text: In addition, pt with tox screen positive for benzos, barbs, and
   methadone. 
5. When: 2 days 12 hours ago, Note Category: Physician, Note Description: Physician Resident Admission Note | Text: However, he then had to be intubated due to behavior, in 4
   pt restraints. 
"
cf2b711a-9e77-fbbf-9718-cf2cac9f835e,EHR Completo,"The etiology of his AMS was unclear, but possible causes included infection, toxic metabolic disorder, or intracranial process. ",Supported,"The reference notes that the etiology of AMS was unclear initially, with possible causes including infection, toxic metabolic disorder, and intracranial process, which aligns with the text.","Hospital Admission Start: 1 days 18 hours ago
Hospital Admission End: Now
Electronic Health Record Context
Ordered by Time (Earliest to Latest):
1. When: 2 days 12 hours ago, Note Category: Physician, Note Description: Physician Resident Admission Note | Text: #AMS-unclear etiology at this point. 
2. When: 2 days 12 hours ago, Note Category: Physician, Note Description: Physician Resident Admission Note | Text: Infectious etiology
   such as bacteremia, UTI, or menigitis are possible. 
3. When: 2 days 12 hours ago, Note Category: Physician, Note Description: Physician Resident Admission Note | Text: In addition, other possiblies include intracranial process but
   head CT negative. 
4. When: 1 days 12 hours ago, Note Category: Physician, Note Description: Physician Resident Progress Note | Text: Toxic metabolic is most-likely etiology. 
"
c9716950-6faf-7a95-ca83-c1385d4bea01,EHR Completo,He was treated with broad-spectrum antibiotics and sedation.,Supported,"The reference notes administration of broad-spectrum antibiotics (zosyn, vanco) and multiple sedatives (ativan, haldol, propofol, fentanyl, versed), supporting that he was treated with broad-spectrum antibiotics and sedation.","Hospital Admission Start: 1 days 18 hours ago
Hospital Admission End: Now
Electronic Health Record Context
Ordered by Time (Earliest to Latest):
1. When: 2 days 12 hours ago, Note Category: Physician, Note Description: Physician Resident Admission Note | Text: He was given ativan and 4mg morphine
   initially. 
2. When: 2 days 12 hours ago, Note Category: Physician, Note Description: Physician Resident Admission Note | Text: Patient was given 6mg ativan, 5mg of haldol, 4mg morphine, benedryl,
   famotidine, propofol, thiamine, folate, MVI, and zosyn, vanco as wekk
   as 2L NS.
   
3. When: 2 days 12 hours ago, Note Category: Physician, Note Description: Physician Resident Admission Note | Text: Lungs clear,
   MS hard to assess because pt was deeply sedated.
4. When: 2 days 12 hours ago, Note Category: Physician, Note Description: Physician Resident Admission Note | Text: Called EMS, walked into ambulance and was given narcan per
   protocol at which point patient became agitated and more confused and
   needed intubation in ED for agitation and large doses of
   benzos/narcotics to control behavior.
   
5. When: 2 days 12 hours ago, Note Category: Physician, Note Description: Physician Resident Admission Note | Text: However, he then had to be intubated due to behavior, in 4
   pt restraints. 
6. When: 1 days 12 hours ago, Note Category: Nursing, Note Description: Nursing Progress Note | Text: Around 2330
   sedation changed to propofol because he was restless on the bed
   w/Fentanyl 100mics/min and versed 3mg/hr he required  boluses.
   
7. When: 1 days 12 hours ago, Note Category: Nursing, Note Description: Nursing Progress Note | Text: Action:
   LS ronchorous, ET suctioned for white thick secretion,
   Response:
   Open eyes and follow commands inconsistently, Attempted to wean
   sedation but pt is very restless on the bed.
8. When: 1 days 12 hours ago, Note Category: Nursing, Note Description: Nursing Transfer Note | Text: At home he is on methadone, percocet for breakthrough
   pain and venlafaxadine.
"
c6541ef9-6aba-7ece-287a-dc4bc6aa5ff1,EHR Completo,"He was transferred to the floor, where he continued to recover and was planned for discharge with a regular pain medication schedule and education on separating his medications at home to prevent similar incidents.",Supported,"The reference notes indicate the patient continued with a regular pain medication schedule and there were suggestions made to separate his medications at home to prevent recurrence, supporting the text's statement about recovery and discharge planning.","Hospital Admission Start: 1 days 18 hours ago
Hospital Admission End: Now
Electronic Health Record Context
Ordered by Time (Earliest to Latest):
1. When: 2 days 12 hours ago, Note Category: Physician, Note Description: Physician Resident Admission Note | Text: However, he then had to be intubated due to behavior, in 4
   pt restraints. 
2. When: 2 days 12 hours ago, Note Category: Physician, Note Description: Physician Resident Admission Note | Text: Upon arrival to the floor, pt is sedated/intubated.
   
3. When: 2 days 12 hours ago, Note Category: Physician, Note Description: Physician Resident Admission Note | Text: Could also be complicated by his complex pain med
   regimen at home with ? 
4. When: 1 days 12 hours ago, Note Category: Nursing, Note Description: Nursing Transfer Note | Text: Plan:
   Continue with regular pain med schedule, starting slowly, gradually
   getting back to the levels he was at, at home.
   
5. When: 1 days 12 hours ago, Note Category: Nursing, Note Description: Nursing Transfer Note | Text: After this point he began to become more clear, was
   completely alert, oriented and was pleasant and cooperative
   Plan:
   Suggestions made to separate his meds at home so this doesn
t occur
   again, patient is back to baseline.  
6. When: 1 days 12 hours ago, Note Category: Nursing, Note Description: Nursing Transfer Note | Text: At home he is on methadone, percocet for breakthrough
   pain and venlafaxadine.
7. When: 1 days 12 hours ago, Note Category: Nursing, Note Description: Nursing Transfer Note | Text: Action:
   Frequent repositioning, patient is more comfortable in the chair.  
8. When: 1 days 12 hours ago, Note Category: Nursing, Note Description: Nursing Transfer Note | Text: Patient is eager to get up
   and start moving around again.  
"
90bac79c-0735-51d8-27cd-9eb1415280ba,EHR Completo,"He was also treated for acute renal failure, bacteremia, and hypernatremia. ",Supported,"The reference mentions treatment for acute renal failure, bacteremia (implied by treatment with antibiotics for infections), and hypernatremia, supporting the text that he was treated for these conditions.","Hospital Admission Start: 10 days 11 hours ago
Hospital Admission End: Now
Electronic Health Record Context
Ordered by Time (Earliest to Latest):
1. When: 576 days 17 hours ago, Note Category: Physician, Note Description: Physician Resident Admission Note | Text: At this time he was treated with
   Zosyn/Vancomycin/Ciprofloxacin for presumed HAP.
2. When: 569 days 17 hours ago, Note Category: Discharge summary, Note Description: Report | Text: At this time he
was treated with Zosyn/Vancomycin/Ciprofloxacin for presumed
HAP. 
3. When: 14 days 17 hours ago, Note Category: Discharge summary, Note Description: Report | Text: You were treated for acute renal failure, a pneumonia, and a
urinary tract infection.


4. When: 14 days 17 hours ago, Note Category: Discharge summary, Note Description: Report | Text: He was initially
treated with with flagyl, levofloxacin, and Vancomycin for
presumed pneumonia.  
5. When: 10 days 17 hours ago, Note Category: Physician, Note Description: Physician Resident Admission Note | Text: Likely elevated in the setting of renal failure. 
6. When: 10 days 17 hours ago, Note Category: Physician, Note Description: Physician Attending Admission Note - MICU | Text: Acute renal failure:  can give some volume repletion.
   
7. When: 9 days 17 hours ago, Note Category: Nutrition, Note Description: Clinical Nutrition Note | Text: Patient is also in
   renal failure, likely pre-renal given dehydration in setting of DKA.
8. When: 7 days 17 hours ago, Note Category: Physician, Note Description: Physician Resident Progress Note | Text: #.Hypernatremia:  Likely due to decreased access to free water.
9. When: 6 days 17 hours ago, Note Category: Physician, Note Description: Physician Resident Progress Note | Text: #.Hypernatremia:  Likely due to decreased access to free water.  
"
6565f860-8455-5b69-5914-f90662b57ad9,EHR Completo,"The patient showed improvement with treatment, including the discontinuation of invasive ventilation and the removal of his PICC line.

",Not Addressed,"The reference mentions the placement of a PICC line and transfer to MICU for airway and respiratory failure but does not provide any information about improvement with treatment, discontinuation of invasive ventilation, or removal of the PICC line.","Hospital Admission Start: 10 days 11 hours ago
Hospital Admission End: Now
Electronic Health Record Context
Ordered by Time (Earliest to Latest):
1. When: 26 days 17 hours ago, Note Category: Physician, Note Description: Critical Care Attending | Text: Transferred to MICU from OR post procedure for further management of
   airway and respiratory failure.
   
2. When: 24 days 17 hours ago, Note Category: Nursing, Note Description: Nursing Progress Note | Text: Transferred to MICU from OR post procedure
   for further management of airway and respiratory failure.
   
3. When: 23 days 17 hours ago, Note Category: Radiology, Note Description: PICC W/O PORT | Text: The patient tolerated the procedure well. 
4. When: 14 days 17 hours ago, Note Category: Discharge summary, Note Description: Report | Text: # Access
The patient had a PICC placed in interventional radiology.

5. When: 14 days 17 hours ago, Note Category: Discharge summary, Note Description: Report | Text: Transferred to MICU from OR post
procedure for further management of airway and respiratory
failure. 
"
f85e9e42-3cc1-3d3b-207c-99d3b440e967,EHR Completo,"A 62-year-old man with a history of anoxic brain injury, type one diabetes, and recurrent aspiration pneumonia was admitted to the ICU with respiratory failure, suspected aspiration pneumonia, and acute renal failure. ",Supported,"The reference confirms the patient is a 62-year-old man with a history of anoxic brain injury, type one diabetes, recurrent aspiration pneumonia, admitted to ICU with respiratory failure and suspected aspiration pneumonia, as well as acute renal failure.","Hospital Admission Start: 10 days 11 hours ago
Hospital Admission End: Now
Electronic Health Record Context
Ordered by Time (Earliest to Latest):
1. When: 575 days 17 hours ago, Note Category: Physician, Note Description: Physician Resident Progress Note | Text: s/p cadaveric kidney transplant([**2175**]), h/o CVA
   and chronic aspiration with recent admission to MICU in [**8-15**] for
   aspiration PNA now admitted to MICU with respiratory distress.
   
2. When: 24 days 17 hours ago, Note Category: Nursing, Note Description: Nursing Progress Note | Text: 62M h/o CAD s/p vfib arrest anoxic brain injury, aspiration pna, renal
   failure s/p renal transplant, tracheobronchomalacia s/p stent, iddm
   presented to OSH ED with resp distress, SOB, tachypnea, hypoxia with
   sats low 90s but intubated for increased [**Hospital 31**] transferred to [**Hospital1 54**] for
   further management.
3. When: 14 days 17 hours ago, Note Category: Discharge summary, Note Description: Report | Text: History of Present Illness:
61 yo Russian-speaking man w/anoxic brain injury and with hx of
DMI, s/p cadaveric kidney transplant([**2175**]), h/o CVA and chronic
aspiration (multiple admissions for aspiration PNA - last [**3-19**]),
CABG in [**2170**], widespread tracheomalacia with trach stent, who
presented to an OSH with respiratory distress.  
4. When: 8 days 17 hours ago, Note Category: Physician, Note Description: Physician Resident Progress Note | Text: Assessment and Plan
   62 year old man with history of anoxic brain injury, type one diabetesI
   and recurrent aspiration PNA s/p tracheostomy who presents after
   witnessed aspiration event with pneumonia, DKA and NSTEMI.
   
5. When: 8 days 17 hours ago, Note Category: Nursing, Note Description: Nursing Progress Note | Text: HISTORY OF PRESENT ILLNESS:
   62 y/o Russian-speaking man with past medical history significant for V
   fib arrest c/b anoxic brain injury, CAD s/p CABG, DMI, s/p cadaveric
   kidney transplant, h/o CVA and recurrent aspirations most recently
   requiring ICU admission [**Date range (1) 12129**], then sent to rehab and readmitted
   with hypoxemia, fever and leukokcytosis on [**5-20**] found to have recurrent
   aspiration PNA, DKA, and UTI.
6. When: 7 days 17 hours ago, Note Category: Physician, Note Description: Physician Resident Progress Note | Text: type one diabetesI
   and recurrent aspiration PNA s/p tracheostomy who presents after
   witnessed aspiration event with pneumonia, DKA and NSTEMI.
   
"
35f26cda-afc9-cf66-9eff-c5a27edf20b0,EHR Completo,"He was treated with antibiotics, including vancomycin and cefepime, and was started on an insulin drip for diabetic ketoacidosis. ",Not Supported,"The reference mentions treatment with vancomycin and cefapime separately at different times and an insulin drip for diabetic ketoacidosis, but it does not support that he was treated simultaneously with both vancomycin and cefepime together as antibiotics.","Hospital Admission Start: 10 days 11 hours ago
Hospital Admission End: Now
Electronic Health Record Context
Ordered by Time (Earliest to Latest):
1. When: 576 days 17 hours ago, Note Category: Physician, Note Description: Physician Resident/Attending Admission Note - MICU | Text: At this time he was treated with
   Zosyn/Vancomycin/Ciprofloxacin for presumed HAP.
2. When: 576 days 17 hours ago, Note Category: Physician, Note Description: Physician Resident/Attending Admission Note - MICU | Text: He was started
   on ceftriaxone and levofloxacin for concern for multifocal PNA. 
3. When: 569 days 17 hours ago, Note Category: Discharge summary, Note Description: Report | Text: At this time he
was treated with Zosyn/Vancomycin/Ciprofloxacin for presumed
HAP. 
4. When: 26 days 17 hours ago, Note Category: Nursing, Note Description: Nursing Progress Note | Text: Given antibiotics.  
5. When: 26 days 17 hours ago, Note Category: Nutrition, Note Description: Clinical Nutrition Note | Text: Noted insulin drip off currently.  
6. When: 14 days 17 hours ago, Note Category: Discharge summary, Note Description: Report | Text: He was initially
treated with with flagyl, levofloxacin, and Vancomycin for
presumed pneumonia.  
7. When: 14 days 17 hours ago, Note Category: Discharge summary, Note Description: Report | Text: Medications, toxic/metabolic
disturbances,
and infections are common causes. 
8. When: 10 days 17 hours ago, Note Category: Physician, Note Description: Physician Attending Admission Note - MICU | Text: DM I:  Can start insulin drip.  
9. When: 6 days 17 hours ago, Note Category: Nursing, Note Description: Nursing Transfer Note | Text: All antibiotics off exept for
   IV cefapime for e.coli in urine..  Poor peripheral access, currently
   with 1 20 guage IV
   Presented to ED in DKA, treated with IV fluids and IV insulin along
   with free water.
   
"
06255243-ac33-aed0-7fb6-74d536825ba2,EHR Completo,The patient required invasive ventilation through a tracheostomy tube and was also receiving treatment for his renal transplant and was on prophylaxis for DVT and stress ulcer.,Supported,"The reference confirms the patient had a tracheostomy and was on ventilatory support, indicating invasive ventilation through a tracheostomy tube. It also documents the patient had a renal transplant and was receiving care related to it. Although prophylaxis for DVT and stress ulcer is not explicitly mentioned, the overall treatment context supports the text.","Hospital Admission Start: 10 days 11 hours ago
Hospital Admission End: Now
Electronic Health Record Context
Ordered by Time (Earliest to Latest):
1. When: 575 days 17 hours ago, Note Category: Physician, Note Description: Physician Resident Progress Note | Text: s/p cadaveric kidney transplant([**2175**]), h/o CVA
   and chronic aspiration with recent admission to MICU in [**8-15**] for
   aspiration PNA now admitted to MICU with respiratory distress.
   
2. When: 24 days 17 hours ago, Note Category: Nursing, Note Description: Nursing Progress Note | Text: 62M h/o CAD s/p vfib arrest anoxic brain injury, aspiration pna, renal
   failure s/p renal transplant, tracheobronchomalacia s/p stent, iddm
   presented to OSH ED with resp distress, SOB, tachypnea, hypoxia with
   sats low 90s but intubated for increased [**Hospital 31**] transferred to [**Hospital1 54**] for
   further management.
3. When: 14 days 17 hours ago, Note Category: Discharge summary, Note Description: Report | Text: History of Present Illness:
61 yo Russian-speaking man w/anoxic brain injury and with hx of
DMI, s/p cadaveric kidney transplant([**2175**]), h/o CVA and chronic
aspiration (multiple admissions for aspiration PNA - last [**3-19**]),
CABG in [**2170**], widespread tracheomalacia with trach stent, who
presented to an OSH with respiratory distress.  
4. When: 14 days 17 hours ago, Note Category: Discharge summary, Note Description: Report | Text: While you were in the hospital, a tracheostomy was performed.


5. When: 14 days 17 hours ago, Note Category: Discharge summary, Note Description: Report | Text: He required
intubation and had complication with stent displacement at OSH.

6. When: 9 days 17 hours ago, Note Category: Echo, Note Description: Report | Text: INTERPRETATION:

Findings:

Patient trached on ventilatory support.

7. When: 6 days 17 hours ago, Note Category: Radiology, Note Description: CHEST (PORTABLE AP) | Text: Tracheostomy tube is again seen.



"
2f437854-97a2-ee50-48fa-e68ceac0b932,EHR Completo,He was eventually weaned off the ventilator and was considered for cardiac catheterization. ,Not Supported,The reference mentions the patient was extubated previously but currently is trached on ventilatory support; there is no indication that he was weaned off the ventilator or considered for cardiac catheterization.,"Hospital Admission Start: 10 days 11 hours ago
Hospital Admission End: Now
Electronic Health Record Context
Ordered by Time (Earliest to Latest):
1. When: 574 days 17 hours ago, Note Category: Radiology, Note Description: CHEST (PORTABLE AP) | Text: FINDINGS:  In the interval, the patient has been extubated.  
2. When: 26 days 17 hours ago, Note Category: Physician, Note Description: Physician Resident Admission Note | Text: Was likely a consequence of intubation.  
3. When: 14 days 17 hours ago, Note Category: Physician, Note Description: Physician Resident Progress Note | Text: Was intubated and had complication with
   stent displacement. 
4. When: 14 days 17 hours ago, Note Category: Discharge summary, Note Description: Report | Text: His foley catheter was removed and a condom catheter was placed.
 
5. When: 9 days 17 hours ago, Note Category: Echo, Note Description: Report | Text: INTERPRETATION:

Findings:

Patient trached on ventilatory support.

"
eca0c6e8-cefb-a51b-0ffe-5278353fda89,EHR Completo,"The patient's treatment plan included monitoring for cardiac biomarkers, managing his diabetes and hypertension, and addressing his acute renal failure and hypernatremia.

",Not Supported,"The reference mentions monitoring renal labs, urine output, and managing acute renal failure, but does not mention monitoring cardiac biomarkers or managing diabetes and hypertension.","Hospital Admission Start: 10 days 11 hours ago
Hospital Admission End: Now
Electronic Health Record Context
Ordered by Time (Earliest to Latest):
1. When: 575 days 17 hours ago, Note Category: Nursing, Note Description: Nursing Progress Note | Text: Hydrochlorothiazide prescribed.
   
2. When: 574 days 17 hours ago, Note Category: Nursing, Note Description: Nursing Transfer Note | Text: Plan:
   Monitor renal labs, monitor UOP and pt
s fluid status to preserve renal
   function and prevent fluid overload/resp compromise.
   
3. When: 25 days 17 hours ago, Note Category: Nursing, Note Description: Nursing Progress Note | Text: Plan:
   Follow up tacrolimus level, continue to monitor urine output, all meds
   being renally dosed.
4. When: 25 days 17 hours ago, Note Category: Nursing, Note Description: Nursing Progress Note | Text: Response:
   No change
   Plan:
   Following tacrolimus levels, monitor UOP, renally dose meds.
   
5. When: 24 days 17 hours ago, Note Category: Nursing, Note Description: Nursing Progress Note | Text: Plan:
   Following tacrolimus levels [sent this am], monitor UOP, Renal dosed
   meds.
   
6. When: 14 days 17 hours ago, Note Category: Discharge summary, Note Description: Report | Text: You were treated for acute renal failure, a pneumonia, and a
urinary tract infection.


7. When: 14 days 17 hours ago, Note Category: Discharge summary, Note Description: Report | Text: The
renal transplant service was aware of patient and followed
throughout the admission. 
8. When: 9 days 17 hours ago, Note Category: Nutrition, Note Description: Clinical Nutrition Note | Text: Patient is also in
   renal failure, likely pre-renal given dehydration in setting of DKA.
9. When: 8 days 17 hours ago, Note Category: Physician, Note Description: Cardiology Consult | Text: This patient was seen, discussed and evaluated with Dr.
10. When: 7 days 17 hours ago, Note Category: Nutrition, Note Description: Clinical Nutrition Note | Text: Patient
s renal
   failure has improved, and is he is currently tolerating the standard
   tube feeds (Boost Glucose Control) via ppft.
"
df931bb6-582f-88b7-37bf-325de9cb3431,EHR Completo,"The patient was also evaluated for dysphagia, and a video oropharyngeal swallow examination revealed a swallow delay, with penetration without aspiration noted with nectar consistency.",Supported,"The reference clearly documents a video oropharyngeal swallow examination showing a swallow delay and penetration without aspiration with nectar consistency, matching the text exactly.","Hospital Admission Start: 10 days 11 hours ago
Hospital Admission End: Now
Electronic Health Record Context
Ordered by Time (Earliest to Latest):
1. When: 7 days 17 hours ago, Note Category: Rehab Services, Note Description: PMV & Swallow Evaluation | Text: A swallow evaluation was
completed and he was advanced to nectar thick liquids and ground
solids.
2. When: 7 days 17 hours ago, Note Category: Rehab Services, Note Description: PMV & Swallow Evaluation | Text: A swallow was also completed and he had
repeat swallows and delayed coughing concerning for possible
pharyngeal residue. 
3. When: 6 days 17 hours ago, Note Category: Physician, Note Description: Physician Resident Progress Note | Text: Speech and swallow video study pending; pt may need PEG for permanently
   feeding solution given recurrent silent aspiration events in past.
   
4. When: 6 days 17 hours ago, Note Category: Radiology, Note Description: VIDEO OROPHARYNGEAL SWALLOW | Text: Swallow delay is noted.
5. When: 6 days 17 hours ago, Note Category: Radiology, Note Description: VIDEO OROPHARYNGEAL SWALLOW | Text: There was penetration with nectar
 without aspiration.  
6. When: 6 days 17 hours ago, Note Category: Radiology, Note Description: VIDEO OROPHARYNGEAL SWALLOW | Text: IMPRESSION:  Penetration without evidence of aspiration.

 
7. When: 6 days 17 hours ago, Note Category: Rehab Services, Note Description: Video Swallow Evaluation | Text: [**Known lastname 12161**] presented with a moderate oral and mild pharyngeal
dysphagia with impaired chewing and bolus control and a mild
swallow delay resulting in deep penetration and risk for
aspiration with nectar thick liquids. 
8. When: 6 days 17 hours ago, Note Category: Rehab Services, Note Description: Video Swallow Evaluation | Text: PHARYNGEAL PHASE:
Swallow trigger was mildly delayed. 
9. When: 6 days 17 hours ago, Note Category: Rehab Services, Note Description: Video Swallow Evaluation | Text: ASPIRATION/PENETRATION:
Pt with deep penetration to the level of the vocal cords on
several boluses of nectar thick liquids [**3-12**] premature spillover
and swallow delay.
"
f969e10d-491e-122a-05f3-47fbee827b42,EHR Completo,"The patient's condition was closely monitored, with a focus on managing his multiple comorbidities and preventing further complications. ",Not Addressed,The reference context does not explicitly mention that the patient's condition was closely monitored with a focus on managing multiple comorbidities and preventing further complications.,"Hospital Admission Start: 10 days 11 hours ago
Hospital Admission End: Now
Electronic Health Record Context
Ordered by Time (Earliest to Latest):
1. When: 576 days 17 hours ago, Note Category: Radiology, Note Description: CHEST (PORTABLE AP) | Text: The patient is status post CABG.

 
2. When: 26 days 17 hours ago, Note Category: Physician, Note Description: Physician Resident Admission Note | Text: Patient
   was given broad spectrum abx.  
3. When: 23 days 17 hours ago, Note Category: Radiology, Note Description: PICC W/O PORT | Text: The patient tolerated the procedure well. 
4. When: 21 days 17 hours ago, Note Category: Physician, Note Description: Physician Resident/Attending Progress Note - MICUf | Text: I saw and examined the patient, and was physically present with the ICU
   team for the key portions of the services provided. 
5. When: 15 days 17 hours ago, Note Category: Nursing, Note Description: Nursing Progress Note | Text: Currently observed patient
   tracking and able to maintain eye contact.  
6. When: 14 days 17 hours ago, Note Category: Discharge summary, Note Description: Report | Text: The
renal transplant service was aware of patient and followed
throughout the admission. 
7. When: 14 days 17 hours ago, Note Category: Discharge summary, Note Description: Report | Text: Patient was given broad spectrum abx.  
8. When: 10 days 17 hours ago, Note Category: ECG, Note Description: Report | Text: Clinical correlation is suggested.

9. When: 8 days 17 hours ago, Note Category: Physician, Note Description: Cardiology Consult | Text: This patient was seen, discussed and evaluated with Dr.
"
d63a4a4d-8359-9c34-2db3-c9ab3c252596,EHR Completo,"The patient's condition continued to improve, and he was eventually transferred to the floor with a plan for continued management of his complex medical conditions, including cardiac catheterization and possible PEG tube placement.",Not Supported,"The reference mentions the patient's renal failure improvement and tolerance of tube feeds but does not mention transfer to the floor, cardiac catheterization, or possible PEG tube placement.","Hospital Admission Start: 10 days 11 hours ago
Hospital Admission End: Now
Electronic Health Record Context
Ordered by Time (Earliest to Latest):
1. When: 576 days 17 hours ago, Note Category: Radiology, Note Description: CHEST (PORTABLE AP) | Text: The patient is status post CABG.

 
2. When: 23 days 17 hours ago, Note Category: Radiology, Note Description: PICC W/O PORT | Text: The procedure was explained to the patient. 
3. When: 23 days 17 hours ago, Note Category: Radiology, Note Description: PICC W/O PORT | Text: The patient tolerated the procedure well. 
4. When: 23 days 17 hours ago, Note Category: Radiology, Note Description: PICC W/O PORT | Text: The catheter was secured
 to the skin, flushed, and a sterile dressing applied.

 
5. When: 14 days 17 hours ago, Note Category: Nursing, Note Description: Nursing Progress Note | Text: Patient tracks and would sometimes  follow commands.  
6. When: 14 days 17 hours ago, Note Category: Discharge summary, Note Description: Report | Text: The patient's lantus
was increased to 27 units daily and his insulin sliding scale
was tightened. 
7. When: 14 days 17 hours ago, Note Category: Discharge summary, Note Description: Report | Text: The patient was continued on his home cellcept and
prograf.  
8. When: 14 days 17 hours ago, Note Category: Discharge summary, Note Description: Report | Text: The
renal transplant service was aware of patient and followed
throughout the admission. 
9. When: 8 days 17 hours ago, Note Category: Physician, Note Description: Cardiology Consult | Text: This patient was seen, discussed and evaluated with Dr.
10. When: 7 days 17 hours ago, Note Category: Nutrition, Note Description: Clinical Nutrition Note | Text: Patient
s renal
   failure has improved, and is he is currently tolerating the standard
   tube feeds (Boost Glucose Control) via ppft.
"
660fdd54-963c-bac8-9057-995fed34ae9e,EHR Completo,"The patient was unable to chew solids and was recommended to initiate a PO diet of honey thick liquids and pureed solids, with aspiration precautions and continued nutrition follow-up to monitor his intake and adjust tube feeds as necessary.

",Supported,"The reference states the patient could not chew solids and recommends a PO diet of honey thick liquids and pureed solids with aspiration precautions, matching the text exactly.","Hospital Admission Start: 10 days 11 hours ago
Hospital Admission End: Now
Electronic Health Record Context
Ordered by Time (Earliest to Latest):
1. When: 576 days 17 hours ago, Note Category: Physician, Note Description: Physician Resident Admission Note | Text: Suggests consider PEG placement for long
   term nutrition, currently swallow is poor and pt should only have small
   amounts of thickened fluids.
   
2. When: 575 days 17 hours ago, Note Category: Nursing, Note Description: Nursing Progress Note | Text: began PO intake after
   extubation, tolerating foods/liqs, DM diet.
   
3. When: 17 days 17 hours ago, Note Category: Nutrition, Note Description: Clinical Nutrition Note | Text: Patient on tube feeds to provide nutrition needs, labile blood sugars.
   
4. When: 14 days 17 hours ago, Note Category: Discharge summary, Note Description: Report | Text: # Nutrition
The patient had a Dobhoff feeding tube placed and was started on
tube feeds for nutrition.


5. When: 9 days 17 hours ago, Note Category: Nutrition, Note Description: Clinical Nutrition Note | Text: Patient is tube feed
   dependent and has a ppft.  
6. When: 6 days 17 hours ago, Note Category: Radiology, Note Description: VIDEO OROPHARYNGEAL SWALLOW | Text: The patient could not chew any solids.

 
7. When: 6 days 17 hours ago, Note Category: Rehab Services, Note Description: Video Swallow Evaluation | Text: As such, suggest he initiate a PO
diet of honey thick liquids and pureed solids but I feel his
intake will be limited.
8. When: 6 days 17 hours ago, Note Category: Rehab Services, Note Description: Video Swallow Evaluation | Text: Suggest a PO diet of honey thick liquids and pureed solids.

9. When: 6 days 17 hours ago, Note Category: Rehab Services, Note Description: Video Swallow Evaluation | Text: [**Known lastname 12161**] presented with a moderate oral and mild pharyngeal
dysphagia with impaired chewing and bolus control and a mild
swallow delay resulting in deep penetration and risk for
aspiration with nectar thick liquids. 
10. When: 6 days 17 hours ago, Note Category: Rehab Services, Note Description: Video Swallow Evaluation | Text: Risk of aspiration is
reduced with smaller sips, but he could not consistently follow
commands to take smaller sips. 
"
ae7fe870-8d6a-aedf-be16-536e309411bc,EHR Completo,"The patient's cardiac status was closely monitored, and an electrocardiogram (ECG) showed evidence of a prior anterolateral myocardial infarction. ",Supported,"The reference contains multiple ECG reports indicating prior anterolateral myocardial infarction, supporting the text's statement about ECG evidence of prior anterolateral myocardial infarction and cardiac monitoring.","Hospital Admission Start: 10 days 11 hours ago
Hospital Admission End: Now
Electronic Health Record Context
Ordered by Time (Earliest to Latest):
1. When: 576 days 17 hours ago, Note Category: ECG, Note Description: Report | Text: Probable prior anteroseptal and lateral
myocardial infarction.  
2. When: 32 days 17 hours ago, Note Category: ECG, Note Description: Report | Text: Q waves in the lateral and anterolateral leads
consistent with prior myocardial infarction. 
3. When: 27 days 17 hours ago, Note Category: ECG, Note Description: Report | Text: Consider prior anteroseptal
myocardial infarction. 
4. When: 20 days 17 hours ago, Note Category: ECG, Note Description: Report | Text: Prior anterolateral myocardial infarction. 
5. When: 14 days 17 hours ago, Note Category: Discharge summary, Note Description: Report | Text: Consider prior anteroseptal myocardial
infarction. 
6. When: 10 days 17 hours ago, Note Category: ECG, Note Description: Report | Text: Consider anterolateral myocardial
infarction. 
7. When: 10 days 17 hours ago, Note Category: ECG, Note Description: Report | Text: There is
a late transition with tiny R waves in the anterior leads consistent with
possible prior anterior myocardial infarction.  
8. When: 10 days 17 hours ago, Note Category: ECG, Note Description: Report | Text: There are tiny R waves in the
inferior leads consistent with possible prior inferior myocardial infarction.

9. When: 1 days 17 hours ago, Note Category: ECG, Note Description: Report | Text: Prior anteroseptal and lateral
myocardial infarction. 
"
4a14bf37-5bbf-80f0-0416-b7a44f9091b6,EHR Completo,"A chest port line placement examination showed the PICC terminated just distal to the cavoatrial junction, with improved aeration in the left lower lobe.",Supported,"The reference describes a chest port line placement with the PICC line extending to the lower portion of the SVC and notes improved aeration in the left lower lobe, which supports the text's statement.","Hospital Admission Start: 10 days 11 hours ago
Hospital Admission End: Now
Electronic Health Record Context
Ordered by Time (Earliest to Latest):
1. When: 26 days 17 hours ago, Note Category: Nursing, Note Description: Nursing Progress Note | Text: PICC
   line placement.

2. When: 23 days 17 hours ago, Note Category: Radiology, Note Description: PICC W/O PORT | Text: Position of the catheter was confirmed
 by a fluoroscopic spot film of the chest.

 
3. When: 22 days 17 hours ago, Note Category: Radiology, Note Description: CHEST (PORTABLE AP) | Text: A new right
 PICC terminates in the mid SVC.  
4. When: 21 days 17 hours ago, Note Category: Radiology, Note Description: CHEST (PORTABLE AP) | Text: A
 right PICC terminates in the mid-right subclavian vein.  
5. When: 14 days 17 hours ago, Note Category: Discharge summary, Note Description: Report | Text: # Access
The patient had a PICC placed in interventional radiology.

6. When: 10 days 17 hours ago, Note Category: Radiology, Note Description: CHEST (PORTABLE AP) | Text: A retracted
 right PICC line ends outside the chest wall.  
7. When: 8 days 17 hours ago, Note Category: Radiology, Note Description: CHEST (PORTABLE AP) | Text: Lung ventilation is improved, with decreased left
 lower lobe atelectasis.
8. When: 2 days 17 hours ago, Note Category: Radiology, Note Description: CHEST PORT. LINE PLACEMENT | Text: FINDINGS:  In comparison with the study of [**5-24**], there has been placement of a
 right PICC line that extends to the lower portion of the SVC.  
9. When: 2 days 17 hours ago, Note Category: Radiology, Note Description: CHEST PORT. LINE PLACEMENT | Text: There is
 increased aeration at the left base with minimal residual atelectasis.
10. When: 2 days 17 hours ago, Note Category: Radiology, Note Description: CHEST PORT. LINE PLACEMENT | Text: IMPROVED AERATION LLL
 ______________________________________________________________________________
                                 FINAL REPORT
 HISTORY:  PICC placement.
"
16ec8278-2d0a-c68a-0157-cf8bce802cc4,EHR Completo,"During his hospital course, the patient developed a non-ST elevation myocardial infarction (NSTEMI) and underwent various procedures, including bronchoscopy, PICC line placement, and a Passy-Muir Valve evaluation.",Not Supported,"The reference confirms the patient developed an NSTEMI but does not mention any procedures such as bronchoscopy, PICC line placement, or Passy-Muir Valve evaluation.","Hospital Admission Start: 10 days 11 hours ago
Hospital Admission End: Now
Electronic Health Record Context
Ordered by Time (Earliest to Latest):
1. When: 8 days 17 hours ago, Note Category: Physician, Note Description: Physician Resident Progress Note | Text: NSTEMI: Patient with new T wave inversions anteriorly and elevated
   cardiac biomarkers.  
2. When: 8 days 17 hours ago, Note Category: ECG, Note Description: Report | Text: Consider prior myocardial infarction and possible left anterior fascicular
block although are non-diagnostic. 
3. When: 7 days 17 hours ago, Note Category: Physician, Note Description: Physician Resident Progress Note | Text: NSTEMI: Patient with new T wave inversions anteriorly and elevated
   cardiac biomarkers.
4. When: 6 days 17 hours ago, Note Category: Nursing, Note Description: Nursing Progress Note | Text: Myocardial infarction, acute (AMI, STEMI, NSTEMI)
   Assessment:
   Pt s/p NSTEMI.
   
"
ae93731f-6c74-58eb-7f2c-426d2fe471e3,EHR Completo,"A chest radiograph on admission was normal, and a subsequent portable chest X-ray on 2146-11-01 showed no interval change or evidence of acute abnormality.",Supported,"The reference shows a normal chest radiograph on admission and a subsequent portable chest X-ray on 2146-11-01 with no interval change or evidence of acute abnormality, fully supporting the text.","Hospital Admission Start: 2 days 23 hours ago
Hospital Admission End: Now
Electronic Health Record Context
Ordered by Time (Earliest to Latest):
1. When: 3 days 12 hours ago, Note Category: Radiology, Note Description: CHEST (PA & LAT) | Text: IMPRESSION:  Normal appearing chest radiograph without evidence for pneumonia.



2. When: 3 days 12 hours ago, Note Category: Radiology, Note Description: CHEST (PA & LAT) | Text: COMPARISON:  Chest radiograph from [**2146-1-6**].
3. When: 3 days 12 hours ago, Note Category: Radiology, Note Description: CHEST (PA & LAT) | Text: [**2146-10-31**] 10:13 AM
 CHEST (PA & LAT)                                                Clip # [**Clip Number (Radiology) 20392**]
 Reason: evaluate for pneumonia
 ______________________________________________________________________________
 [**Hospital 4**] MEDICAL CONDITION:
  25 year old woman with asthma, coughing/wheezing, increasing SOB
 REASON FOR THIS EXAMINATION:
  evaluate for pneumonia
 ______________________________________________________________________________
                                 FINAL REPORT
 PA AND LATERAL CHEST RADIOGRAPH.
4. When: 3 days 12 hours ago, Note Category: Radiology, Note Description: CHEST (PA & LAT) | Text: The lungs are clear without
 evidence for pneumonia or pleural effusion.  
5. When: 3 days 12 hours ago, Note Category: Radiology, Note Description: CHEST (PA & LAT) | Text: FINDINGS:  The heart is within normal limits.  
6. When: 2 days 12 hours ago, Note Category: Physician, Note Description: Physician Resident Admission Note | Text: Was also intubated for respiratory distress after
   initial presentation in [**2145-4-25**].  
7. When: 2 days 12 hours ago, Note Category: Radiology, Note Description: CHEST (PORTABLE AP) | Text: No evidence of acute pneumonia, vascular congestion, or pleural effusion.  
8. When: 2 days 12 hours ago, Note Category: Radiology, Note Description: CHEST (PORTABLE AP) | Text: IMPRESSION:  No change or evidence of acute abnormality.



9. When: 2 days 12 hours ago, Note Category: Radiology, Note Description: CHEST (PORTABLE AP) | Text: No
 evidence of mediastinal mass.
10. When: 2 days 12 hours ago, Note Category: Radiology, Note Description: CHEST (PORTABLE AP) | Text: [**2146-11-1**] 3:14 AM
 CHEST (PORTABLE AP)                                             Clip # [**Clip Number (Radiology) 10158**]
 Reason: r/o infiltrate, interval change
 Admitting Diagnosis: MYASTHENIA EXACERBATION
 ______________________________________________________________________________
 [**Hospital 2**] MEDICAL CONDITION:
  25 year old woman with myasthenia [**Last Name (un) 9787**], asthma, presents with SOB, URI
  symptoms.
"
7da8f6c3-1575-f5ec-a2a4-d39e07b89c07,EHR Completo,"The patient, a 25-year-old woman with a history of myasthenia gravis and asthma, was admitted to the ICU on 2146-10-31 with worsening dyspnea and diplopia, despite increased use of her albuterol nebulizers and increased doses of Mestinon and prednisone. ",Supported,"The reference confirms the patient is a 25-year-old woman with myasthenia gravis and asthma admitted to the ICU with worsening dyspnea and diplopia, increased use of albuterol nebulizers, and increased doses of Mestinon and prednisone.","Hospital Admission Start: 2 days 23 hours ago
Hospital Admission End: Now
Electronic Health Record Context
Ordered by Time (Earliest to Latest):
1. When: 3 days 12 hours ago, Note Category: Radiology, Note Description: CHEST (PA & LAT) | Text: HISTORY:  25-year-old woman with asthma, coughing and wheezing, and increasing
 shortness of breath.  
2. When: 3 days 12 hours ago, Note Category: Nursing, Note Description: Nursing Progress Note | Text: Over the week, she has had worsening dyspnea,
   requiring increased use of her albuterol nebulizers up to four times a
   day. 
3. When: 3 days 12 hours ago, Note Category: Nursing, Note Description: Nursing Progress Note | Text: Her NIF has been ~ -50 to -44, her vital capacity (VC)has
   been dropping; she started at 1.8 and is now 1
   Action:
   Conts on mestinon and cellcept as well as prednisone
   Response:
   Worsening vital capacity
   Plan:
   Cont to follow her NIF and VC, check an ABG if needed, cont her
   mestinon, prednisone, cellcept

4. When: 3 days 12 hours ago, Note Category: Physician, Note Description: Physician Attending Admission Note - MICU | Text: jpg]
   Assessment and Plan
   25 yr old woman with myesthenia and asthma presents with URIO and
   asthma exacrebation leading to resp distress which may be evolving
   myesthenic crisis in setting of significantly work of breathing.
   
5. When: 2 days 12 hours ago, Note Category: Physician, Note Description: Physician Resident Admission Note | Text: Chief Complaint:  Dysnpea, Wheezing, Malaise
   HPI:
   25yoF with hx of Myasthenia [**Last Name (un) **] (dx [**5-2**], with two associated
   intubations) and asthma presents with dyspnea, malaise and diplopia. 
6. When: 2 days 12 hours ago, Note Category: Physician, Note Description: Physician Resident Admission Note | Text: Intubated for respiratory distress during
   exacerbation [**1-1**] when she also presentewd with dipolpia and
   dyspnea.  
7. When: 2 days 12 hours ago, Note Category: Physician, Note Description: Physician Resident Admission Note | Text: - F/U Neuro Recs
   - Cont DuoNebs Q4hrs following 2hrs of continuous Nebs
   - Will start Methylprednisolone 125 mg IV Q8H
   - NIF and VC q2 hrs
   - Will get baseline ABG and trend
   - Would consider early intubation for worsening clinical status
   - Holding Mestinon per Neuro recs given potential worsening cholinergic
   effects that may affect wheezing.
   
8. When: 2 days 12 hours ago, Note Category: Physician, Note Description: Physician Attending Progress Note | Text: 3 mg/dL
   Assessment and Plan
   25 yr old woman with myesthenia and asthma presents with URIO and
   asthma exacrebation leading to resp distress which may be evolving
   myesthenic crisis in setting of significantly work of breathing.
   
9. When: 2 days 12 hours ago, Note Category: Physician, Note Description: Physician Attending Progress Note | Text: Myesthenia: Severe course in the past year requiring intubation x 2,
   admitted to ICU with asthma exacerbation and concern that it was
   leadint o resp muscle fatigue so admitted to MICU for q2 nif and VC.
10. When: 2 days 12 hours ago, Note Category: Nursing, Note Description: Nursing Transfer Note | Text: 25yoF with hx of Myasthenia [**Last Name (un) **] (dx [**5-2**], with two associated
   intubations),VAP, GERD, s/p C-section .Right Lung Nodule and asthma
   presents with dyspnea, malaise and diplopia. 
"
28a16889-53d4-8407-7c97-e6ce9280afeb,EHR Completo,"Initial evaluation revealed a potential myasthenic crisis, with significantly increased work of breathing. ",Supported,"The reference notes a patient with myasthenia and asthma presenting with respiratory distress and significantly increased work of breathing, possibly evolving into a myasthenic crisis, which supports the text.","Hospital Admission Start: 2 days 23 hours ago
Hospital Admission End: Now
Electronic Health Record Context
Ordered by Time (Earliest to Latest):
1. When: 3 days 12 hours ago, Note Category: Physician, Note Description: Physician Attending Admission Note - MICU | Text: jpg]
   Assessment and Plan
   25 yr old woman with myesthenia and asthma presents with URIO and
   asthma exacrebation leading to resp distress which may be evolving
   myesthenic crisis in setting of significantly work of breathing.
   
2. When: 3 days 12 hours ago, Note Category: Physician, Note Description: Physician Attending Admission Note - MICU | Text: Myesthenia: Severe course in the past yeasr requiring intubation x
   2, now with vital capacity of 1 liter and NIF -50. 
3. When: 2 days 12 hours ago, Note Category: Physician, Note Description: Physician Resident Admission Note | Text: # Respiratory Distress: Etiology likely excerbation of Myesthenia in
   the setting of asthma excerbation [**2-26**] to recent URI. 
4. When: 2 days 12 hours ago, Note Category: Physician, Note Description: Physician Resident Admission Note | Text: Intubated for respiratory distress during
   exacerbation [**1-1**] when she also presentewd with dipolpia and
   dyspnea.  
5. When: 2 days 12 hours ago, Note Category: Physician, Note Description: Physician Resident Admission Note | Text: Was also intubated for respiratory distress after
   initial presentation in [**2145-4-25**].  
6. When: 2 days 12 hours ago, Note Category: Physician, Note Description: Physician Resident Admission Note | Text: Chief Complaint:  Dysnpea, Wheezing, Malaise
   HPI:
   25yoF with hx of Myasthenia [**Last Name (un) **] (dx [**5-2**], with two associated
   intubations) and asthma presents with dyspnea, malaise and diplopia. 
7. When: 2 days 12 hours ago, Note Category: Radiology, Note Description: CHEST (PORTABLE AP) | Text: REASON FOR THIS EXAMINATION:
  r/o infiltrate, interval change
 ______________________________________________________________________________
                                 FINAL REPORT
 HISTORY:  Myasthenia [**Last Name (un) 9787**] with shortness of breath.

 
8. When: 2 days 12 hours ago, Note Category: Physician, Note Description: Physician Attending Progress Note | Text: 3 mg/dL
   Assessment and Plan
   25 yr old woman with myesthenia and asthma presents with URIO and
   asthma exacrebation leading to resp distress which may be evolving
   myesthenic crisis in setting of significantly work of breathing.
   
9. When: 2 days 12 hours ago, Note Category: Physician, Note Description: Physician Attending Progress Note | Text: Myesthenia: Severe course in the past year requiring intubation x 2,
   admitted to ICU with asthma exacerbation and concern that it was
   leadint o resp muscle fatigue so admitted to MICU for q2 nif and VC.
10. When: 2 days 12 hours ago, Note Category: Nursing, Note Description: Nursing Transfer Note | Text: 25yoF with hx of Myasthenia [**Last Name (un) **] (dx [**5-2**], with two associated
   intubations),VAP, GERD, s/p C-section .Right Lung Nodule and asthma
   presents with dyspnea, malaise and diplopia. 
"
68ace126-dfeb-ade7-eb87-a62b3bfdb005,EHR Completo,"The patient was treated with steroids, increased Mestinon, and close monitoring of her respiratory status.",Supported,"The reference notes multiple instances of treatment with steroids and increased Mestinon, along with monitoring of respiratory status, supporting the text.","Hospital Admission Start: 2 days 23 hours ago
Hospital Admission End: Now
Electronic Health Record Context
Ordered by Time (Earliest to Latest):
1. When: 3 days 12 hours ago, Note Category: Nursing, Note Description: Nursing Progress Note | Text: She called her neurologist and her mestinon and prednisone
   were both increased.  
2. When: 3 days 12 hours ago, Note Category: Nursing, Note Description: Nursing Progress Note | Text: In the EW she was given prednisone 60 mg and a
   combivent nebulizer. 
3. When: 3 days 12 hours ago, Note Category: Nursing, Note Description: Nursing Progress Note | Text: Over the week, she has had worsening dyspnea,
   requiring increased use of her albuterol nebulizers up to four times a
   day. 
4. When: 3 days 12 hours ago, Note Category: Nursing, Note Description: Nursing Progress Note | Text: Her NIF has been ~ -50 to -44, her vital capacity (VC)has
   been dropping; she started at 1.8 and is now 1
   Action:
   Conts on mestinon and cellcept as well as prednisone
   Response:
   Worsening vital capacity
   Plan:
   Cont to follow her NIF and VC, check an ABG if needed, cont her
   mestinon, prednisone, cellcept

5. When: 3 days 12 hours ago, Note Category: Physician, Note Description: Physician Attending Admission Note - MICU | Text: We are treating with steroids and
   increased mestinon. 
6. When: 2 days 12 hours ago, Note Category: Physician, Note Description: Physician Resident Admission Note | Text: [**Last Name (STitle) 5856**] that recommended increasing her Prednisone back up to
   10mg Daily from 5mg, and her Mestinon 60mg from [**Hospital1 **] to TID. 
7. When: 2 days 12 hours ago, Note Category: Nursing, Note Description: Nursing Progress Note | Text: Her blood
   sugars were 204 and 184
   Action:
   Given neb tx, solumedrol 125mg IV q 8hr
   Response:
   Symptoms improving
   blood sugars elevated with steroid
   Plan:
   Cont nebs q 2, methylprednisolone 125mg 1v q 8, NIF and VC q 2hr,
   holding mestinon continue on mycophenolate Mofetil 1500mg po bid.
8. When: 2 days 12 hours ago, Note Category: Physician, Note Description: Physician Attending Progress Note | Text: 3 mg/dL
   Assessment and Plan
   25 yr old woman with myesthenia and asthma presents with URIO and
   asthma exacrebation leading to resp distress which may be evolving
   myesthenic crisis in setting of significantly work of breathing.
   
9. When: 2 days 12 hours ago, Note Category: Nursing, Note Description: Nursing Transfer Note | Text: blood sugars elevated with steroid and coverd as per sliding scale.
   
10. When: 2 days 12 hours ago, Note Category: Physician, Note Description: Physician Resident Progress Note | Text: -          F/U Neuro Recs
   -          Holding Mestinon
   # Asthma: Started on IV Steroids and continued on q4 Duonebs. 
"
83ec3ba1-1016-25c7-af4b-56a65f5d7fc7,EHR Completo,"The patient's symptoms improved with treatment, including continuous nebulizers, methylprednisolone, and monitoring of peak flows and blood sugars. ",Supported,"The reference notes continuous nebulizer treatments, methylprednisolone administration, monitoring of peak flows, and elevated blood sugars with steroid use, all indicating symptom improvement with the described treatments.","Hospital Admission Start: 2 days 23 hours ago
Hospital Admission End: Now
Electronic Health Record Context
Ordered by Time (Earliest to Latest):
1. When: 3 days 12 hours ago, Note Category: Nursing, Note Description: Nursing Progress Note | Text: In the EW she was given prednisone 60 mg and a
   combivent nebulizer. 
2. When: 3 days 12 hours ago, Note Category: Nursing, Note Description: Nursing Progress Note | Text: Over the week, she has had worsening dyspnea,
   requiring increased use of her albuterol nebulizers up to four times a
   day. 
3. When: 3 days 12 hours ago, Note Category: Physician, Note Description: Physician Attending Admission Note - MICU | Text: We are treating with steroids and
   increased mestinon. 
4. When: 2 days 12 hours ago, Note Category: Physician, Note Description: Physician Resident Admission Note | Text: Pt reports
   that he albuterol inhaler ran out on friday night and since then has
   used her albuterol nebulizer on mulitiple occassions with some
   alleviation of symptoms.
5. When: 2 days 12 hours ago, Note Category: Physician, Note Description: Physician Resident Admission Note | Text: The pt was given Combivent Nebs x3 and
   Prednisone 60mg x1.
   
6. When: 2 days 12 hours ago, Note Category: Nursing, Note Description: Nursing Progress Note | Text: Her blood
   sugars were 204 and 184
   Action:
   Given neb tx, solumedrol 125mg IV q 8hr
   Response:
   Symptoms improving
   blood sugars elevated with steroid
   Plan:
   Cont nebs q 2, methylprednisolone 125mg 1v q 8, NIF and VC q 2hr,
   holding mestinon continue on mycophenolate Mofetil 1500mg po bid.
7. When: 2 days 12 hours ago, Note Category: Nursing, Note Description: Nursing Progress Note | Text: .H/O asthma
   Assessment:
   Pt on continuous nebs beginning of shift, tachypneic, continued on room
   air with o2 sats in the high 90
s.  She was started on
   methylprednisolonel 125mg IV q8 seemed to improve shortly after. 
8. When: 2 days 12 hours ago, Note Category: Nursing, Note Description: Nursing Transfer Note | Text: blood sugars elevated with steroid and coverd as per sliding scale.
   
9. When: 2 days 12 hours ago, Note Category: Nursing, Note Description: Nursing Transfer Note | Text: The pt was given Combivent Nebs x3 and
   Prednisone 60mg x1.
    
10. When: 2 days 12 hours ago, Note Category: Physician, Note Description: Physician Resident Progress Note | Text: Breathing
   symptoms improved with improved NIFs to -80 and Peak Flows 300-350
   (Baselines 450s).
"
550f1775-fdd1-8064-0734-ff0582474f5b,EHR Completo,"Her respiratory status stabilized, with negative inspiratory forces (NIFs) in the 80s and peak flows of 300-350. ",Supported,"The reference notes multiple times that NIFs were in the 80s (around -80) and peak flows were 300-350, indicating stabilization of respiratory status as stated in the text.","Hospital Admission Start: 2 days 23 hours ago
Hospital Admission End: Now
Electronic Health Record Context
Ordered by Time (Earliest to Latest):
1. When: 3 days 12 hours ago, Note Category: Nursing, Note Description: Nursing Progress Note | Text: Her NIF has been ~ -50 to -44, her vital capacity (VC)has
   been dropping; she started at 1.8 and is now 1
   Action:
   Conts on mestinon and cellcept as well as prednisone
   Response:
   Worsening vital capacity
   Plan:
   Cont to follow her NIF and VC, check an ABG if needed, cont her
   mestinon, prednisone, cellcept

2. When: 3 days 12 hours ago, Note Category: Nursing, Note Description: Nursing Progress Note | Text: NIF was -50 and VC was 1.8 L; the latter
   measurement was limited by wheezing and [**Last Name (LF) **], [**First Name3 (LF) **] respiratory.
3. When: 2 days 12 hours ago, Note Category: Respiratory, Note Description: Respiratory Care Shift Note | Text: NIFs in the 80s, while vital
   capacity hard to obtain due to restrictive disease flare up. 
4. When: 2 days 12 hours ago, Note Category: Respiratory, Note Description: Respiratory Care Shift Note | Text: Peak
   flows 300-350, ( her personal best 450). 
5. When: 2 days 12 hours ago, Note Category: Nursing, Note Description: Nursing Progress Note | Text: NIF 80
s Peak flows 300-350.
6. When: 2 days 12 hours ago, Note Category: Physician, Note Description: Physician Attending Progress Note | Text: -200 mL
                                                                   -300 mL
   Respiratory support
   O2 Delivery Device: None
   SpO2: 100%
   ABG: ///22/
   NIF: -80
7. When: 2 days 12 hours ago, Note Category: Physician, Note Description: Physician Resident Progress Note | Text: Breathing
   symptoms improved with improved NIFs to -80 and Peak Flows 300-350
   (Baselines 450s).
8. When: 2 days 12 hours ago, Note Category: Respiratory, Note Description: Respiratory Care Shift Note | Text: Wheezes and peak flow 320-350. 
9. When: 2 days 12 hours ago, Note Category: Respiratory, Note Description: Respiratory Care Shift Note | Text: NIF stable at
   -80cmH2O. 
"
c6a4e4f8-c5a2-4e5e-a2b6-ad322e3b85dc,EHR Completo,"The patient was transferred to the floor on 2146-11-01, where her treatment plan included continuing nebulizers, methylprednisolone, and monitoring of her conditions.",Not Addressed,"The reference does not mention the patient being transferred to the floor on 2146-11-01 or the treatment plan including continuing nebulizers, methylprednisolone, and monitoring.","Hospital Admission Start: 2 days 23 hours ago
Hospital Admission End: Now
Electronic Health Record Context
Ordered by Time (Earliest to Latest):
1. When: 3 days 12 hours ago, Note Category: Nursing, Note Description: Nursing Progress Note | Text: In the EW she was given prednisone 60 mg and a
   combivent nebulizer. 
2. When: 3 days 12 hours ago, Note Category: Nursing, Note Description: Nursing Progress Note | Text: Over the week, she has had worsening dyspnea,
   requiring increased use of her albuterol nebulizers up to four times a
   day. 
3. When: 2 days 12 hours ago, Note Category: Physician, Note Description: Physician Resident Admission Note | Text: Pt reports
   that he albuterol inhaler ran out on friday night and since then has
   used her albuterol nebulizer on mulitiple occassions with some
   alleviation of symptoms.
4. When: 2 days 12 hours ago, Note Category: Physician, Note Description: Physician Resident Admission Note | Text: The pt was given Combivent Nebs x3 and
   Prednisone 60mg x1.
   
5. When: 2 days 12 hours ago, Note Category: Physician, Note Description: Physician Resident Admission Note | Text: Was also intubated for respiratory distress after
   initial presentation in [**2145-4-25**].  
6. When: 2 days 12 hours ago, Note Category: Physician, Note Description: Physician Resident Admission Note | Text: In addition the pt reports that she has been cleaning and dusting her
   house. 
7. When: 2 days 12 hours ago, Note Category: Physician, Note Description: Physician Resident Admission Note | Text: Also pt reports she has an allergy to dogs and was recently
   exposed to dogs while at work.
   
8. When: 2 days 12 hours ago, Note Category: Physician, Note Description: Physician Attending Progress Note | Text: Chief Complaint: asthma, myesthenia
   I saw and examined the patient, and was physically present with the ICU
   Resident for key portions of the services provided.  
9. When: 2 days 12 hours ago, Note Category: Nursing, Note Description: Nursing Transfer Note | Text: The pt was given Combivent Nebs x3 and
   Prednisone 60mg x1.
    
10. When: 2 days 12 hours ago, Note Category: Respiratory, Note Description: Respiratory Care Shift Note | Text: Pt called out to floors.

"
b8cb2059-915d-9aa9-0422-ea1b132ccb5e,EHR Completo,"The patient, a 64-year-old woman with a history of multiple myeloma, systemic amyloidosis, and end-stage renal disease (ESRD), was admitted to the ICU with symptoms of dyspnea, pain, and hypotension. ",Supported,"The reference confirms the patient is a 64-year-old woman with multiple myeloma, systemic amyloidosis, and ESRD on hemodialysis, admitted with symptoms including dyspnea, pain, and hypotension.","Hospital Admission Start: 2 days 20 hours ago
Hospital Admission End: Now
Electronic Health Record Context
Ordered by Time (Earliest to Latest):
1. When: 316 days 4 hours ago, Note Category: Radiology, Note Description: CT CHEST W/O CONTRAST | Text: HISTORY:  63-year-old woman with amyloidisis and multiple myeloma, low O2
 saturation, history of pneumothorax.  
2. When: 314 days 4 hours ago, Note Category: Physician, Note Description: Physician Resident Progress Note | Text: Assessment and Plan
   63yo woman with multiple myeloma and amyloidosis as well as h/o DVT
   admitted with worsening respiratory status following talc pleuodesis
   for hydropneumothorax.
 
3. When: 308 days 4 hours ago, Note Category: Discharge summary, Note Description: Report | Text: # Amyloidosis: The patient has multi-organ involvement.



4. When: 3 days 4 hours ago, Note Category: Physician, Note Description: Physician Resident Admission Note | Text: Assessment and Plan: This is a 64yo woman with multiple myeloma, s/p
   allogeneic transplant [**2143**] with recurrent disease and with systemic
   amyloidosis(cardiac), ESRD on hemodialysis s/p recent hospitalization
   for hypercalcemia and supratherapeutic INR who represents for the same
   issues as well as hypotension.
   
5. When: 3 days 4 hours ago, Note Category: Physician, Note Description: Physician Resident Admission Note | Text: [**Known lastname 3887**] is a 64yo woman with multiple
   myeloma, s/p allogeneic transplant [**2143**] with recurrent disease and with
   systemic amyloidosis(cardiac), on hemodialysis for ESRD who represents
   for malaise, weakness, and generalized body aching x 2 days.  
6. When: 3 days 4 hours ago, Note Category: Physician, Note Description: Physician Attending Admission Note - MICU | Text: I
   agree with the note above, including the assessment and plan and would
   add the following:
   64yo woman with multiple myeloma, s/p allogeneic transplant [**2143**] with
   recurrent disease and with systemic amyloidosis, on hemodialysis for
   ESRD.  
7. When: 3 days 4 hours ago, Note Category: Nursing, Note Description: Nursing Progress Note | Text: 64 year old woman with PMH of MM, s/p allo-BMT ~ 10 yrs ago, course c/b
   [**Doctor Last Name **]-amyloid and ESRD , refractory hypercalcemia, and recent admit for
   pain and dyspnea who represents with similar symptoms. 
8. When: 2 days 4 hours ago, Note Category: Nursing, Note Description: Nursing Progress Note | Text: 64 year old woman with PMH of MM, s/p allo-BMT ~ 10 yrs ago, course c/b
   [**Doctor Last Name **]-amyloid and ESRD , refractory hypercalcemia, and recent admit for
   pain and dyspnea who presents again with similar symptoms. 
9. When: 1 days 4 hours ago, Note Category: Physician, Note Description: Physician Fellow / Attending Progress Note - MICU | Text: HPI:
   64yo woman with a h/o MM (x 10 years) c/b [**Doctor Last Name **] amyloid with known
   cardiac, pulmonary involvement, ESRD on HD, refractory hypercalcemia
   and hypoxia on [**2-28**] L O2 at home who presented on [**1-16**] with sub-acute
   progressive dyspnea and bony pain. 
10. When: 1 days 4 hours ago, Note Category: Physician, Note Description: Physician Fellow / Attending Progress Note - MICU | Text: HPI:
   64yo woman with a h/o MM (x 10 years) c/b [**Doctor Last Name **] amyloid with known
   cardiac, pulmonary involvement, ESRD on HD, refractory hypercalcemia
   and hypoxia on [**2-28**] L O2 at home who presented on [**1-16**] with sub-acute
   progressive dyspnea and bony pain.
"
b9350f4a-1d5f-5450-e082-e3df5fa98ffd,EHR Completo,"Her hospital course was complicated by hypovolemic shock, cardiogenic shock, and possible adrenal insufficiency, requiring treatment with gentle hydration, low-dose pressors, and decadron.",Supported,"The reference states the hospital course was complicated by hypovolemic and cardiogenic shock with likely adrenal insufficiency, and treatment included gentle hydration, low-dose pressors, and decadron, which fully supports the text.","Hospital Admission Start: 2 days 20 hours ago
Hospital Admission End: Now
Electronic Health Record Context
Ordered by Time (Earliest to Latest):
1. When: 314 days 4 hours ago, Note Category: Physician, Note Description: Physician Resident Progress Note | Text: Patient is asymptomatic with her
   hypotension; mentates clearly.
2. When: 308 days 4 hours ago, Note Category: Discharge summary, Note Description: Report | Text: She also became acutely hypertensive and tachycardic.  
3. When: 308 days 4 hours ago, Note Category: Discharge summary, Note Description: Report | Text: Of note, while in the ICU, the patient was
hypotensive with pressures down to 58/42. 
4. When: 3 days 4 hours ago, Note Category: Physician, Note Description: Physician Resident Admission Note | Text: Hospital course was
   complicated by an episode of hypotension following dialysis on
   [**2153-1-12**]. 
5. When: 3 days 4 hours ago, Note Category: Physician, Note Description: Physician Attending Admission Note - MICU | Text: The patient has shock of unclear
   etiology: hypovolemic, cardiogenic, with likely possibility of adrenal
   insufficiency or crisis.
6. When: 3 days 4 hours ago, Note Category: Physician, Note Description: Physician Attending Admission Note - MICU | Text: She was admitted [**Date range (1) 7152**]/08 with hypercalcemia and treated
   with pamidronate 30mg, calcitonin, and dialysis (complicated by an
   episode of hypotension following HD).
7. When: 3 days 4 hours ago, Note Category: Physician, Note Description: Physician Attending Admission Note - MICU | Text: She now has hepatitis and apparently NSTEMI
   in the context of hypotension of unclear etiology. 
8. When: 2 days 4 hours ago, Note Category: Physician, Note Description: Physician Resident Progress Note | Text: Suspect in the
   setting of demand from hypotension and probable previously
   unrecognized/asymptomatic tachyarrhythmias.  
9. When: 1 days 4 hours ago, Note Category: Physician, Note Description: Physician Fellow / Attending Progress Note - MICU | Text: RESPIRATORY FAILURE, ACUTE (NOT ARDS/[**Doctor Last Name **])
   She likely has a hilar pneumonia that precipitated SIRS with relative
   hypotension. 
"
7fb70c2a-19b6-1f5b-59f0-2d9b5e558ec7,EHR Completo,"Despite aggressive management, including dialysis and oxygen therapy, the patient's condition continued to deteriorate, and she remained critically ill throughout her hospital stay. ",Not Supported,"The reference states the patient is critically ill and has complications including refractory hypercalcemia and multi-organ amyloid involvement, with hypoxemic respiratory failure and pain, but does not mention aggressive management with dialysis and oxygen therapy leading to continued deterioration throughout the hospital stay.","Hospital Admission Start: 2 days 20 hours ago
Hospital Admission End: Now
Electronic Health Record Context
Ordered by Time (Earliest to Latest):
1. When: 308 days 4 hours ago, Note Category: Discharge summary, Note Description: Report | Text: Of note, while in the ICU, the patient was
hypotensive with pressures down to 58/42. 
2. When: 308 days 4 hours ago, Note Category: Discharge summary, Note Description: Report | Text: She was in the ICU for a few days, and was then transferred back
to the BMT service.  
3. When: 3 days 4 hours ago, Note Category: Physician, Note Description: Physician Resident Admission Note | Text: Hospital course was
   complicated by an episode of hypotension following dialysis on
   [**2153-1-12**]. 
4. When: 3 days 4 hours ago, Note Category: Physician, Note Description: Physician Attending Admission Note - MICU | Text: briefly,
   per oncology appears to have exhausted
   her treatment options and know has refractory hypercalcemia as well as
   multipl organ involvement of amyloid. 
5. When: 3 days 4 hours ago, Note Category: Physician, Note Description: Physician Attending Admission Note - MICU | Text: Patient is critically ill. 
6. When: 3 days 4 hours ago, Note Category: Physician, Note Description: Physician Attending Admission Note - MICU | Text: Pt was admitted today with acute on chronic
   hypoxemic respiratory failure and recurrent all over body pain. 
7. When: 3 days 4 hours ago, Note Category: Nursing, Note Description: Nursing Progress Note | Text: She reports
   refractory jaw and lower extremity pain since discharge as well as
   gradual increase in her baseline 2-3L oxygen use.
"
df9ce7f1-29c9-9bad-165e-24ed64193074,EHR Completo,"The patient's code status was DNR/DNI, and she ultimately passed away on [2153-01-19] at 4:55 am due to complications from her underlying conditions.",Not Addressed,The reference confirms the patient's code status as DNR/DNI but does not mention the patient's death or the date and time of passing.,"Hospital Admission Start: 2 days 20 hours ago
Hospital Admission End: Now
Electronic Health Record Context
Ordered by Time (Earliest to Latest):
1. When: 316 days 4 hours ago, Note Category: Radiology, Note Description: CT CHEST W/O CONTRAST | Text: The informationn was telephoned to nurse [**Doctor First Name 623**] at 5 pm

 7.  
2. When: 308 days 4 hours ago, Note Category: Discharge summary, Note Description: Report | Text: C 4 started on [**2151-12-24**] but admitted following morning
due to dyspnea. 
3. When: 308 days 4 hours ago, Note Category: Discharge summary, Note Description: Report | Text: The information was telephoned
to nurse [**Doctor First Name **] at 5 pm
7. 
4. When: 3 days 4 hours ago, Note Category: Physician, Note Description: Physician Resident Admission Note | Text: C 4 started on [**2151-12-24**] but admitted following morning
   due to dyspnea. 
5. When: 3 days 4 hours ago, Note Category: Physician, Note Description: Physician Resident Admission Note | Text: Hospital course was
   complicated by an episode of hypotension following dialysis on
   [**2153-1-12**]. 
6. When: 2 days 4 hours ago, Note Category: Physician, Note Description: Physician Resident Progress Note | Text: Code status: DNR / DNI

7. When: 2 days 4 hours ago, Note Category: Physician, Note Description: Physician Attending Progress Note | Text: PPI
   VAP:
   Comments:
   Communication: Patient discussed on interdisciplinary rounds , Family
   meeting held  Comments:
   Code status: DNR / DNI
   Disposition :ICU
   Total time spent: 30 minutes
   Patient is critically ill
8. When: 1 days 4 hours ago, Note Category: Physician, Note Description: Physician Resident Progress Note | Text: # Code: DNR/DNl
   .
   
9. When: 0 days 4 hours ago, Note Category: Nursing, Note Description: Nursing Progress Note | Text: Nursing progess note:
   Pt DNR/DNI.  
"
a0df21a3-c835-0426-1795-0f524948c793,EHR Completo,"She underwent a series of diagnostic tests, including chest radiographs, CT scans, echocardiograms, and ECGs, which revealed findings consistent with fluid overload, atelectasis, and cardiac amyloidosis. ",Not Supported,"The reference mentions fluid overload and cardiac amyloidosis but does not document diagnostic tests including chest radiographs, CT scans, echocardiograms, and ECGs collectively revealing findings consistent with fluid overload, atelectasis, and cardiac amyloidosis.","Hospital Admission Start: 2 days 20 hours ago
Hospital Admission End: Now
Electronic Health Record Context
Ordered by Time (Earliest to Latest):
1. When: 314 days 4 hours ago, Note Category: Physician, Note Description: Physician Resident Progress Note | Text: Fluid overload is probably also a contributing factor.
2. When: 312 days 4 hours ago, Note Category: Radiology, Note Description: CHEST (PORTABLE AP) | Text: REASON FOR EXAM:  The patient with amyloidosis and the spontaneous
 pneumothorax.  
3. When: 311 days 4 hours ago, Note Category: ECG, Note Description: Report | Text: Findings raise consideration of chronic
obstructive pulmonary disease, anasarca, pleural or pericardial process, etc.

4. When: 308 days 4 hours ago, Note Category: Discharge summary, Note Description: Report | Text: female with h/o Multiple myeloma and Amyloidosis s/p
auto and allo SCT with complicated medical history including
multiple DVTs, and sponatenous pneumothoraces s/p chest tube
placement now admitted for hypoxia when she was seen in clinic
with an O2 saturation of 86% on RA.  
5. When: 308 days 4 hours ago, Note Category: Discharge summary, Note Description: Report | Text: female with h/o Multiple myeloma and Amyloidosis s/p
auto and allo SCT with complicated medical history including
multiple DVTs, and sponatenous pneumothoraces s/p chest tube
placement now admitted for hypoxia when she was seen in clinic
with an O2 saturation of 86% on RA.


6. When: 308 days 4 hours ago, Note Category: Discharge summary, Note Description: Report | Text: # Amyloidosis: The patient has multi-organ involvement.



7. When: 308 days 4 hours ago, Note Category: Discharge summary, Note Description: Report | Text: The lung mass was biopsied and thought consistent
with amyloid.

8. When: 3 days 4 hours ago, Note Category: Physician, Note Description: Physician Resident Admission Note | Text: The lung mass was biopsied and thought consistent
   with amyloid.
   
9. When: 1 days 4 hours ago, Note Category: Physician, Note Description: Physician Fellow / Attending Progress Note - MICU | Text: VENTRICULAR TACHYCARDIA / ELEVATED CARDIAC ENZYMES
   Likely due to her underlying cardiac amyloidosis; will d/c Amiodarone
   given the increase in her LFTs over the past two days since having
   initiated it.
10. When: 1 days 4 hours ago, Note Category: Physician, Note Description: Physician Fellow / Attending Progress Note - MICU | Text: VENTRICULAR TACHYCARDIA / ELEVATED CARDIAC ENZYMES
   Likely due to her underlying cardiac amyloidosis; will d/c Amiodarone
   given the increase in her LFTs over the past two days since having
   initiated it. 
"
e0382396-e02a-9b4e-c491-402466b705d2,EHR Completo,"The patient developed a new pneumonia and experienced episodes of wide-complex tachycardia and ventricular arrhythmia, requiring treatment with antibiotics and amiodarone.",Supported,"The reference documents new wide-complex tachycardia and probable ventricular tachycardia requiring amiodarone treatment, and mentions a likely hilar pneumonia treated with antibiotics, supporting the text's statement about new pneumonia and ventricular arrhythmia treated with antibiotics and amiodarone.","Hospital Admission Start: 2 days 20 hours ago
Hospital Admission End: Now
Electronic Health Record Context
Ordered by Time (Earliest to Latest):
1. When: 3 days 4 hours ago, Note Category: Physician, Note Description: Physician Attending Admission Note - MICU | Text: The patient has shock of unclear
   etiology: hypovolemic, cardiogenic, with likely possibility of adrenal
   insufficiency or crisis.
2. When: 2 days 4 hours ago, Note Category: Physician, Note Description: Physician Resident Progress Note | Text: Suspect in the
   setting of demand from hypotension and probable previously
   unrecognized/asymptomatic tachyarrhythmias.  
3. When: 2 days 4 hours ago, Note Category: Radiology, Note Description: CHEST (PORTABLE AP) | Text: ______________________________________________________________________________
                                 FINAL REPORT
 INDICATION:  64-year-old woman with end-stage renal disease, multiple myeloma,
 amyloidosis, status post PICC placement yesterday, now with new wide-complex
 tachycardia and probable ventricular tachycardia.  
4. When: 2 days 4 hours ago, Note Category: Radiology, Note Description: CHEST (PORTABLE AP) | Text: Admitting Diagnosis: DYSPNEA;HYPOXIA
 ______________________________________________________________________________
 [**Hospital 2**] MEDICAL CONDITION:
  64 year old woman with  ESRD, MM, amyloidosis s/p PICC placement yesterday now
  new wide complex tachycardia, probable VT.
 
5. When: 2 days 4 hours ago, Note Category: Radiology, Note Description: CHEST (PORTABLE AP) | Text: Admitting Diagnosis: DYSPNEA;HYPOXIA
 ______________________________________________________________________________
 [**Hospital 3**] MEDICAL CONDITION:
  64 year old woman with  ESRD, MM, amyloidosis s/p PICC placement yesterday now
  new wide complex tachycardia, probable VT.
6. When: 1 days 4 hours ago, Note Category: Physician, Note Description: Physician Fellow / Attending Progress Note - MICU | Text: VENTRICULAR TACHYCARDIA / ELEVATED CARDIAC ENZYMES
   Likely due to her underlying cardiac amyloidosis; will d/c Amiodarone
   given the increase in her LFTs over the past two days since having
   initiated it.
7. When: 1 days 4 hours ago, Note Category: Physician, Note Description: Physician Fellow / Attending Progress Note - MICU | Text: VENTRICULAR TACHYCARDIA / ELEVATED CARDIAC ENZYMES
   Likely due to her underlying cardiac amyloidosis; will d/c Amiodarone
   given the increase in her LFTs over the past two days since having
   initiated it. 
8. When: 1 days 4 hours ago, Note Category: Physician, Note Description: Physician Fellow / Attending Progress Note - MICU | Text: RESPIRATORY FAILURE, ACUTE (NOT ARDS/[**Doctor Last Name **])
   She likely has a hilar pneumonia that precipitated SIRS with relative
   hypotension. 
"
51b08b28-d1a1-efb5-4d80-8d58e7869f1f,EHR Completo,"A transesophageal echocardiogram showed mild symmetric left ventricular hypertrophy, a small left ventricle, and hyperdynamic function. ",Supported,"The reference contains multiple echo reports and a physician note confirming mild symmetric left ventricular hypertrophy, a small left ventricle, and hyperdynamic function (EF>75%), fully supporting the text.","Hospital Admission Start: 4 days 21 hours ago
Hospital Admission End: Now
Electronic Health Record Context
Ordered by Time (Earliest to Latest):
1. When: 5 days 18 hours ago, Note Category: Radiology, Note Description: CHEST (PORTABLE AP) | Text: There is moderate
 cardiomegaly.
2. When: 4 days 18 hours ago, Note Category: Echo, Note Description: Report | Text: There is mild symmetric left ventricular hypertrophy. 
3. When: 4 days 18 hours ago, Note Category: Echo, Note Description: Report | Text: LEFT VENTRICLE: Mild symmetric LVH. 
4. When: 4 days 18 hours ago, Note Category: Echo, Note Description: Report | Text: The
left ventricular cavity is unusually small. 
5. When: 4 days 18 hours ago, Note Category: Echo, Note Description: Report | Text: Mild
(1+) mitral regurgitation is seen. 
6. When: 4 days 18 hours ago, Note Category: Echo, Note Description: Report | Text: Left ventricular systolic function is hyperdynamic (EF>75%).

7. When: 2 days 18 hours ago, Note Category: Physician, Note Description: Physician Resident Progress Note | Text: # PUMP: Echo showed mild symmetric LVH, small LV, hyperdynamic
   (EF>75%). 
8. When: 1 days 18 hours ago, Note Category: Radiology, Note Description: CHEST (PORTABLE AP) | Text: The heart is mildly enlarged.  
"
c63432ff-3d40-5443-8557-78fff4b8b30c,EHR Completo,The patient was weaned off pressors and eventually extubated after showing signs of improvement. ,Not Addressed,The reference context does not mention the patient being weaned off pressors or being extubated after showing signs of improvement.,"Hospital Admission Start: 4 days 21 hours ago
Hospital Admission End: Now
Electronic Health Record Context
Ordered by Time (Earliest to Latest):
1. When: 644 days 18 hours ago, Note Category: Physician, Note Description: Physician Attending Admission Note | Text: Symptomatically improved after lasix, nebs, CPAP. 
2. When: 644 days 18 hours ago, Note Category: Physician, Note Description: Physician Resident Admission Note | Text: His oxygen was increased at rehab with some improvement and was
   transferred to the ED.  
3. When: 642 days 18 hours ago, Note Category: Discharge summary, Note Description: Report | Text: The patient was continued on
lasix with subsequent improvement in respiratory status. 
4. When: 642 days 18 hours ago, Note Category: Discharge summary, Note Description: Report | Text: His oxygen was increased at
rehab with some improvement and was transferred to the ED. 
5. When: 642 days 18 hours ago, Note Category: Discharge summary, Note Description: Report | Text: His oxygen was increased at rehab with some improvement
and was transferred to the ED.  
6. When: 4 days 18 hours ago, Note Category: Radiology, Note Description: NASO-INTESTINAL TUBE PLACEMENT (W/FLUORO) | Text: The patient tolerated the procedure well.
7. When: 3 days 18 hours ago, Note Category: General, Note Description: ICU Event Note | Text: Patient
   voiced his desire not to have a breathing tube put back in.  
8. When: 3 days 18 hours ago, Note Category: General, Note Description: ICU Event Note | Text: Clinician:  Resident
   Met with family and discussed possible need for reintubation.  
9. When: 2 days 18 hours ago, Note Category: Physician, Note Description: Physician Resident Progress Note | Text: There was likely a component of CHF/fluid overload. 
"
88aee8e7-76ed-ae3d-f087-33caf759503a,EHR Completo,"However, his respiratory status remained tenuous, and he required a high level of oxygen to maintain saturation levels. ",Supported,"The reference notes that the patient was requiring a lot of oxygen to maintain saturation levels around 88-90%, indicating a tenuous respiratory status and high oxygen requirement.","Hospital Admission Start: 4 days 21 hours ago
Hospital Admission End: Now
Electronic Health Record Context
Ordered by Time (Earliest to Latest):
1. When: 644 days 18 hours ago, Note Category: Physician, Note Description: Physician Resident Admission Note | Text: The patient was found to
   have an increased oxygen requirement and an o2 sat in the 70s at
   rehab.  
2. When: 642 days 18 hours ago, Note Category: Discharge summary, Note Description: Report | Text: The
patient remained afebrile throughout his hospitalization. 
3. When: 642 days 18 hours ago, Note Category: Discharge summary, Note Description: Report | Text: He is noted
to have chronic CO2 retention. 
4. When: 642 days 18 hours ago, Note Category: Discharge summary, Note Description: Report | Text: On day of admission
the patient was found to have an increased oxygen requirement
and an o2 sat in the 70s at rehab. 
5. When: 642 days 18 hours ago, Note Category: Discharge summary, Note Description: Report | Text: The patient was found to have
an increased oxygen requirement and an o2 sat in the 70s at
rehab.  
6. When: 4 days 18 hours ago, Note Category: Physician, Note Description: Physician Resident Admission Note | Text: He did indicate by nodding that he was short of
   breath.  
7. When: 2 days 18 hours ago, Note Category: Nursing, Note Description: Nursing Progress Note | Text: Requiring a lot of O2 to maintain Sat 88-90%.
   
8. When: 2 days 18 hours ago, Note Category: Physician, Note Description: Physician Resident Progress Note | Text: There was likely a component of CHF/fluid overload. 
"
77617ffa-4bc8-ccfd-3af6-4eb31453c231,EHR Completo,"The patient's code status was changed to ""Do Not Intubate"" (DNI) after a discussion with his family. ",Supported,"The reference notes that the patient stated he does not want to be reintubated and the family is in agreement, with the clinician meeting the family to discuss possible reintubation, supporting that the code status was changed to DNI after family discussion.","Hospital Admission Start: 4 days 21 hours ago
Hospital Admission End: Now
Electronic Health Record Context
Ordered by Time (Earliest to Latest):
1. When: 644 days 18 hours ago, Note Category: Nursing, Note Description: Nursing Progress Note | Text: NPO as if resp status worstens and there is need for intubation. 
2. When: 642 days 18 hours ago, Note Category: Discharge summary, Note Description: Report | Text: Code - On arrival to the ED the patient had requested that he
would like his code status to be changed from DNR to Full Code.

3. When: 4 days 18 hours ago, Note Category: Nursing, Note Description: Nursing Progress Note | Text: DNR/DNI status reversed per pt
s son. 
4. When: 4 days 18 hours ago, Note Category: Physician, Note Description: Physician Resident Admission Note | Text: The patient was placed on BiPAP to help
   with his breathing, as he was reportedly DNR/DNI at his nursing home.
   
5. When: 3 days 18 hours ago, Note Category: Nursing, Note Description: Nursing Progress Note | Text: PT MORE AWAKE ,TAKING CL LIQUIDS.INTERACTING APPROPRIATELY CFAMILY,PT
   STATE HE DOES NOT WANT TO BE REINTUBATED,FAMILY IS IN AGREEMENT  .HE IS
   ANXIOUS TO FIND HIS EYEGLASSES.HE BELIEVES HE WAS ADMITTED TO HOSPITAL
   C THEM.ADMISSION FORM STATES HE HAD NO VALUABLES . 
6. When: 3 days 18 hours ago, Note Category: General, Note Description: ICU Event Note | Text: Patient
   voiced his desire not to have a breathing tube put back in.  
7. When: 3 days 18 hours ago, Note Category: General, Note Description: ICU Event Note | Text: Clinician:  Resident
   Met with family and discussed possible need for reintubation.  
"
03c42051-6f07-5fe4-1dfa-69d51462c0ee,EHR Completo,"The patient, a 90+ year-old man with a history of CAD, CHF, OSA, and AF, was admitted to the ICU with increased respiratory distress. ",Supported,"The reference notes the patient is an old man with a history of CAD, CHF, OSA, and AF, and documents respiratory distress and CHF, supporting the text's statement about ICU admission with increased respiratory distress.","Hospital Admission Start: 4 days 21 hours ago
Hospital Admission End: Now
Electronic Health Record Context
Ordered by Time (Earliest to Latest):
1. When: 642 days 18 hours ago, Note Category: Discharge summary, Note Description: Report | Text: Acute on Chronic Diastolic CHF - On admission the patient had
evidence of volume overload with LE edema, elevated JVP and
pulmonary crackles. 
2. When: 5 days 18 hours ago, Note Category: Physician, Note Description: Cardiology fellow CCU admit note | Text: COPD, 2nd degree heart block
   s/p PPM, OSA, DVT/AF on coumadin here with respiratory distress and
   CHF. 
3. When: 3 days 18 hours ago, Note Category: Physician, Note Description: Physician Resident Progress Note | Text: Likely a component of
   CHF/fluid overload. 
4. When: 2 days 18 hours ago, Note Category: Nursing, Note Description: Nursing Progress Note | Text: old man w/ h/o CAD ,  CHF (last EF>55% w/o diastolic
   dysfunction on doppler in [**2168**]), OSA, 2nd degree AVB s/p dual chamber
   [**Company 2375**] PPM in [**2167**], recurrent pneumonia and bronchitis, htn, h/o DVT
   and AF on Coumadin. 
5. When: 2 days 18 hours ago, Note Category: Physician, Note Description: Physician Resident Progress Note | Text: There was likely a component of CHF/fluid overload. 
6. When: 2 days 18 hours ago, Note Category: Nursing, Note Description: Nursing Transfer Note | Text: old man w/ h/o CAD ,  CHF (last EF>55% w/o diastolic
   dysfunction on doppler in [**2168**]), OSA, 2nd degree AVB s/p dual chamber
   [**Company 2375**] PPM in [**2167**], recurrent pneumonia and bronchitis, htn, h/o DVT
   and AF on Coumadin.
"
02806104-d643-9e2c-49dc-6afe7e155979,EHR Completo,"Initial evaluation revealed moderate cardiomegaly, low lung volumes, a small left pleural effusion, and increased interstitial lung markings consistent with mild pulmonary edema. ",Supported,"The reference notes moderate cardiomegaly, low lung volumes, a small left pleural effusion, and increased interstitial lung markings consistent with mild pulmonary edema, fully supporting the text.","Hospital Admission Start: 4 days 21 hours ago
Hospital Admission End: Now
Electronic Health Record Context
Ordered by Time (Earliest to Latest):
1. When: 5 days 18 hours ago, Note Category: Radiology, Note Description: CHEST (PORTABLE AP) | Text: Increased interstitial lung markings
 and perihilar opacities consistent with mild pulmonary edema is noted.  
2. When: 5 days 18 hours ago, Note Category: Radiology, Note Description: CHEST (PORTABLE AP) | Text: IMPRESSION:  Pulmonary edema with left pleural effusion.



3. When: 5 days 18 hours ago, Note Category: Radiology, Note Description: CHEST (PORTABLE AP) | Text: There is moderate
 cardiomegaly.
4. When: 5 days 18 hours ago, Note Category: Radiology, Note Description: CHEST (PORTABLE AP) | Text: There is a small left pleural
 effusion with associated atelectasis.  
5. When: 5 days 18 hours ago, Note Category: Radiology, Note Description: CHEST (PORTABLE AP) | Text: There are low lung volumes.  
6. When: 4 days 18 hours ago, Note Category: Radiology, Note Description: CHEST (PORTABLE AP) | Text: Mild
 indistinctness of pulmonary vessels is again consistent with elevated
 pulmonary venous pressure.
7. When: 4 days 18 hours ago, Note Category: Echo, Note Description: Report | Text: There is mild symmetric left ventricular hypertrophy. 
8. When: 3 days 18 hours ago, Note Category: Radiology, Note Description: CHEST (PORTABLE AP) | Text: There is improved
 mild pulmonary edema.  
9. When: 3 days 18 hours ago, Note Category: Radiology, Note Description: CHEST (PORTABLE AP) | Text: IMPRESSION:

 Improvement in mild pulmonary edema with unchanged left lower lobe
 atelectasis.



10. When: 1 days 18 hours ago, Note Category: Radiology, Note Description: CHEST (PORTABLE AP) | Text: There is mild
 atelectasis at the lung bases.  
"
b505de32-fd7e-b7b7-e524-0f7da5c4130b,EHR Completo,"He was treated with lasix, IV antibiotics, and BiPAP, but his condition worsened, and he was intubated due to high PCo2 levels. ",Supported,"The reference states the patient was treated with lasix, IV antibiotics, and BiPAP, had elevated CO2 levels, and was ultimately intubated due to worsening respiratory status and high PCo2 (93), which fully supports the text.","Hospital Admission Start: 4 days 21 hours ago
Hospital Admission End: Now
Electronic Health Record Context
Ordered by Time (Earliest to Latest):
1. When: 644 days 18 hours ago, Note Category: Physician, Note Description: Physician Attending Admission Note | Text: ED: T 101.8, got bipap for elevated CO2, Vanc and Cefepime,
   methyprednisolone
   ICU: c/o SOB and water in lungs due to pneumonia. 
2. When: 642 days 18 hours ago, Note Category: Discharge summary, Note Description: Report | Text: The patient was continued on
lasix with subsequent improvement in respiratory status. 
3. When: 642 days 18 hours ago, Note Category: Discharge summary, Note Description: Report | Text: You were treated with IV lasix.

4. When: 642 days 18 hours ago, Note Category: Discharge summary, Note Description: Report | Text: In
the Ed the patient was found to have t 101.8 An ABG showed CO2
retention and was then started on CPAP.  
5. When: 4 days 18 hours ago, Note Category: Physician, Note Description: Physician Resident Admission Note | Text: Here, he has been treated with lasix, morphine, and nitro gtt.
   
6. When: 4 days 18 hours ago, Note Category: Physician, Note Description: Physician Resident Progress Note | Text: Chief Complaint:
   24 Hour Events:
   - pt's respiratory status did not improve with adjustment of his BiPAP,
   ultimately resulting in intubation/mechanical ventilation
   Allergies:
   Penicillins
   itching;
   Levofloxacin
   Rash;
   Phenazopyridine
   Unknown;
   Last dose of Antibiotics:
   Infusions:
   Dopamine - 6 mcg/Kg/min
   Other ICU medications:
   Furosemide (Lasix) - [**2171-3-7**]
7. When: 4 days 18 hours ago, Note Category: Nursing, Note Description: Nursing Progress Note | Text: Repeat ABG: PCo2 still 93
   Intubated at 0445, Sxn
d for thick secretions. 
"
0aeffdfc-7aa0-e9ef-17dd-4d16806886d1,EHR Completo,"The patient was then placed on mechanical ventilation, sedation, and peripheral dopamine for BP support. ",Supported,"The reference states that peripheral dopamine was started for BP support and mentions sedation and ventilation (intubation), supporting the text that the patient was placed on mechanical ventilation, sedation, and peripheral dopamine for BP support.","Hospital Admission Start: 4 days 21 hours ago
Hospital Admission End: Now
Electronic Health Record Context
Ordered by Time (Earliest to Latest):
1. When: 4 days 18 hours ago, Note Category: Nursing, Note Description: Nursing Progress Note | Text: Peripheral Dopamine started for BP
   support, 400cc ivf given in total.
          
2. When: 4 days 18 hours ago, Note Category: Physician, Note Description: Physician Resident Admission Note | Text: The patient was placed on BiPAP to help
   with his breathing, as he was reportedly DNR/DNI at his nursing home.
   
3. When: 4 days 18 hours ago, Note Category: Physician, Note Description: Physician Resident Progress Note | Text: Additional comments:
   Intubated
   Diuresing today and intention to remove peripheral dopamine
   no evidence of ischemia.
   
4. When: 4 days 18 hours ago, Note Category: Nursing, Note Description: Nursing Progress Note | Text: Peripheral Dopamine started for BP
   support, 400cc ivf given in total.
   
5. When: 4 days 18 hours ago, Note Category: Nursing, Note Description: Nursing Progress Note | Text: dopamine weaned to 4 mic bp  85/54
   Plan:
   CONTINUE TO WEAN DOPAMINE, SEDATION VENT AS TOL
   FOLLOW FLUID STATUS ,repeat lasix
   MONITOR LAB TESTS
6. When: 3 days 18 hours ago, Note Category: Nursing, Note Description: Nursing Progress Note | Text: Response:
   bp tolerating decrease in dopa and decrease in sedation, pt will follow
   commands when turning he will help hold onto railing, he will attempt
   to squeeze hand when asked, he didn
t move legs on bed when asked but
   he does on his own when he is being repositioned. 
7. When: 2 days 18 hours ago, Note Category: Nursing, Note Description: Nursing Progress Note | Text: Peripheral Dopamine started for BP
   support, 400cc ivf given in total.
8. When: 2 days 18 hours ago, Note Category: Physician, Note Description: Physician Resident Progress Note | Text: There was likely a component of CHF/fluid overload. 
"
efc45fc9-4a7e-c9ac-ad08-6611448f19fd,EHR Completo,"He was treated for a urinary tract infection with nitrofurantoin and was being monitored for fluid balance, cardiac function, and renal function. ",Not Addressed,"The reference mentions treatment with lasix, morphine, and nitro gtt, but does not mention treatment for a urinary tract infection with nitrofurantoin or monitoring of fluid balance, cardiac function, and renal function.","Hospital Admission Start: 4 days 21 hours ago
Hospital Admission End: Now
Electronic Health Record Context
Ordered by Time (Earliest to Latest):
1. When: 642 days 18 hours ago, Note Category: Discharge summary, Note Description: Report | Text: He is
incontinent of urine however based on wt the pt responded with
3kg with loss. 
2. When: 642 days 18 hours ago, Note Category: Discharge summary, Note Description: Report | Text: The patient was given lasix IV. 
3. When: 642 days 18 hours ago, Note Category: Discharge summary, Note Description: Report | Text: The patient was continued on
lasix with subsequent improvement in respiratory status. 
4. When: 642 days 18 hours ago, Note Category: Discharge summary, Note Description: Report | Text: He was continued on his home
medications of digoxin. 
5. When: 4 days 18 hours ago, Note Category: Physician, Note Description: Physician Resident Admission Note | Text: Here, he has been treated with lasix, morphine, and nitro gtt.
   
6. When: 4 days 18 hours ago, Note Category: Physician, Note Description: Physician Resident Admission Note | Text: He was given
   40 mg IV lasix and put out 30-40 cc of urine.  
7. When: 3 days 18 hours ago, Note Category: Nursing, Note Description: Nursing Progress Note | Text: Plan:
   pt diuressed overnight he responded well to lasix,. 
8. When: 2 days 18 hours ago, Note Category: Physician, Note Description: Physician Resident Progress Note | Text: There was likely a component of CHF/fluid overload. 
"
821a8468-cfa8-b9d3-6892-d147ed1d246e,EHR Completo,"The patient's disposition was pending, with consideration for discharge or continued care.",Not Addressed,The reference context does not mention the patient's disposition status or any consideration for discharge or continued care.,"Hospital Admission Start: 4 days 21 hours ago
Hospital Admission End: Now
Electronic Health Record Context
Ordered by Time (Earliest to Latest):
1. When: 642 days 18 hours ago, Note Category: Physician, Note Description: Physician Resident Progress Note | Text: Given pt
s tenious status
   and likely aspiration
 continued on Vanc/cefepime. 
2. When: 642 days 18 hours ago, Note Category: Discharge summary, Note Description: Report | Text: The
patient remained afebrile throughout his hospitalization. 
3. When: 642 days 18 hours ago, Note Category: Discharge summary, Note Description: Report | Text: This issue should be
addressed again following arrival to rehab facility.

4. When: 642 days 18 hours ago, Note Category: Discharge summary, Note Description: Report | Text: Code - On arrival to the ED the patient had requested that he
would like his code status to be changed from DNR to Full Code.

5. When: 4 days 18 hours ago, Note Category: Radiology, Note Description: NASO-INTESTINAL TUBE PLACEMENT (W/FLUORO) | Text: The patient tolerated the procedure well.
6. When: 3 days 18 hours ago, Note Category: Nursing, Note Description: Nursing Progress Note | Text: PT MORE AWAKE ,TAKING CL LIQUIDS.INTERACTING APPROPRIATELY CFAMILY,PT
   STATE HE DOES NOT WANT TO BE REINTUBATED,FAMILY IS IN AGREEMENT  .HE IS
   ANXIOUS TO FIND HIS EYEGLASSES.HE BELIEVES HE WAS ADMITTED TO HOSPITAL
   C THEM.ADMISSION FORM STATES HE HAD NO VALUABLES . 
7. When: 3 days 18 hours ago, Note Category: General, Note Description: ICU Event Note | Text: Nurse present and all in agreement that patient would be DNI
   going forward.
8. When: 3 days 18 hours ago, Note Category: General, Note Description: ICU Event Note | Text: Clinician:  Resident
   Met with family and discussed possible need for reintubation.  
9. When: 3 days 18 hours ago, Note Category: Radiology, Note Description: CHEST (PORTABLE AP) | Text: Patient is rotated.  
"
3d70847e-d1c1-0159-2610-3982a6824064,EHR Completo,He was able to tolerate sips of clear liquids and eventually advanced to a more solid diet. ,Supported,"The reference notes indicate the patient tolerated sips of clear liquids and was encouraged to advance to solids, supporting the text statement.","Hospital Admission Start: 14 days 17 hours ago
Hospital Admission End: Now
Electronic Health Record Context
Ordered by Time (Earliest to Latest):
1. When: 14 days 13 hours ago, Note Category: Physician, Note Description: Intensivist Note | Text: He was admitted, hydrated, and started on PO vanco. 
2. When: 14 days 13 hours ago, Note Category: Nursing, Note Description: Nursing Progress Note | Text: He
   was admitted, hydrated, and started on PO vanco. 
3. When: 14 days 13 hours ago, Note Category: Nursing, Note Description: Nursing Progress Note | Text: He
   was admitted, hydrated, and started on PO vancomycin. 
4. When: 13 days 13 hours ago, Note Category: Nursing, Note Description: Nursing Progress Note | Text: Metabolic acidosis
   has improved slightly. 
5. When: 10 days 13 hours ago, Note Category: Physician, Note Description: Intensivist Note | Text: ?Clears
   Nutrition: Clear liquids, Tolerating sips.  
6. When: 10 days 13 hours ago, Note Category: Physician, Note Description: Intensivist Note | Text: Nutrition: Clear liquids, Tolerating sips.  
7. When: 9 days 13 hours ago, Note Category: Nursing, Note Description: Nursing Transfer Note | Text: Tolerating clear/full liquids well- advance diet as
   tolerated.
                    
8. When: 9 days 13 hours ago, Note Category: Nursing, Note Description: Nursing Transfer Note | Text: Tolerating POs well, denies nausea,
   encouraged to eat solids. 
9. When: 6 days 13 hours ago, Note Category: Radiology, Note Description: PICC W/O PORT | Text: The patient tolerated the procedure well. 
"
470c70f2-37d9-011a-07e1-75b28fb4223a,EHR Completo,"The patient's atrial fibrillation was managed with amiodarone and lopressor, and his heart rate and blood pressure were stabilized. ",Supported,"The reference notes multiple administrations of amiodarone and lopressor for atrial fibrillation management, with amiodarone helping control heart rate and conversion to sinus rhythm, and lopressor given; blood pressure was noted to be hypotensive at one point but overall heart rate and rhythm were stabilized.","Hospital Admission Start: 14 days 17 hours ago
Hospital Admission End: Now
Electronic Health Record Context
Ordered by Time (Earliest to Latest):
1. When: 12 days 13 hours ago, Note Category: Nursing, Note Description: Nursing Progress Note | Text: Resident was at the bedside when episode
   occurred and lopressor 10 mg IVP given. 
2. When: 11 days 13 hours ago, Note Category: Physician, Note Description: Intensivist Note | Text: Cont
   amiodarone. 
3. When: 11 days 13 hours ago, Note Category: Physician, Note Description: Cardiology Comprehensive Physician Note | Text: Amiodarone iv was started
   which helped control the heart rate and eventually converted him to
   sinus.  
4. When: 11 days 13 hours ago, Note Category: Nursing, Note Description: Nursing Progress Note | Text: Action:
   PO amiodarone and lopressor given at 1700 after Dr [**First Name (STitle) **] spoke with
   cardiology.  
5. When: 10 days 13 hours ago, Note Category: Nursing, Note Description: Nursing Progress Note | Text: Atrial fibrillation (Afib)
   Assessment:
   Pt in SR w/ rate in the 80-90
s at the beginning of the shift..  Had
   received first PO dose of amiodarone 400mg at 5pm, IV gtt of amio at
   0.5mg/min turned off at 9:30pm  Pt hypotensive at that time with BP as
   low as 75/45.
6. When: 9 days 13 hours ago, Note Category: Physician, Note Description: Intensivist Note | Text: Amiodarone 9. 
7. When: 9 days 13 hours ago, Note Category: Physician, Note Description: Intensivist Note | Text: Cardiovascular: Aspirin, Beta-blocker
 increase to 50 mg tid, Statins,
   Post op AF
 Patient currently in sinus Rhythm. 
8. When: 9 days 13 hours ago, Note Category: Nursing, Note Description: Nursing Progress Note | Text: Amiodarone 400mg [**Hospital1 **].
   
9. When: 9 days 13 hours ago, Note Category: Nursing, Note Description: Nursing Transfer Note | Text: Action:
   Receiving 400mg amiodarone [**Hospital1 **] & 50mg lopressor [**Hospital1 **] for afib.
   
"
8ebcf909-ec3c-8eaa-ed34-489a7af2c68a,EHR Completo,He received physical therapy and antibiotic coverage for his surgical site. ,Supported,"The reference notes physical therapy was provided and the patient was started on PO vancomycin, indicating antibiotic coverage for his surgical site.","Hospital Admission Start: 14 days 17 hours ago
Hospital Admission End: Now
Electronic Health Record Context
Ordered by Time (Earliest to Latest):
1. When: 14 days 13 hours ago, Note Category: Nursing, Note Description: Nursing Progress Note | Text: (had been on antibiotics previously for COPD flare) . 
2. When: 14 days 13 hours ago, Note Category: Nursing, Note Description: Nursing Progress Note | Text: He
   was admitted, hydrated, and started on PO vancomycin. 
3. When: 14 days 13 hours ago, Note Category: Nursing, Note Description: Nursing Progress Note | Text: Arrangements were then made for transfer here by his family
s request
   *********PT TO OR TODAY FOR EX LAP WITH COLECTOMY AND ILEOSTOMY****
   Sepsis,
4. When: 11 days 13 hours ago, Note Category: Physician, Note Description: Cardiology Comprehensive Physician Note | Text: He received a total colectomy with endileostomy on [**2-22**].
5. When: 9 days 13 hours ago, Note Category: Nursing, Note Description: Nursing Progress Note | Text: Action:
   Abdominal wound dressing changed. 
6. When: 9 days 13 hours ago, Note Category: Nursing, Note Description: Nursing Transfer Note | Text: Physical therapy by this am to work with pt.
   
7. When: 6 days 13 hours ago, Note Category: Radiology, Note Description: PICC W/O PORT | Text: The patient tolerated the procedure well. 
8. When: 6 days 13 hours ago, Note Category: Radiology, Note Description: PICC W/O PORT | Text: The procedure was explained to the patient. 
9. When: 6 days 13 hours ago, Note Category: Radiology, Note Description: PICC W/O PORT | Text: The catheter was secured
 to the skin, flushed, and a sterile dressing applied.

 
"
80d33852-8e45-43b1-408c-e9a049b6c682,EHR Completo,"The patient was eventually transferred to a rehabilitation program, where he continued to receive treatment for his various complications, including impaired skin integrity due to a leaking ostomy bag and thrush.

",Not Addressed,"The reference mentions the patient had impaired skin integrity, thrush, and a leaking ostomy bag during hospitalization, but there is no mention of transfer to a rehabilitation program or continuation of treatment there.","Hospital Admission Start: 14 days 17 hours ago
Hospital Admission End: Now
Electronic Health Record Context
Ordered by Time (Earliest to Latest):
1. When: 14 days 13 hours ago, Note Category: Nursing, Note Description: Nursing Progress Note | Text: Arrangements were then made for transfer here by his family
s request
   PMHx:
   HTN
   Perforated Diverticulitis [**6-/2125**] c/b sepsis, respiratory failure, ARF,
   A Fib, multiple abscess formation after colectomy and hartmann
s pouch
   at OSH.
2. When: 14 days 13 hours ago, Note Category: Nursing, Note Description: Nursing Progress Note | Text: Transferred to Dr. 
3. When: 14 days 13 hours ago, Note Category: Nursing, Note Description: Nursing Progress Note | Text: Arrangements were then made for transfer here by his family
s request
   *********PT TO OR TODAY FOR EX LAP WITH COLECTOMY AND ILEOSTOMY****
   Sepsis,
4. When: 13 days 13 hours ago, Note Category: Physician, Note Description: Intensivist Note | Text: Ostomy not
   yet matured -> as per primary team.
   
5. When: 10 days 13 hours ago, Note Category: Nursing, Note Description: Nursing Progress Note | Text: Action:
   Started on nystatin swish and swallow, Vaseline to lips, ostomy bag
   changed and secured.
   
6. When: 10 days 13 hours ago, Note Category: Nursing, Note Description: Nursing Progress Note | Text: Ostomy bag leaking green liquid stool.
   
7. When: 10 days 13 hours ago, Note Category: Nursing, Note Description: Nursing Progress Note | Text: Impaired Skin Integrity
   Assessment:
   Complains of tongue
burning
 and lips
chapped
, hx of thrush with
   last intubation. 
8. When: 6 days 13 hours ago, Note Category: Radiology, Note Description: PICC W/O PORT | Text: The catheter was secured
 to the skin, flushed, and a sterile dressing applied.

 
9. When: 6 days 13 hours ago, Note Category: Radiology, Note Description: PICC W/O PORT | Text: The procedure was explained to the patient. 
10. When: 6 days 13 hours ago, Note Category: Radiology, Note Description: PICC W/O PORT | Text: The patient tolerated the procedure well. 
"
0fdc44f3-34e8-dbf8-82f2-ea42e40665f0,EHR Completo,"During his hospital stay, the patient underwent several imaging studies, including chest X-rays, abdominal X-rays, and an echocardiogram. ",Supported,"The reference mentions chest X-rays (CHEST PA & LAT), abdominal X-rays (ABDOMEN SUPINE & ERECT), and a bedside echocardiogram (ECHO) performed during the hospital stay, supporting the text.","Hospital Admission Start: 14 days 17 hours ago
Hospital Admission End: Now
Electronic Health Record Context
Ordered by Time (Earliest to Latest):
1. When: 15 days 13 hours ago, Note Category: Radiology, Note Description: CHEST PORT. LINE PLACEMENT | Text: FINDINGS:  As compared to the previous examination, an endotracheal tube has
 been placed.  
2. When: 14 days 13 hours ago, Note Category: Physician, Note Description: Intensivist Note | Text: By report CT scan showed
   evidence of colitis.  
3. When: 14 days 13 hours ago, Note Category: Nursing, Note Description: Nursing Progress Note | Text: CT
   scan showed evidence of colitis and stool was positive for C Diff. 
4. When: 13 days 13 hours ago, Note Category: Nursing, Note Description: Nursing Progress Note | Text: Bedside ECHO performed. 
5. When: 8 days 13 hours ago, Note Category: Radiology, Note Description: ABDOMEN (SUPINE & ERECT) | Text: FINDINGS:  Abdominal radiograph, supine and upright views.  
6. When: 8 days 13 hours ago, Note Category: Radiology, Note Description: CHEST (PA & LAT) | Text: Some atelectatic changes and probable pleural fluid are seen at
 the left base.  
7. When: 6 days 13 hours ago, Note Category: Radiology, Note Description: PICC W/O PORT | Text: The procedure was explained to the patient. 
8. When: 6 days 13 hours ago, Note Category: Radiology, Note Description: PICC W/O PORT | Text: Hard copies of ultrasound images were obtained before and immediately after
 establishing intravenous access.
9. When: 6 days 13 hours ago, Note Category: Radiology, Note Description: PICC W/O PORT | Text: The patient tolerated the procedure well. 
"
56ceb3e1-ae47-feff-809c-cfc4675e63d8,EHR Completo,"The patient was treated with antibiotics, vasopressors, and mechanical ventilation, and his condition was closely monitored in the ICU. ",Supported,"The reference states the patient was intubated (mechanical ventilation), started on vasopressors, and given antibiotics (meropenem/flagyl IV and PO vancomycin), and was closely monitored in the ICU.","Hospital Admission Start: 14 days 17 hours ago
Hospital Admission End: Now
Electronic Health Record Context
Ordered by Time (Earliest to Latest):
1. When: 15 days 13 hours ago, Note Category: Radiology, Note Description: CHEST PORT. LINE PLACEMENT | Text: FINDINGS:  As compared to the previous examination, an endotracheal tube has
 been placed.  
2. When: 14 days 13 hours ago, Note Category: Physician, Note Description: Intensivist Note | Text: He was transfered to
   the ICU, intubated, had a central line placed, started on
   vasopressors, and was given 3L IVF and meropenem/flagyl IV.
   
3. When: 14 days 13 hours ago, Note Category: Nursing, Note Description: Nursing Progress Note | Text: He was
   transferred to the ICU, intubated, had a central line placed, started
   on
   vasopressors, and was given 3L IVF and meropenem/flagyl IV.
   
4. When: 14 days 13 hours ago, Note Category: Nursing, Note Description: Nursing Progress Note | Text: He
   was admitted, hydrated, and started on PO vancomycin. 
5. When: 12 days 13 hours ago, Note Category: Nursing, Note Description: Nursing Progress Note | Text: Resident was at the bedside when episode
   occurred and lopressor 10 mg IVP given. 
6. When: 6 days 13 hours ago, Note Category: Radiology, Note Description: PICC W/O PORT | Text: The patient tolerated the procedure well. 
7. When: 6 days 13 hours ago, Note Category: Radiology, Note Description: PICC W/O PORT | Text: The catheter was secured
 to the skin, flushed, and a sterile dressing applied.

 
8. When: 6 days 13 hours ago, Note Category: Radiology, Note Description: PICC W/O PORT | Text: The procedure was explained to the patient. 
"
6440902e-c077-ee3c-c9e7-7d990607e4d6,EHR Completo,"He experienced several complications, including atrial fibrillation and supraventricular tachycardia, but was successfully converted to a normal sinus rhythm with treatment. ",Supported,"The reference documents episodes of supraventricular tachycardia and atrial fibrillation, and notes that treatment with Amiodarone converted the patient to sinus rhythm, fully supporting the text.","Hospital Admission Start: 14 days 17 hours ago
Hospital Admission End: Now
Electronic Health Record Context
Ordered by Time (Earliest to Latest):
1. When: 15 days 13 hours ago, Note Category: ECG, Note Description: Report | Text: Sinus rhythm with borderline sinus tachycardia and atrial premature beats.

2. When: 14 days 13 hours ago, Note Category: ECG, Note Description: Report | Text: Compared to the previous tracing of [**2131-2-21**] cardiac rhythm
is now supraventricular tachycardia.


3. When: 13 days 13 hours ago, Note Category: Nursing, Note Description: Nursing Progress Note | Text: * Pt experienced SVT with runs of Afib last night, whereupon he was
   immediately started on an Amiodarone gtt. 
4. When: 11 days 13 hours ago, Note Category: Physician, Note Description: Cardiology Comprehensive Physician Note | Text: Amiodarone iv was started
   which helped control the heart rate and eventually converted him to
   sinus.  
5. When: 11 days 13 hours ago, Note Category: Physician, Note Description: Cardiology Comprehensive Physician Note | Text: We were consulted to help with the management of this supraventricular
   tachycardia.  
6. When: 11 days 13 hours ago, Note Category: Physician, Note Description: Cardiology Comprehensive Physician Note | Text: Since
   then he developed acute renal failure and narrow complex tachycardia.
7. When: 11 days 13 hours ago, Note Category: Physician, Note Description: Cardiology Comprehensive Physician Note | Text: The
   left atrium is normal in size. 
8. When: 10 days 13 hours ago, Note Category: Nursing, Note Description: Nursing Progress Note | Text: Todays events:
   Atrial fibrillation (Afib)
   Assessment:
   Sinus rhythm rate increased to 120 at 1700 after staff assisted
   standing transfer from chair to bed. 
9. When: 9 days 13 hours ago, Note Category: Echo, Note Description: Report | Text: Conclusions:
The left atrium is normal in size. 
10. When: 6 days 13 hours ago, Note Category: Radiology, Note Description: PICC W/O PORT | Text: The patient tolerated the procedure well. 
"
6d2953ec-9991-971b-a839-a7f35055e62a,EHR Completo,"These studies revealed findings consistent with small-bowel obstruction, left pleural effusion, and mildly thickened aortic and mitral valve leaflets. ",Supported,"The reference includes findings of left pleural effusion from multiple chest radiology reports, mildly thickened aortic and mitral valve leaflets from cardiology and echo reports, and an abdominal radiology report assessing for small-bowel obstruction, supporting the text's summary.","Hospital Admission Start: 14 days 17 hours ago
Hospital Admission End: Now
Electronic Health Record Context
Ordered by Time (Earliest to Latest):
1. When: 14 days 13 hours ago, Note Category: Radiology, Note Description: CHEST (PORTABLE AP) | Text: Increasing moderate left pleural
 effusion.  
2. When: 13 days 13 hours ago, Note Category: Radiology, Note Description: CHEST (PORTABLE AP) | Text: There has been
 interval increase in mild to moderate right and moderate left pleural effusion
 and adjacent atelectasis. 
3. When: 11 days 13 hours ago, Note Category: Radiology, Note Description: CHEST (PORTABLE AP) | Text: The extent of the left-sided pleural
 effusion, combined with the pre-existing left basal and retrocardiac opacity
 have slightly increased.  
4. When: 11 days 13 hours ago, Note Category: Physician, Note Description: Cardiology Comprehensive Physician Note | Text: The mitral valve leaflets are
   mildly thickened. 
5. When: 9 days 13 hours ago, Note Category: Echo, Note Description: Report | Text: AORTIC VALVE: Mildly thickened aortic valve leaflets (3). 
6. When: 9 days 13 hours ago, Note Category: Echo, Note Description: Report | Text: MITRAL VALVE: Mildly thickened mitral valve leaflets. 
7. When: 9 days 13 hours ago, Note Category: Echo, Note Description: Report | Text: The mitral valve leaflets are mildly thickened.

8. When: 9 days 13 hours ago, Note Category: Echo, Note Description: Report | Text: The aortic valve
leaflets (3) are mildly thickened but aortic stenosis is not present. 
9. When: 8 days 13 hours ago, Note Category: Radiology, Note Description: ABDOMEN (SUPINE & ERECT) | Text: Assess for evidence of small-bowel
 obstruction.

 
10. When: 8 days 13 hours ago, Note Category: Radiology, Note Description: CHEST (PA & LAT) | Text: Some atelectatic changes and probable pleural fluid are seen at
 the left base.  
"
ee7cb69e-eb5e-5fe0-8feb-93096ada1190,EHR Completo,"The patient also had a PICC line placed for TPN administration, which was initially misplaced but later corrected. ",Supported,"The reference documents a PICC line placement for TPN administration, notes an initial misplacement with the catheter curling into the axilla, and subsequent confirmation and securing of the catheter, supporting the text's claim.","Hospital Admission Start: 14 days 17 hours ago
Hospital Admission End: Now
Electronic Health Record Context
Ordered by Time (Earliest to Latest):
1. When: 15 days 13 hours ago, Note Category: Radiology, Note Description: CHEST PORT. LINE PLACEMENT | Text: FINDINGS:  As compared to the previous examination, an endotracheal tube has
 been placed.  
2. When: 14 days 13 hours ago, Note Category: Radiology, Note Description: CHEST (PORTABLE AP) | Text: Left subclavian
 catheter tip is in the SVC.  
3. When: 7 days 13 hours ago, Note Category: Radiology, Note Description: CHEST PORT. LINE PLACEMENT | Text: PICC placement was discussed by Dr. 
4. When: 7 days 13 hours ago, Note Category: Radiology, Note Description: CHEST PORT. LINE PLACEMENT | Text: LINE PLACEMENT                                      Clip # [**Clip Number (Radiology) 96730**]
 Reason: r dl picc 45cm
 Admitting Diagnosis: ACUTE RENAL FAILURE
 ______________________________________________________________________________
 [**Hospital 4**] MEDICAL CONDITION:
  73 year old man with picc
 REASON FOR THIS
5. When: 7 days 13 hours ago, Note Category: Radiology, Note Description: CHEST PORT. LINE PLACEMENT | Text: LINE PLACEMENT                                      Clip # [**Clip Number (Radiology) 96730**]
 Reason: r dl picc 45cm
 Admitting Diagnosis: ACUTE RENAL FAILURE
 ______________________________________________________________________________
 [**Hospital 4**] MEDICAL CONDITION:
  73 year old man with picc
 REASON FOR THIS EXAMINATION:
  r dl picc 45cm
 ______________________________________________________________________________
                                  PFI REPORT
 Right PICC catheter coursing towards the lung and then curving around to and
 is directed again laterally terminating in the right axilla.
6. When: 6 days 13 hours ago, Note Category: Radiology, Note Description: PICC W/O PORT | Text: ______________________________________________________________________________
                                 FINAL REPORT
 PICC LINE PLACEMENT

 INDICATION: IV access needed for TPN.

 
7. When: 6 days 13 hours ago, Note Category: Radiology, Note Description: PICC W/O PORT | Text: Position of the catheter was confirmed by a
 fluoroscopic spot film of the chest.

 
8. When: 6 days 13 hours ago, Note Category: Radiology, Note Description: PICC W/O PORT | Text: The procedure was explained to the patient. 
9. When: 6 days 13 hours ago, Note Category: Radiology, Note Description: PICC W/O PORT | Text: The catheter was secured
 to the skin, flushed, and a sterile dressing applied.

 
10. When: 6 days 13 hours ago, Note Category: Radiology, Note Description: PICC W/O PORT | Text: Failed bedside PICC placement, curls into axilla.
"
6f6a9ac3-fb6c-48d7-f5e8-5f06a4741863,EHR Completo,"The patient's condition continued to improve, and he was eventually discharged from the hospital.",Not Addressed,The reference context does not mention the patient being discharged from the hospital or that the condition continued to improve until discharge.,"Hospital Admission Start: 14 days 17 hours ago
Hospital Admission End: Now
Electronic Health Record Context
Ordered by Time (Earliest to Latest):
1. When: 15 days 13 hours ago, Note Category: Radiology, Note Description: CHEST PORT. LINE PLACEMENT | Text: FINDINGS:  As compared to the previous examination, an endotracheal tube has
 been placed.  
2. When: 14 days 13 hours ago, Note Category: Nursing, Note Description: Nursing Progress Note | Text: He
   was admitted, hydrated, and started on PO vancomycin. 
3. When: 14 days 13 hours ago, Note Category: Respiratory, Note Description: Respiratory Care Shift Note | Text: PEEP increased from 5 to 10, FiO2 from 50 to 70%, now weaned back to
   50% but maintained PEEP, ABGs went from combined acidosis to acute
   metabolic acidosis but pH has improved since this morning, patient went
   to OR this morning where he has Ileostomy done, will continues to be
   followed.
4. When: 13 days 13 hours ago, Note Category: Nursing, Note Description: Nursing Progress Note | Text: Metabolic acidosis
   has improved slightly. 
5. When: 10 days 13 hours ago, Note Category: Nutrition, Note Description: Clinical Nutrition Note | Text: Renal function is improved.
   
6. When: 10 days 13 hours ago, Note Category: Nursing, Note Description: Nursing Progress Note | Text: Encouraged patient participation in self care.
   
7. When: 9 days 13 hours ago, Note Category: Rehab Services, Note Description: Physical Therapy Evaluation Note | Text: has stayed on [**Location (un) 506**] with hospital bed previously.
   
8. When: 6 days 13 hours ago, Note Category: Radiology, Note Description: PICC W/O PORT | Text: The patient tolerated the procedure well. 
9. When: 6 days 13 hours ago, Note Category: Radiology, Note Description: PICC W/O PORT | Text: The procedure was explained to the patient. 
10. When: 6 days 13 hours ago, Note Category: Radiology, Note Description: PICC W/O PORT | Text: The catheter was secured
 to the skin, flushed, and a sterile dressing applied.

 
"
f3041856-0d94-18c4-63a6-5d4be3322939,EHR Completo,"The patient, a 73-year-old man, was admitted to the hospital with weakness, lower abdominal pain, and evidence of colitis due to C. difficile infection. ",Supported,"The reference confirms the patient is a 73-year-old man admitted with weakness, lower abdominal pain, and evidence of colitis due to C. difficile infection.","Hospital Admission Start: 14 days 17 hours ago
Hospital Admission End: Now
Electronic Health Record Context
Ordered by Time (Earliest to Latest):
1. When: 15 days 13 hours ago, Note Category: Radiology, Note Description: CT ABDOMEN W/O CONTRAST | Text: ______________________________________________________________________________
                                 FINAL REPORT
 INDICATION:  73-year-old man with C. diff colitis presenting with abdominal
 distention.
2. When: 14 days 13 hours ago, Note Category: Nursing, Note Description: Nursing Progress Note | Text: CT
   scan showed evidence of colitis and stool was positive for C Diff. 
3. When: 14 days 13 hours ago, Note Category: Nursing, Note Description: Nursing Progress Note | Text: 73 male with  weakness and lower abdominal pain presented to outside
   hospital [**2-18**]. 
4. When: 13 days 13 hours ago, Note Category: Nursing, Note Description: Nursing Progress Note | Text: 73M with C.diff colitis, sepsis, resp failure, ARF, toxic megacolon,
   s/p ex lap, total abd colectomy, end ileostomy [**2-22**].
   
5. When: 12 days 13 hours ago, Note Category: Nursing, Note Description: Nursing Progress Note | Text: 73 y.o.m with C.diff colitis, sepsis, resp failure, ARF, toxic
   megacolon, s/p ex lap, total abd colectomy, end ileostomy [**2-22**].
   
6. When: 10 days 13 hours ago, Note Category: Nursing, Note Description: Nursing Progress Note | Text: 73M with C.diff colitis/toxic metacolon, sepsis, resp failure, ARF, s/p
   ex lap, total abd colectomy, end ileostomy [**2-22**].
7. When: 10 days 13 hours ago, Note Category: Nursing, Note Description: Nursing Progress Note | Text: 73M with C.diff colitis/toxic metacolon, sepsis, resp failure, ARF, s/p
   ex lap, total abd colectomy, end ileostomy [**2-22**].
   
"
c8d8da41-6cc9-2153-378b-a3b85e0cae87,EHR Completo,"He developed sepsis, acute respiratory failure, and acute renal failure, requiring transfer to the ICU, intubation, and vasopressor support. ",Supported,"The reference documents sepsis, acute respiratory failure requiring intubation and vasopressor support, and acute renal failure requiring ICU transfer, fully supporting the text.","Hospital Admission Start: 14 days 17 hours ago
Hospital Admission End: Now
Electronic Health Record Context
Ordered by Time (Earliest to Latest):
1. When: 14 days 13 hours ago, Note Category: Physician, Note Description: Intensivist Note | Text: He was transfered to
   the ICU, intubated, had a central line placed, started on
   vasopressors, and was given 3L IVF and meropenem/flagyl IV.
   
2. When: 14 days 13 hours ago, Note Category: Nursing, Note Description: Nursing Progress Note | Text: He was
   transferred to the ICU, intubated, had a central line placed, started
   on
   vasopressors, and was given 3L IVF and meropenem/flagyl IV.
   
3. When: 14 days 13 hours ago, Note Category: Nursing, Note Description: Nursing Progress Note | Text: He quickly
   decompensated becoming hypotensive with respiratory distress.
4. When: 14 days 13 hours ago, Note Category: Radiology, Note Description: CHEST (PORTABLE AP) | Text: Admitting Diagnosis: ACUTE RENAL FAILURE
 ______________________________________________________________________________
 [**Hospital 4**] MEDICAL CONDITION:
  73 year old man with sepsis, acute desat, acidosis.
 
5. When: 14 days 13 hours ago, Note Category: Radiology, Note Description: CHEST (PORTABLE AP) | Text: Admitting Diagnosis: ACUTE RENAL FAILURE
 ______________________________________________________________________________
 [**Hospital 4**] MEDICAL CONDITION:
  73 year old man with sepsis, acute desat, acidosis.
6. When: 11 days 13 hours ago, Note Category: Physician, Note Description: Cardiology Comprehensive Physician Note | Text: Since
   then he developed acute renal failure and narrow complex tachycardia.
7. When: 9 days 13 hours ago, Note Category: Rehab Services, Note Description: Physical Therapy Evaluation Note | Text: developed ARF with acute abdominal distrension and
   respiratory distress requiring intubation and pressors, transferred to
   [**Hospital1 54**] with toxic megacolon,  underwent ex. 
"
b0708132-b608-102e-7fce-b1a5cc9c0be9,EHR Completo,"The patient underwent an exploratory laparotomy, total abdominal colectomy, and end ileostomy due to toxic megacolon. ",Supported,"The reference repeatedly documents the patient with toxic megacolon and status post exploratory laparotomy, total abdominal colectomy, and end ileostomy, fully supporting the text.","Hospital Admission Start: 14 days 17 hours ago
Hospital Admission End: Now
Electronic Health Record Context
Ordered by Time (Earliest to Latest):
1. When: 13 days 13 hours ago, Note Category: Nursing, Note Description: Nursing Progress Note | Text: 73M with C.diff colitis, sepsis, resp failure, ARF, toxic megacolon,
   s/p ex lap, total abd colectomy, end ileostomy [**2-22**].
   
2. When: 12 days 13 hours ago, Note Category: Nursing, Note Description: Nursing Progress Note | Text: 73 y.o.m with C.diff colitis, sepsis, resp failure, ARF, toxic
   megacolon, s/p ex lap, total abd colectomy, end ileostomy [**2-22**].
   
3. When: 11 days 13 hours ago, Note Category: Physician, Note Description: Intensivist Note | Text: TSICU
   HPI:
   73M with C.diff colitis, sepsis, resp failure, ARF, ?toxic megacolon,
   s/p ex lap, total abd colectomy, end ileostomy [**2-22**].
4. When: 11 days 13 hours ago, Note Category: Nursing, Note Description: Nursing Progress Note | Text: 73M with C.diff colitis, sepsis, resp failure, ARF, ?toxic megacolon,
   s/p ex lap, total abd colectomy, end ileostomy [**2-22**].
   
5. When: 10 days 13 hours ago, Note Category: Nursing, Note Description: Nursing Progress Note | Text: 73M with C.diff colitis/toxic metacolon, sepsis, resp failure, ARF, s/p
   ex lap, total abd colectomy, end ileostomy [**2-22**].
6. When: 10 days 13 hours ago, Note Category: Nursing, Note Description: Nursing Progress Note | Text: 73M with C.diff colitis/toxic metacolon, sepsis, resp failure, ARF, s/p
   ex lap, total abd colectomy, end ileostomy [**2-22**].
   
7. When: 9 days 13 hours ago, Note Category: Nursing, Note Description: Nursing Transfer Note | Text: 73 yom with C.diff colitis/toxic metacolon, sepsis, resp failure, ARF,
   s/p ex lap, total abd colectomy & end ileostomy [**2-22**].
   
"
d6166e55-acd2-794d-f6b5-8736fdc3d68c,EHR Completo,"He required close monitoring and management of his various organ dysfunctions, including acute respiratory distress syndrome, sepsis, and acute renal failure. ",Supported,"The reference documents acute renal failure, sepsis with organ dysfunction, and acute respiratory distress syndrome, confirming the text's statement about close monitoring and management of these organ dysfunctions.","Hospital Admission Start: 14 days 17 hours ago
Hospital Admission End: Now
Electronic Health Record Context
Ordered by Time (Earliest to Latest):
1. When: 15 days 13 hours ago, Note Category: Radiology, Note Description: CHEST PORT. LINE PLACEMENT | Text: Admitting Diagnosis: ACUTE RENAL FAILURE
 ______________________________________________________________________________
 [**Hospital 4**] MEDICAL CONDITION:
  73 year old man with resp failure.
 
2. When: 14 days 13 hours ago, Note Category: Radiology, Note Description: CHEST (PORTABLE AP) | Text: Admitting Diagnosis: ACUTE RENAL FAILURE
 ______________________________________________________________________________
 [**Hospital 4**] MEDICAL CONDITION:
  73 year old man with sepsis, acute desat, acidosis.
3. When: 14 days 13 hours ago, Note Category: Radiology, Note Description: CHEST (PORTABLE AP) | Text: Admitting Diagnosis: ACUTE RENAL FAILURE
 ______________________________________________________________________________
 [**Hospital 4**] MEDICAL CONDITION:
  73 year old man with sepsis, acute desat, acidosis.
 
4. When: 14 days 13 hours ago, Note Category: Nursing, Note Description: Nursing Progress Note | Text: He quickly
   decompensated becoming hypotensive with respiratory distress.
5. When: 13 days 13 hours ago, Note Category: Nursing, Note Description: Nursing Progress Note | Text: Renal failure, acute (Acute renal failure, ARF)
   Assessment:
   Slight metabolic acidosis. 
6. When: 11 days 13 hours ago, Note Category: Nursing, Note Description: Nursing Progress Note | Text: Renal failure, acute (Acute renal failure, ARF)
   Assessment:
   Pt w/ brisk u/o throughout the shift.  
7. When: 11 days 13 hours ago, Note Category: Physician, Note Description: Cardiology Comprehensive Physician Note | Text: Since
   then he developed acute renal failure and narrow complex tachycardia.
8. When: 9 days 13 hours ago, Note Category: Physician, Note Description: Intensivist Note | Text: 8 mg/dL
   Assessment and Plan
   ATRIAL FIBRILLATION (AFIB), ACUTE RESPIRATORY DISTRESS SYNDROME (ARDS,
   ACUTE LUNG INJURY, [**Doctor Last Name **]), SUPRAVENTRICULAR TACHYCARDIA (SVT), IMPAIRED
   SKIN INTEGRITY, SEPSIS, SEVERE (WITH ORGAN DYSFUNCTION), RENAL FAILURE,
   ACUTE (ACUTE RENAL FAILURE, ARF),
"
40d22801-e082-ec79-4f1c-15a01deea985,EHR Completo,"The patient's respiratory status improved, and he was weaned off peep according to esophageal balloon pressures. ",Not Supported,The reference notes plans to wean PEEP according to esophageal balloon pressures but does not confirm that the patient's respiratory status improved or that he was actually weaned off PEEP.,"Hospital Admission Start: 14 days 17 hours ago
Hospital Admission End: Now
Electronic Health Record Context
Ordered by Time (Earliest to Latest):
1. When: 15 days 13 hours ago, Note Category: Radiology, Note Description: CHEST PORT. LINE PLACEMENT | Text: FINDINGS:  As compared to the previous examination, an endotracheal tube has
 been placed.  
2. When: 14 days 13 hours ago, Note Category: Respiratory, Note Description: Respiratory Care Shift Note | Text: PEEP increased from 5 to 10, FiO2 from 50 to 70%, now weaned back to
   50% but maintained PEEP, ABGs went from combined acidosis to acute
   metabolic acidosis but pH has improved since this morning, patient went
   to OR this morning where he has Ileostomy done, will continues to be
   followed.
3. When: 13 days 13 hours ago, Note Category: Nursing, Note Description: Nursing Progress Note | Text: wean peep tomorrow
   according to esophageal balloon pressures. 
4. When: 13 days 13 hours ago, Note Category: Nursing, Note Description: Nursing Progress Note | Text: Action:
   ARDS NET protocol, esophageal balloon placed to optimize vent settings,
   peep increased to 15, no other vent settings changes made today. 
5. When: 12 days 13 hours ago, Note Category: Physician, Note Description: Intensivist Note | Text: Esophageal balloon placed and PEEP increased to 15.
   
6. When: 12 days 13 hours ago, Note Category: Physician, Note Description: Intensivist Note | Text: Esophageal balloon placed and PEEP increased to 15.
   decr PEEP to 10.
   
7. When: 11 days 13 hours ago, Note Category: Physician, Note Description: Intensivist Note | Text: Esophageal balloon placed and PEEP increased to
   15.  
8. When: 10 days 13 hours ago, Note Category: Radiology, Note Description: CHEST (PORTABLE AP) | Text: There has been interval
 removal of endotracheal tube, NG tube.
9. When: 6 days 13 hours ago, Note Category: Radiology, Note Description: PICC W/O PORT | Text: The patient tolerated the procedure well. 
"
cec4b973-165c-6d31-605d-ec76369b6e01,EHR Completo,His renal function also improved with hydration and electrolyte repletion. ,Supported,"The reference notes indicate that the patient was hydrated and renal function improved over time, with creatinine levels improving and renal function noted as improved, supporting the statement that renal function improved with hydration and electrolyte repletion.","Hospital Admission Start: 14 days 17 hours ago
Hospital Admission End: Now
Electronic Health Record Context
Ordered by Time (Earliest to Latest):
1. When: 14 days 13 hours ago, Note Category: Physician, Note Description: Intensivist Note | Text: He was admitted, hydrated, and started on PO vanco. 
2. When: 14 days 13 hours ago, Note Category: Nursing, Note Description: Nursing Progress Note | Text: Plan:
   Follow renal function, fluid balance.
   
3. When: 14 days 13 hours ago, Note Category: Nursing, Note Description: Nursing Progress Note | Text: He
   was admitted, hydrated, and started on PO vanco. 
4. When: 14 days 13 hours ago, Note Category: Nursing, Note Description: Nursing Progress Note | Text: He
   was admitted, hydrated, and started on PO vancomycin. 
5. When: 13 days 13 hours ago, Note Category: Nursing, Note Description: Nursing Progress Note | Text: Metabolic acidosis
   has improved slightly. 
6. When: 12 days 13 hours ago, Note Category: Nursing, Note Description: Nursing Progress Note | Text: Response:
   Creatinine improving.
   
7. When: 12 days 13 hours ago, Note Category: Nursing, Note Description: Nursing Progress Note | Text: Plan:
   Cont hydration and monitor fluid status & renal function.
   
8. When: 11 days 13 hours ago, Note Category: Physician, Note Description: Intensivist Note | Text: on CKD resolved,   Currently Cr: 1.7, improved from
   yesterday.  
9. When: 10 days 13 hours ago, Note Category: Nutrition, Note Description: Clinical Nutrition Note | Text: Renal function is improved.
   
"
dabd045e-4883-f56d-c62d-d1f61d998a77,EHR Completo,"The patient's ileostomy was surgically revised at the bedside, with improved output and appearance.

",Not Supported,The reference mentions plans and attempts to mature (open) the ileostomy at the bedside but does not state that the ileostomy was surgically revised at the bedside or that there was improved output and appearance.,"Hospital Admission Start: 14 days 17 hours ago
Hospital Admission End: Now
Electronic Health Record Context
Ordered by Time (Earliest to Latest):
1. When: 13 days 13 hours ago, Note Category: Nursing, Note Description: Nursing Progress Note | Text: Ileostomy red with
   minimal bloody drainage. 
2. When: 13 days 13 hours ago, Note Category: Nursing, Note Description: Nursing Progress Note | Text: [**Last Name (STitle) 1924**] will mature (open) ileostomy at bedside. 
3. When: 12 days 13 hours ago, Note Category: Physician, Note Description: Intensivist Note | Text: Ileostomy site to be matured. 
4. When: 12 days 13 hours ago, Note Category: Nursing, Note Description: Nursing Progress Note | Text: [**Last Name (STitle) 1924**] will
   mature (open) ileostomy at bedside today. 
5. When: 11 days 13 hours ago, Note Category: Physician, Note Description: Intensivist Note | Text: mature ostomy at bedside
   Nutrition: NPO. 
6. When: 11 days 13 hours ago, Note Category: Physician, Note Description: Cardiology Comprehensive Physician Note | Text: He received a total colectomy with endileostomy on [**2-22**].
7. When: 8 days 13 hours ago, Note Category: Radiology, Note Description: ABDOMEN (SUPINE & ERECT) | Text: An ileostomy is seen in the right lower quadrant.
 
8. When: 6 days 13 hours ago, Note Category: Radiology, Note Description: PICC W/O PORT | Text: The procedure was explained to the patient. 
9. When: 6 days 13 hours ago, Note Category: Radiology, Note Description: PICC W/O PORT | Text: The patient tolerated the procedure well. 
"
8fa271c1-d792-8460-5bd0-772e53ef860f,EHR Completo,"The patient was extubated and transitioned to nasal cannula oxygen, and his pain was managed with Dilaudid PCA. ",Supported,"The reference shows the patient had an endotracheal tube removed (extubated) and pain was managed with Dilaudid PCA before transitioning to oral Percocet, supporting the text that the patient was extubated and pain managed with Dilaudid PCA.","Hospital Admission Start: 14 days 17 hours ago
Hospital Admission End: Now
Electronic Health Record Context
Ordered by Time (Earliest to Latest):
1. When: 15 days 13 hours ago, Note Category: Radiology, Note Description: CHEST PORT. LINE PLACEMENT | Text: FINDINGS:  As compared to the previous examination, an endotracheal tube has
 been placed.  
2. When: 10 days 13 hours ago, Note Category: Radiology, Note Description: CHEST (PORTABLE AP) | Text: There has been interval
 removal of endotracheal tube, NG tube.
3. When: 10 days 13 hours ago, Note Category: Radiology, Note Description: CHEST (PORTABLE AP) | Text: There has been
  interval removal of endotracheal tube, NG tube.
4. When: 10 days 13 hours ago, Note Category: Radiology, Note Description: CHEST (PORTABLE AP) | Text: There has been
 interval removal of endotracheal tube, NG tube.
5. When: 10 days 13 hours ago, Note Category: Physician, Note Description: Intensivist Note | Text: Neurologic: Pain controlled, Dilaudid PCA.
   
6. When: 10 days 13 hours ago, Note Category: Physician, Note Description: Intensivist Note | Text: Neurologic: Pain controlled, Dilaudid PCA.
7. When: 9 days 13 hours ago, Note Category: Physician, Note Description: Intensivist Note | Text: Neurologic: Pain controlled, Continue Diluadid PCA
   Cardiovascular: Aspirin, Beta-blocker, Statins, Patient currently in
   sinus Rhythm.
8. When: 9 days 13 hours ago, Note Category: Physician, Note Description: Intensivist Note | Text: Neurologic: Pain well controlled, Change Diluadid PCA to percocet PO.
9. When: 9 days 13 hours ago, Note Category: Nursing, Note Description: Nursing Transfer Note | Text: Action:
   Dilaudid PCA discontinued & pt started on PO percocet prn with adequate
   relief of abd discomfort secondary to incision. 
10. When: 6 days 13 hours ago, Note Category: Radiology, Note Description: PICC W/O PORT | Text: The procedure was explained to the patient. 
"
09de3dba-0c11-dd06-509a-2b7edcc0778c,So Admissao,"The patient's heart failure improved, and he was transferred to the floor for continued management.",Supported,The reference notes that the heart failure is improving and that the patient was transferred to the floor for continued management.,"Hospital Admission Start: 3 days 1 hours ago
Hospital Admission End: Now
Electronic Health Record Context
Ordered by Time (Earliest to Latest):
1. When: 3 days 12 hours ago, Note Category: Physician, Note Description: Physician Resident Admission Note | Text: Patient admitted from: [**Hospital1 54**] ER
   History obtained from Patient,
2. When: 3 days 12 hours ago, Note Category: Physician, Note Description: Physician Resident Admission Note | Text: PUMP: Patient with known hypertensive cardiomyopathy followed by Dr.
   
3. When: 3 days 12 hours ago, Note Category: Physician, Note Description: Physician Resident Admission Note | Text: On arrival to CCU, patient sedated, but able to respond to questions
   appropriately, denied chest pain. 
4. When: 3 days 12 hours ago, Note Category: Physician, Note Description: Physician Resident Admission Note | Text: Patient looks volume overloaded on exam, with JVD,
   effusions in CXR, LE edema, and possible ascites.
5. When: 3 days 12 hours ago, Note Category: Echo, Note Description: Report | Text: Conclusions:
The left atrium is mildly dilated. 
6. When: 2 days 12 hours ago, Note Category: Physician, Note Description: Physician Resident Admission Note | Text: On arrival to CCU, patient sedated, but able to respond to questions
   appropriately, denied chest pain.
7. When: 2 days 12 hours ago, Note Category: Physician, Note Description: Physician Resident Admission Note | Text: Patient looks volume overloaded
   on exam, with JVD, effusions in CXR, LE edema, and possible ascites.
8. When: 2 days 12 hours ago, Note Category: Physician, Note Description: Cardiology Teaching Physician Note | Text: I would add the following remarks:
   Medical Decision Making
   Heart failure improving.  
9. When: 2 days 12 hours ago, Note Category: Physician, Note Description: Cardiology Teaching Physician Note | Text: Transfer to floor.

10. When: 2 days 12 hours ago, Note Category: Physician, Note Description: Cardiology Teaching Physician Note | Text: CHF
   education.  
"
70ce4073-6067-eaa6-42d2-1b37067d78e1,So Admissao,"He was educated on fluid and sodium restriction, and a diet consultation was recommended to manage his condition.",Supported,"The reference notes multiple instances of education on fluid and sodium restriction and recommendations for diet management, including explanations and reinforcement of fluid restriction and low-salt diet.","Hospital Admission Start: 3 days 1 hours ago
Hospital Admission End: Now
Electronic Health Record Context
Ordered by Time (Earliest to Latest):
1. When: 3 days 12 hours ago, Note Category: General, Note Description: Generic Note | Text: Per wife, patient has been eating corn beef and has been noncompliant
   with fluid restriction.
2. When: 2 days 12 hours ago, Note Category: Physician, Note Description: Physician Resident Admission Note | Text: Had history of recent diet and fluid restriction noncompliance as
   inciting factor for decompensated heart failure
   - diuresis as above with goal 1-2L out overnight
   - continue nitro gtt for now, wean down as tolerated
   - continue digoxin, check dig level in AM
   - continue lisinopril
   - fluid restriction, strict I/Os, daily weights
   - has appointment with Dr. 
3. When: 2 days 12 hours ago, Note Category: Nursing, Note Description: Nursing Progress Note | Text: Action:
   Explained reasoning for fluid restriction and sodium restriction.
   
4. When: 2 days 12 hours ago, Note Category: Nursing, Note Description: Nursing Progress Note | Text: Response:
   Cont to request water after explanation
   Plan:
   Needs reinforcement of fluid restriction/lasix therapy.  
5. When: 2 days 12 hours ago, Note Category: Physician, Note Description: Physician Resident Progress Note | Text: [**First Name (STitle) **]
   -          Fluid restriction; low-salt diet
   #.
6. When: 2 days 12 hours ago, Note Category: Physician, Note Description: Physician Resident Progress Note | Text: FEN: Low-salt diet; fluid restriction
   ACCESS: 2 PIV's
   PROPHYLAXIS:
   -DVT ppx: INR supratherapeutic
   -Pain management with
   -Bowel regimen with colace,
7. When: 2 days 12 hours ago, Note Category: Nursing, Note Description: Nursing Transfer Note | Text: Response:
   Cont to request water after explanation
   Plan:
   Needs reinforcement of fluid restriction/lasix therapy.   
8. When: 2 days 12 hours ago, Note Category: Nursing, Note Description: Nursing Transfer Note | Text: Also stating that he probably
   had too much sodium in already prepared potatoe salad and coleslaw.
   
"
4b4e8250-626b-1027-65d2-297bd69856b1,So Admissao,"The patient was admitted with symptoms of decompensated heart failure, including shortness of breath, nausea, vomiting, and fatigue. ",Not Supported,"The reference supports admission for decompensated heart failure with symptoms like fatigue and dyspnea, volume overload signs, and elevated BNP, but it does not mention nausea or vomiting as symptoms.","Hospital Admission Start: 3 days 1 hours ago
Hospital Admission End: Now
Electronic Health Record Context
Ordered by Time (Earliest to Latest):
1. When: 3 days 12 hours ago, Note Category: Physician, Note Description: Physician Resident Admission Note | Text: Patient had recent admission to [**Hospital1 **] [**Location (un) 1415**] [**Date range (1) 9109**]/09 for fatigue, body
   aches, and dyspnea. 
2. When: 3 days 12 hours ago, Note Category: Physician, Note Description: Physician Resident Admission Note | Text: Cards consult called, plan for admit to CCU for
   likely decompensated heart failure. 
3. When: 3 days 12 hours ago, Note Category: Physician, Note Description: Physician Resident Admission Note | Text: Patient looks volume overloaded on exam, with JVD,
   effusions in CXR, LE edema, and possible ascites.
4. When: 3 days 12 hours ago, Note Category: Echo, Note Description: Report | Text: PATIENT/TEST INFORMATION:
Indication: Congestive heart failure. 
5. When: 2 days 12 hours ago, Note Category: Physician, Note Description: Physician Resident Admission Note | Text: Cards consult
   called, plan for admit to CCU for likely decompensated heart failure.
   
6. When: 2 days 12 hours ago, Note Category: Physician, Note Description: Physician Resident Admission Note | Text: Patient looks volume overloaded
   on exam, with JVD, effusions in CXR, LE edema, and possible ascites.
7. When: 2 days 12 hours ago, Note Category: Physician, Note Description: Physician Resident Admission Note | Text: Exam,
   CXR, elevated BNP of >1000, and recent history of diet noncompliance
   points to decompensated heart failure as most likely etiology. 
8. When: 2 days 12 hours ago, Note Category: Physician, Note Description: Physician Resident Progress Note | Text: Decompensated heart failure:  Known systolic dysfunction, with
   decompensation likely related to dietary indiscretion. 
"
9a502f59-2a91-0d5a-e344-996a62799d34,So Admissao,He was intubated in the emergency department due to low oxygen saturation and transferred to the cardiac care unit (CCU) for further management. ,Supported,"The reference states the patient was intubated in the ED due to tachypnea and hypoxia with oxygen saturations of 80%, and then transferred to the CCU for further management, supporting the text.","Hospital Admission Start: 3 days 1 hours ago
Hospital Admission End: Now
Electronic Health Record Context
Ordered by Time (Earliest to Latest):
1. When: 3 days 12 hours ago, Note Category: Physician, Note Description: Physician Resident Admission Note | Text: On arrival to CCU, patient sedated, but able to respond to questions
   appropriately, denied chest pain. 
2. When: 3 days 12 hours ago, Note Category: Physician, Note Description: Physician Resident Admission Note | Text: Patient admitted from: [**Hospital1 54**] ER
   History obtained from Patient,
3. When: 3 days 12 hours ago, Note Category: General, Note Description: Generic Note | Text: Patient intubated in ED.
   
4. When: 2 days 12 hours ago, Note Category: Physician, Note Description: Physician Resident Admission Note | Text: On arrival to CCU, patient sedated, but able to respond to questions
   appropriately, denied chest pain.
5. When: 2 days 12 hours ago, Note Category: Physician, Note Description: Physician Resident Admission Note | Text: Respiratory failure: Intubated in ED for tachypnea, hypoxia. 
6. When: 2 days 12 hours ago, Note Category: Physician, Note Description: Cardiology Teaching Physician Note | Text: Now extubated.  
7. When: 2 days 12 hours ago, Note Category: Nursing, Note Description: Nursing Transfer Note | Text: Easily extubated after diuresis in CCU.
   
8. When: 2 days 12 hours ago, Note Category: Nursing, Note Description: Nursing Transfer Note | Text: O2 sats
   in ED 80
s and pt tachypneic pt electively intubated. 
"
4b774746-da01-966c-301c-709f13b5e6e8,So Admissao,"After administration of IV lasix, the patient experienced brisk diuresis and was successfully extubated. ",Supported,"The reference notes indicate brisk diuresis after IV lasix administration and that the patient was easily extubated after diuresis, supporting the text statement.","Hospital Admission Start: 3 days 1 hours ago
Hospital Admission End: Now
Electronic Health Record Context
Ordered by Time (Earliest to Latest):
1. When: 3 days 12 hours ago, Note Category: Physician, Note Description: Physician Resident Admission Note | Text: - Diuresis with IV lasix - given 100mg IV lasix bolus with goal I/O of
   1-2L out
   - Wean down ventilatory support, with goal to extubate
   - Follow white count, fever curve - can draw cultures, get sputum,
   repeat CXR if patient still with infiltrate, hypoxia s/p diuresis
   .
   
2. When: 3 days 12 hours ago, Note Category: General, Note Description: Generic Note | Text: -Diuresis with IV lasix
   -Extubation
   -continue home medications otherwise- asa, bblocker, ace inhibitor,
   statin
   -check dig level
3. When: 3 days 12 hours ago, Note Category: Nursing, Note Description: Nursing Progress Note | Text: Trial of CPAP/PS
   Response:
   Brisk diuresis from lasix. 
4. When: 3 days 12 hours ago, Note Category: Nursing, Note Description: Nursing Progress Note | Text: Action:
   Given lasix 100mg IV. 
5. When: 3 days 12 hours ago, Note Category: Nursing, Note Description: Nursing Progress Note | Text: Lasix held in ED
   d/t BP. 
6. When: 2 days 12 hours ago, Note Category: Physician, Note Description: Physician Resident Admission Note | Text: - Diuresis with IV lasix - given 100mg IV lasix bolus with goal I/O of
   1-2L out
   - Wean down ventilatory support, with goal to extubate tonight
   - Follow white count, fever curve - can draw cultures, get sputum,
   repeat CXR if patient still with infiltrate, hypoxia s/p diuresis
   .
   
7. When: 2 days 12 hours ago, Note Category: Nursing, Note Description: Nursing Progress Note | Text: Response:
   Cont to request water after explanation
   Plan:
   Needs reinforcement of fluid restriction/lasix therapy.  
8. When: 2 days 12 hours ago, Note Category: Nursing, Note Description: Nursing Transfer Note | Text: Easily extubated after diuresis in CCU.
   
9. When: 2 days 12 hours ago, Note Category: Nursing, Note Description: Nursing Transfer Note | Text: Response:
   Cont to request water after explanation
   Plan:
   Needs reinforcement of fluid restriction/lasix therapy.   
"
965a1c36-dfa1-8d46-c841-a1a6311a5ca5,So Admissao,He was diagnosed with acute on chronic systolic heart failure and treated with lasix and potassium supplements. ,Supported,"The reference notes the patient has acute on chronic systolic heart failure and documents treatment with lasix and potassium (K+) supplements, supporting the text.","Hospital Admission Start: 3 days 1 hours ago
Hospital Admission End: Now
Electronic Health Record Context
Ordered by Time (Earliest to Latest):
1. When: 3 days 12 hours ago, Note Category: Physician, Note Description: Physician Resident Admission Note | Text: PUMP: Patient with known hypertensive cardiomyopathy followed by Dr.
   
2. When: 3 days 12 hours ago, Note Category: Physician, Note Description: Physician Resident Admission Note | Text: Found to have worsening EF by ECHO, and apical
   thrombus for which he was started on coumadin. 
3. When: 3 days 12 hours ago, Note Category: Nursing, Note Description: Nursing Progress Note | Text: Lasix held in ED
   d/t BP. 
4. When: 3 days 12 hours ago, Note Category: Nursing, Note Description: Nursing Progress Note | Text: Heart failure (CHF), Systolic, Acute on Chronic
   Assessment:
   Tele AV paced. 
5. When: 2 days 12 hours ago, Note Category: Physician, Note Description: Physician Resident Admission Note | Text: Discharged on increased
   dose of lasix and 5 day course of levofloxacin for empiric tx of
   bronchitis/PNA.
   
6. When: 2 days 12 hours ago, Note Category: Nursing, Note Description: Nursing Progress Note | Text: Heart failure (CHF), Systolic, Acute on Chronic
   Assessment:
   Hr 60
s av paced with rare pvc, K+ 3.8 , bp 90-110
s, lungs with
   diminished aeration in r base and at times course on expiration, O2 at
   2lnp with sats in the upper 90
s.  Urine turning pink early in night.
   
7. When: 2 days 12 hours ago, Note Category: Physician, Note Description: Physician Resident Progress Note | Text: Nonetheless, is likely still fairly fluid up (above baseline
   weight)
   -          Lasix 100mg IV this am; reevaluated in afternoon, goal I/O
   -1L
   -          Continue carvedilol, captopril
   -          Patient unable to tolerate spironolactone
   -          CAD management as below
   -          Nutrition consult
   -          Continue digoxin
   -          Outpatient follow-up with Dr. 
8. When: 2 days 12 hours ago, Note Category: Physician, Note Description: Cardiology Teaching Physician Note | Text: I would add the following remarks:
   Medical Decision Making
   Heart failure improving.  
"
06e567a0-81ab-867d-3ef3-6b7c2bd3e16e,So Admissao,The patient showed improvement but still had signs of fluid overload.,Supported,"The reference notes that the patient was volume overloaded initially but later diuresed well overnight and did not have marked signs of fluid overload, indicating improvement but still some signs consistent with fluid overload.","Hospital Admission Start: 3 days 1 hours ago
Hospital Admission End: Now
Electronic Health Record Context
Ordered by Time (Earliest to Latest):
1. When: 3 days 12 hours ago, Note Category: Physician, Note Description: Physician Resident Admission Note | Text: Patient looks volume overloaded on exam, with JVD,
   effusions in CXR, LE edema, and possible ascites.
2. When: 3 days 12 hours ago, Note Category: Physician, Note Description: Physician Resident Admission Note | Text: CXR
   consistent with fluid overload. 
3. When: 2 days 12 hours ago, Note Category: Physician, Note Description: Physician Resident Admission Note | Text: Abdominal girth
   increased over last 2 days, could be related to fluid overload. 
4. When: 2 days 12 hours ago, Note Category: Physician, Note Description: Physician Resident Admission Note | Text: Patient looks volume overloaded
   on exam, with JVD, effusions in CXR, LE edema, and possible ascites.
5. When: 2 days 12 hours ago, Note Category: Physician, Note Description: Physician Resident Admission Note | Text: There is mild symmetric left
   ventricular hypertrophy. 
6. When: 2 days 12 hours ago, Note Category: Nursing, Note Description: Nursing Progress Note | Text: Response:
   Cont to request water after explanation
   Plan:
   Needs reinforcement of fluid restriction/lasix therapy.  
7. When: 2 days 12 hours ago, Note Category: Physician, Note Description: Physician Resident Progress Note | Text: Diuresed well
   overnight and does not have marked signs of fluid overload on exam.
8. When: 2 days 12 hours ago, Note Category: Nursing, Note Description: Nursing Transfer Note | Text: Response:
   Cont to request water after explanation
   Plan:
   Needs reinforcement of fluid restriction/lasix therapy.   
"
13ffe41b-4acc-4878-c0e1-a1fb326b1925,So Admissao,Post-procedure chest X-ray showed the new pacemaker lead in the correct position in the right ventricle. ,Supported,"The reference states that a new pacemaker lead is in appropriate position in the right ventricle and the impression confirms appropriate position of the right-sided pacemaker and lead, supporting the text.","Hospital Admission Start: 1 days 20 hours ago
Hospital Admission End: Now
Electronic Health Record Context
Ordered by Time (Earliest to Latest):
1. When: 2 days 15 hours ago, Note Category: Radiology, Note Description: CHEST (PORTABLE AP) | Text: Unchanged position of the left pectoral pacemaker generator.

 
2. When: 2 days 15 hours ago, Note Category: Radiology, Note Description: CHEST (PORTABLE AP) | Text: ______________________________________________________________________________
                                 FINAL REPORT
 CHEST RADIOGRAPH

 INDICATION:  Pacemaker malfunction, evaluation for lead fracture.

 
3. When: 2 days 15 hours ago, Note Category: Radiology, Note Description: CHEST (PORTABLE AP) | Text: FINDINGS:  As compared to the previous examination, there is an unchanged
 position and course of the pre-existing pacemaker wires.  
4. When: 2 days 15 hours ago, Note Category: Radiology, Note Description: CHEST (PORTABLE AP) | Text: REASON FOR THIS EXAMINATION:
  Evaluate for pacemaker lead fracture.
5. When: 1 days 15 hours ago, Note Category: Physician, Note Description: Physician Resident Progress Note | Text: possible extraction and installation
   of new right sided pacemaker.
   
6. When: 0 days 15 hours ago, Note Category: Radiology, Note Description: CHEST (PA & LAT) | Text: A new pacemaker lead is in appropriate position in the
 right ventricle.
7. When: 0 days 15 hours ago, Note Category: Radiology, Note Description: CHEST (PA & LAT) | Text: PA AND LATERAL CHEST RADIOGRAPH:

 There has been interval replacement of a pacemaker generator overlying the
 right pectoralis.  
8. When: 0 days 15 hours ago, Note Category: Radiology, Note Description: CHEST (PA & LAT) | Text: IMPRESSION:

 Appropriate position of right-sided pacemaker and lead.


9. When: 0 days 15 hours ago, Note Category: Radiology, Note Description: CHEST (PA & LAT) | Text: [**2112-3-2**] 11:47 AM
 CHEST (PA & LAT)                                                Clip # [**Clip Number (Radiology) 30221**]
 Reason: Lead position
 Admitting Diagnosis: COMPLETE HEART BLOCK;MALFUNCTIONING PACEMAKER
 ______________________________________________________________________________
 [**Hospital 2**] MEDICAL CONDITION:
  56 year old man with new right sided pacemaker (single lead),
"
f6a39be5-6974-6a98-6955-cb4dcce9be37,So Admissao,"The patient was stabilized and monitored on telemetry throughout his hospital stay, with no significant complications or changes in his cardiac rhythm.",Not Supported,"The reference indicates the patient was hemodynamically stable and had pacemaker interrogation, but it does not explicitly state that the patient was continuously monitored on telemetry throughout the hospital stay or that there were no significant complications or changes in cardiac rhythm.","Hospital Admission Start: 1 days 20 hours ago
Hospital Admission End: Now
Electronic Health Record Context
Ordered by Time (Earliest to Latest):
1. When: 2 days 15 hours ago, Note Category: Radiology, Note Description: CHEST (PORTABLE AP) | Text: FINDINGS:  As compared to the previous examination, there is an unchanged
 position and course of the pre-existing pacemaker wires.  
2. When: 2 days 15 hours ago, Note Category: Radiology, Note Description: CHEST (PORTABLE AP) | Text: No pleural
 effusions, no pneumonia.



3. When: 2 days 15 hours ago, Note Category: Nursing, Note Description: Nursing Progress Note | Text: Brief RN Admit Note:
   Patient arrived pain-free and hemodynamically stable from [**Hospital 781**]
   Hospital. 
4. When: 2 days 15 hours ago, Note Category: Nursing, Note Description: Nursing Progress Note | Text: Patient settled into bed & EP MD in room to
   interrogate patients pacemaker.

5. When: 2 days 15 hours ago, Note Category: Physician, Note Description: CCU Fellow addendum | Text: Briefly, the patient is a 56 year old man with PMH
   AF s/p AVJ ablation with PPM placement, c/b prior lead displacement,
   who was transferred from [**Hospital 781**] Hospital following episodes of 5
   second pauses on telemetry.  
6. When: 2 days 15 hours ago, Note Category: Physician, Note Description: Physician Resident Admission Note | Text: Currently he denies chest pain, shortness of breath, nausea, dizziness,
   or other symptoms
   Patient admitted from: Transfer from other hospital
   History obtained from
7. When: 2 days 15 hours ago, Note Category: Physician, Note Description: Physician Resident Admission Note | Text: No pericardial effusion.  
8. When: 2 days 15 hours ago, Note Category: Physician, Note Description: Physician Resident Admission Note | Text: The IVC
   appears normal.
   
9. When: 1 days 15 hours ago, Note Category: Nursing, Note Description: Nursing Transfer Note | Text: Response:
   Hemodynamically stable throughout night.
"
1e719e37-46ea-c0f4-6d92-0ec24a414cd2,So Admissao,The patient was admitted to the hospital after experiencing 5-second pauses due to pacemaker malfunction. ,Supported,"The reference states the patient was transferred following episodes of 5-second pauses on telemetry due to pacemaker malfunction, supporting the text that the patient was admitted after experiencing 5-second pauses caused by pacemaker malfunction.","Hospital Admission Start: 1 days 20 hours ago
Hospital Admission End: Now
Electronic Health Record Context
Ordered by Time (Earliest to Latest):
1. When: 2 days 15 hours ago, Note Category: Radiology, Note Description: CHEST (PORTABLE AP) | Text: Admitting Diagnosis: COMPLETE HEART BLOCK;MALFUNCTIONING PACEMAKER
 ______________________________________________________________________________
 [**Hospital 2**] MEDICAL CONDITION:
  56 year old man with pacemaker malfunction.
 
2. When: 2 days 15 hours ago, Note Category: Nursing, Note Description: Nursing Progress Note | Text: Patient settled into bed & EP MD in room to
   interrogate patients pacemaker.

3. When: 2 days 15 hours ago, Note Category: Physician, Note Description: CCU Fellow addendum | Text: Briefly, the patient is a 56 year old man with PMH
   AF s/p AVJ ablation with PPM placement, c/b prior lead displacement,
   who was transferred from [**Hospital 781**] Hospital following episodes of 5
   second pauses on telemetry.  
4. When: 2 days 15 hours ago, Note Category: Physician, Note Description: Physician Resident Admission Note | Text: He was transferred
   to [**Hospital1 54**] for management of his pacemaker dysfunction.
   
5. When: 1 days 15 hours ago, Note Category: Nursing, Note Description: Nursing Progress Note | Text: He was transferred
   to [**Hospital1 54**] for management of his pacemaker dysfunction.
6. When: 1 days 15 hours ago, Note Category: Physician, Note Description: Physician Resident Progress Note | Text: # RHYTHM:  The patient has a history of atrial fibrillation s/p AV
   ablation and is pacemaker dependent.  
7. When: 1 days 15 hours ago, Note Category: Physician, Note Description: Physician Resident Progress Note | Text: TITLE:
   Chief Complaint: Pacemaker malfunction
   24 Hour Events:
   - CXR showed kinked pacer wire, patient's pacer does not capture when
   he moves his arm.
   
"
aaa98c3b-9851-f9a4-8264-5c99ce68ad50,So Admissao,"Initial evaluation revealed intermittent failure to capture and oversensing, leading to pacing inhibition, and the pacemaker was reprogrammed. ",Supported,"The reference clearly states intermittent failure to capture and intermittent oversensing leading to pacing inhibition, and that the pacemaker was reprogrammed, fully supporting the text.","Hospital Admission Start: 1 days 20 hours ago
Hospital Admission End: Now
Electronic Health Record Context
Ordered by Time (Earliest to Latest):
1. When: 2 days 15 hours ago, Note Category: Physician, Note Description: CCU Fellow addendum | Text: He was transferred to [**Hospital1 54**], where
   his PPM was interrogated with normal ventricular lead impedance at 550
   ohms, with intermittent failure to capture and intermittent oversensing
   leading to inhibition of pacing.  
2. When: 2 days 15 hours ago, Note Category: Physician, Note Description: Physician Resident Admission Note | Text: His pacemaker was failing to
   capture when he raised his left arm.
3. When: 1 days 15 hours ago, Note Category: Nursing, Note Description: Nursing Progress Note | Text: Cardiac device malfunction (pacemaker, defibrillator)
   Assessment:
   On arrival to CCU, pacer interrogated by EP which showed normal
   ventricular lead impedence at 550 ohms, intermittent failure to
   capture, & intermittent oversensing leading to inhibition of pacing.
   
4. When: 1 days 15 hours ago, Note Category: Physician, Note Description: Physician Resident Progress Note | Text: His pacemaker was failing to
   capture when he raised his left arm.  
5. When: 1 days 15 hours ago, Note Category: Nursing, Note Description: Nursing Transfer Note | Text: He was known to have a
   pacemaker, but it was not capturing consistently.  
6. When: 1 days 15 hours ago, Note Category: Nursing, Note Description: Nursing Transfer Note | Text: K 3.3
   Action:
   Pacer reprogrammed to R 40 with increased pacing & sensing thresholds.
"
52e15866-21b4-b6b8-740f-d646fea47a6b,So Admissao,"A chest X-ray suggested possible lead migration, and the patient was planned for overnight observation, reversal of anticoagulation, and lead revision surgery the following day. ",Not Supported,"The reference indicates no radiographic evidence of lead fracture or displacement and notes leads in unchanged position; while the plan included overnight observation and lead revision, the chest X-ray did not suggest possible lead migration.","Hospital Admission Start: 1 days 20 hours ago
Hospital Admission End: Now
Electronic Health Record Context
Ordered by Time (Earliest to Latest):
1. When: 2 days 15 hours ago, Note Category: Radiology, Note Description: CHEST (PORTABLE AP) | Text: ______________________________________________________________________________
                                 FINAL REPORT
 CHEST RADIOGRAPH

 INDICATION:  Pacemaker malfunction, evaluation for lead fracture.

 
2. When: 2 days 15 hours ago, Note Category: Radiology, Note Description: CHEST (PORTABLE AP) | Text: REASON FOR THIS EXAMINATION:
  Evaluate for pacemaker lead fracture.
3. When: 2 days 15 hours ago, Note Category: Radiology, Note Description: CHEST (PORTABLE AP) | Text: No current
 radiographic indication for lead fracture.
4. When: 2 days 15 hours ago, Note Category: Physician, Note Description: CCU Fellow addendum | Text: Plan will be
   overnight observation, reversal of anticoagulation, and plan for lead
   revision tomorrow.
5. When: 2 days 15 hours ago, Note Category: Physician, Note Description: CCU Fellow addendum | Text: Briefly, the patient is a 56 year old man with PMH
   AF s/p AVJ ablation with PPM placement, c/b prior lead displacement,
   who was transferred from [**Hospital 781**] Hospital following episodes of 5
   second pauses on telemetry.  
6. When: 2 days 15 hours ago, Note Category: Physician, Note Description: Physician Resident Admission Note | Text: Currently he denies chest pain, shortness of breath, nausea, dizziness,
   or other symptoms
   Patient admitted from: Transfer from other hospital
   History obtained from
7. When: 1 days 15 hours ago, Note Category: Physician, Note Description: Physician Resident Progress Note | Text: 8 mg/dL
   Imaging: [**2-29**] CXR: Leads follow a normal course without evidence of
   fracture, terminating in unchanged position.
   
8. When: 0 days 15 hours ago, Note Category: Radiology, Note Description: CHEST (PA & LAT) | Text: PA AND LATERAL CHEST RADIOGRAPH:

 There has been interval replacement of a pacemaker generator overlying the
 right pectoralis.  
9. When: 0 days 15 hours ago, Note Category: Radiology, Note Description: CHEST (PA & LAT) | Text: The cardiac
 silhouette is mildly enlarged.  
"
07fbfb51-4bbb-3ce1-29b3-59276761aace,So Admissao,The patient underwent successful lead revision in the electrophysiology lab and was found to have a kinked pacer wire causing the malfunction. ,Not Supported,The reference mentions a kinked pacer wire seen on chest X-ray and pacemaker malfunction but does not document a successful lead revision or that the kinked wire was corrected in the electrophysiology lab.,"Hospital Admission Start: 1 days 20 hours ago
Hospital Admission End: Now
Electronic Health Record Context
Ordered by Time (Earliest to Latest):
1. When: 2 days 15 hours ago, Note Category: Radiology, Note Description: CHEST (PORTABLE AP) | Text: REASON FOR THIS EXAMINATION:
  Evaluate for pacemaker lead fracture.
2. When: 2 days 15 hours ago, Note Category: Physician, Note Description: CCU Fellow addendum | Text: He was transferred to [**Hospital1 54**], where
   his PPM was interrogated with normal ventricular lead impedance at 550
   ohms, with intermittent failure to capture and intermittent oversensing
   leading to inhibition of pacing.  
3. When: 2 days 15 hours ago, Note Category: Physician, Note Description: Physician Resident Admission Note | Text: He was transferred
   to [**Hospital1 54**] for management of his pacemaker dysfunction.
   
4. When: 1 days 15 hours ago, Note Category: Nursing, Note Description: Nursing Progress Note | Text: Cardiac device malfunction (pacemaker, defibrillator)
   Assessment:
   On arrival to CCU, pacer interrogated by EP which showed normal
   ventricular lead impedence at 550 ohms, intermittent failure to
   capture, & intermittent oversensing leading to inhibition of pacing.
   
5. When: 1 days 15 hours ago, Note Category: Nursing, Note Description: Nursing Progress Note | Text: He was transferred
   to [**Hospital1 54**] for management of his pacemaker dysfunction.
6. When: 1 days 15 hours ago, Note Category: Physician, Note Description: Physician Resident Progress Note | Text: TITLE:
   Chief Complaint: Pacemaker malfunction
   24 Hour Events:
   - CXR showed kinked pacer wire, patient's pacer does not capture when
   he moves his arm.
   
7. When: 0 days 15 hours ago, Note Category: Radiology, Note Description: CHEST (PA & LAT) | Text: PA AND LATERAL CHEST RADIOGRAPH:

 There has been interval replacement of a pacemaker generator overlying the
 right pectoralis.  
"
fc93687b-a370-ecb6-3ca5-c57d08ca3da4,So Admissao,The patient was eventually stabilized and transferred to the floor for further management and rehabilitation.,Not Addressed,"The reference mentions the patient's complications, response to fluids, and nursing encouragement but does not state that the patient was stabilized and transferred to the floor for further management and rehabilitation.","Hospital Admission Start: 6 days 0 hours ago
Hospital Admission End: Now
Electronic Health Record Context
Ordered by Time (Earliest to Latest):
1. When: 6 days 14 hours ago, Note Category: Physician, Note Description: Physician Resident Admission Note | Text: He was given fluids. 
2. When: 6 days 14 hours ago, Note Category: Physician, Note Description: Physician Resident Admission Note | Text: His recent admission was
   complicated by hypoxia, a pneumothorax s/p chest tube placement and
   removal and then urinary retention which ultimately resolved.  
3. When: 5 days 14 hours ago, Note Category: General, Note Description: Resident/Attending Progress Note - MICU | Text: Pt responded to fluid and is
   currently normotensive.
4. When: 4 days 14 hours ago, Note Category: Physician, Note Description: Physician Resident Progress Note | Text: Pt responded to fluid and is currently
   normotensive.  
5. When: 4 days 14 hours ago, Note Category: Nursing, Note Description: Nursing Transfer Note | Text: Action:
   Patient encouraged to use IS, OOB to chair, nasal cannula on thru
   shift.
   
"
f86c2a54-595d-b8ac-c243-9284b5c465f4,So Admissao,"Despite initial concerns for pulmonary embolism, CT scans revealed no evidence of PE, but showed a moderate-sized left pleural effusion with associated atelectasis and extensive atheromatous disease of the abdominal aorta. ",Supported,"The reference confirms no evidence of PE on CT, presence of moderate-sized left pleural effusion with associated atelectasis, consistent with the text. The extensive atheromatous disease of the abdominal aorta is not explicitly mentioned but the main findings are supported.","Hospital Admission Start: 6 days 0 hours ago
Hospital Admission End: Now
Electronic Health Record Context
Ordered by Time (Earliest to Latest):
1. When: 5 days 14 hours ago, Note Category: Radiology, Note Description: CT ABDOMEN W/CONTRAST | Text: Moderate-sized left pleural effusion, with
  associated atelectasis.
2. When: 5 days 14 hours ago, Note Category: Radiology, Note Description: CT ABDOMEN W/CONTRAST | Text: Moderate-sized left pleural effusion, with
 associated atelectasis.
3. When: 5 days 14 hours ago, Note Category: Radiology, Note Description: CT ABDOMEN W/CONTRAST | Text: There is a moderate left pleural effusion, with associated atelectasis of the
 adjacent lung.  
4. When: 5 days 14 hours ago, Note Category: Radiology, Note Description: CT ABDOMEN W/CONTRAST | Text: Moderate-sized left pleural effusion, with associated atelectasis of the
 adjacent lung.
 
5. When: 4 days 14 hours ago, Note Category: Physician, Note Description: Physician Resident Progress Note | Text: Moderate-sized left pleural effusion, with associated atelectasis of
   the adjacent lung.
   
6. When: 4 days 14 hours ago, Note Category: Nursing, Note Description: Nursing Progress Note | Text: CT revealed (+) left pleural effusion, no PE and (+) atelectasis. 
"
986bfcad-38d4-585f-c74c-d4b5a3bff95a,So Admissao,An echocardiogram showed right ventricular pressure/volume overload and depressed left ventricular systolic function. ,Supported,"The reference includes echocardiogram findings of right ventricular pressure/volume overload and depressed left ventricular systolic function, directly supporting the text.","Hospital Admission Start: 6 days 0 hours ago
Hospital Admission End: Now
Electronic Health Record Context
Ordered by Time (Earliest to Latest):
1. When: 6 days 14 hours ago, Note Category: Physician, Note Description: Physician Resident Admission Note | Text: Severely elevated right heart pressures and pulmonary hypertension.
   
2. When: 6 days 14 hours ago, Note Category: Physician, Note Description: Physician Resident Admission Note | Text: Tissue Doppler imaging suggests an increased left ventricular filling
   pressure (PCWP>18mmHg). 
3. When: 6 days 14 hours ago, Note Category: Physician, Note Description: Physician Resident Admission Note | Text: Transmitral Doppler and tissue velocity imaging
   are consistent with Grade III/IV (severe) LV diastolic dysfunction.
   
4. When: 6 days 14 hours ago, Note Category: Physician, Note Description: Physician Resident Admission Note | Text: Left ventriculography revealed 1+ mitral regurgitation and LVEF of
   50% with inferior hypokinesis.
   
5. When: 6 days 14 hours ago, Note Category: ECG, Note Description: Report | Text: Right ventricular hypertrophy with
secondary repolarization abnormalities.  
6. When: 5 days 14 hours ago, Note Category: Echo, Note Description: Report | Text: There is abnormal septal motion/position
consistent with right ventricular pressure/volume overload. 
7. When: 5 days 14 hours ago, Note Category: Echo, Note Description: Report | Text: Compared with the prior study (images reviewed) of [**2128-4-16**], left
ventricular systolic function is now depressed.



8. When: 5 days 14 hours ago, Note Category: Echo, Note Description: Report | Text: Right ventricular function.

9. When: 5 days 14 hours ago, Note Category: ECG, Note Description: Report | Text: Probable right
ventricular hypertrophy with secondary repolarization abnormality.  
10. When: 4 days 14 hours ago, Note Category: Physician, Note Description: Physician Resident Progress Note | Text: ECHO shows decreased LV systolic function.  
"
413432b6-87d0-4e13-1b22-83e03fa0950a,So Admissao,"The patient's condition improved with treatment, and his hypotension and hypoxia resolved. ",Supported,"The reference notes indicate that the patient's hypoxia resolved and hypotension improved, supporting the statement that the patient's condition improved with treatment and his hypotension and hypoxia resolved.","Hospital Admission Start: 6 days 0 hours ago
Hospital Admission End: Now
Electronic Health Record Context
Ordered by Time (Earliest to Latest):
1. When: 6 days 14 hours ago, Note Category: Physician, Note Description: Physician Resident Admission Note | Text: Thoracic surgery saw the
   patient and remarked that he was more hypoxic than baseline. 
2. When: 6 days 14 hours ago, Note Category: Physician, Note Description: Physician Resident Admission Note | Text: His recent admission was
   complicated by hypoxia, a pneumothorax s/p chest tube placement and
   removal and then urinary retention which ultimately resolved.  
3. When: 6 days 14 hours ago, Note Category: Physician, Note Description: Physician Resident Admission Note | Text: Systemic arterial pressure was
   moderately elevated.  
4. When: 6 days 14 hours ago, Note Category: Physician, Note Description: Physician Attending Admission Note - MICU | Text: Holding beta blocker in setting of hypotension albeit now improved and
   if he continues to be hemodynamically stable will restart in am.
   
5. When: 5 days 14 hours ago, Note Category: General, Note Description: Resident Progress Note - MICU | Text: # Resolved hypoxia: Patient now at baseline oxygenation. 
6. When: 4 days 14 hours ago, Note Category: Physician, Note Description: Physician Resident Progress Note | Text: # Hypoxia: Resolved.  
"
7c795884-f3aa-93f1-e203-149f94209b0c,So Admissao,"However, he continued to require oxygen therapy and monitoring for cardiac and renal complications.",Not Addressed,The reference mentions hypoxia and complications such as pneumothorax and urinary retention but does not state that the patient continued to require oxygen therapy or monitoring for cardiac and renal complications.,"Hospital Admission Start: 6 days 0 hours ago
Hospital Admission End: Now
Electronic Health Record Context
Ordered by Time (Earliest to Latest):
1. When: 6 days 14 hours ago, Note Category: Physician, Note Description: Physician Resident Admission Note | Text: His recent admission was
   complicated by hypoxia, a pneumothorax s/p chest tube placement and
   removal and then urinary retention which ultimately resolved.  
2. When: 6 days 14 hours ago, Note Category: Physician, Note Description: Physician Resident Admission Note | Text: It is also possible that
   troponin is elevated in the setting of renal failure.
   
3. When: 6 days 14 hours ago, Note Category: Physician, Note Description: Physician Resident Admission Note | Text: Thoracic surgery saw the
   patient and remarked that he was more hypoxic than baseline. 
4. When: 6 days 14 hours ago, Note Category: Physician, Note Description: Physician Resident Admission Note | Text: He was given fluids. 
5. When: 5 days 14 hours ago, Note Category: General, Note Description: Resident Progress Note - MICU | Text: It is also possible that
   troponin is elevated in the setting of renal failure.  
6. When: 5 days 14 hours ago, Note Category: General, Note Description: Resident/Attending Progress Note - MICU | Text: It is also possible that
   troponin is elevated in the setting of renal failure.
7. When: 4 days 14 hours ago, Note Category: Physician, Note Description: Physician Resident Progress Note | Text: Likely due to hypotension
   in the setting of extensive vascular disease.
   
"
d3e3feb7-59bc-fb28-404e-c66d85a50300,So Admissao,"The patient was readmitted to the hospital after a recent discharge following a VATS wedge resection due to hypoxia, hypotension, and left lateral/flank chest pain. ",Supported,"The reference documents a recent hospital admission following a left VATS wedge resection, noting hypoxia, hypotension, and chest pain, which directly supports the text.","Hospital Admission Start: 6 days 0 hours ago
Hospital Admission End: Now
Electronic Health Record Context
Ordered by Time (Earliest to Latest):
1. When: 6 days 14 hours ago, Note Category: Radiology, Note Description: CT ABDOMEN W/O CONTRAST | Text: The patient is status post left VATS wedge resection
 of a spiculated left lower lobe pulmonary nodule.
2. When: 6 days 14 hours ago, Note Category: Radiology, Note Description: CT ABDOMEN W/O CONTRAST | Text: The patient is status post left VATS wedge resection
  of a spiculated left lower lobe pulmonary nodule.
3. When: 6 days 14 hours ago, Note Category: Radiology, Note Description: CT ABDOMEN W/O CONTRAST | Text: Subcutaneous air is seen along the left chest wall anterolaterally,
 consistent with the patient's history of a recent left VATS wedge resection of
 a left lower lobe pulmonary nodule.  
4. When: 6 days 14 hours ago, Note Category: Radiology, Note Description: CT ABDOMEN W/O CONTRAST | Text: ______________________________________________________________________________
                                 FINAL REPORT
 HISTORY:  60-year-old man with fever of unknown source, evaluate for
 pneumonia, intra-abdominal infection, hematoma, and patient is status post
 left VATS wedge resection of a left lower lobe pulmonary nodule on [**2128-10-6**].

 
5. When: 6 days 14 hours ago, Note Category: Physician, Note Description: Physician Resident Admission Note | Text: The patient
   is status post left VATS wedge resection of a spiculated left lower
   lobe pulmonary nodule. 
6. When: 6 days 14 hours ago, Note Category: Physician, Note Description: Physician Resident Admission Note | Text: Thoracic surgery saw the
   patient and remarked that he was more hypoxic than baseline. 
7. When: 6 days 14 hours ago, Note Category: Physician, Note Description: Physician Attending Admission Note - MICU | Text: man with severe COPD, CAD s/p CABG, PE/DVT, recently here for
   VATS for enlarging LLL lung nodule, path c/w large cell  lung CA.
   
8. When: 6 days 14 hours ago, Note Category: Physician, Note Description: Physician Attending Admission Note - MICU | Text: Pneumothorax requiring chest tube which was removed prior to
   discharge.  
9. When: 5 days 14 hours ago, Note Category: Radiology, Note Description: CT ABDOMEN W/CONTRAST | Text: There is
 emphysema in the lungs, with post- surgical changes following wedge resection
 of the left lower lobe, with anastomotic sutures seen.

 
10. When: 4 days 14 hours ago, Note Category: Physician, Note Description: Physician Attending Progress Note | Text: HPI:
   60 yo man with recent resection of LLL lung CA, admitted with HOTN, and
   hypoxemia.  
"
9f7ca895-be4e-071f-17c2-24528f2706e4,So Admissao,"Upon examination, he had low oxygen saturation, elevated troponin levels, and signs of multisystem organ failure. ",Not Supported,"The reference mentions elevated troponin and multisystem organ failure but does not mention low oxygen saturation; therefore, the text is only partially supported.","Hospital Admission Start: 6 days 0 hours ago
Hospital Admission End: Now
Electronic Health Record Context
Ordered by Time (Earliest to Latest):
1. When: 5 days 14 hours ago, Note Category: General, Note Description: Generic Note | Text: Patient has evidence of
   multisystem organ failure with  mildly elevated lipase, elevated trop,
   ARF and transaminitis. 
2. When: 5 days 14 hours ago, Note Category: General, Note Description: Generic Note | Text: It is also possible that
   troponin is elevated in the setting of renal failure.
   
3. When: 5 days 14 hours ago, Note Category: General, Note Description: Generic Note | Text: In addition, the patient may be having an
   AMI that could impair cardiac output although he does not appear to be
   in cardiogenic shock and a trop of 0.6 is not high enough to be
   concerned about a large MI. 
4. When: 5 days 14 hours ago, Note Category: General, Note Description: Resident Progress Note - MICU | Text: It is also possible that
   troponin is elevated in the setting of renal failure.  
5. When: 5 days 14 hours ago, Note Category: General, Note Description: Resident/Attending Progress Note - MICU | Text: It is also possible that
   troponin is elevated in the setting of renal failure.
"
ed3322d6-ac62-0079-949f-75586abe7110,So Admissao,"The patient was diagnosed with acute renal failure, transaminitis, and a non-ST elevation myocardial infarction (NSTEMI). ",Not Supported,The reference supports the diagnosis of acute renal failure and transaminitis but only mentions elevated troponin without confirming a diagnosis of NSTEMI.,"Hospital Admission Start: 6 days 0 hours ago
Hospital Admission End: Now
Electronic Health Record Context
Ordered by Time (Earliest to Latest):
1. When: 6 days 14 hours ago, Note Category: Physician, Note Description: Physician Resident Admission Note | Text: A
   non-contrast CT showed  The patient was also found to have renal
   failure and transaminitis.
2. When: 6 days 14 hours ago, Note Category: Physician, Note Description: Physician Resident Admission Note | Text: Patient has evidence of
   multisystem organ failure with  mildly elevated lipase, elevated trop,
   ARF and transaminitis. 
3. When: 6 days 14 hours ago, Note Category: Physician, Note Description: Physician Resident Admission Note | Text: It is also possible that
   troponin is elevated in the setting of renal failure.
   
4. When: 5 days 14 hours ago, Note Category: General, Note Description: Resident/Attending Progress Note - MICU | Text: The patient had a very
   similar episode of hypotension, renal failure and transaminitis in
   [**2128-3-16**] in which he was diagnosed with shock liver. 
5. When: 4 days 14 hours ago, Note Category: Physician, Note Description: Physician Resident Progress Note | Text: The patient had a very similar
   episode of hypotension, renal failure and transaminitis in [**2128-3-16**]
   in which he was diagnosed with shock liver.  
"
b1fc4b19-b83d-cf7f-7296-44bdf0225538,So Admissao,"He was treated with fluid boluses, heparin, and antibiotics, and his condition was closely monitored.",Not Supported,The reference confirms treatment with fluid boluses and heparin but does not mention antibiotics or that his condition was closely monitored.,"Hospital Admission Start: 6 days 0 hours ago
Hospital Admission End: Now
Electronic Health Record Context
Ordered by Time (Earliest to Latest):
1. When: 6 days 14 hours ago, Note Category: Physician, Note Description: Physician Resident Admission Note | Text: He was given fluids. 
2. When: 6 days 14 hours ago, Note Category: Physician, Note Description: Physician Resident Admission Note | Text: His recent admission was
   complicated by hypoxia, a pneumothorax s/p chest tube placement and
   removal and then urinary retention which ultimately resolved.  
3. When: 5 days 14 hours ago, Note Category: General, Note Description: Resident/Attending Progress Note - MICU | Text: Pt responded to fluid and is
   currently normotensive.
4. When: 5 days 14 hours ago, Note Category: Nursing, Note Description: Nursing Progress Note | Text: Bolused w/ heparin and started on
   1800u/hr. 
5. When: 4 days 14 hours ago, Note Category: Physician, Note Description: Physician Resident Progress Note | Text: Pt responded to fluid and is currently
   normotensive.  
6. When: 4 days 14 hours ago, Note Category: Nursing, Note Description: Nursing Progress Note | Text: Action:
   Pt put on heparin/asa/plavix. 
7. When: 4 days 14 hours ago, Note Category: Nursing, Note Description: Nursing Progress Note | Text: Bolused w/ heparin and
   started on 1800u/hr. 
"
6f3c1417-cd03-302e-9693-23ef5f1856e4,So Admissao,"The patient underwent a third ventriculostomy and biopsy on January 24, which showed no evidence of hemorrhage post-procedure. ",Supported,"The reference notes a CT head with contrast performed post-biopsy/third ventriculostomy showing no hemorrhage, supporting the text that the procedure occurred on January 24 with no evidence of hemorrhage post-procedure.","Hospital Admission Start: 15 days 0 hours ago
Hospital Admission End: Now
Electronic Health Record Context
Ordered by Time (Earliest to Latest):
1. When: 15 days 16 hours ago, Note Category: Radiology, Note Description: CT HEAD W/O CONTRAST | Text: No additional foci of intraparenchymal hemorrhage
 are identified.
2. When: 14 days 16 hours ago, Note Category: Radiology, Note Description: CT STEREOTAXIS W/ CONTRAST | Text: No hydrocephalus identified.

 
3. When: 14 days 16 hours ago, Note Category: Radiology, Note Description: CT HEAD W/ CONTRAST | Text: IMPRESSION:  Examination performed post-biopsy/third ventriculostomy.  
4. When: 14 days 16 hours ago, Note Category: Radiology, Note Description: CT HEAD W/ CONTRAST | Text: No hemorrhage
 identified.  
5. When: 14 days 16 hours ago, Note Category: Radiology, Note Description: CT HEAD W/ CONTRAST | Text: No hemorrhage is
 seen in the right frontal region.

 
6. When: 11 days 16 hours ago, Note Category: Radiology, Note Description: CTA HEAD W&W/O C & RECONS | Text: There is no evidence of stenoses in the intracranial circulation. 
7. When: 4 days 16 hours ago, Note Category: Radiology, Note Description: CT HEAD W/O CONTRAST | Text: No new intracranial hemorrhage.

 
8. When: 4 days 16 hours ago, Note Category: Radiology, Note Description: CT HEAD W/O CONTRAST | Text: FINDINGS:  There is no new acute intracranial hemorrhage.  
9. When: 4 days 16 hours ago, Note Category: Radiology, Note Description: CT HEAD W/O CONTRAST | Text: There is no new
 acute intracranial hemorrhage.  
10. When: 2 days 16 hours ago, Note Category: Radiology, Note Description: CT HEAD W/O CONTRAST | Text: No acute intracranial hemorrhage.  
"
d0766750-c3c3-3d99-e2e1-c1f095065f0e,So Admissao,He was managed for pain and emotional support and was scheduled for head and chest CT scans. ,Supported,"The reference mentions pain management and emotional support in nursing notes and documents multiple CT scans of the head and chest, supporting the text that he was managed for pain and emotional support and scheduled for head and chest CT scans.","Hospital Admission Start: 15 days 0 hours ago
Hospital Admission End: Now
Electronic Health Record Context
Ordered by Time (Earliest to Latest):
1. When: 15 days 16 hours ago, Note Category: Radiology, Note Description: CT HEAD W/O CONTRAST | Text: An MRI is recommended for further
 evaluation.
2. When: 14 days 16 hours ago, Note Category: Nursing, Note Description: Nursing Progress Note | Text: Pain
   management. 
3. When: 14 days 16 hours ago, Note Category: Radiology, Note Description: CT STEREOTAXIS W/ CONTRAST | Text: TECHNIQUE:  Following contrast administration, head CT was obtained.  
4. When: 14 days 16 hours ago, Note Category: Radiology, Note Description: CT HEAD W/ CONTRAST | Text: FINDINGS:  Since the previous CT examination obtained on the same day on
 [**2116-1-24**] at 3 p.m., patient has undergone biopsy with air is seen in the
 frontal region.  
5. When: 13 days 16 hours ago, Note Category: Radiology, Note Description: CT ABD W&W/O C | Text: Correlation
 should be made to the patient's trauma history.  
6. When: 13 days 16 hours ago, Note Category: Nursing, Note Description: Nursing Progress Note | Text: Bs clear,  room air sats >100
   Action:
   Neuro status monitored,  ct scan of chest and torso done with contrast.
   
7. When: 2 days 16 hours ago, Note Category: Radiology, Note Description: CT HEAD W/O CONTRAST | Text: MR of the head can be considered if necessary.
8. When: 2 days 16 hours ago, Note Category: Radiology, Note Description: CT HEAD W/O CONTRAST | Text: TECHNIQUE:  Non-contrast CT of the head was performed.

 
9. When: 1 days 16 hours ago, Note Category: Respiratory, Note Description: Respiratory Care Shift Note | Text: Pt transported to and from CT without incident.

10. When: 1 days 16 hours ago, Note Category: Radiology, Note Description: CHEST (PORTABLE AP) | Text: Findings along those with a subsequent chest radiograph reported to the
 physician caregiver by telephone at the time of dictation.



"
a9a92d9a-157e-5d2f-b9d7-a0f9011f6d0b,So Admissao,"His vital signs stabilized, but he had a history of cognitive impairment and was not following commands.

",Supported,"The reference notes indicate that the patient inconsistently followed commands 6 days ago and was not following commands 1 day ago, consistent with a history of cognitive impairment and inability to follow commands. Additionally, vital signs were unstable recently but earlier notes imply some stabilization.","Hospital Admission Start: 15 days 0 hours ago
Hospital Admission End: Now
Electronic Health Record Context
Ordered by Time (Earliest to Latest):
1. When: 14 days 16 hours ago, Note Category: Radiology, Note Description: CT STEREOTAXIS W/ CONTRAST | Text: There is moderate brain atrophy seen.  
2. When: 14 days 16 hours ago, Note Category: Nursing, Note Description: Nursing Progress Note | Text: Neurologically intact although left side weaker
   than right.  
3. When: 13 days 16 hours ago, Note Category: Nursing, Note Description: Nursing Progress Note | Text: Plan:
   Continue to monitor neuro status for changes. 
4. When: 13 days 16 hours ago, Note Category: Nursing, Note Description: Nursing Progress Note | Text: Response:
   Pt neurologically intact.
   
5. When: 13 days 16 hours ago, Note Category: Nursing, Note Description: Nursing Transfer Note | Text: Pt has had increased
   difficulty walking over past month.
6. When: 6 days 16 hours ago, Note Category: Nursing, Note Description: Nursing Progress Note | Text: during
   the night propofol weaned down and pt currently followed commands
   inconsitently.
7. When: 6 days 16 hours ago, Note Category: Nursing, Note Description: Nursing Progress Note | Text: Response:
    pt responds to voice and inconsistently follows command.  
8. When: 1 days 16 hours ago, Note Category: Nursing, Note Description: Nursing Progress Note | Text: Not opening eyes or
   following commands.
   
9. When: 0 days 16 hours ago, Note Category: Nursing, Note Description: Nursing Progress Note | Text: Response:
   Remains overall unstable, with episodes of dipping bp and cardiac
   output, with elevated svv.
   
"
f1f40671-df5e-0192-1187-8925c002fafe,So Admissao,"The patient, a 68-year-old man with a known stage III esophageal cancer, was transferred to the hospital after a fall and evaluated for a possible head bleed. ",Supported,The reference confirms the patient is a 68-year-old man with stage III esophageal cancer who was transferred after a fall and evaluated for a possible head bleed.,"Hospital Admission Start: 15 days 0 hours ago
Hospital Admission End: Now
Electronic Health Record Context
Ordered by Time (Earliest to Latest):
1. When: 15 days 16 hours ago, Note Category: Radiology, Note Description: CT HEAD W/O CONTRAST | Text: HISTORY:  68-year-old male with apparent head bleed and known brain mass,
 transferred from outside hospital after fall.

 
2. When: 14 days 16 hours ago, Note Category: Nutrition, Note Description: Clinical Nutrition Note | Text: 7kg kg
   79%
   66kg
   92%
   Diagnosis: Head Bleed
   PMH : Stage III esophageal cancer, R eye prosthesis, HTN, DOE, BPH
   chronic foley, Diabetes, h/o anemia, s/p cholecystectomy, cognitive
   impairment s/p MVC, trach/PEG in [**11/2113**], open CCY in [**2104**],
3. When: 11 days 16 hours ago, Note Category: Radiology, Note Description: CTA HEAD W&W/O C & RECONS | Text: ______________________________________________________________________________
                                 FINAL REPORT
 INDICATION:  68-year-old man with esophageal cancer and a left cerebellar
 mass, status post recent stereotactic biopsy and third ventriculostomy. 
4. When: 6 days 16 hours ago, Note Category: Radiology, Note Description: MR HEAD W & W/O CONTRAST | Text: CLINICAL INDICATION:  68-year-old man, status post craniectomy for esophageal
 metastasis, assess complete removal of the metastasis.

 
5. When: 2 days 16 hours ago, Note Category: Radiology, Note Description: CT HEAD W/O CONTRAST | Text: eval fo
 Admitting Diagnosis: HEAD BLEED
 ______________________________________________________________________________
 [**Hospital 2**] MEDICAL CONDITION:
  68 year old man with metastatic esophageal CA to cerebellum now s/p left
  cerebellar metastatic resection
 REASON FOR THIS EXAMINATION:
  s/p transfer to ICU with acute mental status change, eval for interval change
 No contraindications for IV contrast
 ______________________________________________________________________________
                                 FINAL REPORT
 INDICATION:  68-year-old male, with esophageal metastasis, status post
 resection, acute mental status change,
6. When: 1 days 16 hours ago, Note Category: Radiology, Note Description: CHEST (PORTABLE AP) | Text: [**2116-2-6**] 1:39 AM
 CHEST (PORTABLE AP)                                             Clip # [**Clip Number (Radiology) 88038**]
 Reason: please assess for NGT position
 Admitting Diagnosis: HEAD BLEED
 ______________________________________________________________________________
 [**Hospital 2**] MEDICAL CONDITION:
  68 year old man with hx [**First Name9 (NamePattern2) **] [**Doctor Last Name **] esophagectomy, OGT,
7. When: 1 days 16 hours ago, Note Category: Radiology, Note Description: CT CHEST W/CONTRAST | Text: ______________________________________________________________________________
                                 FINAL REPORT
 INDICATION:  68-year-old man with history of esophageal cancer metastatic to
 the cerebellum presenting with sepsis and guaiac positive stool.

 
8. When: 1 days 16 hours ago, Note Category: Radiology, Note Description: CHEST (PORTABLE AP) | Text: [**2116-2-6**] 6:08 PM
 CHEST (PORTABLE AP); -77 BY DIFFERENT PHYSICIAN                 [**Name Initial (PRE) 5**] # [**Clip Number (Radiology) 88890**]
 Reason: eval interval change
 Admitting Diagnosis: HEAD BLEED
 ______________________________________________________________________________
 [**Hospital 2**] MEDICAL CONDITION:
  68 year old man with metastatic esophageal CA to cerebellum now s/p left
9. When: 0 days 16 hours ago, Note Category: Physician, Note Description: Intensivist Note | Text: SICU
   HPI:
    68 y/o M with metastatic esophageal cancer to brain
   admitted 2 weeks ago after a fall.  
"
96455fe0-3964-73cf-eeff-15c1d616b8f0,So Admissao,"A CT scan without contrast showed an interval increase in size of a left cerebellar hemorrhage, with surrounding edema and mass effect on the 4th ventricle and perimesencephalic cistern.",Supported,"The reference clearly documents an interval increase in size of the left cerebellar hemorrhage with surrounding edema and mass effect on the 4th ventricle and perimesencephalic cistern, matching the text exactly.","Hospital Admission Start: 15 days 0 hours ago
Hospital Admission End: Now
Electronic Health Record Context
Ordered by Time (Earliest to Latest):
1. When: 15 days 16 hours ago, Note Category: Radiology, Note Description: CT HEAD W/O CONTRAST | Text: IMPRESSION:

 Interval increase in size of patient's known left cerebellar hemorrhagic mass
 with surrounding vasogenic edema.  
2. When: 15 days 16 hours ago, Note Category: Radiology, Note Description: CT HEAD W/O CONTRAST | Text: WET READ VERSION #1 [**First Name9 (NamePattern2) 3913**] [**Doctor First Name 73**] [**2116-1-23**] 9:26 AM
  interval increase in size of left cerebellar hemorrhage now measuring 2.4 x
  3.7 cm with surrounding edema and mass effect on 4th ventricle and left aspect
  of perimesencephalic cistern. 
3. When: 15 days 16 hours ago, Note Category: Radiology, Note Description: MR HEAD W & W/O CONTRAST | Text: Left cerebellar mass with hemorrhagic foci and surrounding edema causing
 effacement of the fourth ventricle and quadrigeminal cistern.
4. When: 15 days 16 hours ago, Note Category: Radiology, Note Description: MR HEAD W & W/O CONTRAST | Text: Left cerebellar mass with hemorrhagic foci and surrounding edema causing
  compression of the fourth ventricle and effacement of the quadrigeminal
  cistern.
5. When: 15 days 16 hours ago, Note Category: Radiology, Note Description: MR HEAD W & W/O CONTRAST | Text: Left cerebellar mass with hemorrhagic foci and surrounding edema causing
 compression of the fourth ventricle and effacement of the quadrigeminal
 cistern.  
6. When: 14 days 16 hours ago, Note Category: Nursing, Note Description: Nursing Progress Note | Text: Head Ct revealed an increase in cerebellar mass w/ surrounding edema
   and mass effect on the 4^th ventricle and left aspect of the
   perimesencephalic cistern. 
7. When: 14 days 16 hours ago, Note Category: Radiology, Note Description: CT HEAD W/ CONTRAST | Text: Partially visualized is edema and enhancing lesion in the left
 cerebellar hemisphere.



8. When: 4 days 16 hours ago, Note Category: Radiology, Note Description: CT HEAD W/O CONTRAST | Text: Continued edema in the left
  cerebellar hemisphere with similar degree of mass effect on the fourth
  ventricle.
9. When: 4 days 16 hours ago, Note Category: Radiology, Note Description: CT HEAD W/O CONTRAST | Text: Continued edema in the left
 cerebellar hemisphere with similar degree of mass effect on the fourth
 ventricle.  
"
098ddfae-6563-aa22-fda3-df73c91f044d,So Admissao,"He was also given multiple units of FFP, platelets, and vitamin K due to liver failure.

",Supported,"The reference notes that the patient was given multiple units of FFP, platelets, and vitamin K due to shock liver and liver failure, which supports the text statement.","Hospital Admission Start: 15 days 0 hours ago
Hospital Admission End: Now
Electronic Health Record Context
Ordered by Time (Earliest to Latest):
1. When: 3 days 16 hours ago, Note Category: Radiology, Note Description: US ABD LIMIT, SINGLE ORGAN | Text: ______________________________________________________________________________
                                 FINAL REPORT
 INDICATIONS:  68-year-old man with elevated LFTs and mild coagulopathy.
2. When: 2 days 16 hours ago, Note Category: Nursing, Note Description: Nursing Progress Note | Text: Received multiple
   fluid boluses.
3. When: 1 days 16 hours ago, Note Category: Physician, Note Description: Intensivist Note | Text: LFTs suggestive of
   shock liver in setting of hypoperfusion yesterday.
4. When: 1 days 16 hours ago, Note Category: Physician, Note Description: Intensivist Note | Text: LFTs suggestive of
   shock liver in setting of hypoperfusion yesterday. 
5. When: 1 days 16 hours ago, Note Category: Nursing, Note Description: Nursing Progress Note | Text: cognitive impairment s/p MVC
   Sepsis, Severe (with organ dysfunction)
   Assessment:
   Florid sepsis with complete multisytem organ failure--?cdif colitis
   origin of sepsis
   l
   Action:
   Complete Respiratory support w/ventilator
   renal support w/ CRRT
   Shock liver with deteriorating lab values, given multiple units of FFP,
   platelets and Vit k
   Family in, spoke w/ Dr.
6. When: 0 days 16 hours ago, Note Category: Physician, Note Description: Intensivist Note | Text: He
   was brought to SICU in multi-system organ failure with oliguria
   requiring CVVH, liver failure, worsening hypocoagulable state, and
   severe metabolic acidosis.
7. When: 0 days 16 hours ago, Note Category: Physician, Note Description: Intensivist Note | Text: etiology
   of clinical picture and his multi-system organ failure likely from
   infectious colitis possibly due to C. difficile. 
8. When: 0 days 16 hours ago, Note Category: Nursing, Note Description: Nursing Progress Note | Text: Transfused with total 2bags platelets and 3units FFP.
   
"
349676e0-51d5-7621-20cd-000aea7767d0,So Admissao,"He was admitted to the Surgical Intensive Care Unit (SICU) and underwent a series of diagnostic tests, including MRI scans, which revealed a left cerebellar mass with hemorrhagic foci and surrounding edema, causing compression of the fourth ventricle and effacement of the quadrigeminal cistern. ",Not Addressed,"The reference confirms the presence of a left cerebellar mass with hemorrhagic foci, edema, and compression of the fourth ventricle and quadrigeminal cistern, but it does not mention admission to the Surgical Intensive Care Unit (SICU) or that the patient underwent a series of diagnostic tests including MRI scans.","Hospital Admission Start: 15 days 0 hours ago
Hospital Admission End: Now
Electronic Health Record Context
Ordered by Time (Earliest to Latest):
1. When: 15 days 16 hours ago, Note Category: Radiology, Note Description: MR HEAD W & W/O CONTRAST | Text: Left cerebellar mass with hemorrhagic foci and surrounding edema causing
 compression of the fourth ventricle and effacement of the quadrigeminal
 cistern.  
2. When: 15 days 16 hours ago, Note Category: Radiology, Note Description: MR HEAD W & W/O CONTRAST | Text: Left cerebellar mass with hemorrhagic foci and surrounding edema causing
  compression of the fourth ventricle and effacement of the quadrigeminal
  cistern.
3. When: 15 days 16 hours ago, Note Category: Radiology, Note Description: MR HEAD W & W/O CONTRAST | Text: Left cerebellar mass with hemorrhagic foci and surrounding edema causing
 effacement of the fourth ventricle and quadrigeminal cistern.
4. When: 15 days 16 hours ago, Note Category: Radiology, Note Description: MR HEAD W & W/O CONTRAST | Text: FINDINGS: There is an ill-defined infiltrative enhancing mass seen in the left
 cerebellar hemisphere with surrounding edema and effacing the fourth ventricle
 and quadrigeminal cistern. 
5. When: 14 days 16 hours ago, Note Category: Nursing, Note Description: Nursing Progress Note | Text: Head Ct revealed an increase in cerebellar mass w/ surrounding edema
   and mass effect on the 4^th ventricle and left aspect of the
   perimesencephalic cistern. 
6. When: 14 days 16 hours ago, Note Category: Radiology, Note Description: CT STEREOTAXIS W/ CONTRAST | Text: FINDINGS:  There is mass identified in the partially visualized left
 cerebellar hemisphere with edema.
7. When: 4 days 16 hours ago, Note Category: Radiology, Note Description: CT HEAD W/O CONTRAST | Text: Continued edema in the left
  cerebellar hemisphere with similar degree of mass effect on the fourth
  ventricle.
8. When: 0 days 16 hours ago, Note Category: Physician, Note Description: Intensivist Note | Text: Workup revealed a left cerebellar
   mass causing an obstructive hydrocephalus.  
"
4a2204d8-7635-47a2-cdb3-33f1bd167db9,So Admissao,The differential diagnosis included lymphoma versus metastatic disease.,Supported,"The reference contains multiple radiology notes explicitly stating that the differential diagnosis includes lymphoma versus metastatic disease, directly supporting the text.","Hospital Admission Start: 15 days 0 hours ago
Hospital Admission End: Now
Electronic Health Record Context
Ordered by Time (Earliest to Latest):
1. When: 15 days 16 hours ago, Note Category: Radiology, Note Description: MR HEAD W & W/O CONTRAST | Text: Differential diagnosis includes lymphoma versus metastatic disease.

 
2. When: 15 days 16 hours ago, Note Category: Radiology, Note Description: MR HEAD W & W/O CONTRAST | Text: Differential diagnosis includes lymphoma versus metastatic disease.

  
3. When: 15 days 16 hours ago, Note Category: Radiology, Note Description: MR HEAD W & W/O CONTRAST | Text: Differential
 diagnosis includes lymphoma and metastatic disease.

 
4. When: 15 days 16 hours ago, Note Category: Radiology, Note Description: MR HEAD W & W/O CONTRAST | Text: The
 differential diagnosis includes lymphoma and metastatic etiology.

 
5. When: 2 days 16 hours ago, Note Category: ECG, Note Description: Report | Text: Clinical correlation is
suggested.


6. When: 1 days 16 hours ago, Note Category: Physician, Note Description: Intensivist Note | Text: Hematology: DIC picture.  
7. When: 0 days 16 hours ago, Note Category: Physician, Note Description: Intensivist Note | Text: A
   week later, the pt went back to the OR for resection of the cerebellar
   mass, which has since been reported as metastatic poorly differentiated
   adenocarcinoma. 
"
9db332d4-bada-5f8d-10a3-e77fcfd3734b,So Admissao,"On February 1, an MRI scan showed that the previously demonstrated left cerebellar mass lesion had been removed, but there were post-surgical changes, persistent vasogenic edema, and a subtle area of enhancement in the surgical cavity. ",Supported,"The reference from 6 days 16 hours ago MR HEAD W & W/O CONTRAST notes that the previously demonstrated left cerebellar mass lesion has been removed, with post-surgical changes and persistent vasogenic edema, consistent with the text describing the MRI findings including subtle enhancement in the surgical cavity.","Hospital Admission Start: 15 days 0 hours ago
Hospital Admission End: Now
Electronic Health Record Context
Ordered by Time (Earliest to Latest):
1. When: 15 days 16 hours ago, Note Category: Radiology, Note Description: CT HEAD W/O CONTRAST | Text: IMPRESSION:

 Interval increase in size of patient's known left cerebellar hemorrhagic mass
 with surrounding vasogenic edema.  
2. When: 15 days 16 hours ago, Note Category: Nursing, Note Description: Nursing Progress Note | Text: Head Ct revealed an increase in cerebellar mass w/ surrounding edema
   and mass effect on the 4^th ventricle and left aspect of the
   perimesencephalic cistern. 
3. When: 14 days 16 hours ago, Note Category: Radiology, Note Description: CT STEREOTAXIS W/ CONTRAST | Text: FINDINGS:  There is mass identified in the partially visualized left
 cerebellar hemisphere with edema.
4. When: 14 days 16 hours ago, Note Category: Radiology, Note Description: CT STEREOTAXIS W/ CONTRAST | Text: This finding was seen on the previous MRI.
 
5. When: 14 days 16 hours ago, Note Category: Radiology, Note Description: CT HEAD W/ CONTRAST | Text: Partially visualized is edema and enhancing lesion in the left
 cerebellar hemisphere.



6. When: 6 days 16 hours ago, Note Category: Radiology, Note Description: MR HEAD W & W/O CONTRAST | Text: FINDINGS:  The previously demonstrated infiltrative left cerebellar mass
 lesion has been removed in the interim, post-surgical changes consistent with
 left occipital craniotomy are visualized as well as the frontal burr hole on
 the right.
7. When: 6 days 16 hours ago, Note Category: Radiology, Note Description: MR HEAD W & W/O CONTRAST | Text: In the left cerebellar fossa, there is a post-surgical cavity
 filling with CSF, persistent vasogenic edema is identified in the left
 cerebellar hemisphere, producing mild narrowing of the fourth ventricle as
 well as the left cerebellar cisterns.  
8. When: 6 days 16 hours ago, Note Category: Radiology, Note Description: MR HEAD W & W/O CONTRAST | Text: Resection of the
 previously demonstrated infiltrative mass lesion on the left cerebellar
 hemisphere.  
9. When: 4 days 16 hours ago, Note Category: Radiology, Note Description: CT HEAD W/O CONTRAST | Text: Status post occipital craniotomy with surgical changes in the craniotomy
 bed and edema in the left cerebellar hemisphere, similar in extent to MR done
 on [**2116-2-1**].  
"
6c6ec37f-bac6-faca-bd20-7f6742d1e360,So Admissao,"The patient was extubated on February 2, and his neuro status remained essentially unchanged. ",Supported,"The reference notes that the patient was extubated on February 2 and that his neurological status remained essentially unchanged, consistent with the text.","Hospital Admission Start: 15 days 0 hours ago
Hospital Admission End: Now
Electronic Health Record Context
Ordered by Time (Earliest to Latest):
1. When: 14 days 16 hours ago, Note Category: Nursing, Note Description: Nursing Progress Note | Text: Neurologically intact although left side weaker
   than right.  
2. When: 14 days 16 hours ago, Note Category: Nursing, Note Description: Nursing Progress Note | Text: Extubated in or.  
3. When: 13 days 16 hours ago, Note Category: Nursing, Note Description: Nursing Progress Note | Text: Response:
   Pt neurologically intact.
   
4. When: 6 days 16 hours ago, Note Category: Nursing, Note Description: Nursing Progress Note | Text: Pt arrived s/p head ct
   intubated and not reversed. 
5. When: 6 days 16 hours ago, Note Category: Respiratory, Note Description: Respiratory Care Shift Note | Text: Reason for continuing current ventilatory support: Sedated / Paralyzed;
   Comments: Plan elective extubation this morning.
6. When: 6 days 16 hours ago, Note Category: Nursing, Note Description: Nursing Progress Note | Text: Response:
   Neuro status unchanged throughout day.
   
7. When: 4 days 16 hours ago, Note Category: Nursing, Note Description: Nursing Transfer Note | Text: lap esophagectomy [**2115-1-11**]
   Extubated yesterday [**2-2**]
   Altered mental status (not Delirium)
   Assessment:
   -          pt is consistently oriented to person.  
8. When: 4 days 16 hours ago, Note Category: Radiology, Note Description: CT HEAD W/O CONTRAST | Text: The pneumocephalus is
 resolving but a small amount is persistent.
 
9. When: 2 days 16 hours ago, Note Category: Radiology, Note Description: CT HEAD W/O CONTRAST | Text: Small amount of blood in the occipital horns is again
 unchanged.
10. When: 1 days 16 hours ago, Note Category: Radiology, Note Description: CHEST (PORTABLE AP) | Text: The positions of the
 endotracheal tube and right central venous access line are unchanged.

 
"
1540c5e0-dd79-ce3b-57b1-2cd2b8e06ac5,So Admissao,"However, the patient experienced a setback requiring readmission to the ICU on February 5, with tachycardia, hypotension, and an acute mental status change. ",Supported,"The reference documents the patient being readmitted to the ICU on February 5 with tachycardia and hypotension, consistent with the text stating a setback requiring ICU readmission on that date with tachycardia, hypotension, and acute mental status change.","Hospital Admission Start: 15 days 0 hours ago
Hospital Admission End: Now
Electronic Health Record Context
Ordered by Time (Earliest to Latest):
1. When: 2 days 16 hours ago, Note Category: Nursing, Note Description: Nursing Progress Note | Text: Transferred [**2-3**] to [**Hospital Ward Name **] 11
   Triggered on floor today [**2-5**] for Tachycardia no u/[**Name Initial (MD) **] and RN
[**Name Initial (MD) **] and MD
   unable to obtain BP. 
2. When: 2 days 16 hours ago, Note Category: Physician, Note Description: Intensivist Note | Text: Readmitted
   to ICU w tachycardia and hypotension
   Chief complaint:
   tachycardia/hypotension
   PMHx:
   Stage III esophageal cancer, R eye prosthesis, HTN, DOE, BPH chronic
   foley, Diabetes, h/o trach/PEG in [**11/2113**], h/o anemia in [**12/2113**], s/p
   cholecystectomy, cognitive impairment s/p MVC
   Current medications:
   1.
3. When: 1 days 16 hours ago, Note Category: Physician, Note Description: Intensivist Note | Text: Readmitted to ICU w florid sepsis.
   
4. When: 0 days 16 hours ago, Note Category: Physician, Note Description: Intensivist Note | Text: [**2-5**] the pt developed respiratory distress,
   hypotension, and tachycardia on floor and was transferred to the SICU.
5. When: 0 days 16 hours ago, Note Category: Physician, Note Description: Intensivist Note | Text: Admit to SICU [**2-5**] with
   sepsis and multiorgan system failure secondary to c diff.
   
"
f0f2520a-4829-86c4-e4f3-84495d311be1,So Admissao,"He was reintubated and received multiple medications, including antibiotics and hydration therapy. ",Not Supported,"The reference mentions initial intubation, extubation, and administration of medications including antibiotics and fluids, but does not mention reintubation or multiple medications given after reintubation.","Hospital Admission Start: 15 days 0 hours ago
Hospital Admission End: Now
Electronic Health Record Context
Ordered by Time (Earliest to Latest):
1. When: 15 days 16 hours ago, Note Category: Nursing, Note Description: Nursing Progress Note | Text: Also showed
   nasal fractures.
   
2. When: 14 days 16 hours ago, Note Category: Nursing, Note Description: Nursing Progress Note | Text: Extubated in or.  
3. When: 7 days 16 hours ago, Note Category: Radiology, Note Description: CHEST (PORTABLE AP) | Text: There is a small right effusion that is increased in size compared to prior.



4. When: 6 days 16 hours ago, Note Category: Nursing, Note Description: Nursing Progress Note | Text: wean and extubated
   this am. 
5. When: 6 days 16 hours ago, Note Category: Nursing, Note Description: Nursing Progress Note | Text: Action:
   Medicated with iv fentanyl.
   
6. When: 5 days 16 hours ago, Note Category: Nursing, Note Description: Nursing Progress Note | Text: Hydralazine given. 
7. When: 2 days 16 hours ago, Note Category: Nursing, Note Description: Nursing Progress Note | Text: Received multiple
   fluid boluses.
8. When: 0 days 16 hours ago, Note Category: Physician, Note Description: Intensivist Note | Text: He was intubated, started on pressors as well as broad spectrum abx. 
"
7405f258-91ac-3930-4927-2412d0126402,So Admissao,"Throughout his hospital stay, the patient required ongoing management of his neurological status, pain, and anxiety, as well as treatment for septic shock, fluid overload, and metabolic acidosis. ",Supported,"The reference documents ongoing management of neurological status (sedated neuro status), metabolic acidosis, and sepsis (septic shock), consistent with the text. Fluid overload is implied by multi-organ failure and oliguria requiring CVVH, supporting the text's statement.","Hospital Admission Start: 15 days 0 hours ago
Hospital Admission End: Now
Electronic Health Record Context
Ordered by Time (Earliest to Latest):
1. When: 13 days 16 hours ago, Note Category: Radiology, Note Description: CT ABD W&W/O C | Text: The patient is status post cholecystectomy.
2. When: 4 days 16 hours ago, Note Category: Radiology, Note Description: CT HEAD W/O CONTRAST | Text: The patient is
 post-suboccipital craniotomy, with continued fluid in the postoperative bed.
3. When: 1 days 16 hours ago, Note Category: Physician, Note Description: Intensivist Note | Text: Readmitted to ICU w florid sepsis.
   
4. When: 0 days 16 hours ago, Note Category: Respiratory, Note Description: Respiratory Care Shift Note | Text: ventilation to control pH
   Reason for continuing current ventilatory support: Underlying illness
   not resolved
   Pt has a severe metabolic acidosis.
5. When: 0 days 16 hours ago, Note Category: Physician, Note Description: Intensivist Note | Text: Admit to SICU [**2-5**] with
   sepsis and multiorgan system failure
   Neuro: sedated.  
6. When: 0 days 16 hours ago, Note Category: Physician, Note Description: Intensivist Note | Text: He
   was brought to SICU in multi-system organ failure with oliguria
   requiring CVVH, liver failure, worsening hypocoagulable state, and
   severe metabolic acidosis.
"
298f3674-4277-9c9d-75b9-53b668fda4cb,So Admissao,"On February 7, despite aggressive treatment, the patient's condition remained unstable, and after a family meeting with the doctor, it was decided to stop treatment due to the unsurvivable situation. ",Not Addressed,"The reference context does not mention the patient's condition on February 7, the decision to stop treatment, or any family meeting with the doctor.","Hospital Admission Start: 15 days 0 hours ago
Hospital Admission End: Now
Electronic Health Record Context
Ordered by Time (Earliest to Latest):
1. When: 13 days 16 hours ago, Note Category: Physician, Note Description: Intensivist Note | Text: Pt has had
   increased difficulty walking over past month.
2. When: 13 days 16 hours ago, Note Category: Nursing, Note Description: Nursing Transfer Note | Text: Pt has had increased
   difficulty walking over past month.
3. When: 5 days 16 hours ago, Note Category: Nursing, Note Description: Nursing Progress Note | Text: Immediately became
   very agitated, hypertensive and uncooperative, trying to get out of bed
   and interfere with treatment.
   
4. When: 4 days 16 hours ago, Note Category: Physician, Note Description: Intensivist Note | Text: Pt has had increased
   difficulty walking over past month.  
"
63c3af56-948e-25d9-f752-2e3f9e91d612,So Admissao,"The patient's care was withdrawn, and morphine was administered to manage symptoms. ",Not Supported,"The reference indicates morphine was administered and the patient was withdrawing to painful stimuli, but there is no mention that the patient's care was withdrawn.","Hospital Admission Start: 15 days 0 hours ago
Hospital Admission End: Now
Electronic Health Record Context
Ordered by Time (Earliest to Latest):
1. When: 14 days 16 hours ago, Note Category: Nursing, Note Description: Nursing Progress Note | Text: Pain
   management. 
2. When: 14 days 16 hours ago, Note Category: Nursing, Note Description: Nursing Progress Note | Text: Medicated with
   dilaudid 1mg for pain.  
3. When: 13 days 16 hours ago, Note Category: Radiology, Note Description: CT ABD W&W/O C | Text: The patient is status post cholecystectomy.
4. When: 6 days 16 hours ago, Note Category: Nursing, Note Description: Nursing Progress Note | Text: Action:
   Medicated with iv fentanyl.
   
5. When: 5 days 16 hours ago, Note Category: Nursing, Note Description: Nursing Progress Note | Text: Haldo, ativan and Fentanyl given.
   
6. When: 4 days 16 hours ago, Note Category: Nursing, Note Description: Nursing Progress Note | Text: Action:
   Administration of morphine sulfate IVP.
   
7. When: 4 days 16 hours ago, Note Category: Physician, Note Description: Intensivist Note | Text: discontinued fentanyl and transitioned to morphine prn
   yesterday.
   
8. When: 2 days 16 hours ago, Note Category: Physician, Note Description: Intensivist Note | Text: morphine
   prn yesterday.
   
9. When: 1 days 16 hours ago, Note Category: Nursing, Note Description: Nursing Progress Note | Text: Withdraws to painful stimuli. 
"
ae5a654d-37ad-a8cc-31e1-5d605160ef66,So Admissao,The patient was pronounced dead at 1650 with the family present and in agreement with the plan.,Supported,"The reference notes indicate the patient was pronounced at 1650, with all family present and in agreement with the plan to stop treatment, supporting the text statement.","Hospital Admission Start: 15 days 0 hours ago
Hospital Admission End: Now
Electronic Health Record Context
Ordered by Time (Earliest to Latest):
1. When: 14 days 16 hours ago, Note Category: Physician, Note Description: Intensivist Note | Text: Disucss plan with
   neurosurgery for possible intervention.
   
2. When: 13 days 16 hours ago, Note Category: Radiology, Note Description: CT ABD W&W/O C | Text: The patient is status post cholecystectomy.
3. When: 6 days 16 hours ago, Note Category: Nursing, Note Description: Nursing Progress Note | Text: Plan:
   Continue to monitor pain and medicate prn.

4. When: 3 days 16 hours ago, Note Category: Radiology, Note Description: BP KNEE (2 VIEWS) BILAT PORT | Text: The patient is status post ORIF
  of an old healed fracture of the right proximal tibia.  
5. When: 3 days 16 hours ago, Note Category: Radiology, Note Description: BP KNEE (2 VIEWS) BILAT PORT | Text: The patient is status post ORIF
 of an old healed fracture of the right proximal tibia.  
6. When: 0 days 16 hours ago, Note Category: Nursing, Note Description: Nursing Progress Note | Text: Patient pronounced at 1650.
   
7. When: 0 days 16 hours ago, Note Category: Nursing, Note Description: Nursing Progress Note | Text: All family present, all in agreement with plan.
   
8. When: 0 days 16 hours ago, Note Category: Nursing, Note Description: Nursing Progress Note | Text: All in agreement to stop treatment, and provide [**Name (STitle) 1396**] only to family.
   
9. When: 0 days 16 hours ago, Note Category: Nursing, Note Description: Nursing Progress Note | Text: Response:
   Plan:

"
e31f24d4-036e-d2d3-398b-208ff377d612,So Admissao,"On February 6, the patient developed a florid septic picture, with severe diffuse large bowel thickening, likely due to severe colitis, possibly caused by C. difficile. ",Supported,"The reference describes severe diffuse large bowel thickening likely due to severe colitis with C. difficile as the most likely pathogen, matching the text's statement about a florid septic picture with severe colitis possibly caused by C. difficile on February 6.","Hospital Admission Start: 15 days 0 hours ago
Hospital Admission End: Now
Electronic Health Record Context
Ordered by Time (Earliest to Latest):
1. When: 1 days 16 hours ago, Note Category: Radiology, Note Description: CT CHEST W/CONTRAST | Text: Diffuse wall thickening from the cecum to the splenic flexure likely
 reflects severe colitis with C. difficile being the most likely pathogen.

 
2. When: 1 days 16 hours ago, Note Category: Radiology, Note Description: CT CHEST W/CONTRAST | Text: Severe diffuse large bowel thickening which
  is dilated and stool filled with nml appearing small bowel.  
3. When: 1 days 16 hours ago, Note Category: Radiology, Note Description: CT CHEST W/CONTRAST | Text: [**Month (only) **] relate to
  severe 3rd spacing or other causes of pan colitis such as c. diff.
4. When: 1 days 16 hours ago, Note Category: Radiology, Note Description: CT CHEST W/CONTRAST | Text: Marked
 colonic wall thickening is most prominent from the cecum to the splenic
                                                             (Over)

 [**2116-2-6**] 3:42 AM
 CT CHEST W/CONTRAST;
5. When: 1 days 16 hours ago, Note Category: Nursing, Note Description: Nursing Progress Note | Text: Inc of large amt of liquid and Hard
   stool.  
6. When: 1 days 16 hours ago, Note Category: Nutrition, Note Description: Clinical Nutrition Note | Text: Given pt
s large
   amount of stool output and likely c diff colitis, pt will likely need
   TPN for now.
   
7. When: 0 days 16 hours ago, Note Category: Physician, Note Description: Intensivist Note | Text: CT abdomen shows severe diffuse large bowel thickening which
   is dilated and stool filled with normal appearing small bowel. 
8. When: 0 days 16 hours ago, Note Category: Physician, Note Description: Intensivist Note | Text: etiology
   of clinical picture and his multi-system organ failure likely from
   infectious colitis possibly due to C. difficile. 
"
10fb55a1-337b-b6bc-3970-014f908eb71b,So Admissao,"He was treated with broad-spectrum antibiotics, vasopressin, norepinephrine, and propofol infusions. ",Supported,"The reference notes that the patient was started on broad spectrum antibiotics, vasopressin, norepinephrine (Levophed), and propofol infusions, which fully supports the text.","Hospital Admission Start: 15 days 0 hours ago
Hospital Admission End: Now
Electronic Health Record Context
Ordered by Time (Earliest to Latest):
1. When: 6 days 16 hours ago, Note Category: Nursing, Note Description: Nursing Progress Note | Text: Action:
   Medicated with iv fentanyl.
   
2. When: 5 days 16 hours ago, Note Category: Nursing, Note Description: Nursing Progress Note | Text: Haldo, ativan and Fentanyl given.
   
3. When: 1 days 16 hours ago, Note Category: Physician, Note Description: Intensivist Note | Text: STOP [**2116-2-5**] 11:58 PM
   Post operative day:
   POD#6 - ws/p craniotomy
   Allergies:
   No Known Drug Allergies
   Last dose of Antibiotics:
   Infusions:
   Vasopressin - 1.2 units/hour
   Propofol - 15 mcg/Kg/min
   Norepinephrine - 0.
4. When: 1 days 16 hours ago, Note Category: Nursing, Note Description: Nursing Progress Note | Text: Sedated on Propofol. 
5. When: 1 days 16 hours ago, Note Category: Nutrition, Note Description: Clinical Nutrition Note | Text: Pertinent medications: Levophed, Vasopressin, propofol, D5 c/ Bicarb
   @100cc/hr,
6. When: 0 days 16 hours ago, Note Category: Physician, Note Description: Intensivist Note | Text: He was intubated, started on pressors as well as broad spectrum abx. 
7. When: 0 days 16 hours ago, Note Category: Nursing, Note Description: Nursing Progress Note | Text: Action:
   Initially weaned off levo and neo on low dose, but eventually needed to
   increase dose of vasopressin.
   
"
7c4968b0-893c-bff5-32c4-f02742922b83,So Admissao,"His condition was critical, requiring close monitoring and multidisciplinary care. ",Supported,"The reference describes the patient being transferred to the SICU with multi-system organ failure, requiring CVVH, intubation, pressors, and broad spectrum antibiotics, indicating a critical condition needing close monitoring and multidisciplinary care.","Hospital Admission Start: 15 days 0 hours ago
Hospital Admission End: Now
Electronic Health Record Context
Ordered by Time (Earliest to Latest):
1. When: 15 days 16 hours ago, Note Category: Radiology, Note Description: CT HEAD W/O CONTRAST | Text: An MRI is recommended for further
 evaluation.
2. When: 13 days 16 hours ago, Note Category: Nursing, Note Description: Nursing Progress Note | Text: Plan:
   Continue to monitor neuro status for changes. 
3. When: 13 days 16 hours ago, Note Category: Radiology, Note Description: CT ABD W&W/O C | Text: The patient is status post cholecystectomy.
4. When: 13 days 16 hours ago, Note Category: Radiology, Note Description: CT ABD W&W/O C | Text: Correlation
 should be made to the patient's trauma history.  
5. When: 0 days 16 hours ago, Note Category: Physician, Note Description: Intensivist Note | Text: [**2-5**] the pt developed respiratory distress,
   hypotension, and tachycardia on floor and was transferred to the SICU.
6. When: 0 days 16 hours ago, Note Category: Physician, Note Description: Intensivist Note | Text: He
   was brought to SICU in multi-system organ failure with oliguria
   requiring CVVH, liver failure, worsening hypocoagulable state, and
   severe metabolic acidosis.
7. When: 0 days 16 hours ago, Note Category: Physician, Note Description: Intensivist Note | Text: He was intubated, started on pressors as well as broad spectrum abx. 
"
b25f8ad4-4961-c9a5-9c82-5a1ae734d335,So Admissao,"The patient was diagnosed with multisystem organ failure, including renal failure, liver failure, and severe metabolic acidosis, and was given maximal support with ventilation, CRRT, and triple pressors. ",Supported,"The reference documents multisystem organ failure including renal failure (requiring CRRT), liver failure, and severe metabolic acidosis, with maximal support including ventilation, CRRT, and triple pressors, fully supporting the text.","Hospital Admission Start: 15 days 0 hours ago
Hospital Admission End: Now
Electronic Health Record Context
Ordered by Time (Earliest to Latest):
1. When: 1 days 16 hours ago, Note Category: Physician, Note Description: Intensivist Note | Text: Severe metabolic acidosis, improving - cont bicarb
   gtt, trend lactates.
2. When: 1 days 16 hours ago, Note Category: Physician, Note Description: Intensivist Note | Text: Severe metabolic acidosis, improving - cont bicarb
   gtt, trend lactates. 
3. When: 1 days 16 hours ago, Note Category: Nursing, Note Description: Nursing Progress Note | Text: Response:
   Maximally support with CRRT/ventilation and triple pressors.
   
4. When: 1 days 16 hours ago, Note Category: Nursing, Note Description: Nursing Progress Note | Text: cognitive impairment s/p MVC
   Sepsis, Severe (with organ dysfunction)
   Assessment:
   Florid sepsis with complete multisytem organ failure--?cdif colitis
   origin of sepsis
   l
   Action:
   Complete Respiratory support w/ventilator
   renal support w/ CRRT
   Shock liver with deteriorating lab values, given multiple units of FFP,
   platelets and Vit k
   Family in, spoke w/ Dr.
5. When: 0 days 16 hours ago, Note Category: Respiratory, Note Description: Respiratory Care Shift Note | Text: ventilation to control pH
   Reason for continuing current ventilatory support: Underlying illness
   not resolved
   Pt has a severe metabolic acidosis.
6. When: 0 days 16 hours ago, Note Category: Physician, Note Description: Intensivist Note | Text: Admit to SICU [**2-5**] with
   sepsis and multiorgan system failure
   Neuro: sedated.  
7. When: 0 days 16 hours ago, Note Category: Physician, Note Description: Intensivist Note | Text: He
   was brought to SICU in multi-system organ failure with oliguria
   requiring CVVH, liver failure, worsening hypocoagulable state, and
   severe metabolic acidosis.
8. When: 0 days 16 hours ago, Note Category: Nursing, Note Description: Nursing Progress Note | Text: Sepsis, Severe (with organ dysfunction)
   Assessment:
   Hemodynamically unstable
   Episodes of dropping  cardiac output
   Coagulopathic
   Hypothermic
   Persistent metabolic acidosis.
   
"
cce5bab5-168c-5735-f64b-e1175cae2d18,So Admissao,"On January 31, the patient underwent a suboccipital craniectomy, which showed expected post-operative changes, including pneumocephalus and small blood products, but no large hemorrhage or shift of midline structures. ",Supported,"The reference describes post-suboccipital craniectomy changes including pneumocephalus and small blood products, with no large hemorrhage or midline shift, which fully supports the text.","Hospital Admission Start: 15 days 0 hours ago
Hospital Admission End: Now
Electronic Health Record Context
Ordered by Time (Earliest to Latest):
1. When: 7 days 16 hours ago, Note Category: Radiology, Note Description: CT HEAD W/O CONTRAST | Text: Expected post-suboccipital craniectomy changes, with pneumocephalus and
 small amount of resulting blood products.

 
2. When: 7 days 16 hours ago, Note Category: Radiology, Note Description: CT HEAD W/O CONTRAST | Text: HEAD CT WITHOUT IV CONTRAST:  There has been suboccipital craniectomy, with
 expected pneumocephalus in the posterior fossa as well as a small amount of
 surrounding blood products (2:3).  
3. When: 7 days 16 hours ago, Note Category: Radiology, Note Description: CT HEAD W/O CONTRAST | Text: patient to come
  directly from OR
 No contraindications for IV contrast
 ______________________________________________________________________________
                                  PFI REPORT
 Post suboccipital craniectomy changes with no unexpected hemorrhage.  
4. When: 7 days 16 hours ago, Note Category: Radiology, Note Description: CT HEAD W/O CONTRAST | Text: ______________________________________________________________________________
                                 FINAL REPORT
 HISTORY:  68-year-old male with suboccipital craniectomy and mass excision.
5. When: 4 days 16 hours ago, Note Category: Radiology, Note Description: CT HEAD W/O CONTRAST | Text: The patient is
 post-suboccipital craniotomy, with continued fluid in the postoperative bed.
6. When: 4 days 16 hours ago, Note Category: Radiology, Note Description: CT HEAD W/O CONTRAST | Text: Status post occipital craniotomy with surgical changes in the craniotomy
 bed and edema in the left cerebellar hemisphere, similar in extent to MR done
 on [**2116-2-1**].  
7. When: 4 days 16 hours ago, Note Category: Radiology, Note Description: CT HEAD W/O CONTRAST | Text: s/p resection
 REASON FOR THIS EXAMINATION:
  Interval change
 No contraindications for IV contrast
 ______________________________________________________________________________
                                  PFI REPORT
 Status post left occipital craniotomy with fluid in postoperative bed and
 expected decrease in amount of pneumocephalus.  
8. When: 4 days 16 hours ago, Note Category: Radiology, Note Description: CT HEAD W/O CONTRAST | Text: s/p resection
 REASON FOR THIS EXAMINATION:
  Interval change
 No contraindications for IV contrast
 ______________________________________________________________________________
 PROVISIONAL FINDINGS IMPRESSION (PFI): YMf MON [**2116-2-3**] 8:13 PM
  Status post left occipital craniotomy with fluid in postoperative bed and
  expected decrease in amount of pneumocephalus.  
9. When: 2 days 16 hours ago, Note Category: Radiology, Note Description: CT HEAD W/O CONTRAST | Text: FINDINGS:

 Patient is status post left-sided suboccipital craniotomy.
10. When: 2 days 16 hours ago, Note Category: Radiology, Note Description: CT HEAD W/O CONTRAST | Text: There is no acute intracranial hemorrhage, shift of normally midline
 structures.  
"
a0ad74d3-2317-c446-7859-5495ed723cb9,So Admissao,"Post-operatively, the patient was intubated and received mechanical ventilation. ",Supported,"The reference notes multiple instances confirming the patient was intubated and received mechanical ventilation post-operatively, including respiratory care and intensivist notes explicitly stating intubation and ventilator support.","Hospital Admission Start: 15 days 0 hours ago
Hospital Admission End: Now
Electronic Health Record Context
Ordered by Time (Earliest to Latest):
1. When: 14 days 16 hours ago, Note Category: Nursing, Note Description: Nursing Progress Note | Text: Extubated in or.  
2. When: 13 days 16 hours ago, Note Category: Radiology, Note Description: CT ABD W&W/O C | Text: The patient is status post cholecystectomy.
3. When: 6 days 16 hours ago, Note Category: Nursing, Note Description: Nursing Progress Note | Text: wean and extubated
   this am. 
4. When: 4 days 16 hours ago, Note Category: Radiology, Note Description: CT HEAD W/O CONTRAST | Text: The patient is
 post-suboccipital craniotomy, with continued fluid in the postoperative bed.
5. When: 2 days 16 hours ago, Note Category: Radiology, Note Description: CHEST (PORTABLE AP) | Text: AP PORTABLE CHEST:  There has been interval intubation of the patient with the
 endotracheal tube in satisfactory position.
6. When: 1 days 16 hours ago, Note Category: Respiratory, Note Description: Respiratory Care Shift Note | Text: Respiratory Care Shift Procedures
   Transports:
   Destination (R/T)
   Time
   Complications
   Comments
   Bedside Procedures:
   Comments: Pt received intubated on full vent support. 
7. When: 0 days 16 hours ago, Note Category: Physician, Note Description: Intensivist Note | Text: Pulm: Intubated [**2-5**]. 
8. When: 0 days 16 hours ago, Note Category: Physician, Note Description: Intensivist Note | Text: He was intubated, started on pressors as well as broad spectrum abx. 
"
cdab7f54-0d39-ef0f-03c1-9f9af1ce18d2,So Admissao,"His vital signs were stable, and he was being treated for altered mental status, diabetes, and acute pain. ",Supported,"The reference notes the patient was treated for altered mental status, diabetes mellitus type II, and acute pain, and mentions vital signs were stable as implied by the clinical management described.","Hospital Admission Start: 15 days 0 hours ago
Hospital Admission End: Now
Electronic Health Record Context
Ordered by Time (Earliest to Latest):
1. When: 14 days 16 hours ago, Note Category: Nursing, Note Description: Nursing Progress Note | Text: Neurologically intact although left side weaker
   than right.  
2. When: 13 days 16 hours ago, Note Category: Nursing, Note Description: Nursing Progress Note | Text: Response:
   Pt neurologically intact.
   
3. When: 13 days 16 hours ago, Note Category: Radiology, Note Description: CT ABD W&W/O C | Text: The patient is status post cholecystectomy.
4. When: 13 days 16 hours ago, Note Category: Radiology, Note Description: CT ABD W&W/O C | Text: This lesion is stable from
 [**2114-12-13**].
 
5. When: 3 days 16 hours ago, Note Category: Radiology, Note Description: BP KNEE (2 VIEWS) BILAT PORT | Text: The patient is status post ORIF
  of an old healed fracture of the right proximal tibia.  
6. When: 1 days 16 hours ago, Note Category: Physician, Note Description: Intensivist Note | Text: OTHER, HYPERTENSION, BENIGN, ANXIETY, DELIRIUM /
   CONFUSION, [**Last Name 121**] PROBLEM - ENTER DESCRIPTION IN COMMENTS, ALTERED
   MENTAL STATUS (NOT DELIRIUM), .H/O DIABETES MELLITUS (DM), TYPE II,
   ACUTE PAIN
   Assessment and Plan: 68yM with metastatic esophageal CA to cerebellum
   now s/p left cerebellar metastatic resection, readmitted to SICU with
   florid septic picture.
7. When: 1 days 16 hours ago, Note Category: Physician, Note Description: Intensivist Note | Text: ALTERED
   MENTAL STATUS (NOT DELIRIUM), .H/O DIABETES MELLITUS (DM), TYPE II,
   ACUTE PAIN
   Assessment and Plan: 68yM with metastatic esophageal CA to cerebellum
   now s/p left cerebellar metastatic resection, readmitted to SICU with
   florid septic picture, unclear source.
   
8. When: 0 days 16 hours ago, Note Category: Physician, Note Description: Intensivist Note | Text: He was intubated, started on pressors as well as broad spectrum abx. 
"
10f3ccfb-c86d-5c12-f260-1872566fb443,So Admissao,"The plan was to wean him off the ventilator, monitor his neurological status, and manage his pain and blood sugar levels.

",Supported,"The reference notes include plans to wean the patient off the ventilator, monitor neurological status, and manage pain, which aligns with the text's stated plan.","Hospital Admission Start: 15 days 0 hours ago
Hospital Admission End: Now
Electronic Health Record Context
Ordered by Time (Earliest to Latest):
1. When: 14 days 16 hours ago, Note Category: Physician, Note Description: Intensivist Note | Text: Disucss plan with
   neurosurgery for possible intervention.
   
2. When: 13 days 16 hours ago, Note Category: Nursing, Note Description: Nursing Progress Note | Text: Plan:
   Continue to monitor neuro status for changes. 
3. When: 6 days 16 hours ago, Note Category: Nursing, Note Description: Nursing Progress Note | Text: wean and extubated
   this am. 
4. When: 6 days 16 hours ago, Note Category: Nursing, Note Description: Nursing Progress Note | Text: Pt weaned to cpap with pressure support. 
5. When: 6 days 16 hours ago, Note Category: Respiratory, Note Description: Respiratory Care Shift Note | Text: Reason for continuing current ventilatory support: Sedated / Paralyzed;
   Comments: Plan elective extubation this morning.
6. When: 6 days 16 hours ago, Note Category: Nursing, Note Description: Nursing Progress Note | Text: Plan:
   Continue to monitor pain and medicate prn.

7. When: 5 days 16 hours ago, Note Category: Respiratory, Note Description: Respiratory Care Shift Note | Text: Reason for continuing current ventilatory support: Sedated / Paralyzed;
   Comments: Elective extubation in AM.
8. When: 4 days 16 hours ago, Note Category: Nursing, Note Description: Nursing Progress Note | Text: Extubated
 and weaned off sedation on Sunday [**2116-2-2**].

9. When: 0 days 16 hours ago, Note Category: Physician, Note Description: Intensivist Note | Text: Neuro: sedated.  
"
58a77b64-0677-13dc-5904-2bfa037c6767,So Admissao,"After stabilization, attempts were made to wean him off sedation and ventilator settings, and he was eventually extubated on the second hospital day. ",Not Supported,The reference indicates the patient self-extubated on the first hospital day rather than being weaned off sedation and ventilator settings and then extubated on the second hospital day as stated in the text.,"Hospital Admission Start: 1 days 18 hours ago
Hospital Admission End: Now
Electronic Health Record Context
Ordered by Time (Earliest to Latest):
1. When: 2 days 12 hours ago, Note Category: Physician, Note Description: Physician Resident Admission Note | Text: However, he then had to be intubated due to behavior, in 4
   pt restraints. 
2. When: 2 days 12 hours ago, Note Category: Physician, Note Description: Physician Resident Admission Note | Text: Upon arrival to the floor, pt is sedated/intubated.
   
3. When: 2 days 12 hours ago, Note Category: Physician, Note Description: Physician Resident Admission Note | Text: Called EMS, walked into ambulance and was given narcan per
   protocol at which point patient became agitated and more confused and
   needed intubation in ED for agitation and large doses of
   benzos/narcotics to control behavior.
   
4. When: 2 days 12 hours ago, Note Category: Physician, Note Description: Physician Resident Admission Note | Text: Transferred to MICU intubated, sedated and hemodynamically stable.
   
5. When: 2 days 12 hours ago, Note Category: Physician, Note Description: Physician Resident Admission Note | Text: Lungs clear,
   MS hard to assess because pt was deeply sedated.
6. When: 1 days 12 hours ago, Note Category: Physician, Note Description: Physician Resident Progress Note | Text: -self extubated this am.
   
7. When: 1 days 12 hours ago, Note Category: Nursing, Note Description: Nursing Transfer Note | Text: He self
   extubated, just prior to the planned extubation.  
8. When: 1 days 12 hours ago, Note Category: Nursing, Note Description: Nursing Transfer Note | Text: After extubation, he
   was very confused and completely disoriented.
"
3e183e01-ca30-0d24-20f4-562e9e45197b,So Admissao,"Following extubation, the patient's condition improved, and he was found to have taken Ambien instead of his prescribed methadone, which led to his altered mental state.",Supported,"The reference notes that after extubation, the patient began to clear and recalled mixing up his medication, taking Ambien instead of methadone, which explains his altered mental status.","Hospital Admission Start: 1 days 18 hours ago
Hospital Admission End: Now
Electronic Health Record Context
Ordered by Time (Earliest to Latest):
1. When: 2 days 12 hours ago, Note Category: Physician, Note Description: Physician Resident Admission Note | Text: He was given ativan and 4mg morphine
   initially. 
2. When: 2 days 12 hours ago, Note Category: Physician, Note Description: Physician Resident Admission Note | Text: Called EMS, walked into ambulance and was given narcan per
   protocol at which point patient became agitated and more confused and
   needed intubation in ED for agitation and large doses of
   benzos/narcotics to control behavior.
   
3. When: 2 days 12 hours ago, Note Category: Physician, Note Description: Physician Resident Admission Note | Text: Pt was given narcan by EMS which escalated pt's AMS.
   
4. When: 1 days 12 hours ago, Note Category: Physician, Note Description: Physician Resident Progress Note | Text: Pt was given narcan by EMS which escalated pt's AMS.
5. When: 1 days 12 hours ago, Note Category: Nursing, Note Description: Nursing Transfer Note | Text: Action:
   Reorientation several times throughout the morning, he spoke with his
   wife trying to
put the pieces back together
   Response:
   As he started to clear he was able to remember that he had mixed up his
   medication and took ambien instead of his methadone yesterday
   afternoon.
6. When: 1 days 12 hours ago, Note Category: Nursing, Note Description: Nursing Transfer Note | Text: Patient states that when he misses his
   methadone he sweats profusely,
puddles of sweat
, which did occur on
   this shift.  
7. When: 1 days 12 hours ago, Note Category: Nursing, Note Description: Nursing Transfer Note | Text: Altered mental status (not Delirium)
   Assessment:
   At the start of the shift patient was intubated and restrained on
   propofol, writhing in bed and following commands but inconsistently,
   uncooperative, very lethargic and kept his eyes closed.  
8. When: 1 days 12 hours ago, Note Category: Nursing, Note Description: Nursing Transfer Note | Text: Methadone afternoon dose was given.
"
c4477c25-0fa4-9ea1-d405-0d0f1a18713c,So Admissao,"The patient was admitted to the ICU with altered mental status (AMS), agitation, and a urinary tract infection (UTI). ",Supported,"The reference notes the patient presented with altered mental status (AMS), agitation, and a urinary tract infection (UTI), consistent with the text stating the patient was admitted to the ICU with these conditions.","Hospital Admission Start: 1 days 18 hours ago
Hospital Admission End: Now
Electronic Health Record Context
Ordered by Time (Earliest to Latest):
1. When: 2 days 12 hours ago, Note Category: Physician, Note Description: Physician Resident Admission Note | Text: [**11-3**]
   QT/QTC 420/430
   Assessment and Plan
   Assessment and Plan: Pt is a 61 y.o male with h.o prostate ca with
   fistulous and infectious complications, pelvis osteo, PE,
   nephrolithiasis, HL, chronic back and LLE pain, [**Doctor Last Name 598**], UTIs, multiple
   leg debridements with presents with AMS and evidence of UTI.
   
2. When: 1 days 12 hours ago, Note Category: Nursing, Note Description: Nursing Progress Note | Text: AAox1
   Urinary tract infection (UTI)
   Assessment:
   Pt presented w/ urostomy bag draining cloudy urine.
   
3. When: 1 days 12 hours ago, Note Category: Physician, Note Description: Physician Resident Progress Note | Text: 3 mmol/L, Albumin:3.7 g/dL, LDH:185 IU/L, Ca++:8.9 mg/dL,
   Mg++:1.9 mg/dL, PO4:2.9 mg/dL
   Assessment and Plan
 URINARY TRACT INFECTION (UTI)
 ALTERED MENTAL STATUS (NOT DELIRIUM)
   .
4. When: 1 days 12 hours ago, Note Category: Physician, Note Description: Physician Resident Progress Note | Text: Infectious etiology
   such as bacteremia, UTI, or menigitis are possible. 
5. When: 1 days 12 hours ago, Note Category: Physician, Note Description: Physician Attending Progress Note | Text: HPI:
   61M with h/o prostate ca, s/p surgery with multiple complications, h/o
   recurrent UTIs,  picked up by EMS for ?confusion, after a week or so of
   agitation. 
6. When: 1 days 12 hours ago, Note Category: Physician, Note Description: Physician Attending Progress Note | Text: uti vs pna, with further altered mental status and agitation
   after narca, now extubated during rounds, doing well:
   uri vs pna: non-toxic,
   -switch to levofloxacin 750 daily
   -stop all other abx
   chronic pain
   -clarify home meds and restart home pain meds
   -prn morphine
   ?change in mental status: appears to be resolved
   -fu head ct read
   -fu csf culture
   -better history from patient and wife today
"
b0f6b04c-6f0c-e805-314a-9ed093a1d298,So Admissao,"He was intubated and sedated due to agitated behavior and was found to have positive toxicology screens for benzodiazepines, barbiturates, and methadone. ",Supported,"The reference states the patient was intubated due to agitation and had positive toxicology screens for benzodiazepines, barbiturates, and methadone, fully supporting the text.","Hospital Admission Start: 1 days 18 hours ago
Hospital Admission End: Now
Electronic Health Record Context
Ordered by Time (Earliest to Latest):
1. When: 2 days 12 hours ago, Note Category: Physician, Note Description: Physician Resident Admission Note | Text: However, he then had to be intubated due to behavior, in 4
   pt restraints. 
2. When: 2 days 12 hours ago, Note Category: Physician, Note Description: Physician Resident Admission Note | Text: Patient was given 6mg ativan, 5mg of haldol, 4mg morphine, benedryl,
   famotidine, propofol, thiamine, folate, MVI, and zosyn, vanco as wekk
   as 2L NS.
   
3. When: 2 days 12 hours ago, Note Category: Physician, Note Description: Physician Resident Admission Note | Text: Called EMS, walked into ambulance and was given narcan per
   protocol at which point patient became agitated and more confused and
   needed intubation in ED for agitation and large doses of
   benzos/narcotics to control behavior.
   
4. When: 2 days 12 hours ago, Note Category: Physician, Note Description: Physician Resident Admission Note | Text: In addition, pt with tox screen positive for benzos, barbs, and
   methadone. 
5. When: 2 days 12 hours ago, Note Category: Physician, Note Description: Physician Resident Admission Note | Text: He was given ativan and 4mg morphine
   initially. 
"
cf2b711a-9e77-fbbf-9718-cf2cac9f835e,So Admissao,"The etiology of his AMS was unclear, but possible causes included infection, toxic metabolic disorder, or intracranial process. ",Supported,"The reference notes explicitly mention that the etiology of AMS was unclear, with possible causes including toxic metabolic disorder, infection, and intracranial process, matching the text.","Hospital Admission Start: 1 days 18 hours ago
Hospital Admission End: Now
Electronic Health Record Context
Ordered by Time (Earliest to Latest):
1. When: 2 days 12 hours ago, Note Category: Physician, Note Description: Physician Resident Admission Note | Text: #AMS-unclear etiology at this point. 
2. When: 1 days 12 hours ago, Note Category: Physician, Note Description: Physician Resident Progress Note | Text: Toxic metabolic is most-likely etiology. 
3. When: 1 days 12 hours ago, Note Category: Physician, Note Description: Physician Resident Progress Note | Text: Infectious etiology
   such as bacteremia, UTI, or menigitis are possible. 
4. When: 1 days 12 hours ago, Note Category: Physician, Note Description: Physician Resident Progress Note | Text: In addition, other possiblies include intracranial process but
   head CT negative. 
"
c9716950-6faf-7a95-ca83-c1385d4bea01,So Admissao,He was treated with broad-spectrum antibiotics and sedation.,Supported,"The reference mentions treatment with broad-spectrum antibiotics (zosyn, vanco) and multiple sedatives (ativan, haldol, morphine, propofol, fentanyl, versed), supporting the text that he was treated with broad-spectrum antibiotics and sedation.","Hospital Admission Start: 1 days 18 hours ago
Hospital Admission End: Now
Electronic Health Record Context
Ordered by Time (Earliest to Latest):
1. When: 2 days 12 hours ago, Note Category: Physician, Note Description: Physician Resident Admission Note | Text: He was given ativan and 4mg morphine
   initially. 
2. When: 2 days 12 hours ago, Note Category: Physician, Note Description: Physician Resident Admission Note | Text: Patient was given 6mg ativan, 5mg of haldol, 4mg morphine, benedryl,
   famotidine, propofol, thiamine, folate, MVI, and zosyn, vanco as wekk
   as 2L NS.
   
3. When: 2 days 12 hours ago, Note Category: Physician, Note Description: Physician Resident Admission Note | Text: Lungs clear,
   MS hard to assess because pt was deeply sedated.
4. When: 2 days 12 hours ago, Note Category: Physician, Note Description: Physician Resident Admission Note | Text: Called EMS, walked into ambulance and was given narcan per
   protocol at which point patient became agitated and more confused and
   needed intubation in ED for agitation and large doses of
   benzos/narcotics to control behavior.
   
5. When: 2 days 12 hours ago, Note Category: Physician, Note Description: Physician Resident Admission Note | Text: However, he then had to be intubated due to behavior, in 4
   pt restraints. 
6. When: 1 days 12 hours ago, Note Category: Nursing, Note Description: Nursing Progress Note | Text: Around 2330
   sedation changed to propofol because he was restless on the bed
   w/Fentanyl 100mics/min and versed 3mg/hr he required  boluses.
   
7. When: 1 days 12 hours ago, Note Category: Nursing, Note Description: Nursing Progress Note | Text: Action:
   LS ronchorous, ET suctioned for white thick secretion,
   Response:
   Open eyes and follow commands inconsistently, Attempted to wean
   sedation but pt is very restless on the bed.
8. When: 1 days 12 hours ago, Note Category: Nursing, Note Description: Nursing Transfer Note | Text: At home he is on methadone, percocet for breakthrough
   pain and venlafaxadine.
"
c6541ef9-6aba-7ece-287a-dc4bc6aa5ff1,So Admissao,"He was transferred to the floor, where he continued to recover and was planned for discharge with a regular pain medication schedule and education on separating his medications at home to prevent similar incidents.",Supported,"The reference notes indicate the patient was transferred to the floor, continued on a regular pain medication schedule, and there were suggestions made to separate his medications at home to prevent similar incidents, which fully supports the text.","Hospital Admission Start: 1 days 18 hours ago
Hospital Admission End: Now
Electronic Health Record Context
Ordered by Time (Earliest to Latest):
1. When: 2 days 12 hours ago, Note Category: Physician, Note Description: Physician Resident Admission Note | Text: Upon arrival to the floor, pt is sedated/intubated.
   
2. When: 2 days 12 hours ago, Note Category: Physician, Note Description: Physician Resident Admission Note | Text: Could also be complicated by his complex pain med
   regimen at home with ? 
3. When: 2 days 12 hours ago, Note Category: Physician, Note Description: Physician Resident Admission Note | Text: However, he then had to be intubated due to behavior, in 4
   pt restraints. 
4. When: 1 days 12 hours ago, Note Category: Nursing, Note Description: Nursing Transfer Note | Text: Plan:
   Continue with regular pain med schedule, starting slowly, gradually
   getting back to the levels he was at, at home.
   
5. When: 1 days 12 hours ago, Note Category: Nursing, Note Description: Nursing Transfer Note | Text: After this point he began to become more clear, was
   completely alert, oriented and was pleasant and cooperative
   Plan:
   Suggestions made to separate his meds at home so this doesn
t occur
   again, patient is back to baseline.  
6. When: 1 days 12 hours ago, Note Category: Nursing, Note Description: Nursing Transfer Note | Text: At home he is on methadone, percocet for breakthrough
   pain and venlafaxadine.
7. When: 1 days 12 hours ago, Note Category: Nursing, Note Description: Nursing Transfer Note | Text: Action:
   Frequent repositioning, patient is more comfortable in the chair.  
8. When: 1 days 12 hours ago, Note Category: Nursing, Note Description: Nursing Transfer Note | Text: Patient is eager to get up
   and start moving around again.  
"
90bac79c-0735-51d8-27cd-9eb1415280ba,So Admissao,"He was also treated for acute renal failure, bacteremia, and hypernatremia. ",Not Supported,"The reference mentions treatment and notes regarding acute renal failure and hypernatremia, but there is no mention of bacteremia or treatment for bacteremia in the reference.","Hospital Admission Start: 10 days 11 hours ago
Hospital Admission End: Now
Electronic Health Record Context
Ordered by Time (Earliest to Latest):
1. When: 10 days 17 hours ago, Note Category: Physician, Note Description: Physician Resident Admission Note | Text: Likely elevated in the setting of renal failure. 
2. When: 10 days 17 hours ago, Note Category: Physician, Note Description: Physician Attending Admission Note - MICU | Text: Acute renal failure:  can give some volume repletion.
   
3. When: 9 days 17 hours ago, Note Category: Physician, Note Description: Physician Resident Progress Note | Text: 5.Hypernatremia:  Likely due to decreased access to free water.  
4. When: 9 days 17 hours ago, Note Category: Nutrition, Note Description: Clinical Nutrition Note | Text: Patient is also in
   renal failure, likely pre-renal given dehydration in setting of DKA.
5. When: 8 days 17 hours ago, Note Category: Physician, Note Description: Cardiology Consult | Text: Hypoxia
   has resovlved with replacement of trach, and his leukocytosis is
   resolving with treatment of his UTI.  
6. When: 7 days 17 hours ago, Note Category: Physician, Note Description: Physician Resident Progress Note | Text: #.Hypernatremia:  Likely due to decreased access to free water.
7. When: 7 days 17 hours ago, Note Category: Nutrition, Note Description: Clinical Nutrition Note | Text: Patient
s renal
   failure has improved, and is he is currently tolerating the standard
   tube feeds (Boost Glucose Control) via ppft.
8. When: 6 days 17 hours ago, Note Category: Physician, Note Description: Physician Resident Progress Note | Text: #.Hypernatremia:  Likely due to decreased access to free water.  
"
6565f860-8455-5b69-5914-f90662b57ad9,So Admissao,"The patient showed improvement with treatment, including the discontinuation of invasive ventilation and the removal of his PICC line.

",Supported,"The reference notes the PICC line was removed and the patient was weaned to trach collar (discontinuation of invasive ventilation), with improved lung ventilation and clinical status, supporting the text's statement of improvement with treatment including PICC line removal and stopping invasive ventilation.","Hospital Admission Start: 10 days 11 hours ago
Hospital Admission End: Now
Electronic Health Record Context
Ordered by Time (Earliest to Latest):
1. When: 10 days 17 hours ago, Note Category: Radiology, Note Description: CHEST (PORTABLE AP) | Text: A retracted
 right PICC line ends outside the chest wall.  
2. When: 9 days 17 hours ago, Note Category: Physician, Note Description: Physician Resident Progress Note | Text: If possible, will remove PICC line.
   
3. When: 9 days 17 hours ago, Note Category: Echo, Note Description: Report | Text: INTERPRETATION:

Findings:

Patient trached on ventilatory support.

4. When: 8 days 17 hours ago, Note Category: Radiology, Note Description: CHEST (PORTABLE AP) | Text: Lung ventilation is improved, with decreased left
 lower lobe atelectasis.
5. When: 8 days 17 hours ago, Note Category: Radiology, Note Description: CHEST (PORTABLE AP) | Text: CHEST,  AP:  Moderate vascular congestion, interstitial edema, and
 cardiomegaly have improved.  
6. When: 8 days 17 hours ago, Note Category: Physician, Note Description: Physician Resident Progress Note | Text: - PICC line stayed in. 
7. When: 8 days 17 hours ago, Note Category: Physician, Note Description: Physician Attending Progress Note | Text: Will remove PIC line once heparin
   infusion is completed.  
8. When: 8 days 17 hours ago, Note Category: Nursing, Note Description: Nursing Progress Note | Text: MICU course c/b NSTEMI, found to have
   ECG changes
   Pneumonia, aspiration
   Assessment:
   Cxray improved from yesterday
   More alert
   Lungs clear
   Belly soft, +bowel sounds
   Action:
   Patient weaned to trach collar, doing very well all day long
   Continues to diurese with bumex
   All antibiotics stopped
   PICC line pulled, tip sent for culture
   Peripheral blood  cultures sent
   More agitated this afternoon,
9. When: 8 days 17 hours ago, Note Category: Nursing, Note Description: Nursing Progress Note | Text: pulled out NGT
   Replaced and confirmed by cxray
   Russian interpreter in this am, patient following commands and denying
   pain
   Cardiology consult obtained in the setting of new MI
   Heparin gtt stopped, lopressor decreased
   Sub-c heparin begun
   Glargine hs insulin increased to 30 u
   Free water to be given via gut
   Response:
   Tolerating all changes well
   Plan:
   Transfer back to rehab
   ?Need for heart cath is that is what family want for patient
s care
10. When: 2 days 17 hours ago, Note Category: Radiology, Note Description: CHEST PORT. LINE PLACEMENT | Text: There is
 increased aeration at the left base with minimal residual atelectasis.
"
f85e9e42-3cc1-3d3b-207c-99d3b440e967,So Admissao,"A 62-year-old man with a history of anoxic brain injury, type one diabetes, and recurrent aspiration pneumonia was admitted to the ICU with respiratory failure, suspected aspiration pneumonia, and acute renal failure. ",Supported,"The reference confirms the patient is a 62-year-old man with anoxic brain injury, type one diabetes, recurrent aspiration pneumonia, admitted with respiratory failure, suspected aspiration pneumonia, and acute renal failure.","Hospital Admission Start: 10 days 11 hours ago
Hospital Admission End: Now
Electronic Health Record Context
Ordered by Time (Earliest to Latest):
1. When: 9 days 17 hours ago, Note Category: Nursing, Note Description: Nursing Progress Note | Text: HPI:
   62 yo man with anoxic brain injury, DM I, s/p renal transplant in
   [**2175**].  
2. When: 8 days 17 hours ago, Note Category: Physician, Note Description: Physician Resident Progress Note | Text: Assessment and Plan
   62 year old man with history of anoxic brain injury, type one diabetesI
   and recurrent aspiration PNA s/p tracheostomy who presents after
   witnessed aspiration event with pneumonia, DKA and NSTEMI.
   
3. When: 8 days 17 hours ago, Note Category: Physician, Note Description: Cardiology Consult | Text: ASSESSMENT AND PLAN, AS REVIEWED AND DISCUSSED IN MULTIDISCIPLINARY
   ROUNDS:
   62 y/o man with CAD s/p CABG in [**2170**], HTN, Dyslipidemia, DM1 with
   multiple end organ complications, prior CVA who has had recurrent
   aspiration pneumonias and was readmitted with hypoxia, leukocytosis,
   acute renal failure and fever being treated for UTI, with
   hospitalization c/b new ECG changes,
4. When: 8 days 17 hours ago, Note Category: Nursing, Note Description: Nursing Progress Note | Text: HISTORY OF PRESENT ILLNESS:
   62 y/o Russian-speaking man with past medical history significant for V
   fib arrest c/b anoxic brain injury, CAD s/p CABG, DMI, s/p cadaveric
   kidney transplant, h/o CVA and recurrent aspirations most recently
   requiring ICU admission [**Date range (1) 12129**], then sent to rehab and readmitted
   with hypoxemia, fever and leukokcytosis on [**5-20**] found to have recurrent
   aspiration PNA, DKA, and UTI.
5. When: 7 days 17 hours ago, Note Category: Physician, Note Description: Physician Resident Progress Note | Text: type one diabetesI
   and recurrent aspiration PNA s/p tracheostomy who presents after
   witnessed aspiration event with pneumonia, DKA and NSTEMI.
   
6. When: 7 days 17 hours ago, Note Category: Nutrition, Note Description: Clinical Nutrition Note | Text: Male recently hospitalized for aspiration PNA, now readmitted
   with hypoxia, pulmonary edema, PNA, NSTEMI and DKA.  
"
35f26cda-afc9-cf66-9eff-c5a27edf20b0,So Admissao,"He was treated with antibiotics, including vancomycin and cefepime, and was started on an insulin drip for diabetic ketoacidosis. ",Supported,"The reference notes treatment with IV cefepime for E. coli in urine and initiation of insulin drip for diabetic ketoacidosis, supporting the text's statement about antibiotics including cefepime and insulin drip for DKA. Vancomycin is not explicitly mentioned but the text does not contradict the reference.","Hospital Admission Start: 10 days 11 hours ago
Hospital Admission End: Now
Electronic Health Record Context
Ordered by Time (Earliest to Latest):
1. When: 10 days 17 hours ago, Note Category: Physician, Note Description: Physician Attending Admission Note - MICU | Text: DM I:  Can start insulin drip.  
2. When: 9 days 17 hours ago, Note Category: Physician, Note Description: Physician Resident Progress Note | Text: 3.Diabetic Ketoacidosis: Patient with hyperglycemia, anion gap in the
   twenties, and ketones in the urine on admission.  
3. When: 9 days 17 hours ago, Note Category: Physician, Note Description: Physician Attending Progress Note | Text: Continue insulin drip, as he needs free water.
   
4. When: 8 days 17 hours ago, Note Category: Physician, Note Description: Physician Resident Progress Note | Text: #.Diabetic Ketoacidosis: Patient with hyperglycemia, anion gap in the
   twenties, and ketones in the urine on admission.  
5. When: 7 days 17 hours ago, Note Category: Physician, Note Description: Physician Resident Progress Note | Text: # Diabetic Ketoacidosis: Patient with hyperglycemia, anion gap in the
   twenties, and ketones in the urine on admission.  
6. When: 6 days 17 hours ago, Note Category: Nursing, Note Description: Nursing Transfer Note | Text: All antibiotics off exept for
   IV cefapime for e.coli in urine..  Poor peripheral access, currently
   with 1 20 guage IV
   Presented to ED in DKA, treated with IV fluids and IV insulin along
   with free water.
   
"
06255243-ac33-aed0-7fb6-74d536825ba2,So Admissao,The patient required invasive ventilation through a tracheostomy tube and was also receiving treatment for his renal transplant and was on prophylaxis for DVT and stress ulcer.,Supported,"The reference confirms the patient has a tracheostomy tube and is on ventilatory support, has a history of kidney transplant, and the clinical context implies ongoing care including prophylaxis consistent with ICU management.","Hospital Admission Start: 10 days 11 hours ago
Hospital Admission End: Now
Electronic Health Record Context
Ordered by Time (Earliest to Latest):
1. When: 10 days 17 hours ago, Note Category: Physician, Note Description: Physician Resident Admission Note | Text: TITLE:
   Chief Complaint:  hypoxia
   HPI:
   61 yo Russian-speaking man w/anoxic brain injury and with hx of
   DMI, s/p cadaveric kidney transplant([**2175**]), h/o CVA and chronic
   aspiration (multiple admissions for aspiration PNA - last [**3-19**]),
   CABG in [**2170**], widespread tracheomalacia with trach stent, and recent
   admission to the ICU from [**Date range (2) 12126**] for PNA,
2. When: 10 days 17 hours ago, Note Category: Radiology, Note Description: CHEST (PORTABLE AP) | Text: Tracheostomy tube
 remains in place.  
3. When: 9 days 17 hours ago, Note Category: Nursing, Note Description: Nursing Progress Note | Text: 61 yo Russian-speaking man w/anoxic brain injury and with hx of
   DMI, s/p cadaveric kidney transplant([**2175**]), h/o CVA and chronic
   aspiration (multiple admissions for aspiration PNA - last [**3-19**]),
   CABG in [**2170**], widespread tracheomalacia with trach stent, and recent
   admission to the ICU from [**Date range (2) 12126**] for PNA, stent removal and
   tracheostomy.
4. When: 9 days 17 hours ago, Note Category: Nutrition, Note Description: Clinical Nutrition Note | Text: Patient is tube feed
   dependent and has a ppft.  
5. When: 9 days 17 hours ago, Note Category: Echo, Note Description: Report | Text: INTERPRETATION:

Findings:

Patient trached on ventilatory support.

6. When: 7 days 17 hours ago, Note Category: General, Note Description: Attending Progress Note | Text: s/p kidney transplant, trach.
   
7. When: 6 days 17 hours ago, Note Category: Radiology, Note Description: CHEST (PORTABLE AP) | Text: Tracheostomy tube is again seen.



8. When: 2 days 17 hours ago, Note Category: Radiology, Note Description: CHEST PORT. LINE PLACEMENT | Text: Tracheostomy tube remains in place.



"
2f437854-97a2-ee50-48fa-e68ceac0b932,So Admissao,He was eventually weaned off the ventilator and was considered for cardiac catheterization. ,Not Supported,"The reference mentions plans for cardiology to assess whether he should have a catheterization and ongoing ventilatory support, but does not state that he was weaned off the ventilator or that cardiac catheterization was considered after weaning.","Hospital Admission Start: 10 days 11 hours ago
Hospital Admission End: Now
Electronic Health Record Context
Ordered by Time (Earliest to Latest):
1. When: 10 days 17 hours ago, Note Category: Physician, Note Description: Physician Resident Admission Note | Text: The plan was to replace his trach once in the
   ICU.
   
2. When: 10 days 17 hours ago, Note Category: Nursing, Note Description: Nursing Progress Note | Text: He was seen by IP due to possible air leak as he was pulling
   tidal volumes of 200.  he was bronched here in the icu and trach
   replaced. 
3. When: 9 days 17 hours ago, Note Category: Echo, Note Description: Report | Text: INTERPRETATION:

Findings:

Patient trached on ventilatory support.

4. When: 8 days 17 hours ago, Note Category: Nursing, Note Description: Nursing Progress Note | Text: He was discharged
   with a dobhoff feeding tube and on tube feeds.
5. When: 8 days 17 hours ago, Note Category: Physician, Note Description: Physician Attending Progress Note | Text: Will have cardiology see, to assess whether he should have cath.
   
6. When: 7 days 17 hours ago, Note Category: Rehab Services, Note Description: PMV & Swallow Evaluation | Text: He
underwent rigid bronch with removal of the stent and trach
placement on [**2182-5-6**]. 
7. When: 7 days 17 hours ago, Note Category: Rehab Services, Note Description: PMV & Swallow Evaluation | Text: He was discharged on tube feeds via a
Dobbhoff. 
"
eca0c6e8-cefb-a51b-0ffe-5278353fda89,So Admissao,"The patient's treatment plan included monitoring for cardiac biomarkers, managing his diabetes and hypertension, and addressing his acute renal failure and hypernatremia.

",Supported,"The reference details monitoring of renal function and electrolytes, management of diabetes with insulin, and treatment of acute renal failure and hypernatremia. It also includes cardiology consults addressing cardiac issues, supporting the text's statement about monitoring cardiac biomarkers and managing diabetes, hypertension, acute renal failure, and hypernatremia.","Hospital Admission Start: 10 days 11 hours ago
Hospital Admission End: Now
Electronic Health Record Context
Ordered by Time (Earliest to Latest):
1. When: 10 days 17 hours ago, Note Category: Physician, Note Description: Physician Resident Admission Note | Text: Likely elevated in the setting of renal failure. 
2. When: 9 days 17 hours ago, Note Category: Physician, Note Description: Physician Resident Progress Note | Text: Patient treated with insulin gtt with closure of
   anion gap and return to normoglycemia.
   
3. When: 9 days 17 hours ago, Note Category: Nutrition, Note Description: Clinical Nutrition Note | Text: Patient is also in
   renal failure, likely pre-renal given dehydration in setting of DKA.
4. When: 9 days 17 hours ago, Note Category: Nutrition, Note Description: Clinical Nutrition Note | Text: Monitor renal function; if this improves, will re-evaluate
   tube feed goal.
5. When: 8 days 17 hours ago, Note Category: Physician, Note Description: Physician Resident Progress Note | Text: Patient treated with insulin gtt with closure of
   anion gap and return to normoglycemia.
6. When: 8 days 17 hours ago, Note Category: Physician, Note Description: Cardiology Consult | Text: This patient was seen, discussed and evaluated with Dr.
7. When: 8 days 17 hours ago, Note Category: Physician, Note Description: Cardiology Consult | Text: ASSESSMENT AND PLAN, AS REVIEWED AND DISCUSSED IN MULTIDISCIPLINARY
   ROUNDS:
   62 y/o man with CAD s/p CABG in [**2170**], HTN, Dyslipidemia, DM1 with
   multiple end organ complications, prior CVA who has had recurrent
   aspiration pneumonias and was readmitted with hypoxia, leukocytosis,
   acute renal failure and fever being treated for UTI, with
   hospitalization c/b new ECG changes,
8. When: 8 days 17 hours ago, Note Category: Physician, Note Description: Cardiology Consult | Text: MICU course c/b NSTEMI, found to have
   ECG changes
   On [**5-20**] he was started on heparin gtt, ASA 325mg po daily, and
   pravastatin 80mg po qhs, he was continued on his home metoprolol, but
   his ACE-I was held [**3-12**] acute renal insufficiency.  
9. When: 7 days 17 hours ago, Note Category: Physician, Note Description: Physician Resident Progress Note | Text: - renally dose medication
   - Enalapril restarted [**5-22**] (discussed with renal)
   - renal transplant recs: monitor CK in setting of pravastatin and
   tacrolimus interaction
   - trend creatinine
   - continue IVF
   - [**Hospital1 **] electrolytes
   .
   
10. When: 7 days 17 hours ago, Note Category: Nutrition, Note Description: Clinical Nutrition Note | Text: Patient
s renal
   failure has improved, and is he is currently tolerating the standard
   tube feeds (Boost Glucose Control) via ppft.
"
df931bb6-582f-88b7-37bf-325de9cb3431,So Admissao,"The patient was also evaluated for dysphagia, and a video oropharyngeal swallow examination revealed a swallow delay, with penetration without aspiration noted with nectar consistency.",Supported,"The reference clearly documents a video oropharyngeal swallow examination showing a swallow delay and penetration without aspiration with nectar consistency, matching the text exactly.","Hospital Admission Start: 10 days 11 hours ago
Hospital Admission End: Now
Electronic Health Record Context
Ordered by Time (Earliest to Latest):
1. When: 7 days 17 hours ago, Note Category: Rehab Services, Note Description: PMV & Swallow Evaluation | Text: A swallow evaluation was
completed and he was advanced to nectar thick liquids and ground
solids.
2. When: 7 days 17 hours ago, Note Category: Rehab Services, Note Description: PMV & Swallow Evaluation | Text: A swallow was also completed and he had
repeat swallows and delayed coughing concerning for possible
pharyngeal residue. 
3. When: 6 days 17 hours ago, Note Category: Physician, Note Description: Physician Resident Progress Note | Text: Speech and swallow video study pending; pt may need PEG for permanently
   feeding solution given recurrent silent aspiration events in past.
   
4. When: 6 days 17 hours ago, Note Category: Radiology, Note Description: VIDEO OROPHARYNGEAL SWALLOW | Text: Swallow delay is noted.
5. When: 6 days 17 hours ago, Note Category: Radiology, Note Description: VIDEO OROPHARYNGEAL SWALLOW | Text: There was penetration with nectar
 without aspiration.  
6. When: 6 days 17 hours ago, Note Category: Radiology, Note Description: VIDEO OROPHARYNGEAL SWALLOW | Text: IMPRESSION:  Penetration without evidence of aspiration.

 
7. When: 6 days 17 hours ago, Note Category: Rehab Services, Note Description: Video Swallow Evaluation | Text: [**Known lastname 12161**] presented with a moderate oral and mild pharyngeal
dysphagia with impaired chewing and bolus control and a mild
swallow delay resulting in deep penetration and risk for
aspiration with nectar thick liquids. 
8. When: 6 days 17 hours ago, Note Category: Rehab Services, Note Description: Video Swallow Evaluation | Text: PHARYNGEAL PHASE:
Swallow trigger was mildly delayed. 
9. When: 6 days 17 hours ago, Note Category: Rehab Services, Note Description: Video Swallow Evaluation | Text: ASPIRATION/PENETRATION:
Pt with deep penetration to the level of the vocal cords on
several boluses of nectar thick liquids [**3-12**] premature spillover
and swallow delay.
"
f969e10d-491e-122a-05f3-47fbee827b42,So Admissao,"The patient's condition was closely monitored, with a focus on managing his multiple comorbidities and preventing further complications. ",Not Addressed,The reference notes document various physician encounters and evaluations but do not explicitly mention close monitoring focused on managing multiple comorbidities or preventing further complications.,"Hospital Admission Start: 10 days 11 hours ago
Hospital Admission End: Now
Electronic Health Record Context
Ordered by Time (Earliest to Latest):
1. When: 10 days 17 hours ago, Note Category: Physician, Note Description: Physician Attending Admission Note - MICU | Text: Chief Complaint:
   I saw and examined the patient, and was physically present with the ICU
   Resident for key portions of the services provided.  
2. When: 10 days 17 hours ago, Note Category: ECG, Note Description: Report | Text: Clinical correlation is suggested.

3. When: 9 days 17 hours ago, Note Category: Physician, Note Description: Physician Attending Progress Note | Text: Chief Complaint: respiratory failure
   I saw and examined the patient, and was physically present with the ICU
   Resident for key portions of the services provided.  
4. When: 9 days 17 hours ago, Note Category: Nutrition, Note Description: Clinical Nutrition Note | Text: Patient is tube feed
   dependent and has a ppft.  
5. When: 8 days 17 hours ago, Note Category: Physician, Note Description: Cardiology Consult | Text: This patient was seen, discussed and evaluated with Dr.
6. When: 8 days 17 hours ago, Note Category: Physician, Note Description: Cardiology Consult | Text: Please
   see his note in the inpatient medical record/OMR/metavision for
   additional comments.

7. When: 8 days 17 hours ago, Note Category: ECG, Note Description: Report | Text: Clinical correlation is
suggested. 
8. When: 6 days 17 hours ago, Note Category: Physician, Note Description: Physician Attending Progress Note | Text: Chief Complaint: respiratory faiulre
   I saw and examined the patient, and was physically present with the ICU
   Resident for key portions of the services provided.  
9. When: 6 days 17 hours ago, Note Category: Rehab Services, Note Description: Video Swallow Evaluation | Text: These recommendations were shared with the patient, the nurse and
the medical team.

"
d63a4a4d-8359-9c34-2db3-c9ab3c252596,So Admissao,"The patient's condition continued to improve, and he was eventually transferred to the floor with a plan for continued management of his complex medical conditions, including cardiac catheterization and possible PEG tube placement.",Not Addressed,"The reference mentions plans for trach replacement, tube feeding, cardiology consult, and transfer when stable for floor, but does not mention cardiac catheterization or possible PEG tube placement.","Hospital Admission Start: 10 days 11 hours ago
Hospital Admission End: Now
Electronic Health Record Context
Ordered by Time (Earliest to Latest):
1. When: 10 days 17 hours ago, Note Category: Physician, Note Description: Physician Resident Admission Note | Text: The plan was to replace his trach once in the
   ICU.
   
2. When: 10 days 17 hours ago, Note Category: Nursing, Note Description: Nursing Progress Note | Text: He was discharged
   with a dobhoff feeding tube and on tube feeds.
3. When: 9 days 17 hours ago, Note Category: Nutrition, Note Description: Clinical Nutrition Note | Text: Patient is tube feed
   dependent and has a ppft.  
4. When: 8 days 17 hours ago, Note Category: Physician, Note Description: Cardiology Consult | Text: This patient was seen, discussed and evaluated with Dr.
5. When: 7 days 17 hours ago, Note Category: Physician, Note Description: Physician Resident Progress Note | Text: Can
   transfer to [**Hospital1 2259**] when stable for floor.
6. When: 7 days 17 hours ago, Note Category: Nutrition, Note Description: Clinical Nutrition Note | Text: Patient
s renal
   failure has improved, and is he is currently tolerating the standard
   tube feeds (Boost Glucose Control) via ppft.
"
660fdd54-963c-bac8-9057-995fed34ae9e,So Admissao,"The patient was unable to chew solids and was recommended to initiate a PO diet of honey thick liquids and pureed solids, with aspiration precautions and continued nutrition follow-up to monitor his intake and adjust tube feeds as necessary.

",Supported,"The reference states the patient could not chew solids and was recommended to initiate a PO diet of honey thick liquids and pureed solids with aspiration precautions and monitoring, which fully supports the text.","Hospital Admission Start: 10 days 11 hours ago
Hospital Admission End: Now
Electronic Health Record Context
Ordered by Time (Earliest to Latest):
1. When: 9 days 17 hours ago, Note Category: Nutrition, Note Description: Clinical Nutrition Note | Text: Patient is tube feed
   dependent and has a ppft.  
2. When: 7 days 17 hours ago, Note Category: Rehab Services, Note Description: PMV & Swallow Evaluation | Text: A swallow evaluation was
completed and he was advanced to nectar thick liquids and ground
solids.
3. When: 6 days 17 hours ago, Note Category: Physician, Note Description: Physician Resident Progress Note | Text: Speech and swallow video study pending; pt may need PEG for permanently
   feeding solution given recurrent silent aspiration events in past.
   
4. When: 6 days 17 hours ago, Note Category: Radiology, Note Description: VIDEO OROPHARYNGEAL SWALLOW | Text: The patient could not chew any solids.

 
5. When: 6 days 17 hours ago, Note Category: Rehab Services, Note Description: Video Swallow Evaluation | Text: As such, suggest he initiate a PO
diet of honey thick liquids and pureed solids but I feel his
intake will be limited.
6. When: 6 days 17 hours ago, Note Category: Rehab Services, Note Description: Video Swallow Evaluation | Text: Suggest a PO diet of honey thick liquids and pureed solids.

7. When: 6 days 17 hours ago, Note Category: Rehab Services, Note Description: Video Swallow Evaluation | Text: [**Known lastname 12161**] presented with a moderate oral and mild pharyngeal
dysphagia with impaired chewing and bolus control and a mild
swallow delay resulting in deep penetration and risk for
aspiration with nectar thick liquids. 
8. When: 6 days 17 hours ago, Note Category: Rehab Services, Note Description: Video Swallow Evaluation | Text: Risk of aspiration is
reduced with smaller sips, but he could not consistently follow
commands to take smaller sips. 
9. When: 6 days 17 hours ago, Note Category: Rehab Services, Note Description: Video Swallow Evaluation | Text: Honey thick liquid,
Nectar-thick liquid, pureed consistency barium, and one ground
cookie coated with barium were administered. 
"
ae7fe870-8d6a-aedf-be16-536e309411bc,So Admissao,"The patient's cardiac status was closely monitored, and an electrocardiogram (ECG) showed evidence of a prior anterolateral myocardial infarction. ",Supported,"The reference contains multiple ECG reports indicating prior anterolateral myocardial infarction, directly supporting the text's statement about the ECG evidence of prior anterolateral myocardial infarction and cardiac monitoring.","Hospital Admission Start: 10 days 11 hours ago
Hospital Admission End: Now
Electronic Health Record Context
Ordered by Time (Earliest to Latest):
1. When: 10 days 17 hours ago, Note Category: ECG, Note Description: Report | Text: Consider anterolateral myocardial
infarction. 
2. When: 10 days 17 hours ago, Note Category: ECG, Note Description: Report | Text: There is
a late transition with tiny R waves in the anterior leads consistent with
possible prior anterior myocardial infarction.  
3. When: 10 days 17 hours ago, Note Category: ECG, Note Description: Report | Text: There are tiny R waves in the
inferior leads consistent with possible prior inferior myocardial infarction.

4. When: 9 days 17 hours ago, Note Category: ECG, Note Description: Report | Text: Possible inferior myocardial infarction. 
5. When: 8 days 17 hours ago, Note Category: ECG, Note Description: Report | Text: Consider prior myocardial infarction and possible left anterior fascicular
block although are non-diagnostic. 
6. When: 8 days 17 hours ago, Note Category: ECG, Note Description: Report | Text: Anterolateral myocardial infarction of indeterminate age.

7. When: 3 days 17 hours ago, Note Category: ECG, Note Description: Report | Text: Prior anterolateral myocardial infarction. 
8. When: 3 days 17 hours ago, Note Category: ECG, Note Description: Report | Text: Precordial
lead QRS configuration may be positional. 
9. When: 3 days 17 hours ago, Note Category: ECG, Note Description: Report | Text: Consider prior
inferior myocardial infarction and possible left anterior fascicular block
although are non-diagnostic. 
10. When: 1 days 17 hours ago, Note Category: ECG, Note Description: Report | Text: Prior anteroseptal and lateral
myocardial infarction. 
"
4a14bf37-5bbf-80f0-0416-b7a44f9091b6,So Admissao,"A chest port line placement examination showed the PICC terminated just distal to the cavoatrial junction, with improved aeration in the left lower lobe.",Supported,"The reference describes a chest port line placement with the PICC line extending to the lower portion of the SVC (just distal to the cavoatrial junction) and notes improved aeration in the left lower lobe, which supports the text.","Hospital Admission Start: 10 days 11 hours ago
Hospital Admission End: Now
Electronic Health Record Context
Ordered by Time (Earliest to Latest):
1. When: 10 days 17 hours ago, Note Category: Radiology, Note Description: CHEST (PORTABLE AP) | Text: A retracted
 right PICC line ends outside the chest wall.  
2. When: 9 days 17 hours ago, Note Category: Radiology, Note Description: CHEST (PORTABLE AP) | Text: Left lower lobe atelectasis is new.


3. When: 9 days 17 hours ago, Note Category: Echo, Note Description: Report | Text: Conclusions:
The left atrium is mildly dilated. 
4. When: 8 days 17 hours ago, Note Category: Radiology, Note Description: CHEST (PORTABLE AP) | Text: Lung ventilation is improved, with decreased left
 lower lobe atelectasis.
5. When: 8 days 17 hours ago, Note Category: Physician, Note Description: Physician Resident Progress Note | Text: Left lower lobe atelectasis is new.
6. When: 8 days 17 hours ago, Note Category: Physician, Note Description: Cardiology Consult | Text: Left lower lobe atelectasis is new.
   
7. When: 2 days 17 hours ago, Note Category: Radiology, Note Description: CHEST PORT. LINE PLACEMENT | Text: FINDINGS:  In comparison with the study of [**5-24**], there has been placement of a
 right PICC line that extends to the lower portion of the SVC.  
8. When: 2 days 17 hours ago, Note Category: Radiology, Note Description: CHEST PORT. LINE PLACEMENT | Text: There is
 increased aeration at the left base with minimal residual atelectasis.
9. When: 2 days 17 hours ago, Note Category: Radiology, Note Description: CHEST PORT. LINE PLACEMENT | Text: IMPROVED AERATION LLL
 ______________________________________________________________________________
                                 FINAL REPORT
 HISTORY:  PICC placement.
"
16ec8278-2d0a-c68a-0157-cf8bce802cc4,So Admissao,"During his hospital course, the patient developed a non-ST elevation myocardial infarction (NSTEMI) and underwent various procedures, including bronchoscopy, PICC line placement, and a Passy-Muir Valve evaluation.",Not Supported,"The reference confirms the patient developed an NSTEMI but does not mention bronchoscopy, PICC line placement, or Passy-Muir Valve evaluation.","Hospital Admission Start: 10 days 11 hours ago
Hospital Admission End: Now
Electronic Health Record Context
Ordered by Time (Earliest to Latest):
1. When: 8 days 17 hours ago, Note Category: Physician, Note Description: Physician Resident Progress Note | Text: NSTEMI: Patient with new T wave inversions anteriorly and elevated
   cardiac biomarkers.  
2. When: 8 days 17 hours ago, Note Category: ECG, Note Description: Report | Text: Consider prior myocardial infarction and possible left anterior fascicular
block although are non-diagnostic. 
3. When: 7 days 17 hours ago, Note Category: Physician, Note Description: Physician Resident Progress Note | Text: NSTEMI: Patient with new T wave inversions anteriorly and elevated
   cardiac biomarkers.
4. When: 6 days 17 hours ago, Note Category: Nursing, Note Description: Nursing Progress Note | Text: Myocardial infarction, acute (AMI, STEMI, NSTEMI)
   Assessment:
   Pt s/p NSTEMI.
   
"
ae93731f-6c74-58eb-7f2c-426d2fe471e3,So Admissao,"A chest radiograph on admission was normal, and a subsequent portable chest X-ray on 2146-11-01 showed no interval change or evidence of acute abnormality.",Supported,"The reference includes a normal chest radiograph on admission and a subsequent portable chest X-ray on 2146-11-01 showing no interval change or evidence of acute abnormality, fully supporting the text.","Hospital Admission Start: 2 days 23 hours ago
Hospital Admission End: Now
Electronic Health Record Context
Ordered by Time (Earliest to Latest):
1. When: 3 days 12 hours ago, Note Category: Radiology, Note Description: CHEST (PA & LAT) | Text: IMPRESSION:  Normal appearing chest radiograph without evidence for pneumonia.



2. When: 3 days 12 hours ago, Note Category: Radiology, Note Description: CHEST (PA & LAT) | Text: COMPARISON:  Chest radiograph from [**2146-1-6**].
3. When: 3 days 12 hours ago, Note Category: Radiology, Note Description: CHEST (PA & LAT) | Text: [**2146-10-31**] 10:13 AM
 CHEST (PA & LAT)                                                Clip # [**Clip Number (Radiology) 20392**]
 Reason: evaluate for pneumonia
 ______________________________________________________________________________
 [**Hospital 4**] MEDICAL CONDITION:
  25 year old woman with asthma, coughing/wheezing, increasing SOB
 REASON FOR THIS EXAMINATION:
  evaluate for pneumonia
 ______________________________________________________________________________
                                 FINAL REPORT
 PA AND LATERAL CHEST RADIOGRAPH.
4. When: 3 days 12 hours ago, Note Category: Radiology, Note Description: CHEST (PA & LAT) | Text: The lungs are clear without
 evidence for pneumonia or pleural effusion.  
5. When: 3 days 12 hours ago, Note Category: Radiology, Note Description: CHEST (PA & LAT) | Text: FINDINGS:  The heart is within normal limits.  
6. When: 2 days 12 hours ago, Note Category: Physician, Note Description: Physician Resident Admission Note | Text: Was also intubated for respiratory distress after
   initial presentation in [**2145-4-25**].  
7. When: 2 days 12 hours ago, Note Category: Radiology, Note Description: CHEST (PORTABLE AP) | Text: No evidence of acute pneumonia, vascular congestion, or pleural effusion.  
8. When: 2 days 12 hours ago, Note Category: Radiology, Note Description: CHEST (PORTABLE AP) | Text: IMPRESSION:  No change or evidence of acute abnormality.



9. When: 2 days 12 hours ago, Note Category: Radiology, Note Description: CHEST (PORTABLE AP) | Text: No
 evidence of mediastinal mass.
10. When: 2 days 12 hours ago, Note Category: Radiology, Note Description: CHEST (PORTABLE AP) | Text: [**2146-11-1**] 3:14 AM
 CHEST (PORTABLE AP)                                             Clip # [**Clip Number (Radiology) 10158**]
 Reason: r/o infiltrate, interval change
 Admitting Diagnosis: MYASTHENIA EXACERBATION
 ______________________________________________________________________________
 [**Hospital 2**] MEDICAL CONDITION:
  25 year old woman with myasthenia [**Last Name (un) 9787**], asthma, presents with SOB, URI
  symptoms.
"
7da8f6c3-1575-f5ec-a2a4-d39e07b89c07,So Admissao,"The patient, a 25-year-old woman with a history of myasthenia gravis and asthma, was admitted to the ICU on 2146-10-31 with worsening dyspnea and diplopia, despite increased use of her albuterol nebulizers and increased doses of Mestinon and prednisone. ",Supported,"The reference confirms the patient is a 25-year-old woman with myasthenia gravis and asthma admitted to the ICU with worsening dyspnea and diplopia, increased use of albuterol nebulizers, and increased doses of Mestinon and prednisone.","Hospital Admission Start: 2 days 23 hours ago
Hospital Admission End: Now
Electronic Health Record Context
Ordered by Time (Earliest to Latest):
1. When: 3 days 12 hours ago, Note Category: Radiology, Note Description: CHEST (PA & LAT) | Text: HISTORY:  25-year-old woman with asthma, coughing and wheezing, and increasing
 shortness of breath.  
2. When: 3 days 12 hours ago, Note Category: Nursing, Note Description: Nursing Progress Note | Text: Over the week, she has had worsening dyspnea,
   requiring increased use of her albuterol nebulizers up to four times a
   day. 
3. When: 3 days 12 hours ago, Note Category: Nursing, Note Description: Nursing Progress Note | Text: Her NIF has been ~ -50 to -44, her vital capacity (VC)has
   been dropping; she started at 1.8 and is now 1
   Action:
   Conts on mestinon and cellcept as well as prednisone
   Response:
   Worsening vital capacity
   Plan:
   Cont to follow her NIF and VC, check an ABG if needed, cont her
   mestinon, prednisone, cellcept

4. When: 3 days 12 hours ago, Note Category: Physician, Note Description: Physician Attending Admission Note - MICU | Text: jpg]
   Assessment and Plan
   25 yr old woman with myesthenia and asthma presents with URIO and
   asthma exacrebation leading to resp distress which may be evolving
   myesthenic crisis in setting of significantly work of breathing.
   
5. When: 2 days 12 hours ago, Note Category: Physician, Note Description: Physician Resident Admission Note | Text: Chief Complaint:  Dysnpea, Wheezing, Malaise
   HPI:
   25yoF with hx of Myasthenia [**Last Name (un) **] (dx [**5-2**], with two associated
   intubations) and asthma presents with dyspnea, malaise and diplopia. 
6. When: 2 days 12 hours ago, Note Category: Physician, Note Description: Physician Resident Admission Note | Text: Intubated for respiratory distress during
   exacerbation [**1-1**] when she also presentewd with dipolpia and
   dyspnea.  
7. When: 2 days 12 hours ago, Note Category: Physician, Note Description: Physician Resident Admission Note | Text: - F/U Neuro Recs
   - Cont DuoNebs Q4hrs following 2hrs of continuous Nebs
   - Will start Methylprednisolone 125 mg IV Q8H
   - NIF and VC q2 hrs
   - Will get baseline ABG and trend
   - Would consider early intubation for worsening clinical status
   - Holding Mestinon per Neuro recs given potential worsening cholinergic
   effects that may affect wheezing.
   
8. When: 2 days 12 hours ago, Note Category: Physician, Note Description: Physician Attending Progress Note | Text: 3 mg/dL
   Assessment and Plan
   25 yr old woman with myesthenia and asthma presents with URIO and
   asthma exacrebation leading to resp distress which may be evolving
   myesthenic crisis in setting of significantly work of breathing.
   
9. When: 2 days 12 hours ago, Note Category: Physician, Note Description: Physician Attending Progress Note | Text: Myesthenia: Severe course in the past year requiring intubation x 2,
   admitted to ICU with asthma exacerbation and concern that it was
   leadint o resp muscle fatigue so admitted to MICU for q2 nif and VC.
10. When: 2 days 12 hours ago, Note Category: Nursing, Note Description: Nursing Transfer Note | Text: 25yoF with hx of Myasthenia [**Last Name (un) **] (dx [**5-2**], with two associated
   intubations),VAP, GERD, s/p C-section .Right Lung Nodule and asthma
   presents with dyspnea, malaise and diplopia. 
"
28a16889-53d4-8407-7c97-e6ce9280afeb,So Admissao,"Initial evaluation revealed a potential myasthenic crisis, with significantly increased work of breathing. ",Supported,"The reference notes a patient with myasthenia and asthma presenting with respiratory distress and significantly increased work of breathing, possibly evolving into a myasthenic crisis, which supports the text's statement about initial evaluation revealing a potential myasthenic crisis with increased work of breathing.","Hospital Admission Start: 2 days 23 hours ago
Hospital Admission End: Now
Electronic Health Record Context
Ordered by Time (Earliest to Latest):
1. When: 3 days 12 hours ago, Note Category: Physician, Note Description: Physician Attending Admission Note - MICU | Text: jpg]
   Assessment and Plan
   25 yr old woman with myesthenia and asthma presents with URIO and
   asthma exacrebation leading to resp distress which may be evolving
   myesthenic crisis in setting of significantly work of breathing.
   
2. When: 3 days 12 hours ago, Note Category: Physician, Note Description: Physician Attending Admission Note - MICU | Text: Myesthenia: Severe course in the past yeasr requiring intubation x
   2, now with vital capacity of 1 liter and NIF -50. 
3. When: 2 days 12 hours ago, Note Category: Physician, Note Description: Physician Resident Admission Note | Text: # Respiratory Distress: Etiology likely excerbation of Myesthenia in
   the setting of asthma excerbation [**2-26**] to recent URI. 
4. When: 2 days 12 hours ago, Note Category: Physician, Note Description: Physician Resident Admission Note | Text: Intubated for respiratory distress during
   exacerbation [**1-1**] when she also presentewd with dipolpia and
   dyspnea.  
5. When: 2 days 12 hours ago, Note Category: Physician, Note Description: Physician Resident Admission Note | Text: Was also intubated for respiratory distress after
   initial presentation in [**2145-4-25**].  
6. When: 2 days 12 hours ago, Note Category: Physician, Note Description: Physician Resident Admission Note | Text: Chief Complaint:  Dysnpea, Wheezing, Malaise
   HPI:
   25yoF with hx of Myasthenia [**Last Name (un) **] (dx [**5-2**], with two associated
   intubations) and asthma presents with dyspnea, malaise and diplopia. 
7. When: 2 days 12 hours ago, Note Category: Radiology, Note Description: CHEST (PORTABLE AP) | Text: REASON FOR THIS EXAMINATION:
  r/o infiltrate, interval change
 ______________________________________________________________________________
                                 FINAL REPORT
 HISTORY:  Myasthenia [**Last Name (un) 9787**] with shortness of breath.

 
8. When: 2 days 12 hours ago, Note Category: Physician, Note Description: Physician Attending Progress Note | Text: 3 mg/dL
   Assessment and Plan
   25 yr old woman with myesthenia and asthma presents with URIO and
   asthma exacrebation leading to resp distress which may be evolving
   myesthenic crisis in setting of significantly work of breathing.
   
9. When: 2 days 12 hours ago, Note Category: Physician, Note Description: Physician Attending Progress Note | Text: Myesthenia: Severe course in the past year requiring intubation x 2,
   admitted to ICU with asthma exacerbation and concern that it was
   leadint o resp muscle fatigue so admitted to MICU for q2 nif and VC.
10. When: 2 days 12 hours ago, Note Category: Nursing, Note Description: Nursing Transfer Note | Text: 25yoF with hx of Myasthenia [**Last Name (un) **] (dx [**5-2**], with two associated
   intubations),VAP, GERD, s/p C-section .Right Lung Nodule and asthma
   presents with dyspnea, malaise and diplopia. 
"
68ace126-dfeb-ade7-eb87-a62b3bfdb005,So Admissao,"The patient was treated with steroids, increased Mestinon, and close monitoring of her respiratory status.",Supported,"The reference notes multiple instances of treatment with steroids and increased Mestinon, along with monitoring of respiratory status, supporting the text's statement.","Hospital Admission Start: 2 days 23 hours ago
Hospital Admission End: Now
Electronic Health Record Context
Ordered by Time (Earliest to Latest):
1. When: 3 days 12 hours ago, Note Category: Nursing, Note Description: Nursing Progress Note | Text: She called her neurologist and her mestinon and prednisone
   were both increased.  
2. When: 3 days 12 hours ago, Note Category: Nursing, Note Description: Nursing Progress Note | Text: In the EW she was given prednisone 60 mg and a
   combivent nebulizer. 
3. When: 3 days 12 hours ago, Note Category: Nursing, Note Description: Nursing Progress Note | Text: Over the week, she has had worsening dyspnea,
   requiring increased use of her albuterol nebulizers up to four times a
   day. 
4. When: 3 days 12 hours ago, Note Category: Nursing, Note Description: Nursing Progress Note | Text: Her NIF has been ~ -50 to -44, her vital capacity (VC)has
   been dropping; she started at 1.8 and is now 1
   Action:
   Conts on mestinon and cellcept as well as prednisone
   Response:
   Worsening vital capacity
   Plan:
   Cont to follow her NIF and VC, check an ABG if needed, cont her
   mestinon, prednisone, cellcept

5. When: 3 days 12 hours ago, Note Category: Physician, Note Description: Physician Attending Admission Note - MICU | Text: We are treating with steroids and
   increased mestinon. 
6. When: 2 days 12 hours ago, Note Category: Physician, Note Description: Physician Resident Admission Note | Text: [**Last Name (STitle) 5856**] that recommended increasing her Prednisone back up to
   10mg Daily from 5mg, and her Mestinon 60mg from [**Hospital1 **] to TID. 
7. When: 2 days 12 hours ago, Note Category: Nursing, Note Description: Nursing Progress Note | Text: Her blood
   sugars were 204 and 184
   Action:
   Given neb tx, solumedrol 125mg IV q 8hr
   Response:
   Symptoms improving
   blood sugars elevated with steroid
   Plan:
   Cont nebs q 2, methylprednisolone 125mg 1v q 8, NIF and VC q 2hr,
   holding mestinon continue on mycophenolate Mofetil 1500mg po bid.
8. When: 2 days 12 hours ago, Note Category: Physician, Note Description: Physician Attending Progress Note | Text: 3 mg/dL
   Assessment and Plan
   25 yr old woman with myesthenia and asthma presents with URIO and
   asthma exacrebation leading to resp distress which may be evolving
   myesthenic crisis in setting of significantly work of breathing.
   
9. When: 2 days 12 hours ago, Note Category: Nursing, Note Description: Nursing Transfer Note | Text: blood sugars elevated with steroid and coverd as per sliding scale.
   
10. When: 2 days 12 hours ago, Note Category: Physician, Note Description: Physician Resident Progress Note | Text: -          F/U Neuro Recs
   -          Holding Mestinon
   # Asthma: Started on IV Steroids and continued on q4 Duonebs. 
"
83ec3ba1-1016-25c7-af4b-56a65f5d7fc7,So Admissao,"The patient's symptoms improved with treatment, including continuous nebulizers, methylprednisolone, and monitoring of peak flows and blood sugars. ",Supported,"The reference notes continuous nebulizer treatments, methylprednisolone administration, monitoring of peak flows, and elevated blood sugars with steroid use, all indicating symptom improvement with the described treatment.","Hospital Admission Start: 2 days 23 hours ago
Hospital Admission End: Now
Electronic Health Record Context
Ordered by Time (Earliest to Latest):
1. When: 3 days 12 hours ago, Note Category: Nursing, Note Description: Nursing Progress Note | Text: In the EW she was given prednisone 60 mg and a
   combivent nebulizer. 
2. When: 3 days 12 hours ago, Note Category: Nursing, Note Description: Nursing Progress Note | Text: Over the week, she has had worsening dyspnea,
   requiring increased use of her albuterol nebulizers up to four times a
   day. 
3. When: 3 days 12 hours ago, Note Category: Physician, Note Description: Physician Attending Admission Note - MICU | Text: We are treating with steroids and
   increased mestinon. 
4. When: 2 days 12 hours ago, Note Category: Physician, Note Description: Physician Resident Admission Note | Text: Pt reports
   that he albuterol inhaler ran out on friday night and since then has
   used her albuterol nebulizer on mulitiple occassions with some
   alleviation of symptoms.
5. When: 2 days 12 hours ago, Note Category: Physician, Note Description: Physician Resident Admission Note | Text: The pt was given Combivent Nebs x3 and
   Prednisone 60mg x1.
   
6. When: 2 days 12 hours ago, Note Category: Nursing, Note Description: Nursing Progress Note | Text: Her blood
   sugars were 204 and 184
   Action:
   Given neb tx, solumedrol 125mg IV q 8hr
   Response:
   Symptoms improving
   blood sugars elevated with steroid
   Plan:
   Cont nebs q 2, methylprednisolone 125mg 1v q 8, NIF and VC q 2hr,
   holding mestinon continue on mycophenolate Mofetil 1500mg po bid.
7. When: 2 days 12 hours ago, Note Category: Nursing, Note Description: Nursing Progress Note | Text: .H/O asthma
   Assessment:
   Pt on continuous nebs beginning of shift, tachypneic, continued on room
   air with o2 sats in the high 90
s.  She was started on
   methylprednisolonel 125mg IV q8 seemed to improve shortly after. 
8. When: 2 days 12 hours ago, Note Category: Nursing, Note Description: Nursing Transfer Note | Text: blood sugars elevated with steroid and coverd as per sliding scale.
   
9. When: 2 days 12 hours ago, Note Category: Nursing, Note Description: Nursing Transfer Note | Text: The pt was given Combivent Nebs x3 and
   Prednisone 60mg x1.
    
10. When: 2 days 12 hours ago, Note Category: Physician, Note Description: Physician Resident Progress Note | Text: Breathing
   symptoms improved with improved NIFs to -80 and Peak Flows 300-350
   (Baselines 450s).
"
550f1775-fdd1-8064-0734-ff0582474f5b,So Admissao,"Her respiratory status stabilized, with negative inspiratory forces (NIFs) in the 80s and peak flows of 300-350. ",Supported,"The reference notes multiple times that NIFs were in the 80s (around -80) and peak flows were 300-350, indicating stabilization of respiratory status as stated in the text.","Hospital Admission Start: 2 days 23 hours ago
Hospital Admission End: Now
Electronic Health Record Context
Ordered by Time (Earliest to Latest):
1. When: 3 days 12 hours ago, Note Category: Nursing, Note Description: Nursing Progress Note | Text: Her NIF has been ~ -50 to -44, her vital capacity (VC)has
   been dropping; she started at 1.8 and is now 1
   Action:
   Conts on mestinon and cellcept as well as prednisone
   Response:
   Worsening vital capacity
   Plan:
   Cont to follow her NIF and VC, check an ABG if needed, cont her
   mestinon, prednisone, cellcept

2. When: 3 days 12 hours ago, Note Category: Nursing, Note Description: Nursing Progress Note | Text: NIF was -50 and VC was 1.8 L; the latter
   measurement was limited by wheezing and [**Last Name (LF) **], [**First Name3 (LF) **] respiratory.
3. When: 2 days 12 hours ago, Note Category: Respiratory, Note Description: Respiratory Care Shift Note | Text: NIFs in the 80s, while vital
   capacity hard to obtain due to restrictive disease flare up. 
4. When: 2 days 12 hours ago, Note Category: Respiratory, Note Description: Respiratory Care Shift Note | Text: Peak
   flows 300-350, ( her personal best 450). 
5. When: 2 days 12 hours ago, Note Category: Nursing, Note Description: Nursing Progress Note | Text: NIF 80
s Peak flows 300-350.
6. When: 2 days 12 hours ago, Note Category: Physician, Note Description: Physician Attending Progress Note | Text: -200 mL
                                                                   -300 mL
   Respiratory support
   O2 Delivery Device: None
   SpO2: 100%
   ABG: ///22/
   NIF: -80
7. When: 2 days 12 hours ago, Note Category: Physician, Note Description: Physician Resident Progress Note | Text: Breathing
   symptoms improved with improved NIFs to -80 and Peak Flows 300-350
   (Baselines 450s).
8. When: 2 days 12 hours ago, Note Category: Respiratory, Note Description: Respiratory Care Shift Note | Text: Wheezes and peak flow 320-350. 
9. When: 2 days 12 hours ago, Note Category: Respiratory, Note Description: Respiratory Care Shift Note | Text: NIF stable at
   -80cmH2O. 
"
c6a4e4f8-c5a2-4e5e-a2b6-ad322e3b85dc,So Admissao,"The patient was transferred to the floor on 2146-11-01, where her treatment plan included continuing nebulizers, methylprednisolone, and monitoring of her conditions.",Not Addressed,The reference does not mention the patient being transferred to the floor on 2146-11-01 or details about continuing methylprednisolone and monitoring as part of the treatment plan.,"Hospital Admission Start: 2 days 23 hours ago
Hospital Admission End: Now
Electronic Health Record Context
Ordered by Time (Earliest to Latest):
1. When: 3 days 12 hours ago, Note Category: Nursing, Note Description: Nursing Progress Note | Text: In the EW she was given prednisone 60 mg and a
   combivent nebulizer. 
2. When: 3 days 12 hours ago, Note Category: Nursing, Note Description: Nursing Progress Note | Text: Over the week, she has had worsening dyspnea,
   requiring increased use of her albuterol nebulizers up to four times a
   day. 
3. When: 2 days 12 hours ago, Note Category: Physician, Note Description: Physician Resident Admission Note | Text: Pt reports
   that he albuterol inhaler ran out on friday night and since then has
   used her albuterol nebulizer on mulitiple occassions with some
   alleviation of symptoms.
4. When: 2 days 12 hours ago, Note Category: Physician, Note Description: Physician Resident Admission Note | Text: The pt was given Combivent Nebs x3 and
   Prednisone 60mg x1.
   
5. When: 2 days 12 hours ago, Note Category: Physician, Note Description: Physician Resident Admission Note | Text: Was also intubated for respiratory distress after
   initial presentation in [**2145-4-25**].  
6. When: 2 days 12 hours ago, Note Category: Physician, Note Description: Physician Resident Admission Note | Text: In addition the pt reports that she has been cleaning and dusting her
   house. 
7. When: 2 days 12 hours ago, Note Category: Physician, Note Description: Physician Resident Admission Note | Text: Also pt reports she has an allergy to dogs and was recently
   exposed to dogs while at work.
   
8. When: 2 days 12 hours ago, Note Category: Physician, Note Description: Physician Attending Progress Note | Text: Chief Complaint: asthma, myesthenia
   I saw and examined the patient, and was physically present with the ICU
   Resident for key portions of the services provided.  
9. When: 2 days 12 hours ago, Note Category: Nursing, Note Description: Nursing Transfer Note | Text: The pt was given Combivent Nebs x3 and
   Prednisone 60mg x1.
    
10. When: 2 days 12 hours ago, Note Category: Respiratory, Note Description: Respiratory Care Shift Note | Text: Pt called out to floors.

"
b8cb2059-915d-9aa9-0422-ea1b132ccb5e,So Admissao,"The patient, a 64-year-old woman with a history of multiple myeloma, systemic amyloidosis, and end-stage renal disease (ESRD), was admitted to the ICU with symptoms of dyspnea, pain, and hypotension. ",Supported,"The reference clearly describes a 64-year-old woman with multiple myeloma, systemic amyloidosis, and ESRD admitted with symptoms including dyspnea, pain, and hypotension, matching the text exactly.","Hospital Admission Start: 2 days 20 hours ago
Hospital Admission End: Now
Electronic Health Record Context
Ordered by Time (Earliest to Latest):
1. When: 3 days 4 hours ago, Note Category: Physician, Note Description: Physician Resident Admission Note | Text: Assessment and Plan: This is a 64yo woman with multiple myeloma, s/p
   allogeneic transplant [**2143**] with recurrent disease and with systemic
   amyloidosis(cardiac), ESRD on hemodialysis s/p recent hospitalization
   for hypercalcemia and supratherapeutic INR who represents for the same
   issues as well as hypotension.
   
2. When: 3 days 4 hours ago, Note Category: Physician, Note Description: Physician Resident Admission Note | Text: [**Known lastname 3887**] is a 64yo woman with multiple
   myeloma, s/p allogeneic transplant [**2143**] with recurrent disease and with
   systemic amyloidosis(cardiac), on hemodialysis for ESRD who represents
   for malaise, weakness, and generalized body aching x 2 days.  
3. When: 3 days 4 hours ago, Note Category: Physician, Note Description: Physician Attending Admission Note - MICU | Text: I
   agree with the note above, including the assessment and plan and would
   add the following:
   64yo woman with multiple myeloma, s/p allogeneic transplant [**2143**] with
   recurrent disease and with systemic amyloidosis, on hemodialysis for
   ESRD.  
4. When: 3 days 4 hours ago, Note Category: Nursing, Note Description: Nursing Progress Note | Text: 64 year old woman with PMH of MM, s/p allo-BMT ~ 10 yrs ago, course c/b
   [**Doctor Last Name **]-amyloid and ESRD , refractory hypercalcemia, and recent admit for
   pain and dyspnea who represents with similar symptoms. 
5. When: 2 days 4 hours ago, Note Category: Nursing, Note Description: Nursing Progress Note | Text: 64 year old woman with PMH of MM, s/p allo-BMT ~ 10 yrs ago, course c/b
   [**Doctor Last Name **]-amyloid and ESRD , refractory hypercalcemia, and recent admit for
   pain and dyspnea who presents again with similar symptoms. 
6. When: 2 days 4 hours ago, Note Category: Radiology, Note Description: CHEST (PORTABLE AP) | Text: ______________________________________________________________________________
                                 FINAL REPORT
 INDICATION:  64-year-old woman with end-stage renal disease, multiple myeloma,
 amyloidosis, status post PICC placement yesterday, now with new wide-complex
 tachycardia and probable ventricular tachycardia.  
7. When: 2 days 4 hours ago, Note Category: Physician, Note Description: Physician Attending Progress Note | Text: HPI:
   64  y/o woman with PMH of MM and [**Doctor Last Name **] amyloid who presents with sub-acute
   progressive dyspnea, hypotension and refractory hypercalcemia. 
8. When: 1 days 4 hours ago, Note Category: Physician, Note Description: Physician Fellow / Attending Progress Note - MICU | Text: HPI:
   64yo woman with a h/o MM (x 10 years) c/b [**Doctor Last Name **] amyloid with known
   cardiac, pulmonary involvement, ESRD on HD, refractory hypercalcemia
   and hypoxia on [**2-28**] L O2 at home who presented on [**1-16**] with sub-acute
   progressive dyspnea and bony pain. 
9. When: 1 days 4 hours ago, Note Category: Physician, Note Description: Physician Fellow / Attending Progress Note - MICU | Text: HPI:
   64yo woman with a h/o MM (x 10 years) c/b [**Doctor Last Name **] amyloid with known
   cardiac, pulmonary involvement, ESRD on HD, refractory hypercalcemia
   and hypoxia on [**2-28**] L O2 at home who presented on [**1-16**] with sub-acute
   progressive dyspnea and bony pain.
"
b9350f4a-1d5f-5450-e082-e3df5fa98ffd,So Admissao,"Her hospital course was complicated by hypovolemic shock, cardiogenic shock, and possible adrenal insufficiency, requiring treatment with gentle hydration, low-dose pressors, and decadron.",Supported,"The reference states the hospital course was complicated by hypovolemic and cardiogenic shock with likely adrenal insufficiency, and treatment included intravenous fluids (gentle hydration) and mentions hypotension management consistent with low-dose pressors and decadron use.","Hospital Admission Start: 2 days 20 hours ago
Hospital Admission End: Now
Electronic Health Record Context
Ordered by Time (Earliest to Latest):
1. When: 3 days 4 hours ago, Note Category: Physician, Note Description: Physician Resident Admission Note | Text: Hospital course was
   complicated by an episode of hypotension following dialysis on
   [**2153-1-12**]. 
2. When: 3 days 4 hours ago, Note Category: Physician, Note Description: Physician Attending Admission Note - MICU | Text: The patient has shock of unclear
   etiology: hypovolemic, cardiogenic, with likely possibility of adrenal
   insufficiency or crisis.
3. When: 3 days 4 hours ago, Note Category: Physician, Note Description: Physician Attending Admission Note - MICU | Text: She was admitted [**Date range (1) 7152**]/08 with hypercalcemia and treated
   with pamidronate 30mg, calcitonin, and dialysis (complicated by an
   episode of hypotension following HD).
4. When: 3 days 4 hours ago, Note Category: Physician, Note Description: Physician Attending Admission Note - MICU | Text: She now has hepatitis and apparently NSTEMI
   in the context of hypotension of unclear etiology. 
5. When: 3 days 4 hours ago, Note Category: Nursing, Note Description: Nursing Progress Note | Text: She tol
   well but her BP has been on the low side ever since, see makes very
   little urine, no foley,
   Action:
   Given IVF and  HD following
   Response:
   Pnd
   Plan:
   Renal will follow in am  regarding more HD
   Coagulopathy
   Assessment:
   Pt has been chronically hard to get her  INR therapeutic, no evidence
   of bleeding as yet ,
6. When: 3 days 4 hours ago, Note Category: Nursing, Note Description: Nursing Progress Note | Text: keep activity to [**First Name3 (LF) **] for now
   Multiple myeloma  (Cancer, Malignant Neoplasm)
   Assessment:
   Her Cancer meds are on hold for now due to hypotension, Oncology to see
   pt  and follow her
   Action:
   Treatment for hypercalcemia  as noted below and IVF given, labs
   followed
   Response:
   Pnd for now
   Plan:
   Will follow Oncology recs
   Renal failure, End stage (End stage renal disease,
7. When: 2 days 4 hours ago, Note Category: Physician, Note Description: Physician Resident Progress Note | Text: Suspect in the
   setting of demand from hypotension and probable previously
   unrecognized/asymptomatic tachyarrhythmias.  
8. When: 1 days 4 hours ago, Note Category: Physician, Note Description: Physician Fellow / Attending Progress Note - MICU | Text: RESPIRATORY FAILURE, ACUTE (NOT ARDS/[**Doctor Last Name **])
   She likely has a hilar pneumonia that precipitated SIRS with relative
   hypotension. 
"
7fb70c2a-19b6-1f5b-59f0-2d9b5e558ec7,So Admissao,"Despite aggressive management, including dialysis and oxygen therapy, the patient's condition continued to deteriorate, and she remained critically ill throughout her hospital stay. ",Not Supported,"The reference indicates the patient was critically ill and had complications including hypotension after dialysis and increased oxygen use, but it does not confirm that despite aggressive management including dialysis and oxygen therapy, the patient's condition continued to deteriorate or that she remained critically ill throughout the entire hospital stay.","Hospital Admission Start: 2 days 20 hours ago
Hospital Admission End: Now
Electronic Health Record Context
Ordered by Time (Earliest to Latest):
1. When: 3 days 4 hours ago, Note Category: Physician, Note Description: Physician Resident Admission Note | Text: Hospital course was
   complicated by an episode of hypotension following dialysis on
   [**2153-1-12**]. 
2. When: 3 days 4 hours ago, Note Category: Physician, Note Description: Physician Attending Admission Note - MICU | Text: briefly,
   per oncology appears to have exhausted
   her treatment options and know has refractory hypercalcemia as well as
   multipl organ involvement of amyloid. 
3. When: 3 days 4 hours ago, Note Category: Physician, Note Description: Physician Attending Admission Note - MICU | Text: She reports
   refractory jaw and lower extremity pain since discharge as well as
   gradual increase in her baseline 2-3L oxygen use.
4. When: 3 days 4 hours ago, Note Category: Physician, Note Description: Physician Attending Admission Note - MICU | Text: Patient is critically ill. 
5. When: 3 days 4 hours ago, Note Category: Physician, Note Description: Physician Attending Admission Note - MICU | Text: Pt was admitted today with acute on chronic
   hypoxemic respiratory failure and recurrent all over body pain. 
6. When: 1 days 4 hours ago, Note Category: Physician, Note Description: Physician Fellow / Attending Progress Note - MICU | Text: Of note, she has been refusing several oral medicines during her stay.
   
"
df9ce7f1-29c9-9bad-165e-24ed64193074,So Admissao,"The patient's code status was DNR/DNI, and she ultimately passed away on [2153-01-19] at 4:55 am due to complications from her underlying conditions.",Supported,"The reference clearly documents the patient's code status as DNR/DNI multiple times and notes the time of death at 4:55 am, supporting the text's statement about code status and time of passing.","Hospital Admission Start: 2 days 20 hours ago
Hospital Admission End: Now
Electronic Health Record Context
Ordered by Time (Earliest to Latest):
1. When: 3 days 4 hours ago, Note Category: Radiology, Note Description: CHEST (PORTABLE AP) | Text: [**2153-1-16**] 7:22 AM
 CHEST (PORTABLE AP)                                             Clip # [**Clip Number (Radiology) 95098**]
 Reason: eval for acute change
 ______________________________________________________________________________
 [**Hospital 3**] MEDICAL CONDITION:
  64 year old woman with hypoxia and sob
 REASON FOR THIS EXAMINATION:
  eval for acute change
 ______________________________________________________________________________
                                 FINAL REPORT
 INDICATION:  Patient is a 64-year-old female with hypoxia and shortness of
 breath.  
2. When: 3 days 4 hours ago, Note Category: Radiology, Note Description: CTA CHEST W&W/O C&RECONS, NON-CORONARY | Text: ______________________________________________________________________________
                                 FINAL REPORT
 INDICATION:  Patient is a 64-year-old female with shortness of breath and
 hypoxia.  
3. When: 3 days 4 hours ago, Note Category: Physician, Note Description: Physician Resident Admission Note | Text: C 4 started on [**2151-12-24**] but admitted following morning
   due to dyspnea. 
4. When: 3 days 4 hours ago, Note Category: Physician, Note Description: Physician Resident Admission Note | Text: Hospital course was
   complicated by an episode of hypotension following dialysis on
   [**2153-1-12**]. 
5. When: 2 days 4 hours ago, Note Category: Physician, Note Description: Physician Resident Progress Note | Text: Code status: DNR / DNI

6. When: 2 days 4 hours ago, Note Category: Physician, Note Description: Physician Attending Progress Note | Text: PPI
   VAP:
   Comments:
   Communication: Patient discussed on interdisciplinary rounds , Family
   meeting held  Comments:
   Code status: DNR / DNI
   Disposition :ICU
   Total time spent: 30 minutes
   Patient is critically ill
7. When: 1 days 4 hours ago, Note Category: Physician, Note Description: Physician Resident Progress Note | Text: # Code: DNR/DNl
   .
   
8. When: 0 days 4 hours ago, Note Category: Nursing, Note Description: Nursing Progress Note | Text: Nursing progess note:
   Pt DNR/DNI.  
9. When: 0 days 4 hours ago, Note Category: Nursing, Note Description: Nursing Progress Note | Text: Time of death
   4:55am.  
"
a0df21a3-c835-0426-1795-0f524948c793,So Admissao,"She underwent a series of diagnostic tests, including chest radiographs, CT scans, echocardiograms, and ECGs, which revealed findings consistent with fluid overload, atelectasis, and cardiac amyloidosis. ",Not Addressed,"The reference mentions diagnostic findings related to amyloid and cardiac amyloidosis, as well as respiratory issues, but does not explicitly state that chest radiographs, CT scans, echocardiograms, and ECGs were performed or that these tests revealed fluid overload, atelectasis, and cardiac amyloidosis.","Hospital Admission Start: 2 days 20 hours ago
Hospital Admission End: Now
Electronic Health Record Context
Ordered by Time (Earliest to Latest):
1. When: 3 days 4 hours ago, Note Category: Physician, Note Description: Physician Resident Admission Note | Text: The lung mass was biopsied and thought consistent
   with amyloid.
   
2. When: 3 days 4 hours ago, Note Category: Physician, Note Description: Physician Resident Admission Note | Text: She has an extensive h/o thromobosis of unclear etiology.
   
3. When: 3 days 4 hours ago, Note Category: Physician, Note Description: Physician Attending Admission Note - MICU | Text: Reasonable to continue empiric
   rx for HAP though I suspect much of her dyspnea in due to amyloid.
   
4. When: 2 days 4 hours ago, Note Category: Physician, Note Description: Physician Resident Progress Note | Text: She has an extensive h/o thromobosis of
   unclear etiology.  
5. When: 1 days 4 hours ago, Note Category: Physician, Note Description: Physician Fellow / Attending Progress Note - MICU | Text: VENTRICULAR TACHYCARDIA / ELEVATED CARDIAC ENZYMES
   Likely due to her underlying cardiac amyloidosis; will d/c Amiodarone
   given the increase in her LFTs over the past two days since having
   initiated it.
6. When: 1 days 4 hours ago, Note Category: Physician, Note Description: Physician Fellow / Attending Progress Note - MICU | Text: VENTRICULAR TACHYCARDIA / ELEVATED CARDIAC ENZYMES
   Likely due to her underlying cardiac amyloidosis; will d/c Amiodarone
   given the increase in her LFTs over the past two days since having
   initiated it. 
7. When: 1 days 4 hours ago, Note Category: Physician, Note Description: Physician Fellow / Attending Progress Note - MICU | Text: mediastinal LAD
   Assessment and Plan
   64yo woman with a h/o MM (x 10 years) c/b [**Doctor Last Name **] amyloid with known
   cardiac, pulmonary involvement, ESRD on HD, refractory hypercalcemia
   and hypoxia on [**2-28**] L O2 at home who presented with sub-acute
   progressive dyspnea and bony pain, found to have a hilar consolidation
   on CT concerning for a pneumonia. 
8. When: 1 days 4 hours ago, Note Category: Physician, Note Description: Physician Fellow / Attending Progress Note - MICU | Text: RESPIRATORY FAILURE, ACUTE (NOT ARDS/[**Doctor Last Name **])
   She likely has a hilar pneumonia that precipitated SIRS with relative
   hypotension. 
"
e0382396-e02a-9b4e-c491-402466b705d2,So Admissao,"The patient developed a new pneumonia and experienced episodes of wide-complex tachycardia and ventricular arrhythmia, requiring treatment with antibiotics and amiodarone.",Supported,"The reference documents new wide-complex tachycardia and probable ventricular tachycardia requiring amiodarone treatment, and mentions a likely hilar pneumonia treated with antibiotics, supporting the text's statement about pneumonia and ventricular arrhythmia treated with antibiotics and amiodarone.","Hospital Admission Start: 2 days 20 hours ago
Hospital Admission End: Now
Electronic Health Record Context
Ordered by Time (Earliest to Latest):
1. When: 3 days 4 hours ago, Note Category: Physician, Note Description: Physician Attending Admission Note - MICU | Text: The patient has shock of unclear
   etiology: hypovolemic, cardiogenic, with likely possibility of adrenal
   insufficiency or crisis.
2. When: 2 days 4 hours ago, Note Category: Physician, Note Description: Physician Resident Progress Note | Text: Suspect in the
   setting of demand from hypotension and probable previously
   unrecognized/asymptomatic tachyarrhythmias.  
3. When: 2 days 4 hours ago, Note Category: Radiology, Note Description: CHEST (PORTABLE AP) | Text: ______________________________________________________________________________
                                 FINAL REPORT
 INDICATION:  64-year-old woman with end-stage renal disease, multiple myeloma,
 amyloidosis, status post PICC placement yesterday, now with new wide-complex
 tachycardia and probable ventricular tachycardia.  
4. When: 2 days 4 hours ago, Note Category: Radiology, Note Description: CHEST (PORTABLE AP) | Text: Admitting Diagnosis: DYSPNEA;HYPOXIA
 ______________________________________________________________________________
 [**Hospital 2**] MEDICAL CONDITION:
  64 year old woman with  ESRD, MM, amyloidosis s/p PICC placement yesterday now
  new wide complex tachycardia, probable VT.
 
5. When: 2 days 4 hours ago, Note Category: Radiology, Note Description: CHEST (PORTABLE AP) | Text: Admitting Diagnosis: DYSPNEA;HYPOXIA
 ______________________________________________________________________________
 [**Hospital 3**] MEDICAL CONDITION:
  64 year old woman with  ESRD, MM, amyloidosis s/p PICC placement yesterday now
  new wide complex tachycardia, probable VT.
6. When: 1 days 4 hours ago, Note Category: Physician, Note Description: Physician Fellow / Attending Progress Note - MICU | Text: VENTRICULAR TACHYCARDIA / ELEVATED CARDIAC ENZYMES
   Likely due to her underlying cardiac amyloidosis; will d/c Amiodarone
   given the increase in her LFTs over the past two days since having
   initiated it.
7. When: 1 days 4 hours ago, Note Category: Physician, Note Description: Physician Fellow / Attending Progress Note - MICU | Text: VENTRICULAR TACHYCARDIA / ELEVATED CARDIAC ENZYMES
   Likely due to her underlying cardiac amyloidosis; will d/c Amiodarone
   given the increase in her LFTs over the past two days since having
   initiated it. 
8. When: 1 days 4 hours ago, Note Category: Physician, Note Description: Physician Fellow / Attending Progress Note - MICU | Text: RESPIRATORY FAILURE, ACUTE (NOT ARDS/[**Doctor Last Name **])
   She likely has a hilar pneumonia that precipitated SIRS with relative
   hypotension. 
"
51b08b28-d1a1-efb5-4d80-8d58e7869f1f,So Admissao,"A transesophageal echocardiogram showed mild symmetric left ventricular hypertrophy, a small left ventricle, and hyperdynamic function. ",Supported,"The reference clearly states mild symmetric left ventricular hypertrophy, a small left ventricle, and hyperdynamic left ventricular systolic function (EF>75%), which fully supports the text.","Hospital Admission Start: 4 days 21 hours ago
Hospital Admission End: Now
Electronic Health Record Context
Ordered by Time (Earliest to Latest):
1. When: 5 days 18 hours ago, Note Category: Radiology, Note Description: CHEST (PORTABLE AP) | Text: There is moderate
 cardiomegaly.
2. When: 4 days 18 hours ago, Note Category: Echo, Note Description: Report | Text: There is mild symmetric left ventricular hypertrophy. 
3. When: 4 days 18 hours ago, Note Category: Echo, Note Description: Report | Text: LEFT VENTRICLE: Mild symmetric LVH. 
4. When: 4 days 18 hours ago, Note Category: Echo, Note Description: Report | Text: The
left ventricular cavity is unusually small. 
5. When: 4 days 18 hours ago, Note Category: Echo, Note Description: Report | Text: Mild
(1+) mitral regurgitation is seen. 
6. When: 4 days 18 hours ago, Note Category: Echo, Note Description: Report | Text: Left ventricular systolic function is hyperdynamic (EF>75%).

7. When: 2 days 18 hours ago, Note Category: Physician, Note Description: Physician Resident Progress Note | Text: # PUMP: Echo showed mild symmetric LVH, small LV, hyperdynamic
   (EF>75%). 
8. When: 1 days 18 hours ago, Note Category: Radiology, Note Description: CHEST (PORTABLE AP) | Text: The heart is mildly enlarged.  
"
c63432ff-3d40-5443-8557-78fff4b8b30c,So Admissao,The patient was weaned off pressors and eventually extubated after showing signs of improvement. ,Supported,"The reference notes that the patient was weaned off dopamine (a pressor) and successfully extubated, indicating improvement as stated in the text.","Hospital Admission Start: 4 days 21 hours ago
Hospital Admission End: Now
Electronic Health Record Context
Ordered by Time (Earliest to Latest):
1. When: 4 days 18 hours ago, Note Category: Radiology, Note Description: NASO-INTESTINAL TUBE PLACEMENT (W/FLUORO) | Text: The patient tolerated the procedure well.
2. When: 3 days 18 hours ago, Note Category: Radiology, Note Description: CHEST (PORTABLE AP) | Text: There is improved
 mild pulmonary edema.  
3. When: 3 days 18 hours ago, Note Category: Respiratory, Note Description: Respiratory Care Shift Note | Text: Demographics
   Pt weaned and extubated, placed on 100% CA tol ok at this time.

4. When: 3 days 18 hours ago, Note Category: General, Note Description: ICU Event Note | Text: Patient
   voiced his desire not to have a breathing tube put back in.  
5. When: 3 days 18 hours ago, Note Category: General, Note Description: ICU Event Note | Text: Clinician:  Resident
   Met with family and discussed possible need for reintubation.  
6. When: 2 days 18 hours ago, Note Category: Nursing, Note Description: Nursing Progress Note | Text: [**3-8**] Dopa weaned off. 
7. When: 2 days 18 hours ago, Note Category: Nursing, Note Description: Nursing Progress Note | Text: Successfully extubated ~1315.
8. When: 2 days 18 hours ago, Note Category: Physician, Note Description: Physician Resident Progress Note | Text: There was likely a component of CHF/fluid overload. 
"
88aee8e7-76ed-ae3d-f087-33caf759503a,So Admissao,"However, his respiratory status remained tenuous, and he required a high level of oxygen to maintain saturation levels. ",Supported,"The reference notes that the patient was requiring a lot of oxygen to maintain saturation at 88-90%, which supports the statement that his respiratory status remained tenuous and he required a high level of oxygen to maintain saturation levels.","Hospital Admission Start: 4 days 21 hours ago
Hospital Admission End: Now
Electronic Health Record Context
Ordered by Time (Earliest to Latest):
1. When: 5 days 18 hours ago, Note Category: Radiology, Note Description: CHEST (PORTABLE AP) | Text: There are low lung volumes.  
2. When: 4 days 18 hours ago, Note Category: Physician, Note Description: Physician Resident Admission Note | Text: He did indicate by nodding that he was short of
   breath.  
3. When: 4 days 18 hours ago, Note Category: Physician, Note Description: Physician Resident Admission Note | Text: Also, of note, he was tried on
   a nitro gtt, which initially caused some hypotension.
   
4. When: 3 days 18 hours ago, Note Category: General, Note Description: ICU Event Note | Text: Patient
   voiced his desire not to have a breathing tube put back in.  
5. When: 3 days 18 hours ago, Note Category: General, Note Description: ICU Event Note | Text: Was
   explained that it would only be put in if he were unable to breath for
   himself, and patient stated he did not want a breathing tube at any
   point.
6. When: 2 days 18 hours ago, Note Category: Nursing, Note Description: Nursing Progress Note | Text: Requiring a lot of O2 to maintain Sat 88-90%.
   
7. When: 2 days 18 hours ago, Note Category: Physician, Note Description: Physician Resident Progress Note | Text: There was likely a component of CHF/fluid overload. 
8. When: 1 days 18 hours ago, Note Category: Radiology, Note Description: CHEST (PORTABLE AP) | Text: The lungs appear grossly clear.



"
77617ffa-4bc8-ccfd-3af6-4eb31453c231,So Admissao,"The patient's code status was changed to ""Do Not Intubate"" (DNI) after a discussion with his family. ",Not Supported,"The reference shows the patient was initially DNR/DNI, then the DNR/DNI status was reversed per the patient's son, and later the patient expressed he did not want to be reintubated with family agreement. However, there is no clear documentation that the code status was changed to DNI after a discussion with the family; rather, the status was reversed and the discussion deferred.","Hospital Admission Start: 4 days 21 hours ago
Hospital Admission End: Now
Electronic Health Record Context
Ordered by Time (Earliest to Latest):
1. When: 5 days 18 hours ago, Note Category: Physician, Note Description: Cardiology fellow CCU admit note | Text: DNR/DNI
   confirmed from nursing home paperwork.
   
2. When: 4 days 18 hours ago, Note Category: Physician, Note Description: Physician Resident Admission Note | Text: The patient was placed on BiPAP to help
   with his breathing, as he was reportedly DNR/DNI at his nursing home.
   
3. When: 4 days 18 hours ago, Note Category: Nursing, Note Description: Nursing Progress Note | Text: DNR/DNI status reversed per pt
s son. 
4. When: 3 days 18 hours ago, Note Category: Nursing, Note Description: Nursing Progress Note | Text: PT MORE AWAKE ,TAKING CL LIQUIDS.INTERACTING APPROPRIATELY CFAMILY,PT
   STATE HE DOES NOT WANT TO BE REINTUBATED,FAMILY IS IN AGREEMENT  .HE IS
   ANXIOUS TO FIND HIS EYEGLASSES.HE BELIEVES HE WAS ADMITTED TO HOSPITAL
   C THEM.ADMISSION FORM STATES HE HAD NO VALUABLES . 
5. When: 3 days 18 hours ago, Note Category: General, Note Description: ICU Event Note | Text: Patient
   voiced his desire not to have a breathing tube put back in.  
6. When: 3 days 18 hours ago, Note Category: General, Note Description: ICU Event Note | Text: Clinician:  Resident
   Met with family and discussed possible need for reintubation.  
7. When: 3 days 18 hours ago, Note Category: General, Note Description: ICU Event Note | Text: Did not address DNR component at this discussion, and
   will defer that discussion until the morning as patient and family
   somewhat overwhelmed by current discussion.

"
03c42051-6f07-5fe4-1dfa-69d51462c0ee,So Admissao,"The patient, a 90+ year-old man with a history of CAD, CHF, OSA, and AF, was admitted to the ICU with increased respiratory distress. ",Supported,"The reference notes confirm the patient is an old man with history of CAD, CHF, OSA, and AF, admitted with respiratory distress, consistent with the text.","Hospital Admission Start: 4 days 21 hours ago
Hospital Admission End: Now
Electronic Health Record Context
Ordered by Time (Earliest to Latest):
1. When: 5 days 18 hours ago, Note Category: Physician, Note Description: Cardiology fellow CCU admit note | Text: COPD, 2nd degree heart block
   s/p PPM, OSA, DVT/AF on coumadin here with respiratory distress and
   CHF. 
2. When: 4 days 18 hours ago, Note Category: Physician, Note Description: Physician Resident Progress Note | Text: unclear source for acute chf at this point.
   
3. When: 3 days 18 hours ago, Note Category: Physician, Note Description: Physician Resident Progress Note | Text: Likely a component of
   CHF/fluid overload. 
4. When: 2 days 18 hours ago, Note Category: Nursing, Note Description: Nursing Progress Note | Text: old man w/ h/o CAD ,  CHF (last EF>55% w/o diastolic
   dysfunction on doppler in [**2168**]), OSA, 2nd degree AVB s/p dual chamber
   [**Company 2375**] PPM in [**2167**], recurrent pneumonia and bronchitis, htn, h/o DVT
   and AF on Coumadin. 
5. When: 2 days 18 hours ago, Note Category: Physician, Note Description: Physician Resident Progress Note | Text: There was likely a component of CHF/fluid overload. 
6. When: 2 days 18 hours ago, Note Category: Nursing, Note Description: Nursing Transfer Note | Text: old man w/ h/o CAD ,  CHF (last EF>55% w/o diastolic
   dysfunction on doppler in [**2168**]), OSA, 2nd degree AVB s/p dual chamber
   [**Company 2375**] PPM in [**2167**], recurrent pneumonia and bronchitis, htn, h/o DVT
   and AF on Coumadin.
"
02806104-d643-9e2c-49dc-6afe7e155979,So Admissao,"Initial evaluation revealed moderate cardiomegaly, low lung volumes, a small left pleural effusion, and increased interstitial lung markings consistent with mild pulmonary edema. ",Supported,"The reference notes moderate cardiomegaly, low lung volumes, a small left pleural effusion, and increased interstitial lung markings consistent with mild pulmonary edema, fully supporting the text.","Hospital Admission Start: 4 days 21 hours ago
Hospital Admission End: Now
Electronic Health Record Context
Ordered by Time (Earliest to Latest):
1. When: 5 days 18 hours ago, Note Category: Radiology, Note Description: CHEST (PORTABLE AP) | Text: Increased interstitial lung markings
 and perihilar opacities consistent with mild pulmonary edema is noted.  
2. When: 5 days 18 hours ago, Note Category: Radiology, Note Description: CHEST (PORTABLE AP) | Text: IMPRESSION:  Pulmonary edema with left pleural effusion.



3. When: 5 days 18 hours ago, Note Category: Radiology, Note Description: CHEST (PORTABLE AP) | Text: There is moderate
 cardiomegaly.
4. When: 5 days 18 hours ago, Note Category: Radiology, Note Description: CHEST (PORTABLE AP) | Text: There is a small left pleural
 effusion with associated atelectasis.  
5. When: 5 days 18 hours ago, Note Category: Radiology, Note Description: CHEST (PORTABLE AP) | Text: There are low lung volumes.  
6. When: 4 days 18 hours ago, Note Category: Radiology, Note Description: CHEST (PORTABLE AP) | Text: Mild
 indistinctness of pulmonary vessels is again consistent with elevated
 pulmonary venous pressure.
7. When: 4 days 18 hours ago, Note Category: Echo, Note Description: Report | Text: There is mild symmetric left ventricular hypertrophy. 
8. When: 3 days 18 hours ago, Note Category: Radiology, Note Description: CHEST (PORTABLE AP) | Text: There is improved
 mild pulmonary edema.  
9. When: 3 days 18 hours ago, Note Category: Radiology, Note Description: CHEST (PORTABLE AP) | Text: IMPRESSION:

 Improvement in mild pulmonary edema with unchanged left lower lobe
 atelectasis.



10. When: 1 days 18 hours ago, Note Category: Radiology, Note Description: CHEST (PORTABLE AP) | Text: There is mild
 atelectasis at the lung bases.  
"
b505de32-fd7e-b7b7-e524-0f7da5c4130b,So Admissao,"He was treated with lasix, IV antibiotics, and BiPAP, but his condition worsened, and he was intubated due to high PCo2 levels. ",Supported,"The reference notes that the patient was treated with lasix and BiPAP, his respiratory status did not improve leading to intubation, and there were persistently high PCo2 levels (93), supporting the text's statement.","Hospital Admission Start: 4 days 21 hours ago
Hospital Admission End: Now
Electronic Health Record Context
Ordered by Time (Earliest to Latest):
1. When: 4 days 18 hours ago, Note Category: Nursing, Note Description: Nursing Progress Note | Text: Repeat ABG: PCo2 still 93
   Intubated at 0445, Sxn
d for thick secretions. 
2. When: 4 days 18 hours ago, Note Category: Physician, Note Description: Physician Resident Admission Note | Text: Here, he has been treated with lasix, morphine, and nitro gtt.
   
3. When: 4 days 18 hours ago, Note Category: Physician, Note Description: Physician Resident Admission Note | Text: He was given
   40 mg IV lasix and put out 30-40 cc of urine.  
4. When: 4 days 18 hours ago, Note Category: Physician, Note Description: Physician Resident Progress Note | Text: Chief Complaint:
   24 Hour Events:
   - pt's respiratory status did not improve with adjustment of his BiPAP,
   ultimately resulting in intubation/mechanical ventilation
   Allergies:
   Penicillins
   itching;
   Levofloxacin
   Rash;
   Phenazopyridine
   Unknown;
   Last dose of Antibiotics:
   Infusions:
   Dopamine - 6 mcg/Kg/min
   Other ICU medications:
   Furosemide (Lasix) - [**2171-3-7**]
5. When: 4 days 18 hours ago, Note Category: Physician, Note Description: Physician Resident Progress Note | Text: For this, the patient has received Lasix boluses.
   
6. When: 2 days 18 hours ago, Note Category: Nursing, Note Description: Nursing Progress Note | Text: Repeat ABG: PCo2 still 93
   3/4Intubated at 0445, Sxn
d for thick secretions. 
"
0aeffdfc-7aa0-e9ef-17dd-4d16806886d1,So Admissao,"The patient was then placed on mechanical ventilation, sedation, and peripheral dopamine for BP support. ",Supported,"The reference notes that peripheral dopamine was started for blood pressure support, the patient was intubated (mechanical ventilation), and sedation was mentioned in the plan to continue as tolerated, supporting the text.","Hospital Admission Start: 4 days 21 hours ago
Hospital Admission End: Now
Electronic Health Record Context
Ordered by Time (Earliest to Latest):
1. When: 4 days 18 hours ago, Note Category: Nursing, Note Description: Nursing Progress Note | Text: Peripheral Dopamine started for BP
   support, 400cc ivf given in total.
          
2. When: 4 days 18 hours ago, Note Category: Physician, Note Description: Physician Resident Admission Note | Text: The patient was placed on BiPAP to help
   with his breathing, as he was reportedly DNR/DNI at his nursing home.
   
3. When: 4 days 18 hours ago, Note Category: Physician, Note Description: Physician Resident Progress Note | Text: Additional comments:
   Intubated
   Diuresing today and intention to remove peripheral dopamine
   no evidence of ischemia.
   
4. When: 4 days 18 hours ago, Note Category: Nursing, Note Description: Nursing Progress Note | Text: Peripheral Dopamine started for BP
   support, 400cc ivf given in total.
   
5. When: 4 days 18 hours ago, Note Category: Nursing, Note Description: Nursing Progress Note | Text: dopamine weaned to 4 mic bp  85/54
   Plan:
   CONTINUE TO WEAN DOPAMINE, SEDATION VENT AS TOL
   FOLLOW FLUID STATUS ,repeat lasix
   MONITOR LAB TESTS
6. When: 3 days 18 hours ago, Note Category: Nursing, Note Description: Nursing Progress Note | Text: Response:
   bp tolerating decrease in dopa and decrease in sedation, pt will follow
   commands when turning he will help hold onto railing, he will attempt
   to squeeze hand when asked, he didn
t move legs on bed when asked but
   he does on his own when he is being repositioned. 
7. When: 2 days 18 hours ago, Note Category: Nursing, Note Description: Nursing Progress Note | Text: Peripheral Dopamine started for BP
   support, 400cc ivf given in total.
8. When: 2 days 18 hours ago, Note Category: Physician, Note Description: Physician Resident Progress Note | Text: There was likely a component of CHF/fluid overload. 
"
efc45fc9-4a7e-c9ac-ad08-6611448f19fd,So Admissao,"He was treated for a urinary tract infection with nitrofurantoin and was being monitored for fluid balance, cardiac function, and renal function. ",Not Addressed,"The reference mentions treatment with lasix, morphine, and nitroglycerin, and monitoring of urine output, but does not mention treatment with nitrofurantoin for a urinary tract infection or monitoring of cardiac and renal function.","Hospital Admission Start: 4 days 21 hours ago
Hospital Admission End: Now
Electronic Health Record Context
Ordered by Time (Earliest to Latest):
1. When: 4 days 18 hours ago, Note Category: Physician, Note Description: Physician Resident Admission Note | Text: Here, he has been treated with lasix, morphine, and nitro gtt.
   
2. When: 4 days 18 hours ago, Note Category: Physician, Note Description: Physician Resident Admission Note | Text: He was given
   40 mg IV lasix and put out 30-40 cc of urine.  
3. When: 4 days 18 hours ago, Note Category: Physician, Note Description: Physician Resident Progress Note | Text: For this, the patient has received Lasix boluses.
   
4. When: 4 days 18 hours ago, Note Category: Physician, Note Description: Physician Resident Progress Note | Text: Likely a component of
   CHF/fluid overload. 
5. When: 3 days 18 hours ago, Note Category: Nursing, Note Description: Nursing Progress Note | Text: Plan:
   pt diuressed overnight he responded well to lasix,. 
6. When: 2 days 18 hours ago, Note Category: Physician, Note Description: Physician Resident Progress Note | Text: There was likely a component of CHF/fluid overload. 
"
821a8468-cfa8-b9d3-6892-d147ed1d246e,So Admissao,"The patient's disposition was pending, with consideration for discharge or continued care.",Not Addressed,The reference context does not mention the patient's disposition status or any consideration for discharge or continued care.,"Hospital Admission Start: 4 days 21 hours ago
Hospital Admission End: Now
Electronic Health Record Context
Ordered by Time (Earliest to Latest):
1. When: 4 days 18 hours ago, Note Category: Physician, Note Description: Physician Resident Admission Note | Text: However, on further discussion with the patient's HCP, it was stated
   that the patient would want to be full code.
2. When: 4 days 18 hours ago, Note Category: Physician, Note Description: Physician Resident Progress Note | Text: Mouth care
   Comments:
   Communication: ICU consent signed Comments:
   Code status: Full code
   Disposition:
   ------ Protected Section ------
   Cardiology Teaching Physician Note
   On this day I saw, examined and was physically present with the
   resident / fellow for the key portions of the services provided.
3. When: 4 days 18 hours ago, Note Category: Physician, Note Description: Physician Resident Progress Note | Text: For this, the patient has received Lasix boluses.
   
4. When: 4 days 18 hours ago, Note Category: Radiology, Note Description: NASO-INTESTINAL TUBE PLACEMENT (W/FLUORO) | Text: The patient tolerated the procedure well.
5. When: 3 days 18 hours ago, Note Category: Nursing, Note Description: Nursing Progress Note | Text: PT MORE AWAKE ,TAKING CL LIQUIDS.INTERACTING APPROPRIATELY CFAMILY,PT
   STATE HE DOES NOT WANT TO BE REINTUBATED,FAMILY IS IN AGREEMENT  .HE IS
   ANXIOUS TO FIND HIS EYEGLASSES.HE BELIEVES HE WAS ADMITTED TO HOSPITAL
   C THEM.ADMISSION FORM STATES HE HAD NO VALUABLES . 
6. When: 3 days 18 hours ago, Note Category: General, Note Description: ICU Event Note | Text: Nurse present and all in agreement that patient would be DNI
   going forward.
7. When: 3 days 18 hours ago, Note Category: General, Note Description: ICU Event Note | Text: Clinician:  Resident
   Met with family and discussed possible need for reintubation.  
8. When: 3 days 18 hours ago, Note Category: General, Note Description: ICU Event Note | Text: Patient
   voiced his desire not to have a breathing tube put back in.  
9. When: 3 days 18 hours ago, Note Category: Radiology, Note Description: CHEST (PORTABLE AP) | Text: Patient is rotated.  
"
3d70847e-d1c1-0159-2610-3982a6824064,So Admissao,He was able to tolerate sips of clear liquids and eventually advanced to a more solid diet. ,Supported,"The reference notes indicate the patient tolerated sips of clear liquids and was encouraged to advance to a more solid diet, directly supporting the text.","Hospital Admission Start: 14 days 17 hours ago
Hospital Admission End: Now
Electronic Health Record Context
Ordered by Time (Earliest to Latest):
1. When: 14 days 13 hours ago, Note Category: Physician, Note Description: Intensivist Note | Text: He was admitted, hydrated, and started on PO vanco. 
2. When: 14 days 13 hours ago, Note Category: Nursing, Note Description: Nursing Progress Note | Text: He
   was admitted, hydrated, and started on PO vanco. 
3. When: 14 days 13 hours ago, Note Category: Nursing, Note Description: Nursing Progress Note | Text: He
   was admitted, hydrated, and started on PO vancomycin. 
4. When: 13 days 13 hours ago, Note Category: Nursing, Note Description: Nursing Progress Note | Text: Metabolic acidosis
   has improved slightly. 
5. When: 10 days 13 hours ago, Note Category: Physician, Note Description: Intensivist Note | Text: ?Clears
   Nutrition: Clear liquids, Tolerating sips.  
6. When: 10 days 13 hours ago, Note Category: Physician, Note Description: Intensivist Note | Text: Nutrition: Clear liquids, Tolerating sips.  
7. When: 9 days 13 hours ago, Note Category: Nursing, Note Description: Nursing Transfer Note | Text: Tolerating clear/full liquids well- advance diet as
   tolerated.
                    
8. When: 9 days 13 hours ago, Note Category: Nursing, Note Description: Nursing Transfer Note | Text: Tolerating POs well, denies nausea,
   encouraged to eat solids. 
9. When: 6 days 13 hours ago, Note Category: Radiology, Note Description: PICC W/O PORT | Text: The patient tolerated the procedure well. 
"
470c70f2-37d9-011a-07e1-75b28fb4223a,So Admissao,"The patient's atrial fibrillation was managed with amiodarone and lopressor, and his heart rate and blood pressure were stabilized. ",Supported,"The reference documents administration of amiodarone and lopressor for atrial fibrillation management, noting heart rate control and conversion to sinus rhythm, as well as stabilization of blood pressure.","Hospital Admission Start: 14 days 17 hours ago
Hospital Admission End: Now
Electronic Health Record Context
Ordered by Time (Earliest to Latest):
1. When: 12 days 13 hours ago, Note Category: Nursing, Note Description: Nursing Progress Note | Text: Resident was at the bedside when episode
   occurred and lopressor 10 mg IVP given. 
2. When: 11 days 13 hours ago, Note Category: Physician, Note Description: Intensivist Note | Text: Cont
   amiodarone. 
3. When: 11 days 13 hours ago, Note Category: Physician, Note Description: Cardiology Comprehensive Physician Note | Text: Amiodarone iv was started
   which helped control the heart rate and eventually converted him to
   sinus.  
4. When: 11 days 13 hours ago, Note Category: Nursing, Note Description: Nursing Progress Note | Text: Action:
   PO amiodarone and lopressor given at 1700 after Dr [**First Name (STitle) **] spoke with
   cardiology.  
5. When: 10 days 13 hours ago, Note Category: Nursing, Note Description: Nursing Progress Note | Text: Atrial fibrillation (Afib)
   Assessment:
   Pt in SR w/ rate in the 80-90
s at the beginning of the shift..  Had
   received first PO dose of amiodarone 400mg at 5pm, IV gtt of amio at
   0.5mg/min turned off at 9:30pm  Pt hypotensive at that time with BP as
   low as 75/45.
6. When: 9 days 13 hours ago, Note Category: Physician, Note Description: Intensivist Note | Text: Amiodarone 9. 
7. When: 9 days 13 hours ago, Note Category: Physician, Note Description: Intensivist Note | Text: Cardiovascular: Aspirin, Beta-blocker
 increase to 50 mg tid, Statins,
   Post op AF
 Patient currently in sinus Rhythm. 
8. When: 9 days 13 hours ago, Note Category: Nursing, Note Description: Nursing Progress Note | Text: Amiodarone 400mg [**Hospital1 **].
   
9. When: 9 days 13 hours ago, Note Category: Nursing, Note Description: Nursing Transfer Note | Text: Action:
   Receiving 400mg amiodarone [**Hospital1 **] & 50mg lopressor [**Hospital1 **] for afib.
   
"
8ebcf909-ec3c-8eaa-ed34-489a7af2c68a,So Admissao,He received physical therapy and antibiotic coverage for his surgical site. ,Supported,"The reference notes physical therapy was provided and the patient was started on antibiotics (vancomycin) for treatment, supporting the text that he received physical therapy and antibiotic coverage for his surgical site.","Hospital Admission Start: 14 days 17 hours ago
Hospital Admission End: Now
Electronic Health Record Context
Ordered by Time (Earliest to Latest):
1. When: 14 days 13 hours ago, Note Category: Nursing, Note Description: Nursing Progress Note | Text: (had been on antibiotics previously for COPD flare) . 
2. When: 14 days 13 hours ago, Note Category: Nursing, Note Description: Nursing Progress Note | Text: He
   was admitted, hydrated, and started on PO vancomycin. 
3. When: 14 days 13 hours ago, Note Category: Nursing, Note Description: Nursing Progress Note | Text: Arrangements were then made for transfer here by his family
s request
   *********PT TO OR TODAY FOR EX LAP WITH COLECTOMY AND ILEOSTOMY****
   Sepsis,
4. When: 11 days 13 hours ago, Note Category: Physician, Note Description: Cardiology Comprehensive Physician Note | Text: He received a total colectomy with endileostomy on [**2-22**].
5. When: 9 days 13 hours ago, Note Category: Nursing, Note Description: Nursing Progress Note | Text: Action:
   Abdominal wound dressing changed. 
6. When: 9 days 13 hours ago, Note Category: Nursing, Note Description: Nursing Transfer Note | Text: Physical therapy by this am to work with pt.
   
7. When: 6 days 13 hours ago, Note Category: Radiology, Note Description: PICC W/O PORT | Text: The patient tolerated the procedure well. 
8. When: 6 days 13 hours ago, Note Category: Radiology, Note Description: PICC W/O PORT | Text: The procedure was explained to the patient. 
9. When: 6 days 13 hours ago, Note Category: Radiology, Note Description: PICC W/O PORT | Text: The catheter was secured
 to the skin, flushed, and a sterile dressing applied.

 
"
80d33852-8e45-43b1-408c-e9a049b6c682,So Admissao,"The patient was eventually transferred to a rehabilitation program, where he continued to receive treatment for his various complications, including impaired skin integrity due to a leaking ostomy bag and thrush.

",Not Addressed,"The reference mentions the patient had impaired skin integrity related to a leaking ostomy bag and thrush during hospitalization, but there is no information about the patient being transferred to a rehabilitation program or continuing treatment there.","Hospital Admission Start: 14 days 17 hours ago
Hospital Admission End: Now
Electronic Health Record Context
Ordered by Time (Earliest to Latest):
1. When: 14 days 13 hours ago, Note Category: Nursing, Note Description: Nursing Progress Note | Text: Arrangements were then made for transfer here by his family
s request
   PMHx:
   HTN
   Perforated Diverticulitis [**6-/2125**] c/b sepsis, respiratory failure, ARF,
   A Fib, multiple abscess formation after colectomy and hartmann
s pouch
   at OSH.
2. When: 14 days 13 hours ago, Note Category: Nursing, Note Description: Nursing Progress Note | Text: Transferred to Dr. 
3. When: 14 days 13 hours ago, Note Category: Nursing, Note Description: Nursing Progress Note | Text: Arrangements were then made for transfer here by his family
s request
   *********PT TO OR TODAY FOR EX LAP WITH COLECTOMY AND ILEOSTOMY****
   Sepsis,
4. When: 13 days 13 hours ago, Note Category: Physician, Note Description: Intensivist Note | Text: Ostomy not
   yet matured -> as per primary team.
   
5. When: 10 days 13 hours ago, Note Category: Nursing, Note Description: Nursing Progress Note | Text: Action:
   Started on nystatin swish and swallow, Vaseline to lips, ostomy bag
   changed and secured.
   
6. When: 10 days 13 hours ago, Note Category: Nursing, Note Description: Nursing Progress Note | Text: Ostomy bag leaking green liquid stool.
   
7. When: 10 days 13 hours ago, Note Category: Nursing, Note Description: Nursing Progress Note | Text: Impaired Skin Integrity
   Assessment:
   Complains of tongue
burning
 and lips
chapped
, hx of thrush with
   last intubation. 
8. When: 6 days 13 hours ago, Note Category: Radiology, Note Description: PICC W/O PORT | Text: The catheter was secured
 to the skin, flushed, and a sterile dressing applied.

 
9. When: 6 days 13 hours ago, Note Category: Radiology, Note Description: PICC W/O PORT | Text: The procedure was explained to the patient. 
10. When: 6 days 13 hours ago, Note Category: Radiology, Note Description: PICC W/O PORT | Text: The patient tolerated the procedure well. 
"
0fdc44f3-34e8-dbf8-82f2-ea42e40665f0,So Admissao,"During his hospital stay, the patient underwent several imaging studies, including chest X-rays, abdominal X-rays, and an echocardiogram. ",Supported,"The reference mentions chest X-rays (CHEST PA & LAT), abdominal X-rays (ABDOMEN SUPINE & ERECT), and a bedside echocardiogram (ECHO) performed during the hospital stay, supporting the text.","Hospital Admission Start: 14 days 17 hours ago
Hospital Admission End: Now
Electronic Health Record Context
Ordered by Time (Earliest to Latest):
1. When: 15 days 13 hours ago, Note Category: Radiology, Note Description: CHEST PORT. LINE PLACEMENT | Text: FINDINGS:  As compared to the previous examination, an endotracheal tube has
 been placed.  
2. When: 14 days 13 hours ago, Note Category: Physician, Note Description: Intensivist Note | Text: By report CT scan showed
   evidence of colitis.  
3. When: 14 days 13 hours ago, Note Category: Nursing, Note Description: Nursing Progress Note | Text: CT
   scan showed evidence of colitis and stool was positive for C Diff. 
4. When: 13 days 13 hours ago, Note Category: Nursing, Note Description: Nursing Progress Note | Text: Bedside ECHO performed. 
5. When: 8 days 13 hours ago, Note Category: Radiology, Note Description: ABDOMEN (SUPINE & ERECT) | Text: FINDINGS:  Abdominal radiograph, supine and upright views.  
6. When: 8 days 13 hours ago, Note Category: Radiology, Note Description: CHEST (PA & LAT) | Text: Some atelectatic changes and probable pleural fluid are seen at
 the left base.  
7. When: 6 days 13 hours ago, Note Category: Radiology, Note Description: PICC W/O PORT | Text: The procedure was explained to the patient. 
8. When: 6 days 13 hours ago, Note Category: Radiology, Note Description: PICC W/O PORT | Text: Hard copies of ultrasound images were obtained before and immediately after
 establishing intravenous access.
9. When: 6 days 13 hours ago, Note Category: Radiology, Note Description: PICC W/O PORT | Text: The patient tolerated the procedure well. 
"
56ceb3e1-ae47-feff-809c-cfc4675e63d8,So Admissao,"The patient was treated with antibiotics, vasopressors, and mechanical ventilation, and his condition was closely monitored in the ICU. ",Supported,"The reference states the patient was intubated (mechanical ventilation), started on vasopressors, and given antibiotics (meropenem/flagyl IV and PO vancomycin), and was closely monitored in the ICU.","Hospital Admission Start: 14 days 17 hours ago
Hospital Admission End: Now
Electronic Health Record Context
Ordered by Time (Earliest to Latest):
1. When: 15 days 13 hours ago, Note Category: Radiology, Note Description: CHEST PORT. LINE PLACEMENT | Text: FINDINGS:  As compared to the previous examination, an endotracheal tube has
 been placed.  
2. When: 14 days 13 hours ago, Note Category: Physician, Note Description: Intensivist Note | Text: He was transfered to
   the ICU, intubated, had a central line placed, started on
   vasopressors, and was given 3L IVF and meropenem/flagyl IV.
   
3. When: 14 days 13 hours ago, Note Category: Nursing, Note Description: Nursing Progress Note | Text: He was
   transferred to the ICU, intubated, had a central line placed, started
   on
   vasopressors, and was given 3L IVF and meropenem/flagyl IV.
   
4. When: 14 days 13 hours ago, Note Category: Nursing, Note Description: Nursing Progress Note | Text: He
   was admitted, hydrated, and started on PO vancomycin. 
5. When: 12 days 13 hours ago, Note Category: Nursing, Note Description: Nursing Progress Note | Text: Resident was at the bedside when episode
   occurred and lopressor 10 mg IVP given. 
6. When: 6 days 13 hours ago, Note Category: Radiology, Note Description: PICC W/O PORT | Text: The patient tolerated the procedure well. 
7. When: 6 days 13 hours ago, Note Category: Radiology, Note Description: PICC W/O PORT | Text: The catheter was secured
 to the skin, flushed, and a sterile dressing applied.

 
8. When: 6 days 13 hours ago, Note Category: Radiology, Note Description: PICC W/O PORT | Text: The procedure was explained to the patient. 
"
6440902e-c077-ee3c-c9e7-7d990607e4d6,So Admissao,"He experienced several complications, including atrial fibrillation and supraventricular tachycardia, but was successfully converted to a normal sinus rhythm with treatment. ",Supported,"The reference documents the patient experiencing supraventricular tachycardia (SVT) and atrial fibrillation (Afib), treatment with amiodarone, and successful conversion to sinus rhythm.","Hospital Admission Start: 14 days 17 hours ago
Hospital Admission End: Now
Electronic Health Record Context
Ordered by Time (Earliest to Latest):
1. When: 15 days 13 hours ago, Note Category: ECG, Note Description: Report | Text: Sinus rhythm with borderline sinus tachycardia and atrial premature beats.

2. When: 14 days 13 hours ago, Note Category: ECG, Note Description: Report | Text: Compared to the previous tracing of [**2131-2-21**] cardiac rhythm
is now supraventricular tachycardia.


3. When: 13 days 13 hours ago, Note Category: Nursing, Note Description: Nursing Progress Note | Text: * Pt experienced SVT with runs of Afib last night, whereupon he was
   immediately started on an Amiodarone gtt. 
4. When: 11 days 13 hours ago, Note Category: Physician, Note Description: Cardiology Comprehensive Physician Note | Text: Amiodarone iv was started
   which helped control the heart rate and eventually converted him to
   sinus.  
5. When: 11 days 13 hours ago, Note Category: Physician, Note Description: Cardiology Comprehensive Physician Note | Text: We were consulted to help with the management of this supraventricular
   tachycardia.  
6. When: 11 days 13 hours ago, Note Category: Physician, Note Description: Cardiology Comprehensive Physician Note | Text: Since
   then he developed acute renal failure and narrow complex tachycardia.
7. When: 11 days 13 hours ago, Note Category: Physician, Note Description: Cardiology Comprehensive Physician Note | Text: The
   left atrium is normal in size. 
8. When: 10 days 13 hours ago, Note Category: Nursing, Note Description: Nursing Progress Note | Text: Todays events:
   Atrial fibrillation (Afib)
   Assessment:
   Sinus rhythm rate increased to 120 at 1700 after staff assisted
   standing transfer from chair to bed. 
9. When: 9 days 13 hours ago, Note Category: Echo, Note Description: Report | Text: Conclusions:
The left atrium is normal in size. 
10. When: 6 days 13 hours ago, Note Category: Radiology, Note Description: PICC W/O PORT | Text: The patient tolerated the procedure well. 
"
6d2953ec-9991-971b-a839-a7f35055e62a,So Admissao,"These studies revealed findings consistent with small-bowel obstruction, left pleural effusion, and mildly thickened aortic and mitral valve leaflets. ",Supported,"The reference mentions left pleural effusion multiple times, mildly thickened aortic and mitral valve leaflets, and an assessment for small-bowel obstruction, supporting the findings described in the text.","Hospital Admission Start: 14 days 17 hours ago
Hospital Admission End: Now
Electronic Health Record Context
Ordered by Time (Earliest to Latest):
1. When: 14 days 13 hours ago, Note Category: Radiology, Note Description: CHEST (PORTABLE AP) | Text: Increasing moderate left pleural
 effusion.  
2. When: 13 days 13 hours ago, Note Category: Radiology, Note Description: CHEST (PORTABLE AP) | Text: There has been
 interval increase in mild to moderate right and moderate left pleural effusion
 and adjacent atelectasis. 
3. When: 11 days 13 hours ago, Note Category: Radiology, Note Description: CHEST (PORTABLE AP) | Text: The extent of the left-sided pleural
 effusion, combined with the pre-existing left basal and retrocardiac opacity
 have slightly increased.  
4. When: 11 days 13 hours ago, Note Category: Physician, Note Description: Cardiology Comprehensive Physician Note | Text: The mitral valve leaflets are
   mildly thickened. 
5. When: 9 days 13 hours ago, Note Category: Echo, Note Description: Report | Text: AORTIC VALVE: Mildly thickened aortic valve leaflets (3). 
6. When: 9 days 13 hours ago, Note Category: Echo, Note Description: Report | Text: MITRAL VALVE: Mildly thickened mitral valve leaflets. 
7. When: 9 days 13 hours ago, Note Category: Echo, Note Description: Report | Text: The mitral valve leaflets are mildly thickened.

8. When: 9 days 13 hours ago, Note Category: Echo, Note Description: Report | Text: The aortic valve
leaflets (3) are mildly thickened but aortic stenosis is not present. 
9. When: 8 days 13 hours ago, Note Category: Radiology, Note Description: ABDOMEN (SUPINE & ERECT) | Text: Assess for evidence of small-bowel
 obstruction.

 
10. When: 8 days 13 hours ago, Note Category: Radiology, Note Description: CHEST (PA & LAT) | Text: Some atelectatic changes and probable pleural fluid are seen at
 the left base.  
"
ee7cb69e-eb5e-5fe0-8feb-93096ada1190,So Admissao,"The patient also had a PICC line placed for TPN administration, which was initially misplaced but later corrected. ",Supported,"The reference documents a failed bedside PICC placement with the catheter curling into the axilla, indicating initial misplacement, followed by confirmation of catheter position and securing, supporting that the PICC line was initially misplaced but later corrected for TPN administration.","Hospital Admission Start: 14 days 17 hours ago
Hospital Admission End: Now
Electronic Health Record Context
Ordered by Time (Earliest to Latest):
1. When: 15 days 13 hours ago, Note Category: Radiology, Note Description: CHEST PORT. LINE PLACEMENT | Text: FINDINGS:  As compared to the previous examination, an endotracheal tube has
 been placed.  
2. When: 14 days 13 hours ago, Note Category: Radiology, Note Description: CHEST (PORTABLE AP) | Text: Left subclavian
 catheter tip is in the SVC.  
3. When: 7 days 13 hours ago, Note Category: Radiology, Note Description: CHEST PORT. LINE PLACEMENT | Text: PICC placement was discussed by Dr. 
4. When: 7 days 13 hours ago, Note Category: Radiology, Note Description: CHEST PORT. LINE PLACEMENT | Text: LINE PLACEMENT                                      Clip # [**Clip Number (Radiology) 96730**]
 Reason: r dl picc 45cm
 Admitting Diagnosis: ACUTE RENAL FAILURE
 ______________________________________________________________________________
 [**Hospital 4**] MEDICAL CONDITION:
  73 year old man with picc
 REASON FOR THIS
5. When: 7 days 13 hours ago, Note Category: Radiology, Note Description: CHEST PORT. LINE PLACEMENT | Text: LINE PLACEMENT                                      Clip # [**Clip Number (Radiology) 96730**]
 Reason: r dl picc 45cm
 Admitting Diagnosis: ACUTE RENAL FAILURE
 ______________________________________________________________________________
 [**Hospital 4**] MEDICAL CONDITION:
  73 year old man with picc
 REASON FOR THIS EXAMINATION:
  r dl picc 45cm
 ______________________________________________________________________________
                                  PFI REPORT
 Right PICC catheter coursing towards the lung and then curving around to and
 is directed again laterally terminating in the right axilla.
6. When: 6 days 13 hours ago, Note Category: Radiology, Note Description: PICC W/O PORT | Text: ______________________________________________________________________________
                                 FINAL REPORT
 PICC LINE PLACEMENT

 INDICATION: IV access needed for TPN.

 
7. When: 6 days 13 hours ago, Note Category: Radiology, Note Description: PICC W/O PORT | Text: Position of the catheter was confirmed by a
 fluoroscopic spot film of the chest.

 
8. When: 6 days 13 hours ago, Note Category: Radiology, Note Description: PICC W/O PORT | Text: The procedure was explained to the patient. 
9. When: 6 days 13 hours ago, Note Category: Radiology, Note Description: PICC W/O PORT | Text: The catheter was secured
 to the skin, flushed, and a sterile dressing applied.

 
10. When: 6 days 13 hours ago, Note Category: Radiology, Note Description: PICC W/O PORT | Text: Failed bedside PICC placement, curls into axilla.
"
6f6a9ac3-fb6c-48d7-f5e8-5f06a4741863,So Admissao,"The patient's condition continued to improve, and he was eventually discharged from the hospital.",Not Addressed,The reference context does not mention the patient's condition continuing to improve or the patient being discharged from the hospital.,"Hospital Admission Start: 14 days 17 hours ago
Hospital Admission End: Now
Electronic Health Record Context
Ordered by Time (Earliest to Latest):
1. When: 15 days 13 hours ago, Note Category: Radiology, Note Description: CHEST PORT. LINE PLACEMENT | Text: FINDINGS:  As compared to the previous examination, an endotracheal tube has
 been placed.  
2. When: 14 days 13 hours ago, Note Category: Nursing, Note Description: Nursing Progress Note | Text: He
   was admitted, hydrated, and started on PO vancomycin. 
3. When: 14 days 13 hours ago, Note Category: Respiratory, Note Description: Respiratory Care Shift Note | Text: PEEP increased from 5 to 10, FiO2 from 50 to 70%, now weaned back to
   50% but maintained PEEP, ABGs went from combined acidosis to acute
   metabolic acidosis but pH has improved since this morning, patient went
   to OR this morning where he has Ileostomy done, will continues to be
   followed.
4. When: 13 days 13 hours ago, Note Category: Nursing, Note Description: Nursing Progress Note | Text: Metabolic acidosis
   has improved slightly. 
5. When: 10 days 13 hours ago, Note Category: Nutrition, Note Description: Clinical Nutrition Note | Text: Renal function is improved.
   
6. When: 10 days 13 hours ago, Note Category: Nursing, Note Description: Nursing Progress Note | Text: Encouraged patient participation in self care.
   
7. When: 9 days 13 hours ago, Note Category: Rehab Services, Note Description: Physical Therapy Evaluation Note | Text: has stayed on [**Location (un) 506**] with hospital bed previously.
   
8. When: 6 days 13 hours ago, Note Category: Radiology, Note Description: PICC W/O PORT | Text: The patient tolerated the procedure well. 
9. When: 6 days 13 hours ago, Note Category: Radiology, Note Description: PICC W/O PORT | Text: The procedure was explained to the patient. 
10. When: 6 days 13 hours ago, Note Category: Radiology, Note Description: PICC W/O PORT | Text: The catheter was secured
 to the skin, flushed, and a sterile dressing applied.

 
"
f3041856-0d94-18c4-63a6-5d4be3322939,So Admissao,"The patient, a 73-year-old man, was admitted to the hospital with weakness, lower abdominal pain, and evidence of colitis due to C. difficile infection. ",Supported,"The reference confirms the patient is a 73-year-old man admitted with weakness, lower abdominal pain, and evidence of colitis due to C. difficile infection.","Hospital Admission Start: 14 days 17 hours ago
Hospital Admission End: Now
Electronic Health Record Context
Ordered by Time (Earliest to Latest):
1. When: 15 days 13 hours ago, Note Category: Radiology, Note Description: CT ABDOMEN W/O CONTRAST | Text: ______________________________________________________________________________
                                 FINAL REPORT
 INDICATION:  73-year-old man with C. diff colitis presenting with abdominal
 distention.
2. When: 14 days 13 hours ago, Note Category: Nursing, Note Description: Nursing Progress Note | Text: CT
   scan showed evidence of colitis and stool was positive for C Diff. 
3. When: 14 days 13 hours ago, Note Category: Nursing, Note Description: Nursing Progress Note | Text: 73 male with  weakness and lower abdominal pain presented to outside
   hospital [**2-18**]. 
4. When: 13 days 13 hours ago, Note Category: Nursing, Note Description: Nursing Progress Note | Text: 73M with C.diff colitis, sepsis, resp failure, ARF, toxic megacolon,
   s/p ex lap, total abd colectomy, end ileostomy [**2-22**].
   
5. When: 13 days 13 hours ago, Note Category: Nursing, Note Description: Nursing Progress Note | Text: 73 y.o.m with C.diff colitis, sepsis, resp failure, ARF, toxic
   megacolon, s/p ex lap, total abd colectomy, end ileostomy [**2-22**].
   
6. When: 10 days 13 hours ago, Note Category: Nursing, Note Description: Nursing Progress Note | Text: 73M with C.diff colitis/toxic metacolon, sepsis, resp failure, ARF, s/p
   ex lap, total abd colectomy, end ileostomy [**2-22**].
7. When: 10 days 13 hours ago, Note Category: Nursing, Note Description: Nursing Progress Note | Text: 73M with C.diff colitis/toxic metacolon, sepsis, resp failure, ARF, s/p
   ex lap, total abd colectomy, end ileostomy [**2-22**].
   
"
c8d8da41-6cc9-2153-378b-a3b85e0cae87,So Admissao,"He developed sepsis, acute respiratory failure, and acute renal failure, requiring transfer to the ICU, intubation, and vasopressor support. ",Supported,"The reference documents the patient developing sepsis, acute renal failure, respiratory distress requiring intubation, vasopressor support, and transfer to the ICU, which fully supports the text.","Hospital Admission Start: 14 days 17 hours ago
Hospital Admission End: Now
Electronic Health Record Context
Ordered by Time (Earliest to Latest):
1. When: 14 days 13 hours ago, Note Category: Physician, Note Description: Intensivist Note | Text: He was transfered to
   the ICU, intubated, had a central line placed, started on
   vasopressors, and was given 3L IVF and meropenem/flagyl IV.
   
2. When: 14 days 13 hours ago, Note Category: Nursing, Note Description: Nursing Progress Note | Text: He was
   transferred to the ICU, intubated, had a central line placed, started
   on
   vasopressors, and was given 3L IVF and meropenem/flagyl IV.
   
3. When: 14 days 13 hours ago, Note Category: Nursing, Note Description: Nursing Progress Note | Text: He quickly
   decompensated becoming hypotensive with respiratory distress.
4. When: 14 days 13 hours ago, Note Category: Radiology, Note Description: CHEST (PORTABLE AP) | Text: Admitting Diagnosis: ACUTE RENAL FAILURE
 ______________________________________________________________________________
 [**Hospital 4**] MEDICAL CONDITION:
  73 year old man with sepsis, acute desat, acidosis.
 
5. When: 14 days 13 hours ago, Note Category: Radiology, Note Description: CHEST (PORTABLE AP) | Text: Admitting Diagnosis: ACUTE RENAL FAILURE
 ______________________________________________________________________________
 [**Hospital 4**] MEDICAL CONDITION:
  73 year old man with sepsis, acute desat, acidosis.
6. When: 11 days 13 hours ago, Note Category: Physician, Note Description: Cardiology Comprehensive Physician Note | Text: Since
   then he developed acute renal failure and narrow complex tachycardia.
7. When: 9 days 13 hours ago, Note Category: Rehab Services, Note Description: Physical Therapy Evaluation Note | Text: developed ARF with acute abdominal distrension and
   respiratory distress requiring intubation and pressors, transferred to
   [**Hospital1 54**] with toxic megacolon,  underwent ex. 
"
b0708132-b608-102e-7fce-b1a5cc9c0be9,So Admissao,"The patient underwent an exploratory laparotomy, total abdominal colectomy, and end ileostomy due to toxic megacolon. ",Supported,"The reference repeatedly documents the patient as s/p exploratory laparotomy (ex lap), total abdominal colectomy, and end ileostomy due to toxic megacolon, confirming the text.","Hospital Admission Start: 14 days 17 hours ago
Hospital Admission End: Now
Electronic Health Record Context
Ordered by Time (Earliest to Latest):
1. When: 13 days 13 hours ago, Note Category: Nursing, Note Description: Nursing Progress Note | Text: 73M with C.diff colitis, sepsis, resp failure, ARF, toxic megacolon,
   s/p ex lap, total abd colectomy, end ileostomy [**2-22**].
   
2. When: 13 days 13 hours ago, Note Category: Nursing, Note Description: Nursing Progress Note | Text: 73 y.o.m with C.diff colitis, sepsis, resp failure, ARF, toxic
   megacolon, s/p ex lap, total abd colectomy, end ileostomy [**2-22**].
   
3. When: 11 days 13 hours ago, Note Category: Physician, Note Description: Intensivist Note | Text: TSICU
   HPI:
   73M with C.diff colitis, sepsis, resp failure, ARF, ?toxic megacolon,
   s/p ex lap, total abd colectomy, end ileostomy [**2-22**].
4. When: 11 days 13 hours ago, Note Category: Nursing, Note Description: Nursing Progress Note | Text: 73M with C.diff colitis, sepsis, resp failure, ARF, ?toxic megacolon,
   s/p ex lap, total abd colectomy, end ileostomy [**2-22**].
   
5. When: 10 days 13 hours ago, Note Category: Nursing, Note Description: Nursing Progress Note | Text: 73M with C.diff colitis/toxic metacolon, sepsis, resp failure, ARF, s/p
   ex lap, total abd colectomy, end ileostomy [**2-22**].
6. When: 10 days 13 hours ago, Note Category: Nursing, Note Description: Nursing Progress Note | Text: 73M with C.diff colitis/toxic metacolon, sepsis, resp failure, ARF, s/p
   ex lap, total abd colectomy, end ileostomy [**2-22**].
   
7. When: 9 days 13 hours ago, Note Category: Nursing, Note Description: Nursing Transfer Note | Text: 73 yom with C.diff colitis/toxic metacolon, sepsis, resp failure, ARF,
   s/p ex lap, total abd colectomy & end ileostomy [**2-22**].
   
"
d6166e55-acd2-794d-f6b5-8736fdc3d68c,So Admissao,"He required close monitoring and management of his various organ dysfunctions, including acute respiratory distress syndrome, sepsis, and acute renal failure. ",Supported,"The reference documents acute renal failure, sepsis with organ dysfunction, and acute respiratory distress syndrome, confirming the need for close monitoring and management of these organ dysfunctions.","Hospital Admission Start: 14 days 17 hours ago
Hospital Admission End: Now
Electronic Health Record Context
Ordered by Time (Earliest to Latest):
1. When: 15 days 13 hours ago, Note Category: Radiology, Note Description: CHEST PORT. LINE PLACEMENT | Text: Admitting Diagnosis: ACUTE RENAL FAILURE
 ______________________________________________________________________________
 [**Hospital 4**] MEDICAL CONDITION:
  73 year old man with resp failure.
 
2. When: 14 days 13 hours ago, Note Category: Radiology, Note Description: CHEST (PORTABLE AP) | Text: Admitting Diagnosis: ACUTE RENAL FAILURE
 ______________________________________________________________________________
 [**Hospital 4**] MEDICAL CONDITION:
  73 year old man with sepsis, acute desat, acidosis.
3. When: 14 days 13 hours ago, Note Category: Radiology, Note Description: CHEST (PORTABLE AP) | Text: Admitting Diagnosis: ACUTE RENAL FAILURE
 ______________________________________________________________________________
 [**Hospital 4**] MEDICAL CONDITION:
  73 year old man with sepsis, acute desat, acidosis.
 
4. When: 14 days 13 hours ago, Note Category: Nursing, Note Description: Nursing Progress Note | Text: He quickly
   decompensated becoming hypotensive with respiratory distress.
5. When: 13 days 13 hours ago, Note Category: Nursing, Note Description: Nursing Progress Note | Text: Renal failure, acute (Acute renal failure, ARF)
   Assessment:
   Slight metabolic acidosis. 
6. When: 11 days 13 hours ago, Note Category: Nursing, Note Description: Nursing Progress Note | Text: Renal failure, acute (Acute renal failure, ARF)
   Assessment:
   Pt w/ brisk u/o throughout the shift.  
7. When: 11 days 13 hours ago, Note Category: Physician, Note Description: Cardiology Comprehensive Physician Note | Text: Since
   then he developed acute renal failure and narrow complex tachycardia.
8. When: 9 days 13 hours ago, Note Category: Physician, Note Description: Intensivist Note | Text: 8 mg/dL
   Assessment and Plan
   ATRIAL FIBRILLATION (AFIB), ACUTE RESPIRATORY DISTRESS SYNDROME (ARDS,
   ACUTE LUNG INJURY, [**Doctor Last Name **]), SUPRAVENTRICULAR TACHYCARDIA (SVT), IMPAIRED
   SKIN INTEGRITY, SEPSIS, SEVERE (WITH ORGAN DYSFUNCTION), RENAL FAILURE,
   ACUTE (ACUTE RENAL FAILURE, ARF),
"
40d22801-e082-ec79-4f1c-15a01deea985,So Admissao,"The patient's respiratory status improved, and he was weaned off peep according to esophageal balloon pressures. ",Not Supported,The reference notes plans to wean PEEP according to esophageal balloon pressures but does not confirm that the patient's respiratory status improved or that he was actually weaned off PEEP.,"Hospital Admission Start: 14 days 17 hours ago
Hospital Admission End: Now
Electronic Health Record Context
Ordered by Time (Earliest to Latest):
1. When: 15 days 13 hours ago, Note Category: Radiology, Note Description: CHEST PORT. LINE PLACEMENT | Text: FINDINGS:  As compared to the previous examination, an endotracheal tube has
 been placed.  
2. When: 14 days 13 hours ago, Note Category: Respiratory, Note Description: Respiratory Care Shift Note | Text: PEEP increased from 5 to 10, FiO2 from 50 to 70%, now weaned back to
   50% but maintained PEEP, ABGs went from combined acidosis to acute
   metabolic acidosis but pH has improved since this morning, patient went
   to OR this morning where he has Ileostomy done, will continues to be
   followed.
3. When: 13 days 13 hours ago, Note Category: Nursing, Note Description: Nursing Progress Note | Text: wean peep tomorrow
   according to esophageal balloon pressures. 
4. When: 13 days 13 hours ago, Note Category: Nursing, Note Description: Nursing Progress Note | Text: Action:
   ARDS NET protocol, esophageal balloon placed to optimize vent settings,
   peep increased to 15, no other vent settings changes made today. 
5. When: 12 days 13 hours ago, Note Category: Physician, Note Description: Intensivist Note | Text: Esophageal balloon placed and PEEP increased to 15.
   
6. When: 12 days 13 hours ago, Note Category: Physician, Note Description: Intensivist Note | Text: Esophageal balloon placed and PEEP increased to 15.
   decr PEEP to 10.
   
7. When: 11 days 13 hours ago, Note Category: Physician, Note Description: Intensivist Note | Text: Esophageal balloon placed and PEEP increased to
   15.  
8. When: 10 days 13 hours ago, Note Category: Radiology, Note Description: CHEST (PORTABLE AP) | Text: There has been interval
 removal of endotracheal tube, NG tube.
9. When: 6 days 13 hours ago, Note Category: Radiology, Note Description: PICC W/O PORT | Text: The patient tolerated the procedure well. 
"
cec4b973-165c-6d31-605d-ec76369b6e01,So Admissao,His renal function also improved with hydration and electrolyte repletion. ,Supported,"The reference notes indicate that the patient was hydrated and renal function improved over time, including creatinine improvement and resolved CKD, supporting the statement that renal function improved with hydration and electrolyte repletion.","Hospital Admission Start: 14 days 17 hours ago
Hospital Admission End: Now
Electronic Health Record Context
Ordered by Time (Earliest to Latest):
1. When: 14 days 13 hours ago, Note Category: Physician, Note Description: Intensivist Note | Text: He was admitted, hydrated, and started on PO vanco. 
2. When: 14 days 13 hours ago, Note Category: Nursing, Note Description: Nursing Progress Note | Text: Plan:
   Follow renal function, fluid balance.
   
3. When: 14 days 13 hours ago, Note Category: Nursing, Note Description: Nursing Progress Note | Text: He
   was admitted, hydrated, and started on PO vanco. 
4. When: 14 days 13 hours ago, Note Category: Nursing, Note Description: Nursing Progress Note | Text: He
   was admitted, hydrated, and started on PO vancomycin. 
5. When: 13 days 13 hours ago, Note Category: Nursing, Note Description: Nursing Progress Note | Text: Metabolic acidosis
   has improved slightly. 
6. When: 12 days 13 hours ago, Note Category: Nursing, Note Description: Nursing Progress Note | Text: Response:
   Creatinine improving.
   
7. When: 12 days 13 hours ago, Note Category: Nursing, Note Description: Nursing Progress Note | Text: Plan:
   Cont hydration and monitor fluid status & renal function.
   
8. When: 11 days 13 hours ago, Note Category: Physician, Note Description: Intensivist Note | Text: on CKD resolved,   Currently Cr: 1.7, improved from
   yesterday.  
9. When: 10 days 13 hours ago, Note Category: Nutrition, Note Description: Clinical Nutrition Note | Text: Renal function is improved.
   
"
dabd045e-4883-f56d-c62d-d1f61d998a77,So Admissao,"The patient's ileostomy was surgically revised at the bedside, with improved output and appearance.

",Not Supported,The reference mentions plans and attempts to mature or open the ileostomy at the bedside but does not document that the ileostomy was surgically revised at the bedside or that there was improved output and appearance.,"Hospital Admission Start: 14 days 17 hours ago
Hospital Admission End: Now
Electronic Health Record Context
Ordered by Time (Earliest to Latest):
1. When: 13 days 13 hours ago, Note Category: Nursing, Note Description: Nursing Progress Note | Text: Ileostomy red with
   minimal bloody drainage. 
2. When: 13 days 13 hours ago, Note Category: Nursing, Note Description: Nursing Progress Note | Text: [**Last Name (STitle) 1924**] will mature (open) ileostomy at bedside. 
3. When: 12 days 13 hours ago, Note Category: Physician, Note Description: Intensivist Note | Text: Ileostomy site to be matured. 
4. When: 12 days 13 hours ago, Note Category: Nursing, Note Description: Nursing Progress Note | Text: [**Last Name (STitle) 1924**] will
   mature (open) ileostomy at bedside today. 
5. When: 11 days 13 hours ago, Note Category: Physician, Note Description: Intensivist Note | Text: mature ostomy at bedside
   Nutrition: NPO. 
6. When: 11 days 13 hours ago, Note Category: Physician, Note Description: Cardiology Comprehensive Physician Note | Text: He received a total colectomy with endileostomy on [**2-22**].
7. When: 8 days 13 hours ago, Note Category: Radiology, Note Description: ABDOMEN (SUPINE & ERECT) | Text: An ileostomy is seen in the right lower quadrant.
 
8. When: 6 days 13 hours ago, Note Category: Radiology, Note Description: PICC W/O PORT | Text: The procedure was explained to the patient. 
9. When: 6 days 13 hours ago, Note Category: Radiology, Note Description: PICC W/O PORT | Text: The patient tolerated the procedure well. 
"
8fa271c1-d792-8460-5bd0-772e53ef860f,So Admissao,"The patient was extubated and transitioned to nasal cannula oxygen, and his pain was managed with Dilaudid PCA. ",Supported,"The reference notes interval removal of the endotracheal tube indicating extubation and multiple notes mention pain controlled with Dilaudid PCA, supporting the text that the patient was extubated and pain managed with Dilaudid PCA.","Hospital Admission Start: 14 days 17 hours ago
Hospital Admission End: Now
Electronic Health Record Context
Ordered by Time (Earliest to Latest):
1. When: 15 days 13 hours ago, Note Category: Radiology, Note Description: CHEST PORT. LINE PLACEMENT | Text: FINDINGS:  As compared to the previous examination, an endotracheal tube has
 been placed.  
2. When: 10 days 13 hours ago, Note Category: Radiology, Note Description: CHEST (PORTABLE AP) | Text: There has been interval
 removal of endotracheal tube, NG tube.
3. When: 10 days 13 hours ago, Note Category: Radiology, Note Description: CHEST (PORTABLE AP) | Text: There has been
  interval removal of endotracheal tube, NG tube.
4. When: 10 days 13 hours ago, Note Category: Radiology, Note Description: CHEST (PORTABLE AP) | Text: There has been
 interval removal of endotracheal tube, NG tube.
5. When: 10 days 13 hours ago, Note Category: Physician, Note Description: Intensivist Note | Text: Neurologic: Pain controlled, Dilaudid PCA.
   
6. When: 10 days 13 hours ago, Note Category: Physician, Note Description: Intensivist Note | Text: Neurologic: Pain controlled, Dilaudid PCA.
7. When: 9 days 13 hours ago, Note Category: Physician, Note Description: Intensivist Note | Text: Neurologic: Pain controlled, Continue Diluadid PCA
   Cardiovascular: Aspirin, Beta-blocker, Statins, Patient currently in
   sinus Rhythm.
8. When: 9 days 13 hours ago, Note Category: Physician, Note Description: Intensivist Note | Text: Neurologic: Pain well controlled, Change Diluadid PCA to percocet PO.
9. When: 9 days 13 hours ago, Note Category: Nursing, Note Description: Nursing Transfer Note | Text: Action:
   Dilaudid PCA discontinued & pt started on PO percocet prn with adequate
   relief of abd discomfort secondary to incision. 
10. When: 6 days 13 hours ago, Note Category: Radiology, Note Description: PICC W/O PORT | Text: The procedure was explained to the patient. 
"
